Date & Time,Sensor1 (Ohms)
1/21/2023 0:00,3580
1/21/2023 0:01,3537
1/21/2023 0:01,3854
1/21/2023 0:02,3580
1/21/2023 0:02,3464
1/21/2023 0:03,3613
1/21/2023 0:03,3664
1/21/2023 0:04,3572
1/21/2023 0:04,3589
1/21/2023 0:05,3736
1/21/2023 0:05,3615
1/21/2023 0:06,3664
1/21/2023 0:06,3689
1/21/2023 0:07,3776
1/21/2023 0:07,3471
1/21/2023 0:08,3999
1/21/2023 0:08,3296
1/21/2023 0:09,3480
1/21/2023 0:09,4142
1/21/2023 0:10,3432
1/21/2023 0:10,4029
1/21/2023 0:11,3587
1/21/2023 0:11,3596
1/21/2023 0:12,3766
1/21/2023 0:12,3664
1/21/2023 0:13,3992
1/21/2023 0:13,3723
1/21/2023 0:14,3654
1/21/2023 0:14,3762
1/21/2023 0:15,3394
1/21/2023 0:15,3577
1/21/2023 0:16,3721
1/21/2023 0:16,3432
1/21/2023 0:17,3587
1/21/2023 0:17,3845
1/21/2023 0:18,3518
1/21/2023 0:18,3471
1/21/2023 0:19,3553
1/21/2023 0:19,3305
1/21/2023 0:20,3652
1/21/2023 0:20,3587
1/21/2023 0:21,3811
1/21/2023 0:21,3756
1/21/2023 0:22,3756
1/21/2023 0:22,3766
1/21/2023 0:23,3766
1/21/2023 0:23,3980
1/21/2023 0:24,4009
1/21/2023 0:24,3530
1/21/2023 0:25,3546
1/21/2023 0:25,3570
1/21/2023 0:26,3523
1/21/2023 0:26,3669
1/21/2023 0:27,3811
1/21/2023 0:28,3525
1/21/2023 0:28,3689
1/21/2023 0:29,3587
1/21/2023 0:29,3729
1/21/2023 0:30,3511
1/21/2023 0:30,3520
1/21/2023 0:31,3748
1/21/2023 0:31,3487
1/21/2023 0:32,3819
1/21/2023 0:32,3615
1/21/2023 0:33,3422
1/21/2023 0:33,3748
1/21/2023 0:34,3918
1/21/2023 0:34,3721
1/21/2023 0:35,3664
1/21/2023 0:35,3585
1/21/2023 0:36,3513
1/21/2023 0:36,3572
1/21/2023 0:37,3580
1/21/2023 0:37,3603
1/21/2023 0:38,3485
1/21/2023 0:38,3654
1/21/2023 0:39,3990
1/21/2023 0:39,3746
1/21/2023 0:40,3672
1/21/2023 0:40,3731
1/21/2023 0:41,3729
1/21/2023 0:41,3511
1/21/2023 0:42,3704
1/21/2023 0:42,3672
1/21/2023 0:43,3504
1/21/2023 0:43,3927
1/21/2023 0:44,3674
1/21/2023 0:44,3504
1/21/2023 0:45,3439
1/21/2023 0:45,3577
1/21/2023 0:46,3568
1/21/2023 0:46,3882
1/21/2023 0:47,3821
1/21/2023 0:47,3613
1/21/2023 0:48,3594
1/21/2023 0:48,3327
1/21/2023 0:49,4219
1/21/2023 0:49,3681
1/21/2023 0:50,3596
1/21/2023 0:50,3504
1/21/2023 0:51,3801
1/21/2023 0:51,3862
1/21/2023 0:52,3365
1/21/2023 0:52,3706
1/21/2023 0:53,3392
1/21/2023 0:53,3613
1/21/2023 0:54,3504
1/21/2023 0:55,3397
1/21/2023 0:55,3618
1/21/2023 0:56,3654
1/21/2023 0:56,3504
1/21/2023 0:57,3601
1/21/2023 0:57,3731
1/21/2023 0:58,3568
1/21/2023 0:58,3766
1/21/2023 0:59,4189
1/21/2023 0:59,3390
1/21/2023 1:00,3768
1/21/2023 1:00,3637
1/21/2023 1:01,3587
1/21/2023 1:01,3990
1/21/2023 1:02,3628
1/21/2023 1:02,3827
1/21/2023 1:03,3327
1/21/2023 1:03,3511
1/21/2023 1:04,3553
1/21/2023 1:04,3537
1/21/2023 1:05,3487
1/21/2023 1:05,3853
1/21/2023 1:06,3374
1/21/2023 1:06,3618
1/21/2023 1:07,3520
1/21/2023 1:07,3327
1/21/2023 1:08,3953
1/21/2023 1:08,3654
1/21/2023 1:09,3530
1/21/2023 1:09,3504
1/21/2023 1:10,3455
1/21/2023 1:10,3413
1/21/2023 1:11,3243
1/21/2023 1:11,3809
1/21/2023 1:12,3691
1/21/2023 1:12,3286
1/21/2023 1:13,3854
1/21/2023 1:13,3587
1/21/2023 1:14,3513
1/21/2023 1:14,3640
1/21/2023 1:15,3462
1/21/2023 1:15,4009
1/21/2023 1:16,3568
1/21/2023 1:16,3643
1/21/2023 1:17,3518
1/21/2023 1:17,4130
1/21/2023 1:18,3455
1/21/2023 1:18,3527
1/21/2023 1:19,3731
1/21/2023 1:19,3698
1/21/2023 1:20,3714
1/21/2023 1:21,3511
1/21/2023 1:21,3935
1/21/2023 1:22,3889
1/21/2023 1:22,3935
1/21/2023 1:23,3542
1/21/2023 1:23,3553
1/21/2023 1:24,3527
1/21/2023 1:24,3955
1/21/2023 1:25,3758
1/21/2023 1:25,3827
1/21/2023 1:26,3604
1/21/2023 1:26,3917
1/21/2023 1:27,3570
1/21/2023 1:27,3604
1/21/2023 1:28,3706
1/21/2023 1:28,3527
1/21/2023 1:29,3511
1/21/2023 1:29,3553
1/21/2023 1:30,3774
1/21/2023 1:30,3945
1/21/2023 1:31,3927
1/21/2023 1:31,3890
1/21/2023 1:32,3551
1/21/2023 1:32,3544
1/21/2023 1:33,3200
1/21/2023 1:33,3972
1/21/2023 1:34,3609
1/21/2023 1:34,3570
1/21/2023 1:35,3518
1/21/2023 1:35,3537
1/21/2023 1:36,3714
1/21/2023 1:36,3420
1/21/2023 1:37,3422
1/21/2023 1:37,3635
1/21/2023 1:38,3768
1/21/2023 1:38,3900
1/21/2023 1:39,3544
1/21/2023 1:39,3551
1/21/2023 1:40,3925
1/21/2023 1:40,3801
1/21/2023 1:41,3511
1/21/2023 1:41,3561
1/21/2023 1:42,3532
1/21/2023 1:42,3676
1/21/2023 1:43,3565
1/21/2023 1:43,3513
1/21/2023 1:44,3520
1/21/2023 1:44,3494
1/21/2023 1:45,3908
1/21/2023 1:45,3659
1/21/2023 1:46,3756
1/21/2023 1:46,3513
1/21/2023 1:47,3553
1/21/2023 1:48,3943
1/21/2023 1:48,3746
1/21/2023 1:49,3333
1/21/2023 1:49,3830
1/21/2023 1:50,3577
1/21/2023 1:50,3439
1/21/2023 1:51,3596
1/21/2023 1:51,3471
1/21/2023 1:52,4083
1/21/2023 1:52,3731
1/21/2023 1:53,3637
1/21/2023 1:53,3945
1/21/2023 1:54,3679
1/21/2023 1:54,3561
1/21/2023 1:55,3739
1/21/2023 1:55,3494
1/21/2023 1:56,3546
1/21/2023 1:56,3662
1/21/2023 1:57,3568
1/21/2023 1:57,3662
1/21/2023 1:58,3739
1/21/2023 1:58,3587
1/21/2023 1:59,3271
1/21/2023 1:59,3462
1/21/2023 2:00,3793
1/21/2023 2:00,3604
1/21/2023 2:01,3594
1/21/2023 2:01,3553
1/21/2023 2:02,3721
1/21/2023 2:02,3286
1/21/2023 2:03,3568
1/21/2023 2:03,3474
1/21/2023 2:04,3487
1/21/2023 2:04,3439
1/21/2023 2:05,3539
1/21/2023 2:05,3880
1/21/2023 2:06,3179
1/21/2023 2:06,3613
1/21/2023 2:07,3520
1/21/2023 2:07,3534
1/21/2023 2:08,3445
1/21/2023 2:08,3704
1/21/2023 2:09,3530
1/21/2023 2:09,3544
1/21/2023 2:10,3511
1/21/2023 2:10,4063
1/21/2023 2:11,3774
1/21/2023 2:11,3516
1/21/2023 2:12,3553
1/21/2023 2:12,3714
1/21/2023 2:13,3534
1/21/2023 2:13,3289
1/21/2023 2:14,3669
1/21/2023 2:15,3963
1/21/2023 2:15,3478
1/21/2023 2:16,3504
1/21/2023 2:16,3618
1/21/2023 2:17,3720
1/21/2023 2:17,3741
1/21/2023 2:18,3679
1/21/2023 2:18,3807
1/21/2023 2:19,3492
1/21/2023 2:19,3801
1/21/2023 2:20,3487
1/21/2023 2:20,3537
1/21/2023 2:21,3485
1/21/2023 2:21,3384
1/21/2023 2:22,3672
1/21/2023 2:22,3553
1/21/2023 2:23,3846
1/21/2023 2:23,3662
1/21/2023 2:24,3862
1/21/2023 2:24,4083
1/21/2023 2:25,3487
1/21/2023 2:25,3880
1/21/2023 2:26,3501
1/21/2023 2:26,3527
1/21/2023 2:27,3776
1/21/2023 2:27,3890
1/21/2023 2:28,3662
1/21/2023 2:28,3803
1/21/2023 2:29,3899
1/21/2023 2:29,3592
1/21/2023 2:30,3830
1/21/2023 2:30,3502
1/21/2023 2:31,4198
1/21/2023 2:31,3567
1/21/2023 2:32,3872
1/21/2023 2:32,3551
1/21/2023 2:33,3611
1/21/2023 2:33,3501
1/21/2023 2:34,3645
1/21/2023 2:34,3962
1/21/2023 2:35,3487
1/21/2023 2:35,3706
1/21/2023 2:36,3626
1/21/2023 2:36,3553
1/21/2023 2:37,3587
1/21/2023 2:37,3286
1/21/2023 2:38,3890
1/21/2023 2:38,3462
1/21/2023 2:39,3537
1/21/2023 2:39,3265
1/21/2023 2:40,3628
1/21/2023 2:40,3611
1/21/2023 2:41,3980
1/21/2023 2:42,3255
1/21/2023 2:42,3537
1/21/2023 2:43,3696
1/21/2023 2:43,3943
1/21/2023 2:44,3854
1/21/2023 2:44,3729
1/21/2023 2:45,3667
1/21/2023 2:45,3537
1/21/2023 2:46,3445
1/21/2023 2:46,3478
1/21/2023 2:47,3478
1/21/2023 2:47,3527
1/21/2023 2:48,3568
1/21/2023 2:48,3570
1/21/2023 2:49,3694
1/21/2023 2:49,3561
1/21/2023 2:50,3390
1/21/2023 2:50,3274
1/21/2023 2:51,3462
1/21/2023 2:51,3679
1/21/2023 2:52,3609
1/21/2023 2:52,3618
1/21/2023 2:53,3764
1/21/2023 2:53,3527
1/21/2023 2:54,3231
1/21/2023 2:54,3452
1/21/2023 2:55,3907
1/21/2023 2:55,3445
1/21/2023 2:56,3637
1/21/2023 2:56,3999
1/21/2023 2:57,3551
1/21/2023 2:57,3606
1/21/2023 2:58,3764
1/21/2023 2:58,3445
1/21/2023 2:59,3657
1/21/2023 2:59,3378
1/21/2023 3:00,3731
1/21/2023 3:00,3594
1/21/2023 3:01,3660
1/21/2023 3:01,3485
1/21/2023 3:02,3925
1/21/2023 3:02,3669
1/21/2023 3:03,3645
1/21/2023 3:03,3553
1/21/2023 3:04,3594
1/21/2023 3:04,3677
1/21/2023 3:05,3609
1/21/2023 3:05,3480
1/21/2023 3:06,3809
1/21/2023 3:06,3616
1/21/2023 3:07,3427
1/21/2023 3:07,3429
1/21/2023 3:08,3318
1/21/2023 3:09,3809
1/21/2023 3:09,3799
1/21/2023 3:10,3626
1/21/2023 3:10,3296
1/21/2023 3:11,3445
1/21/2023 3:11,3525
1/21/2023 3:12,3494
1/21/2023 3:12,3494
1/21/2023 3:13,3662
1/21/2023 3:13,3626
1/21/2023 3:14,3853
1/21/2023 3:14,3374
1/21/2023 3:15,3592
1/21/2023 3:15,3677
1/21/2023 3:16,3952
1/21/2023 3:16,3452
1/21/2023 3:17,3212
1/21/2023 3:17,3654
1/21/2023 3:18,3572
1/21/2023 3:18,3853
1/21/2023 3:19,4009
1/21/2023 3:19,3611
1/21/2023 3:20,3474
1/21/2023 3:20,3899
1/21/2023 3:21,3471
1/21/2023 3:21,3568
1/21/2023 3:22,3349
1/21/2023 3:22,3487
1/21/2023 3:23,3394
1/21/2023 3:23,3518
1/21/2023 3:24,3696
1/21/2023 3:24,3890
1/21/2023 3:25,3462
1/21/2023 3:25,3546
1/21/2023 3:26,3645
1/21/2023 3:26,3544
1/21/2023 3:27,3420
1/21/2023 3:27,3791
1/21/2023 3:28,3327
1/21/2023 3:28,3476
1/21/2023 3:29,3429
1/21/2023 3:29,3621
1/21/2023 3:30,3568
1/21/2023 3:30,3420
1/21/2023 3:31,3501
1/21/2023 3:31,3789
1/21/2023 3:32,3527
1/21/2023 3:32,3729
1/21/2023 3:33,3687
1/21/2023 3:33,3952
1/21/2023 3:34,3452
1/21/2023 3:34,3626
1/21/2023 3:35,3577
1/21/2023 3:36,3669
1/21/2023 3:36,3397
1/21/2023 3:37,3452
1/21/2023 3:37,3494
1/21/2023 3:38,3478
1/21/2023 3:38,3432
1/21/2023 3:39,3544
1/21/2023 3:39,3643
1/21/2023 3:40,3611
1/21/2023 3:40,3494
1/21/2023 3:41,3781
1/21/2023 3:41,3577
1/21/2023 3:42,3793
1/21/2023 3:42,3394
1/21/2023 3:43,3553
1/21/2023 3:43,3669
1/21/2023 3:44,3487
1/21/2023 3:44,3455
1/21/2023 3:45,3455
1/21/2023 3:45,3577
1/21/2023 3:46,3459
1/21/2023 3:46,3787
1/21/2023 3:47,3372
1/21/2023 3:47,3518
1/21/2023 3:48,3432
1/21/2023 3:48,3511
1/21/2023 3:49,3575
1/21/2023 3:49,3654
1/21/2023 3:50,3478
1/21/2023 3:50,3879
1/21/2023 3:51,3513
1/21/2023 3:51,3880
1/21/2023 3:52,3635
1/21/2023 3:52,3390
1/21/2023 3:53,3356
1/21/2023 3:53,3660
1/21/2023 3:54,3474
1/21/2023 3:54,3643
1/21/2023 3:55,3853
1/21/2023 3:55,3436
1/21/2023 3:56,3308
1/21/2023 3:56,3704
1/21/2023 3:57,3604
1/21/2023 3:57,3462
1/21/2023 3:58,3679
1/21/2023 3:58,3679
1/21/2023 3:59,3544
1/21/2023 3:59,3455
1/21/2023 4:00,3601
1/21/2023 4:00,3422
1/21/2023 4:01,3293
1/21/2023 4:01,3835
1/21/2023 4:02,3492
1/21/2023 4:03,3706
1/21/2023 4:03,3525
1/21/2023 4:04,3928
1/21/2023 4:04,3568
1/21/2023 4:05,3200
1/21/2023 4:05,3413
1/21/2023 4:06,3302
1/21/2023 4:06,3494
1/21/2023 4:07,3696
1/21/2023 4:07,3625
1/21/2023 4:08,3163
1/21/2023 4:08,3485
1/21/2023 4:09,3494
1/21/2023 4:09,3284
1/21/2023 4:10,3471
1/21/2023 4:10,3200
1/21/2023 4:11,3413
1/21/2023 4:11,3450
1/21/2023 4:12,3349
1/21/2023 4:12,3487
1/21/2023 4:13,3185
1/21/2023 4:13,3731
1/21/2023 4:14,3231
1/21/2023 4:14,3429
1/21/2023 4:15,3561
1/21/2023 4:15,3660
1/21/2023 4:16,3710
1/21/2023 4:16,3845
1/21/2023 4:17,3427
1/21/2023 4:17,3200
1/21/2023 4:18,3365
1/21/2023 4:18,3542
1/21/2023 4:19,3862
1/21/2023 4:19,3511
1/21/2023 4:20,3500
1/21/2023 4:20,3604
1/21/2023 4:21,3815
1/21/2023 4:21,3527
1/21/2023 4:22,3356
1/21/2023 4:22,3469
1/21/2023 4:23,3340
1/21/2023 4:23,3436
1/21/2023 4:24,3807
1/21/2023 4:24,3324
1/21/2023 4:25,3349
1/21/2023 4:25,3476
1/21/2023 4:26,3710
1/21/2023 4:26,3406
1/21/2023 4:27,3318
1/21/2023 4:27,3542
1/21/2023 4:28,3411
1/21/2023 4:28,3478
1/21/2023 4:29,3429
1/21/2023 4:30,3618
1/21/2023 4:30,3485
1/21/2023 4:31,3897
1/21/2023 4:31,3504
1/21/2023 4:32,3476
1/21/2023 4:32,3518
1/21/2023 4:33,3469
1/21/2023 4:33,3404
1/21/2023 4:34,3358
1/21/2023 4:34,3592
1/21/2023 4:35,3404
1/21/2023 4:35,3879
1/21/2023 4:36,3436
1/21/2023 4:36,3527
1/21/2023 4:37,3677
1/21/2023 4:37,3853
1/21/2023 4:38,3420
1/21/2023 4:38,3469
1/21/2023 4:39,3599
1/21/2023 4:39,3478
1/21/2023 4:40,3420
1/21/2023 4:40,3215
1/21/2023 4:41,3448
1/21/2023 4:41,3494
1/21/2023 4:42,3601
1/21/2023 4:42,3436
1/21/2023 4:43,3455
1/21/2023 4:43,3721
1/21/2023 4:44,3381
1/21/2023 4:44,3476
1/21/2023 4:45,3365
1/21/2023 4:45,3240
1/21/2023 4:46,3311
1/21/2023 4:46,3381
1/21/2023 4:47,3568
1/21/2023 4:47,3194
1/21/2023 4:48,3501
1/21/2023 4:48,3527
1/21/2023 4:49,3635
1/21/2023 4:49,3570
1/21/2023 4:50,3635
1/21/2023 4:50,3381
1/21/2023 4:51,3133
1/21/2023 4:51,3478
1/21/2023 4:52,3462
1/21/2023 4:52,3200
1/21/2023 4:53,3575
1/21/2023 4:53,3349
1/21/2023 4:54,3527
1/21/2023 4:54,3362
1/21/2023 4:55,3318
1/21/2023 4:55,3694
1/21/2023 4:56,3254
1/21/2023 4:57,3652
1/21/2023 4:57,3315
1/21/2023 4:58,4044
1/21/2023 4:58,3558
1/21/2023 4:59,3889
1/21/2023 4:59,3445
1/21/2023 5:00,3308
1/21/2023 5:00,3360
1/21/2023 5:01,3413
1/21/2023 5:01,3764
1/21/2023 5:02,3420
1/21/2023 5:02,3344
1/21/2023 5:03,3445
1/21/2023 5:03,3234
1/21/2023 5:04,3286
1/21/2023 5:04,3447
1/21/2023 5:05,3851
1/21/2023 5:05,3347
1/21/2023 5:06,3234
1/21/2023 5:06,3469
1/21/2023 5:07,3358
1/21/2023 5:07,3587
1/21/2023 5:08,3378
1/21/2023 5:08,3258
1/21/2023 5:09,3764
1/21/2023 5:09,3748
1/21/2023 5:10,3611
1/21/2023 5:10,3551
1/21/2023 5:11,3577
1/21/2023 5:11,3797
1/21/2023 5:12,3542
1/21/2023 5:12,3471
1/21/2023 5:13,3293
1/21/2023 5:13,3271
1/21/2023 5:14,3333
1/21/2023 5:14,3504
1/21/2023 5:15,3485
1/21/2023 5:15,3455
1/21/2023 5:16,3551
1/21/2023 5:16,3450
1/21/2023 5:17,3518
1/21/2023 5:17,3394
1/21/2023 5:18,3492
1/21/2023 5:18,3712
1/21/2023 5:19,3609
1/21/2023 5:19,3035
1/21/2023 5:20,3601
1/21/2023 5:20,3246
1/21/2023 5:21,3469
1/21/2023 5:21,3427
1/21/2023 5:22,3679
1/21/2023 5:23,3381
1/21/2023 5:23,3692
1/21/2023 5:24,3333
1/21/2023 5:24,3365
1/21/2023 5:25,3845
1/21/2023 5:25,3853
1/21/2023 5:26,3501
1/21/2023 5:26,3485
1/21/2023 5:27,3501
1/21/2023 5:27,3587
1/21/2023 5:28,3618
1/21/2023 5:28,3427
1/21/2023 5:29,3485
1/21/2023 5:29,3404
1/21/2023 5:30,3372
1/21/2023 5:30,3480
1/21/2023 5:31,3240
1/21/2023 5:31,3534
1/21/2023 5:32,3315
1/21/2023 5:32,3420
1/21/2023 5:33,3302
1/21/2023 5:33,3340
1/21/2023 5:34,3271
1/21/2023 5:34,3237
1/21/2023 5:35,3145
1/21/2023 5:35,3754
1/21/2023 5:36,3573
1/21/2023 5:36,3712
1/21/2023 5:37,3452
1/21/2023 5:37,3499
1/21/2023 5:38,3714
1/21/2023 5:38,3436
1/21/2023 5:39,3494
1/21/2023 5:39,3825
1/21/2023 5:40,3315
1/21/2023 5:40,3420
1/21/2023 5:41,3525
1/21/2023 5:41,3191
1/21/2023 5:42,3161
1/21/2023 5:42,3404
1/21/2023 5:43,3568
1/21/2023 5:43,3652
1/21/2023 5:44,3508
1/21/2023 5:44,3601
1/21/2023 5:45,3741
1/21/2023 5:45,3374
1/21/2023 5:46,3303
1/21/2023 5:46,3455
1/21/2023 5:47,3445
1/21/2023 5:47,3466
1/21/2023 5:48,3255
1/21/2023 5:48,3356
1/21/2023 5:49,3621
1/21/2023 5:50,3791
1/21/2023 5:50,3799
1/21/2023 5:51,3384
1/21/2023 5:51,3308
1/21/2023 5:52,3352
1/21/2023 5:52,3306
1/21/2023 5:53,3478
1/21/2023 5:53,3809
1/21/2023 5:54,3696
1/21/2023 5:54,3577
1/21/2023 5:55,3643
1/21/2023 5:55,3669
1/21/2023 5:56,3469
1/21/2023 5:56,3420
1/21/2023 5:57,3704
1/21/2023 5:57,3427
1/21/2023 5:58,3471
1/21/2023 5:58,3420
1/21/2023 5:59,3729
1/21/2023 5:59,3599
1/21/2023 6:00,3452
1/21/2023 6:00,3445
1/21/2023 6:01,3420
1/21/2023 6:01,3568
1/21/2023 6:02,3279
1/21/2023 6:02,3618
1/21/2023 6:03,3762
1/21/2023 6:03,3511
1/21/2023 6:04,3429
1/21/2023 6:04,3611
1/21/2023 6:05,3667
1/21/2023 6:05,3799
1/21/2023 6:06,3534
1/21/2023 6:06,3374
1/21/2023 6:07,3399
1/21/2023 6:07,3580
1/21/2023 6:08,3429
1/21/2023 6:08,3384
1/21/2023 6:09,3293
1/21/2023 6:09,3551
1/21/2023 6:10,3485
1/21/2023 6:10,3599
1/21/2023 6:11,3694
1/21/2023 6:11,3247
1/21/2023 6:12,3443
1/21/2023 6:12,3318
1/21/2023 6:13,3712
1/21/2023 6:13,3187
1/21/2023 6:14,3633
1/21/2023 6:14,3871
1/21/2023 6:15,3501
1/21/2023 6:15,3417
1/21/2023 6:16,3492
1/21/2023 6:17,3525
1/21/2023 6:17,3585
1/21/2023 6:18,3704
1/21/2023 6:18,3435
1/21/2023 6:19,3452
1/21/2023 6:19,3729
1/21/2023 6:20,3527
1/21/2023 6:20,3429
1/21/2023 6:21,3599
1/21/2023 6:21,3754
1/21/2023 6:22,3721
1/21/2023 6:22,3626
1/21/2023 6:23,3530
1/21/2023 6:23,3306
1/21/2023 6:24,3378
1/21/2023 6:24,3566
1/21/2023 6:25,3289
1/21/2023 6:25,3408
1/21/2023 6:26,3577
1/21/2023 6:26,3381
1/21/2023 6:27,3527
1/21/2023 6:27,3485
1/21/2023 6:28,3357
1/21/2023 6:28,3568
1/21/2023 6:29,3462
1/21/2023 6:29,3411
1/21/2023 6:30,3623
1/21/2023 6:30,3585
1/21/2023 6:31,3299
1/21/2023 6:31,3616
1/21/2023 6:32,3719
1/21/2023 6:32,3434
1/21/2023 6:33,3542
1/21/2023 6:33,3817
1/21/2023 6:34,3789
1/21/2023 6:34,3729
1/21/2023 6:35,3590
1/21/2023 6:35,3549
1/21/2023 6:36,3721
1/21/2023 6:36,3744
1/21/2023 6:37,3516
1/21/2023 6:37,3378
1/21/2023 6:38,3534
1/21/2023 6:38,3427
1/21/2023 6:39,3340
1/21/2023 6:39,3372
1/21/2023 6:40,3420
1/21/2023 6:40,3372
1/21/2023 6:41,3499
1/21/2023 6:41,3413
1/21/2023 6:42,3618
1/21/2023 6:42,3372
1/21/2023 6:43,3450
1/21/2023 6:44,3347
1/21/2023 6:44,3246
1/21/2023 6:45,3462
1/21/2023 6:45,3362
1/21/2023 6:46,3411
1/21/2023 6:46,3817
1/21/2023 6:47,3575
1/21/2023 6:47,3835
1/21/2023 6:48,3835
1/21/2023 6:48,3729
1/21/2023 6:49,3525
1/21/2023 6:49,3729
1/21/2023 6:50,3677
1/21/2023 6:50,3918
1/21/2023 6:51,3679
1/21/2023 6:51,3459
1/21/2023 6:52,3685
1/21/2023 6:52,3799
1/21/2023 6:53,3739
1/21/2023 6:53,3626
1/21/2023 6:54,3427
1/21/2023 6:54,3506
1/21/2023 6:55,3712
1/21/2023 6:55,3542
1/21/2023 6:56,3635
1/21/2023 6:56,3525
1/21/2023 6:57,3809
1/21/2023 6:57,3539
1/21/2023 6:58,3807
1/21/2023 6:58,3631
1/21/2023 6:59,3635
1/21/2023 6:59,3637
1/21/2023 7:00,3499
1/21/2023 7:00,3635
1/21/2023 7:01,3516
1/21/2023 7:01,3781
1/21/2023 7:02,3587
1/21/2023 7:02,3262
1/21/2023 7:03,3511
1/21/2023 7:03,3712
1/21/2023 7:04,3274
1/21/2023 7:04,3542
1/21/2023 7:05,3641
1/21/2023 7:05,3542
1/21/2023 7:06,3511
1/21/2023 7:06,3520
1/21/2023 7:07,3618
1/21/2023 7:07,3413
1/21/2023 7:08,3427
1/21/2023 7:08,3476
1/21/2023 7:09,3520
1/21/2023 7:09,3429
1/21/2023 7:10,3485
1/21/2023 7:11,3508
1/21/2023 7:11,3347
1/21/2023 7:12,3551
1/21/2023 7:12,3652
1/21/2023 7:13,3525
1/21/2023 7:13,3643
1/21/2023 7:14,3518
1/21/2023 7:14,3492
1/21/2023 7:15,3384
1/21/2023 7:15,3427
1/21/2023 7:16,3404
1/21/2023 7:16,3427
1/21/2023 7:17,3447
1/21/2023 7:17,3388
1/21/2023 7:18,3411
1/21/2023 7:18,3577
1/21/2023 7:19,3520
1/21/2023 7:19,3418
1/21/2023 7:20,3215
1/21/2023 7:20,3492
1/21/2023 7:21,3372
1/21/2023 7:21,3766
1/21/2023 7:22,3262
1/21/2023 7:22,3268
1/21/2023 7:23,3537
1/21/2023 7:23,3452
1/21/2023 7:24,3618
1/21/2023 7:24,3592
1/21/2023 7:25,3420
1/21/2023 7:25,3231
1/21/2023 7:26,3544
1/21/2023 7:26,3397
1/21/2023 7:27,3397
1/21/2023 7:27,3677
1/21/2023 7:28,3478
1/21/2023 7:28,3368
1/21/2023 7:29,3218
1/21/2023 7:29,3459
1/21/2023 7:30,3413
1/21/2023 7:30,3534
1/21/2023 7:31,3455
1/21/2023 7:31,3277
1/21/2023 7:32,3537
1/21/2023 7:32,3436
1/21/2023 7:33,3255
1/21/2023 7:33,3662
1/21/2023 7:34,3553
1/21/2023 7:34,3333
1/21/2023 7:35,3561
1/21/2023 7:35,3459
1/21/2023 7:36,3723
1/21/2023 7:36,3568
1/21/2023 7:37,3544
1/21/2023 7:38,3390
1/21/2023 7:38,3511
1/21/2023 7:39,3626
1/21/2023 7:39,3436
1/21/2023 7:40,3861
1/21/2023 7:40,3527
1/21/2023 7:41,3679
1/21/2023 7:41,3679
1/21/2023 7:42,3551
1/21/2023 7:42,3544
1/21/2023 7:43,3553
1/21/2023 7:43,3862
1/21/2023 7:44,4009
1/21/2023 7:45,3739
1/21/2023 7:45,3696
1/21/2023 7:46,3662
1/21/2023 7:46,3666
1/21/2023 7:47,3731
1/21/2023 7:47,3669
1/21/2023 7:48,3587
1/21/2023 7:48,3803
1/21/2023 7:49,4085
1/21/2023 7:49,4162
1/21/2023 7:50,3652
1/21/2023 7:50,3945
1/21/2023 7:51,3706
1/21/2023 7:51,3748
1/21/2023 7:52,4121
1/21/2023 7:52,3992
1/21/2023 7:53,4000
1/21/2023 7:53,4188
1/21/2023 7:54,4367
1/21/2023 7:54,3696
1/21/2023 7:55,4448
1/21/2023 7:55,3837
1/21/2023 7:56,4499
1/21/2023 7:56,3936
1/21/2023 7:57,4171
1/21/2023 7:57,4229
1/21/2023 7:58,4317
1/21/2023 7:58,4180
1/21/2023 7:59,3973
1/21/2023 7:59,4357
1/21/2023 8:00,4418
1/21/2023 8:00,4448
1/21/2023 8:01,4248
1/21/2023 8:01,4921
1/21/2023 8:02,4398
1/21/2023 8:02,4448
1/21/2023 8:03,4921
1/21/2023 8:04,4102
1/21/2023 8:04,4910
1/21/2023 8:05,4509
1/21/2023 8:05,4458
1/21/2023 8:06,4776
1/21/2023 8:06,4583
1/21/2023 8:07,4526
1/21/2023 8:07,4776
1/21/2023 8:08,5236
1/21/2023 8:08,4438
1/21/2023 8:09,4668
1/21/2023 8:09,4646
1/21/2023 8:10,4831
1/21/2023 8:10,4776
1/21/2023 8:11,4593
1/21/2023 8:11,4843
1/21/2023 8:12,5070
1/21/2023 8:12,5069
1/21/2023 8:13,4831
1/21/2023 8:13,5299
1/21/2023 8:14,5308
1/21/2023 8:14,4842
1/21/2023 8:15,5080
1/21/2023 8:15,5152
1/21/2023 8:16,4943
1/21/2023 8:16,5035
1/21/2023 8:17,5093
1/21/2023 8:17,4819
1/21/2023 8:18,5305
1/21/2023 8:18,4977
1/21/2023 8:19,5235
1/21/2023 8:19,4999
1/21/2023 8:20,5163
1/21/2023 8:20,5985
1/21/2023 8:21,5728
1/21/2023 8:21,5638
1/21/2023 8:22,5023
1/21/2023 8:22,5272
1/21/2023 8:23,5649
1/21/2023 8:23,5187
1/21/2023 8:24,5187
1/21/2023 8:24,5445
1/21/2023 8:25,5270
1/21/2023 8:25,5824
1/21/2023 8:26,4943
1/21/2023 8:26,5128
1/21/2023 8:27,4864
1/21/2023 8:27,4977
1/21/2023 8:28,5000
1/21/2023 8:28,5848
1/21/2023 8:29,5093
1/21/2023 8:29,5198
1/21/2023 8:30,4977
1/21/2023 8:31,4875
1/21/2023 8:31,5794
1/21/2023 8:32,5902
1/21/2023 8:32,4909
1/21/2023 8:33,5420
1/21/2023 8:33,4831
1/21/2023 8:34,5212
1/21/2023 8:34,5782
1/21/2023 8:35,4864
1/21/2023 8:35,5000
1/21/2023 8:36,5433
1/21/2023 8:36,5406
1/21/2023 8:37,4898
1/21/2023 8:37,4754
1/21/2023 8:38,4909
1/21/2023 8:38,4820
1/21/2023 8:39,5481
1/21/2023 8:39,4943
1/21/2023 8:40,4989
1/21/2023 8:40,4809
1/21/2023 8:41,5187
1/21/2023 8:41,5000
1/21/2023 8:42,5034
1/21/2023 8:42,4864
1/21/2023 8:43,4798
1/21/2023 8:43,4765
1/21/2023 8:44,4754
1/21/2023 8:44,4732
1/21/2023 8:45,4583
1/21/2023 8:45,5507
1/21/2023 8:46,4954
1/21/2023 8:46,5000
1/21/2023 8:47,4743
1/21/2023 8:47,4459
1/21/2023 8:48,5070
1/21/2023 8:48,4604
1/21/2023 8:49,4853
1/21/2023 8:49,4875
1/21/2023 8:50,4976
1/21/2023 8:50,5236
1/21/2023 8:51,4510
1/21/2023 8:51,4885
1/21/2023 8:52,5116
1/21/2023 8:52,4689
1/21/2023 8:53,4500
1/21/2023 8:53,4489
1/21/2023 8:54,4776
1/21/2023 8:54,4743
1/21/2023 8:55,4754
1/21/2023 8:55,4754
1/21/2023 8:56,5248
1/21/2023 8:56,4625
1/21/2023 8:57,5035
1/21/2023 8:58,5225
1/21/2023 8:58,4700
1/21/2023 8:59,5046
1/21/2023 8:59,4358
1/21/2023 9:00,4647
1/21/2023 9:00,4448
1/21/2023 9:01,4678
1/21/2023 9:01,5309
1/21/2023 9:02,4711
1/21/2023 9:02,5165
1/21/2023 9:03,4787
1/21/2023 9:03,4898
1/21/2023 9:04,4573
1/21/2023 9:04,4562
1/21/2023 9:05,4887
1/21/2023 9:05,4787
1/21/2023 9:06,4489
1/21/2023 9:06,4541
1/21/2023 9:07,4920
1/21/2023 9:07,5142
1/21/2023 9:08,4428
1/21/2023 9:08,4562
1/21/2023 9:09,4368
1/21/2023 9:09,4787
1/21/2023 9:10,4646
1/21/2023 9:10,4459
1/21/2023 9:11,4853
1/21/2023 9:11,4378
1/21/2023 9:12,4521
1/21/2023 9:12,5212
1/21/2023 9:13,4500
1/21/2023 9:13,4358
1/21/2023 9:14,4287
1/21/2023 9:14,4541
1/21/2023 9:15,4754
1/21/2023 9:15,5023
1/21/2023 9:16,4448
1/21/2023 9:16,4470
1/21/2023 9:17,4668
1/21/2023 9:17,4541
1/21/2023 9:18,4479
1/21/2023 9:18,4625
1/21/2023 9:19,4809
1/21/2023 9:19,4977
1/21/2023 9:20,4572
1/21/2023 9:20,5035
1/21/2023 9:21,4820
1/21/2023 9:21,5128
1/21/2023 9:22,4732
1/21/2023 9:22,4489
1/21/2023 9:23,4919
1/21/2023 9:24,4561
1/21/2023 9:24,4500
1/21/2023 9:25,5012
1/21/2023 9:25,4572
1/21/2023 9:26,4594
1/21/2023 9:26,4700
1/21/2023 9:27,4722
1/21/2023 9:27,4853
1/21/2023 9:28,4594
1/21/2023 9:28,4594
1/21/2023 9:29,4318
1/21/2023 9:29,4153
1/21/2023 9:30,4732
1/21/2023 9:30,4754
1/21/2023 9:31,4604
1/21/2023 9:31,4388
1/21/2023 9:32,4604
1/21/2023 9:32,4298
1/21/2023 9:33,4583
1/21/2023 9:33,4438
1/21/2023 9:34,4428
1/21/2023 9:34,4398
1/21/2023 9:35,4899
1/21/2023 9:35,4249
1/21/2023 9:36,4199
1/21/2023 9:36,4700
1/21/2023 9:37,4511
1/21/2023 9:37,4898
1/21/2023 9:38,4459
1/21/2023 9:38,4853
1/21/2023 9:39,4541
1/21/2023 9:39,4438
1/21/2023 9:40,4208
1/21/2023 9:40,4104
1/21/2023 9:41,4615
1/21/2023 9:41,4259
1/21/2023 9:42,4387
1/21/2023 9:42,4552
1/21/2023 9:43,4510
1/21/2023 9:43,4562
1/21/2023 9:44,4171
1/21/2023 9:44,4229
1/21/2023 9:45,4531
1/21/2023 9:45,4573
1/21/2023 9:46,4489
1/21/2023 9:46,4625
1/21/2023 9:47,4572
1/21/2023 9:47,4689
1/21/2023 9:48,4398
1/21/2023 9:48,4479
1/21/2023 9:49,4408
1/21/2023 9:49,4541
1/21/2023 9:50,4854
1/21/2023 9:51,4158
1/21/2023 9:51,4428
1/21/2023 9:52,4428
1/21/2023 9:52,4490
1/21/2023 9:53,4787
1/21/2023 9:53,4428
1/21/2023 9:54,4448
1/21/2023 9:54,4428
1/21/2023 9:55,4449
1/21/2023 9:55,4520
1/21/2023 9:56,4210
1/21/2023 9:56,4625
1/21/2023 9:57,4428
1/21/2023 9:57,4510
1/21/2023 9:58,4192
1/21/2023 9:58,4407
1/21/2023 9:59,4115
1/21/2023 9:59,4636
1/21/2023 10:00,4398
1/21/2023 10:00,4180
1/21/2023 10:01,4408
1/21/2023 10:01,4171
1/21/2023 10:02,4765
1/21/2023 10:02,4438
1/21/2023 10:03,4067
1/21/2023 10:03,4510
1/21/2023 10:04,4368
1/21/2023 10:04,4162
1/21/2023 10:05,4318
1/21/2023 10:05,4279
1/21/2023 10:06,4239
1/21/2023 10:06,4722
1/21/2023 10:07,4249
1/21/2023 10:07,4552
1/21/2023 10:08,4380
1/21/2023 10:08,4181
1/21/2023 10:09,4298
1/21/2023 10:09,4318
1/21/2023 10:10,4278
1/21/2023 10:10,4308
1/21/2023 10:11,4308
1/21/2023 10:11,4348
1/21/2023 10:12,4095
1/21/2023 10:12,4095
1/21/2023 10:13,4249
1/21/2023 10:13,4190
1/21/2023 10:14,4077
1/21/2023 10:14,4258
1/21/2023 10:15,4500
1/21/2023 10:15,3858
1/21/2023 10:16,4152
1/21/2023 10:16,4657
1/21/2023 10:17,4288
1/21/2023 10:18,3958
1/21/2023 10:18,4318
1/21/2023 10:19,4049
1/21/2023 10:19,4004
1/21/2023 10:20,4765
1/21/2023 10:20,4417
1/21/2023 10:21,4307
1/21/2023 10:21,4153
1/21/2023 10:22,4298
1/21/2023 10:22,4809
1/21/2023 10:23,4298
1/21/2023 10:23,4787
1/21/2023 10:24,3948
1/21/2023 10:24,4144
1/21/2023 10:25,4418
1/21/2023 10:25,4277
1/21/2023 10:26,4115
1/21/2023 10:26,4500
1/21/2023 10:27,4210
1/21/2023 10:27,4289
1/21/2023 10:28,4449
1/21/2023 10:28,4348
1/21/2023 10:29,4259
1/21/2023 10:29,4678
1/21/2023 10:30,4089
1/21/2023 10:30,4307
1/21/2023 10:31,4520
1/21/2023 10:31,4931
1/21/2023 10:32,4172
1/21/2023 10:32,4144
1/21/2023 10:33,4143
1/21/2023 10:33,4181
1/21/2023 10:34,4144
1/21/2023 10:34,4182
1/21/2023 10:35,4615
1/21/2023 10:35,4163
1/21/2023 10:36,4500
1/21/2023 10:36,4754
1/21/2023 10:37,4202
1/21/2023 10:37,4099
1/21/2023 10:38,4419
1/21/2023 10:38,4211
1/21/2023 10:39,4593
1/21/2023 10:39,4097
1/21/2023 10:40,4249
1/21/2023 10:40,4049
1/21/2023 10:41,4308
1/21/2023 10:41,3993
1/21/2023 10:42,4338
1/21/2023 10:42,4499
1/21/2023 10:43,4278
1/21/2023 10:43,3966
1/21/2023 10:44,4562
1/21/2023 10:45,4604
1/21/2023 10:45,4615
1/21/2023 10:46,4124
1/21/2023 10:46,4211
1/21/2023 10:47,4262
1/21/2023 10:47,4604
1/21/2023 10:48,4308
1/21/2023 10:48,4181
1/21/2023 10:49,4563
1/21/2023 10:49,4085
1/21/2023 10:50,3956
1/21/2023 10:50,4249
1/21/2023 10:51,4211
1/21/2023 10:51,4151
1/21/2023 10:52,4230
1/21/2023 10:52,4408
1/21/2023 10:53,4338
1/21/2023 10:53,4013
1/21/2023 10:54,4408
1/21/2023 10:54,4229
1/21/2023 10:55,4133
1/21/2023 10:55,4438
1/21/2023 10:56,4230
1/21/2023 10:56,3966
1/21/2023 10:57,4171
1/21/2023 10:57,4077
1/21/2023 10:58,4144
1/21/2023 10:58,4573
1/21/2023 10:59,4173
1/21/2023 10:59,4030
1/21/2023 11:00,4211
1/21/2023 11:00,4376
1/21/2023 11:01,4087
1/21/2023 11:01,3752
1/21/2023 11:02,4364
1/21/2023 11:02,4115
1/21/2023 11:03,4448
1/21/2023 11:03,4069
1/21/2023 11:04,4040
1/21/2023 11:04,4001
1/21/2023 11:05,4459
1/21/2023 11:05,4050
1/21/2023 11:06,4465
1/21/2023 11:06,4552
1/21/2023 11:07,4192
1/21/2023 11:07,3985
1/21/2023 11:08,3895
1/21/2023 11:08,4211
1/21/2023 11:09,4172
1/21/2023 11:09,3993
1/21/2023 11:10,4020
1/21/2023 11:10,4289
1/21/2023 11:11,3902
1/21/2023 11:12,4115
1/21/2023 11:12,4448
1/21/2023 11:13,4021
1/21/2023 11:13,4210
1/21/2023 11:14,4172
1/21/2023 11:14,4115
1/21/2023 11:15,4409
1/21/2023 11:15,4144
1/21/2023 11:16,4013
1/21/2023 11:16,4059
1/21/2023 11:17,4364
1/21/2023 11:17,3762
1/21/2023 11:18,4219
1/21/2023 11:18,4086
1/21/2023 11:19,4191
1/21/2023 11:19,3902
1/21/2023 11:20,4021
1/21/2023 11:20,4021
1/21/2023 11:21,4298
1/21/2023 11:21,3805
1/21/2023 11:22,4052
1/21/2023 11:22,4398
1/21/2023 11:23,4221
1/21/2023 11:23,4003
1/21/2023 11:24,3938
1/21/2023 11:24,4031
1/21/2023 11:25,3976
1/21/2023 11:25,4096
1/21/2023 11:26,4011
1/21/2023 11:26,4125
1/21/2023 11:27,3824
1/21/2023 11:27,3787
1/21/2023 11:28,4134
1/21/2023 11:28,4317
1/21/2023 11:29,4221
1/21/2023 11:29,4202
1/21/2023 11:30,4132
1/21/2023 11:30,4079
1/21/2023 11:31,4358
1/21/2023 11:31,4378
1/21/2023 11:32,4240
1/21/2023 11:32,3956
1/21/2023 11:33,4327
1/21/2023 11:33,4059
1/21/2023 11:34,4459
1/21/2023 11:34,3848
1/21/2023 11:35,4040
1/21/2023 11:35,3904
1/21/2023 11:36,4067
1/21/2023 11:36,3920
1/21/2023 11:37,4636
1/21/2023 11:38,4001
1/21/2023 11:38,4220
1/21/2023 11:39,4059
1/21/2023 11:39,3894
1/21/2023 11:40,4011
1/21/2023 11:40,4469
1/21/2023 11:41,3883
1/21/2023 11:41,4143
1/21/2023 11:42,4448
1/21/2023 11:42,4013
1/21/2023 11:43,4069
1/21/2023 11:43,4438
1/21/2023 11:44,3718
1/21/2023 11:44,4050
1/21/2023 11:45,3946
1/21/2023 11:45,4106
1/21/2023 11:46,4259
1/21/2023 11:46,4172
1/21/2023 11:47,4358
1/21/2023 11:47,4163
1/21/2023 11:48,3993
1/21/2023 11:48,4050
1/21/2023 11:49,3725
1/21/2023 11:49,4050
1/21/2023 11:50,4249
1/21/2023 11:50,4229
1/21/2023 11:51,4309
1/21/2023 11:51,3975
1/21/2023 11:52,4355
1/21/2023 11:52,4316
1/21/2023 11:53,4011
1/21/2023 11:53,3807
1/21/2023 11:54,4030
1/21/2023 11:54,4023
1/21/2023 11:55,4031
1/21/2023 11:55,3795
1/21/2023 11:56,3956
1/21/2023 11:56,3779
1/21/2023 11:57,3803
1/21/2023 11:57,4115
1/21/2023 11:58,4298
1/21/2023 11:58,4040
1/21/2023 11:59,4030
1/21/2023 11:59,3894
1/21/2023 12:00,4162
1/21/2023 12:00,4490
1/21/2023 12:01,4182
1/21/2023 12:01,3632
1/21/2023 12:02,4279
1/21/2023 12:02,4181
1/21/2023 12:03,3920
1/21/2023 12:03,4328
1/21/2023 12:04,3900
1/21/2023 12:05,3966
1/21/2023 12:05,4147
1/21/2023 12:06,4291
1/21/2023 12:06,4317
1/21/2023 12:07,3642
1/21/2023 12:07,3760
1/21/2023 12:08,3948
1/21/2023 12:08,4308
1/21/2023 12:09,4347
1/21/2023 12:09,4096
1/21/2023 12:10,3951
1/21/2023 12:10,3930
1/21/2023 12:11,3876
1/21/2023 12:11,4021
1/21/2023 12:12,3966
1/21/2023 12:12,3674
1/21/2023 12:13,3708
1/21/2023 12:13,4258
1/21/2023 12:14,4367
1/21/2023 12:14,3884
1/21/2023 12:15,4076
1/21/2023 12:15,4050
1/21/2023 12:16,4210
1/21/2023 12:16,4176
1/21/2023 12:17,4059
1/21/2023 12:17,4086
1/21/2023 12:18,4095
1/21/2023 12:18,3948
1/21/2023 12:19,4133
1/21/2023 12:19,3710
1/21/2023 12:20,4040
1/21/2023 12:20,3858
1/21/2023 12:21,3973
1/21/2023 12:21,3884
1/21/2023 12:22,3985
1/21/2023 12:22,3928
1/21/2023 12:23,4229
1/21/2023 12:23,4260
1/21/2023 12:24,3603
1/21/2023 12:24,3748
1/21/2023 12:25,3910
1/21/2023 12:25,3976
1/21/2023 12:26,4067
1/21/2023 12:26,3979
1/21/2023 12:27,4059
1/21/2023 12:27,4171
1/21/2023 12:28,3930
1/21/2023 12:28,4278
1/21/2023 12:29,4499
1/21/2023 12:29,4448
1/21/2023 12:30,4031
1/21/2023 12:30,4378
1/21/2023 12:31,3884
1/21/2023 12:32,4289
1/21/2023 12:32,4115
1/21/2023 12:33,4133
1/21/2023 12:33,4288
1/21/2023 12:34,3803
1/21/2023 12:34,3691
1/21/2023 12:35,3993
1/21/2023 12:35,3848
1/21/2023 12:36,4147
1/21/2023 12:36,4076
1/21/2023 12:37,3973
1/21/2023 12:37,3840
1/21/2023 12:38,3948
1/21/2023 12:38,3725
1/21/2023 12:39,4030
1/21/2023 12:39,3615
1/21/2023 12:40,3858
1/21/2023 12:40,4398
1/21/2023 12:41,3993
1/21/2023 12:41,3822
1/21/2023 12:42,3657
1/21/2023 12:42,3874
1/21/2023 12:43,3948
1/21/2023 12:43,3876
1/21/2023 12:44,3912
1/21/2023 12:44,4096
1/21/2023 12:45,4190
1/21/2023 12:45,4248
1/21/2023 12:46,4030
1/21/2023 12:46,3718
1/21/2023 12:47,3848
1/21/2023 12:47,4011
1/21/2023 12:48,4020
1/21/2023 12:48,4003
1/21/2023 12:49,3822
1/21/2023 12:49,4030
1/21/2023 12:50,3858
1/21/2023 12:50,3975
1/21/2023 12:51,3938
1/21/2023 12:51,3983
1/21/2023 12:52,3985
1/21/2023 12:52,4003
1/21/2023 12:53,3700
1/21/2023 12:53,3892
1/21/2023 12:54,3985
1/21/2023 12:54,3805
1/21/2023 12:55,4190
1/21/2023 12:55,3894
1/21/2023 12:56,4057
1/21/2023 12:56,3894
1/21/2023 12:57,3912
1/21/2023 12:58,4299
1/21/2023 12:58,3874
1/21/2023 12:59,3813
1/21/2023 12:59,3948
1/21/2023 13:00,3995
1/21/2023 13:00,3805
1/21/2023 13:01,3674
1/21/2023 13:01,3702
1/21/2023 13:02,3878
1/21/2023 13:02,4030
1/21/2023 13:03,4269
1/21/2023 13:03,3912
1/21/2023 13:04,4338
1/21/2023 13:04,4152
1/21/2023 13:05,3956
1/21/2023 13:05,3647
1/21/2023 13:06,4057
1/21/2023 13:06,3922
1/21/2023 13:07,4299
1/21/2023 13:07,3886
1/21/2023 13:08,3789
1/21/2023 13:08,3848
1/21/2023 13:09,4220
1/21/2023 13:09,3894
1/21/2023 13:10,3912
1/21/2023 13:10,4106
1/21/2023 13:11,4003
1/21/2023 13:11,4014
1/21/2023 13:12,4031
1/21/2023 13:12,3928
1/21/2023 13:13,3882
1/21/2023 13:13,3858
1/21/2023 13:14,4023
1/21/2023 13:14,4358
1/21/2023 13:15,3840
1/21/2023 13:15,3930
1/21/2023 13:16,4289
1/21/2023 13:16,3912
1/21/2023 13:17,3995
1/21/2023 13:17,3822
1/21/2023 13:18,4288
1/21/2023 13:18,4039
1/21/2023 13:19,3976
1/21/2023 13:19,4031
1/21/2023 13:20,4059
1/21/2023 13:20,3966
1/21/2023 13:21,3599
1/21/2023 13:21,4029
1/21/2023 13:22,4161
1/21/2023 13:22,4259
1/21/2023 13:23,3904
1/21/2023 13:23,3928
1/21/2023 13:24,3920
1/21/2023 13:25,4003
1/21/2023 13:25,3910
1/21/2023 13:26,4077
1/21/2023 13:26,3884
1/21/2023 13:27,3890
1/21/2023 13:27,3770
1/21/2023 13:28,3858
1/21/2023 13:28,3886
1/21/2023 13:29,4059
1/21/2023 13:29,3922
1/21/2023 13:30,4086
1/21/2023 13:30,3894
1/21/2023 13:31,3801
1/21/2023 13:31,3712
1/21/2023 13:32,3866
1/21/2023 13:32,3700
1/21/2023 13:33,4001
1/21/2023 13:33,3681
1/21/2023 13:34,3754
1/21/2023 13:34,4021
1/21/2023 13:35,3948
1/21/2023 13:35,3912
1/21/2023 13:36,4229
1/21/2023 13:36,3758
1/21/2023 13:37,3884
1/21/2023 13:37,3856
1/21/2023 13:38,4162
1/21/2023 13:38,4040
1/21/2023 13:39,3838
1/21/2023 13:39,4347
1/21/2023 13:40,3892
1/21/2023 13:40,3894
1/21/2023 13:41,3904
1/21/2023 13:41,4057
1/21/2023 13:42,3892
1/21/2023 13:42,3894
1/21/2023 13:43,4021
1/21/2023 13:43,3884
1/21/2023 13:44,4069
1/21/2023 13:44,4096
1/21/2023 13:45,3922
1/21/2023 13:45,3904
1/21/2023 13:46,3886
1/21/2023 13:46,4199
1/21/2023 13:47,3691
1/21/2023 13:47,3894
1/21/2023 13:48,4096
1/21/2023 13:48,3850
1/21/2023 13:49,4135
1/21/2023 13:49,3822
1/21/2023 13:50,4133
1/21/2023 13:50,3931
1/21/2023 13:51,3866
1/21/2023 13:52,4181
1/21/2023 13:52,3887
1/21/2023 13:53,4211
1/21/2023 13:53,4011
1/21/2023 13:54,3848
1/21/2023 13:54,4039
1/21/2023 13:55,4173
1/21/2023 13:55,4067
1/21/2023 13:56,3995
1/21/2023 13:56,3912
1/21/2023 13:57,4050
1/21/2023 13:57,4059
1/21/2023 13:58,3850
1/21/2023 13:58,3840
1/21/2023 13:59,4259
1/21/2023 13:59,3986
1/21/2023 14:00,3840
1/21/2023 14:00,4144
1/21/2023 14:01,4200
1/21/2023 14:01,4220
1/21/2023 14:02,3930
1/21/2023 14:02,4049
1/21/2023 14:03,4030
1/21/2023 14:03,3940
1/21/2023 14:04,3912
1/21/2023 14:04,3805
1/21/2023 14:05,3995
1/21/2023 14:05,3698
1/21/2023 14:06,4021
1/21/2023 14:06,3866
1/21/2023 14:07,3948
1/21/2023 14:07,3848
1/21/2023 14:08,3625
1/21/2023 14:08,3830
1/21/2023 14:09,3940
1/21/2023 14:09,4003
1/21/2023 14:10,3993
1/21/2023 14:10,4163
1/21/2023 14:11,4105
1/21/2023 14:11,3912
1/21/2023 14:12,4059
1/21/2023 14:12,3958
1/21/2023 14:13,3913
1/21/2023 14:13,3956
1/21/2023 14:14,3912
1/21/2023 14:14,3813
1/21/2023 14:15,4003
1/21/2023 14:15,3992
1/21/2023 14:16,3796
1/21/2023 14:16,3866
1/21/2023 14:17,4134
1/21/2023 14:17,3787
1/21/2023 14:18,3993
1/21/2023 14:19,4021
1/21/2023 14:19,3822
1/21/2023 14:20,3824
1/21/2023 14:20,4049
1/21/2023 14:21,4079
1/21/2023 14:21,4004
1/21/2023 14:22,3887
1/21/2023 14:22,3866
1/21/2023 14:23,3922
1/21/2023 14:23,4007
1/21/2023 14:24,3884
1/21/2023 14:24,3894
1/21/2023 14:25,4003
1/21/2023 14:25,4113
1/21/2023 14:26,3948
1/21/2023 14:26,3986
1/21/2023 14:27,3976
1/21/2023 14:27,3965
1/21/2023 14:28,4115
1/21/2023 14:28,4039
1/21/2023 14:29,4060
1/21/2023 14:29,3975
1/21/2023 14:30,4076
1/21/2023 14:30,3830
1/21/2023 14:31,4287
1/21/2023 14:31,3856
1/21/2023 14:32,3805
1/21/2023 14:32,3976
1/21/2023 14:33,3993
1/21/2023 14:33,3606
1/21/2023 14:34,3805
1/21/2023 14:34,4229
1/21/2023 14:35,3948
1/21/2023 14:35,3861
1/21/2023 14:36,3874
1/21/2023 14:36,3993
1/21/2023 14:37,3912
1/21/2023 14:37,3912
1/21/2023 14:38,3866
1/21/2023 14:38,3948
1/21/2023 14:39,4021
1/21/2023 14:39,4191
1/21/2023 14:40,4191
1/21/2023 14:40,3948
1/21/2023 14:41,3956
1/21/2023 14:41,3995
1/21/2023 14:42,3850
1/21/2023 14:42,3912
1/21/2023 14:43,3938
1/21/2023 14:43,3805
1/21/2023 14:44,4004
1/21/2023 14:45,4153
1/21/2023 14:45,4123
1/21/2023 14:46,3770
1/21/2023 14:46,3985
1/21/2023 14:47,3813
1/21/2023 14:47,4171
1/21/2023 14:48,3940
1/21/2023 14:48,4220
1/21/2023 14:49,4004
1/21/2023 14:49,3760
1/21/2023 14:50,3858
1/21/2023 14:50,3958
1/21/2023 14:51,3910
1/21/2023 14:51,3913
1/21/2023 14:52,3956
1/21/2023 14:52,3940
1/21/2023 14:53,4030
1/21/2023 14:53,4115
1/21/2023 14:54,4059
1/21/2023 14:54,3894
1/21/2023 14:55,3928
1/21/2023 14:55,3830
1/21/2023 14:56,3917
1/21/2023 14:56,3830
1/21/2023 14:57,3743
1/21/2023 14:57,3856
1/21/2023 14:58,4077
1/21/2023 14:58,3910
1/21/2023 14:59,4001
1/21/2023 14:59,3920
1/21/2023 15:00,4030
1/21/2023 15:00,3640
1/21/2023 15:01,3832
1/21/2023 15:01,4153
1/21/2023 15:02,3958
1/21/2023 15:02,3840
1/21/2023 15:03,3848
1/21/2023 15:03,4105
1/21/2023 15:04,3938
1/21/2023 15:04,4007
1/21/2023 15:05,4086
1/21/2023 15:05,3795
1/21/2023 15:06,3632
1/21/2023 15:06,4046
1/21/2023 15:07,3672
1/21/2023 15:07,3948
1/21/2023 15:08,4133
1/21/2023 15:08,3868
1/21/2023 15:09,3975
1/21/2023 15:09,3886
1/21/2023 15:10,3948
1/21/2023 15:10,3640
1/21/2023 15:11,4152
1/21/2023 15:12,4152
1/21/2023 15:12,3840
1/21/2023 15:13,4040
1/21/2023 15:13,3752
1/21/2023 15:14,3606
1/21/2023 15:14,3850
1/21/2023 15:15,3777
1/21/2023 15:15,3830
1/21/2023 15:16,4086
1/21/2023 15:16,3599
1/21/2023 15:17,3946
1/21/2023 15:17,4086
1/21/2023 15:18,3803
1/21/2023 15:18,3743
1/21/2023 15:19,4181
1/21/2023 15:19,4104
1/21/2023 15:20,3920
1/21/2023 15:20,3904
1/21/2023 15:21,3993
1/21/2023 15:21,3858
1/21/2023 15:22,4114
1/21/2023 15:22,4086
1/21/2023 15:23,3904
1/21/2023 15:23,3752
1/21/2023 15:24,4056
1/21/2023 15:24,3640
1/21/2023 15:25,3785
1/21/2023 15:25,3876
1/21/2023 15:26,3817
1/21/2023 15:26,3674
1/21/2023 15:27,3546
1/21/2023 15:27,3975
1/21/2023 15:28,4086
1/21/2023 15:28,3965
1/21/2023 15:29,4011
1/21/2023 15:29,3902
1/21/2023 15:30,3826
1/21/2023 15:30,3866
1/21/2023 15:31,3912
1/21/2023 15:31,4180
1/21/2023 15:32,3856
1/21/2023 15:32,3848
1/21/2023 15:33,3992
1/21/2023 15:33,3983
1/21/2023 15:34,3928
1/21/2023 15:34,3922
1/21/2023 15:35,3976
1/21/2023 15:35,3956
1/21/2023 15:36,3946
1/21/2023 15:36,4057
1/21/2023 15:37,3922
1/21/2023 15:37,3647
1/21/2023 15:38,3846
1/21/2023 15:39,3945
1/21/2023 15:39,3910
1/21/2023 15:40,3975
1/21/2023 15:40,4057
1/21/2023 15:41,3920
1/21/2023 15:41,3982
1/21/2023 15:42,3790
1/21/2023 15:42,3902
1/21/2023 15:43,4057
1/21/2023 15:43,3681
1/21/2023 15:44,3975
1/21/2023 15:44,4011
1/21/2023 15:45,3858
1/21/2023 15:45,3902
1/21/2023 15:46,3821
1/21/2023 15:46,3892
1/21/2023 15:47,3927
1/21/2023 15:47,3983
1/21/2023 15:48,3693
1/21/2023 15:48,4152
1/21/2023 15:49,3982
1/21/2023 15:49,4057
1/21/2023 15:50,3946
1/21/2023 15:50,3982
1/21/2023 15:51,4011
1/21/2023 15:51,4027
1/21/2023 15:52,4039
1/21/2023 15:52,3946
1/21/2023 15:53,4050
1/21/2023 15:53,3946
1/21/2023 15:54,3946
1/21/2023 15:54,4000
1/21/2023 15:55,3783
1/21/2023 15:55,3845
1/21/2023 15:56,3821
1/21/2023 15:56,4210
1/21/2023 15:57,4020
1/21/2023 15:57,3918
1/21/2023 15:58,3955
1/21/2023 15:58,3553
1/21/2023 15:59,3946
1/21/2023 15:59,3973
1/21/2023 16:00,3948
1/21/2023 16:00,3928
1/21/2023 16:01,3803
1/21/2023 16:01,4114
1/21/2023 16:02,3972
1/21/2023 16:02,3946
1/21/2023 16:03,3965
1/21/2023 16:03,3892
1/21/2023 16:04,3938
1/21/2023 16:04,3956
1/21/2023 16:05,3854
1/21/2023 16:06,4039
1/21/2023 16:06,3910
1/21/2023 16:07,3946
1/21/2023 16:07,3983
1/21/2023 16:08,3883
1/21/2023 16:08,4104
1/21/2023 16:09,4161
1/21/2023 16:09,4268
1/21/2023 16:10,4113
1/21/2023 16:10,4124
1/21/2023 16:11,3935
1/21/2023 16:11,3946
1/21/2023 16:12,3754
1/21/2023 16:12,3725
1/21/2023 16:13,3982
1/21/2023 16:13,3698
1/21/2023 16:14,3852
1/21/2023 16:14,3793
1/21/2023 16:15,3838
1/21/2023 16:15,3429
1/21/2023 16:16,3793
1/21/2023 16:16,3674
1/21/2023 16:17,3795
1/21/2023 16:17,3609
1/21/2023 16:18,3741
1/21/2023 16:18,3803
1/21/2023 16:19,3783
1/21/2023 16:19,4123
1/21/2023 16:20,3708
1/21/2023 16:20,3733
1/21/2023 16:21,3714
1/21/2023 16:21,3884
1/21/2023 16:22,3973
1/21/2023 16:22,3973
1/21/2023 16:23,3587
1/21/2023 16:23,3902
1/21/2023 16:24,3706
1/21/2023 16:24,3795
1/21/2023 16:25,3840
1/21/2023 16:25,3866
1/21/2023 16:26,4029
1/21/2023 16:26,3856
1/21/2023 16:27,4114
1/21/2023 16:27,3856
1/21/2023 16:28,3613
1/21/2023 16:28,3762
1/21/2023 16:29,3537
1/21/2023 16:29,3572
1/21/2023 16:30,4010
1/21/2023 16:30,3840
1/21/2023 16:31,4448
1/21/2023 16:32,3920
1/21/2023 16:32,3623
1/21/2023 16:33,3575
1/21/2023 16:33,3894
1/21/2023 16:34,3464
1/21/2023 16:34,4009
1/21/2023 16:35,4020
1/21/2023 16:35,3866
1/21/2023 16:36,3803
1/21/2023 16:36,3830
1/21/2023 16:37,3803
1/21/2023 16:37,3606
1/21/2023 16:38,3866
1/21/2023 16:38,3681
1/21/2023 16:39,3698
1/21/2023 16:39,3637
1/21/2023 16:40,4229
1/21/2023 16:40,3700
1/21/2023 16:41,3406
1/21/2023 16:41,3884
1/21/2023 16:42,3882
1/21/2023 16:42,3776
1/21/2023 16:43,3805
1/21/2023 16:43,3336
1/21/2023 16:44,4066
1/21/2023 16:44,3758
1/21/2023 16:45,3527
1/21/2023 16:45,3743
1/21/2023 16:46,3983
1/21/2023 16:46,3822
1/21/2023 16:47,3613
1/21/2023 16:47,3946
1/21/2023 16:48,3743
1/21/2023 16:48,3821
1/21/2023 16:49,3770
1/21/2023 16:49,3664
1/21/2023 16:50,3938
1/21/2023 16:50,3813
1/21/2023 16:51,3585
1/21/2023 16:51,3795
1/21/2023 16:52,3750
1/21/2023 16:52,3549
1/21/2023 16:53,3499
1/21/2023 16:53,3434
1/21/2023 16:54,3556
1/21/2023 16:54,3708
1/21/2023 16:55,3912
1/21/2023 16:55,3691
1/21/2023 16:56,4104
1/21/2023 16:56,3735
1/21/2023 16:57,3743
1/21/2023 16:57,4124
1/21/2023 16:58,3822
1/21/2023 16:59,3760
1/21/2023 16:59,3718
1/21/2023 17:00,3813
1/21/2023 17:00,3975
1/21/2023 17:01,4011
1/21/2023 17:01,3490
1/21/2023 17:02,3930
1/21/2023 17:02,4210
1/21/2023 17:03,4124
1/21/2023 17:03,3706
1/21/2023 17:04,3575
1/21/2023 17:04,3725
1/21/2023 17:05,4010
1/21/2023 17:05,3698
1/21/2023 17:06,3912
1/21/2023 17:06,4030
1/21/2023 17:07,3946
1/21/2023 17:07,3760
1/21/2023 17:08,3506
1/21/2023 17:08,3868
1/21/2023 17:09,4011
1/21/2023 17:09,3873
1/21/2023 17:10,4029
1/21/2023 17:10,4067
1/21/2023 17:11,3727
1/21/2023 17:11,4085
1/21/2023 17:12,3457
1/21/2023 17:12,4171
1/21/2023 17:13,3956
1/21/2023 17:13,4239
1/21/2023 17:14,4010
1/21/2023 17:14,4030
1/21/2023 17:15,4133
1/21/2023 17:15,3822
1/21/2023 17:16,4247
1/21/2023 17:16,3917
1/21/2023 17:17,3876
1/21/2023 17:17,3813
1/21/2023 17:18,3735
1/21/2023 17:18,3708
1/21/2023 17:19,3927
1/21/2023 17:19,3777
1/21/2023 17:20,4066
1/21/2023 17:20,3506
1/21/2023 17:21,3735
1/21/2023 17:21,4105
1/21/2023 17:22,3733
1/21/2023 17:22,4066
1/21/2023 17:23,3615
1/21/2023 17:23,3894
1/21/2023 17:24,3838
1/21/2023 17:24,3814
1/21/2023 17:25,3848
1/21/2023 17:26,3750
1/21/2023 17:26,4030
1/21/2023 17:27,3801
1/21/2023 17:27,3795
1/21/2023 17:28,3768
1/21/2023 17:28,3912
1/21/2023 17:29,3822
1/21/2023 17:29,3797
1/21/2023 17:30,3871
1/21/2023 17:30,3637
1/21/2023 17:31,4011
1/21/2023 17:31,3718
1/21/2023 17:32,4189
1/21/2023 17:32,3752
1/21/2023 17:33,3623
1/21/2023 17:33,3868
1/21/2023 17:34,3768
1/21/2023 17:34,3758
1/21/2023 17:35,4011
1/21/2023 17:35,3718
1/21/2023 17:36,3549
1/21/2023 17:36,3532
1/21/2023 17:37,3707
1/21/2023 17:37,3750
1/21/2023 17:38,3725
1/21/2023 17:38,3777
1/21/2023 17:39,3838
1/21/2023 17:39,3604
1/21/2023 17:40,3657
1/21/2023 17:40,3469
1/21/2023 17:41,4050
1/21/2023 17:41,3450
1/21/2023 17:42,3894
1/21/2023 17:42,3848
1/21/2023 17:43,3345
1/21/2023 17:43,3912
1/21/2023 17:44,3615
1/21/2023 17:44,4161
1/21/2023 17:45,3821
1/21/2023 17:45,3483
1/21/2023 17:46,3584
1/21/2023 17:46,3649
1/21/2023 17:47,3657
1/21/2023 17:47,4067
1/21/2023 17:48,3846
1/21/2023 17:48,3777
1/21/2023 17:49,3743
1/21/2023 17:49,3803
1/21/2023 17:50,3760
1/21/2023 17:50,3425
1/21/2023 17:51,4040
1/21/2023 17:51,3725
1/21/2023 17:52,3770
1/21/2023 17:53,3858
1/21/2023 17:53,3772
1/21/2023 17:54,3460
1/21/2023 17:54,3816
1/21/2023 17:55,3720
1/21/2023 17:55,3760
1/21/2023 17:56,3938
1/21/2023 17:56,3866
1/21/2023 17:57,3985
1/21/2023 17:57,3946
1/21/2023 17:58,3725
1/21/2023 17:58,3693
1/21/2023 17:59,3539
1/21/2023 17:59,3681
1/21/2023 18:00,3838
1/21/2023 18:00,3632
1/21/2023 18:01,3768
1/21/2023 18:01,3814
1/21/2023 18:02,3770
1/21/2023 18:02,3777
1/21/2023 18:03,3768
1/21/2023 18:03,3813
1/21/2023 18:04,3790
1/21/2023 18:04,3787
1/21/2023 18:05,3580
1/21/2023 18:05,3743
1/21/2023 18:06,3770
1/21/2023 18:06,3743
1/21/2023 18:07,4011
1/21/2023 18:07,3706
1/21/2023 18:08,3874
1/21/2023 18:08,4124
1/21/2023 18:09,3803
1/21/2023 18:09,3760
1/21/2023 18:10,3993
1/21/2023 18:10,3866
1/21/2023 18:11,3743
1/21/2023 18:11,3549
1/21/2023 18:12,4030
1/21/2023 18:12,3777
1/21/2023 18:13,3864
1/21/2023 18:13,3457
1/21/2023 18:14,3754
1/21/2023 18:14,3856
1/21/2023 18:15,3946
1/21/2023 18:15,3779
1/21/2023 18:16,3766
1/21/2023 18:16,3770
1/21/2023 18:17,3868
1/21/2023 18:17,3832
1/21/2023 18:18,3821
1/21/2023 18:19,3832
1/21/2023 18:19,3539
1/21/2023 18:20,3922
1/21/2023 18:20,4288
1/21/2023 18:21,3743
1/21/2023 18:21,3760
1/21/2023 18:22,3902
1/21/2023 18:22,4039
1/21/2023 18:23,3785
1/21/2023 18:23,4190
1/21/2023 18:24,3993
1/21/2023 18:24,3928
1/21/2023 18:25,3973
1/21/2023 18:25,3450
1/21/2023 18:26,4009
1/21/2023 18:26,3735
1/21/2023 18:27,3546
1/21/2023 18:27,3716
1/21/2023 18:28,4067
1/21/2023 18:28,3920
1/21/2023 18:29,3474
1/21/2023 18:29,3752
1/21/2023 18:30,3708
1/21/2023 18:30,3748
1/21/2023 18:31,3674
1/21/2023 18:31,3871
1/21/2023 18:32,3679
1/21/2023 18:32,3793
1/21/2023 18:33,3714
1/21/2023 18:33,3647
1/21/2023 18:34,3752
1/21/2023 18:34,3741
1/21/2023 18:35,3676
1/21/2023 18:35,3743
1/21/2023 18:36,3752
1/21/2023 18:36,4133
1/21/2023 18:37,3651
1/21/2023 18:37,3674
1/21/2023 18:38,3814
1/21/2023 18:38,4248
1/21/2023 18:39,3679
1/21/2023 18:39,3348
1/21/2023 18:40,3563
1/21/2023 18:40,3613
1/21/2023 18:41,3441
1/21/2023 18:41,3787
1/21/2023 18:42,3886
1/21/2023 18:42,4010
1/21/2023 18:43,3955
1/21/2023 18:43,3743
1/21/2023 18:44,4086
1/21/2023 18:44,3674
1/21/2023 18:45,3936
1/21/2023 18:46,3860
1/21/2023 18:46,3902
1/21/2023 18:47,3955
1/21/2023 18:47,4124
1/21/2023 18:48,3723
1/21/2023 18:48,3731
1/21/2023 18:49,3725
1/21/2023 18:49,3735
1/21/2023 18:50,3716
1/21/2023 18:50,3441
1/21/2023 18:51,4030
1/21/2023 18:51,3752
1/21/2023 18:52,3938
1/21/2023 18:52,3910
1/21/2023 18:53,4029
1/21/2023 18:53,3787
1/21/2023 18:54,3393
1/21/2023 18:54,3630
1/21/2023 18:55,4011
1/21/2023 18:55,3455
1/21/2023 18:56,3702
1/21/2023 18:56,3807
1/21/2023 18:57,3416
1/21/2023 18:57,3520
1/21/2023 18:58,3797
1/21/2023 18:58,3846
1/21/2023 18:59,3448
1/21/2023 18:59,3716
1/21/2023 19:00,3563
1/21/2023 19:00,3613
1/21/2023 19:01,3956
1/21/2023 19:01,3490
1/21/2023 19:02,3813
1/21/2023 19:02,3623
1/21/2023 19:03,3760
1/21/2023 19:03,3645
1/21/2023 19:04,4020
1/21/2023 19:04,3973
1/21/2023 19:05,3912
1/21/2023 19:05,3647
1/21/2023 19:06,3441
1/21/2023 19:06,3698
1/21/2023 19:07,3850
1/21/2023 19:07,3490
1/21/2023 19:08,3718
1/21/2023 19:08,3793
1/21/2023 19:09,4050
1/21/2023 19:09,3589
1/21/2023 19:10,3864
1/21/2023 19:10,4049
1/21/2023 19:11,3948
1/21/2023 19:11,3637
1/21/2023 19:12,3956
1/21/2023 19:13,3743
1/21/2023 19:13,3743
1/21/2023 19:14,3656
1/21/2023 19:14,3615
1/21/2023 19:15,3892
1/21/2023 19:15,3770
1/21/2023 19:16,3702
1/21/2023 19:16,3884
1/21/2023 19:17,3580
1/21/2023 19:17,3681
1/21/2023 19:18,3599
1/21/2023 19:18,4113
1/21/2023 19:19,3774
1/21/2023 19:19,3606
1/21/2023 19:20,3743
1/21/2023 19:20,3520
1/21/2023 19:21,3513
1/21/2023 19:21,3810
1/21/2023 19:22,3672
1/21/2023 19:22,3750
1/21/2023 19:23,3752
1/21/2023 19:23,4077
1/21/2023 19:24,3606
1/21/2023 19:24,3752
1/21/2023 19:25,3760
1/21/2023 19:25,3795
1/21/2023 19:26,3708
1/21/2023 19:26,3441
1/21/2023 19:27,3772
1/21/2023 19:27,3708
1/21/2023 19:28,3416
1/21/2023 19:28,3776
1/21/2023 19:29,3750
1/21/2023 19:29,3691
1/21/2023 19:30,3674
1/21/2023 19:30,3930
1/21/2023 19:31,3580
1/21/2023 19:31,4077
1/21/2023 19:32,3894
1/21/2023 19:32,3706
1/21/2023 19:33,3993
1/21/2023 19:33,3556
1/21/2023 19:34,3752
1/21/2023 19:34,3848
1/21/2023 19:35,3725
1/21/2023 19:35,3580
1/21/2023 19:36,3632
1/21/2023 19:36,3615
1/21/2023 19:37,3716
1/21/2023 19:37,3956
1/21/2023 19:38,4053
1/21/2023 19:38,3946
1/21/2023 19:39,3727
1/21/2023 19:40,3439
1/21/2023 19:40,3640
1/21/2023 19:41,3589
1/21/2023 19:41,4030
1/21/2023 19:42,4001
1/21/2023 19:42,3975
1/21/2023 19:43,3490
1/21/2023 19:43,3698
1/21/2023 19:44,3462
1/21/2023 19:44,3980
1/21/2023 19:45,3854
1/21/2023 19:45,3570
1/21/2023 19:46,3985
1/21/2023 19:46,3838
1/21/2023 19:47,3723
1/21/2023 19:47,3793
1/21/2023 19:48,3866
1/21/2023 19:48,3762
1/21/2023 19:49,3445
1/21/2023 19:49,4095
1/21/2023 19:50,3813
1/21/2023 19:50,4000
1/21/2023 19:51,3756
1/21/2023 19:51,3946
1/21/2023 19:52,4010
1/21/2023 19:52,4029
1/21/2023 19:53,3983
1/21/2023 19:53,3948
1/21/2023 19:54,4299
1/21/2023 19:54,4636
1/21/2023 19:55,3918
1/21/2023 19:55,4615
1/21/2023 19:56,4376
1/21/2023 19:56,4149
1/21/2023 19:57,4338
1/21/2023 19:57,4490
1/21/2023 19:58,4249
1/21/2023 19:58,4479
1/21/2023 19:59,4798
1/21/2023 19:59,4376
1/21/2023 20:00,4977
1/21/2023 20:00,4328
1/21/2023 20:01,4469
1/21/2023 20:01,4732
1/21/2023 20:02,4552
1/21/2023 20:02,4531
1/21/2023 20:03,4700
1/21/2023 20:03,5357
1/21/2023 20:04,5034
1/21/2023 20:04,4604
1/21/2023 20:05,4563
1/21/2023 20:06,4700
1/21/2023 20:06,4269
1/21/2023 20:07,4798
1/21/2023 20:07,4408
1/21/2023 20:08,4700
1/21/2023 20:08,4775
1/21/2023 20:09,4668
1/21/2023 20:09,5012
1/21/2023 20:10,4625
1/21/2023 20:10,5162
1/21/2023 20:11,4594
1/21/2023 20:11,4398
1/21/2023 20:12,4965
1/21/2023 20:12,4378
1/21/2023 20:13,5433
1/21/2023 20:13,4776
1/21/2023 20:14,4722
1/21/2023 20:14,5151
1/21/2023 20:15,4572
1/21/2023 20:15,4647
1/21/2023 20:16,4625
1/21/2023 20:16,4521
1/21/2023 20:17,4459
1/21/2023 20:17,4460
1/21/2023 20:18,4765
1/21/2023 20:18,4954
1/21/2023 20:19,4459
1/21/2023 20:19,4521
1/21/2023 20:20,4604
1/21/2023 20:20,4711
1/21/2023 20:21,4977
1/21/2023 20:21,4976
1/21/2023 20:22,4689
1/21/2023 20:22,4358
1/21/2023 20:23,4573
1/21/2023 20:23,4636
1/21/2023 20:24,5034
1/21/2023 20:24,4989
1/21/2023 20:25,5023
1/21/2023 20:25,4711
1/21/2023 20:26,5237
1/21/2023 20:26,4358
1/21/2023 20:27,4459
1/21/2023 20:27,4647
1/21/2023 20:28,4562
1/21/2023 20:28,4573
1/21/2023 20:29,4965
1/21/2023 20:29,4470
1/21/2023 20:30,4182
1/21/2023 20:30,4398
1/21/2023 20:31,4459
1/21/2023 20:31,4625
1/21/2023 20:32,5104
1/21/2023 20:33,4809
1/21/2023 20:33,4480
1/21/2023 20:34,4787
1/21/2023 20:34,4500
1/21/2023 20:35,4754
1/21/2023 20:35,5046
1/21/2023 20:36,4459
1/21/2023 20:36,4459
1/21/2023 20:37,4202
1/21/2023 20:37,4480
1/21/2023 20:38,4510
1/21/2023 20:38,4441
1/21/2023 20:39,4615
1/21/2023 20:39,4668
1/21/2023 20:40,4388
1/21/2023 20:40,4408
1/21/2023 20:41,4820
1/21/2023 20:41,4862
1/21/2023 20:42,4864
1/21/2023 20:42,4191
1/21/2023 20:43,4480
1/21/2023 20:43,4298
1/21/2023 20:44,4798
1/21/2023 20:44,4700
1/21/2023 20:45,4163
1/21/2023 20:45,4573
1/21/2023 20:46,4459
1/21/2023 20:46,4500
1/21/2023 20:47,4269
1/21/2023 20:47,4348
1/21/2023 20:48,4809
1/21/2023 20:48,5106
1/21/2023 20:49,4583
1/21/2023 20:49,4732
1/21/2023 20:50,4191
1/21/2023 20:50,4657
1/21/2023 20:51,4943
1/21/2023 20:51,4711
1/21/2023 20:52,4480
1/21/2023 20:52,4500
1/21/2023 20:53,4943
1/21/2023 20:53,4920
1/21/2023 20:54,4221
1/21/2023 20:54,4541
1/21/2023 20:55,4278
1/21/2023 20:55,4988
1/21/2023 20:56,4615
1/21/2023 20:56,4886
1/21/2023 20:57,4552
1/21/2023 20:57,4260
1/21/2023 20:58,4765
1/21/2023 20:58,4059
1/21/2023 20:59,4876
1/21/2023 21:00,4273
1/21/2023 21:00,4358
1/21/2023 21:01,4932
1/21/2023 21:01,4439
1/21/2023 21:02,4625
1/21/2023 21:02,4625
1/21/2023 21:03,4241
1/21/2023 21:03,4191
1/21/2023 21:04,4330
1/21/2023 21:04,4163
1/21/2023 21:05,4298
1/21/2023 21:05,4260
1/21/2023 21:06,4388
1/21/2023 21:06,4004
1/21/2023 21:07,4318
1/21/2023 21:07,4182
1/21/2023 21:08,4408
1/21/2023 21:08,4300
1/21/2023 21:09,4240
1/21/2023 21:09,4459
1/21/2023 21:10,4378
1/21/2023 21:10,4479
1/21/2023 21:11,4449
1/21/2023 21:11,4202
1/21/2023 21:12,4636
1/21/2023 21:12,4368
1/21/2023 21:13,4220
1/21/2023 21:13,4077
1/21/2023 21:14,4388
1/21/2023 21:14,4842
1/21/2023 21:15,4689
1/21/2023 21:15,4886
1/21/2023 21:16,4387
1/21/2023 21:16,4419
1/21/2023 21:17,4711
1/21/2023 21:17,4190
1/21/2023 21:18,4200
1/21/2023 21:18,4584
1/21/2023 21:19,4269
1/21/2023 21:19,4338
1/21/2023 21:20,4308
1/21/2023 21:20,4059
1/21/2023 21:21,4067
1/21/2023 21:21,4279
1/21/2023 21:22,4269
1/21/2023 21:22,4319
1/21/2023 21:23,4469
1/21/2023 21:23,4308
1/21/2023 21:24,4153
1/21/2023 21:24,4583
1/21/2023 21:25,4711
1/21/2023 21:25,4562
1/21/2023 21:26,4531
1/21/2023 21:27,4388
1/21/2023 21:27,4604
1/21/2023 21:28,4106
1/21/2023 21:28,4220
1/21/2023 21:29,4977
1/21/2023 21:29,4798
1/21/2023 21:30,4250
1/21/2023 21:30,4625
1/21/2023 21:31,4368
1/21/2023 21:31,4249
1/21/2023 21:32,4153
1/21/2023 21:32,4809
1/21/2023 21:33,4398
1/21/2023 21:33,4211
1/21/2023 21:34,4250
1/21/2023 21:34,4116
1/21/2023 21:35,4625
1/21/2023 21:35,4615
1/21/2023 21:36,4418
1/21/2023 21:36,4479
1/21/2023 21:37,4743
1/21/2023 21:37,4409
1/21/2023 21:38,4831
1/21/2023 21:38,4743
1/21/2023 21:39,4490
1/21/2023 21:39,4542
1/21/2023 21:40,4459
1/21/2023 21:40,4678
1/21/2023 21:41,4711
1/21/2023 21:41,4409
1/21/2023 21:42,4520
1/21/2023 21:42,4307
1/21/2023 21:43,4369
1/21/2023 21:43,4625
1/21/2023 21:44,4469
1/21/2023 21:44,4864
1/21/2023 21:45,4572
1/21/2023 21:45,4876
1/21/2023 21:46,4920
1/21/2023 21:46,4259
1/21/2023 21:47,4408
1/21/2023 21:47,4700
1/21/2023 21:48,4521
1/21/2023 21:48,4732
1/21/2023 21:49,4115
1/21/2023 21:49,4470
1/21/2023 21:50,4388
1/21/2023 21:50,4438
1/21/2023 21:51,4500
1/21/2023 21:51,4711
1/21/2023 21:52,4853
1/21/2023 21:53,4449
1/21/2023 21:53,4657
1/21/2023 21:54,4765
1/21/2023 21:54,4520
1/21/2023 21:55,4831
1/21/2023 21:55,5023
1/21/2023 21:56,4679
1/21/2023 21:56,5093
1/21/2023 21:57,4249
1/21/2023 21:57,4678
1/21/2023 21:58,4419
1/21/2023 21:58,4388
1/21/2023 21:59,4469
1/21/2023 21:59,4428
1/21/2023 22:00,4668
1/21/2023 22:00,4679
1/21/2023 22:01,4349
1/21/2023 22:01,4521
1/21/2023 22:02,4470
1/21/2023 22:02,4479
1/21/2023 22:03,4820
1/21/2023 22:03,4531
1/21/2023 22:04,4820
1/21/2023 22:04,4625
1/21/2023 22:05,4887
1/21/2023 22:05,4500
1/21/2023 22:06,4398
1/21/2023 22:06,4459
1/21/2023 22:07,4389
1/21/2023 22:07,4379
1/21/2023 22:08,4439
1/21/2023 22:08,4722
1/21/2023 22:09,4558
1/21/2023 22:09,4469
1/21/2023 22:10,5058
1/21/2023 22:10,4500
1/21/2023 22:11,4541
1/21/2023 22:11,4572
1/21/2023 22:12,4500
1/21/2023 22:12,4490
1/21/2023 22:13,4853
1/21/2023 22:13,4625
1/21/2023 22:14,4700
1/21/2023 22:14,4864
1/21/2023 22:15,4636
1/21/2023 22:15,4541
1/21/2023 22:16,4449
1/21/2023 22:16,4562
1/21/2023 22:17,4249
1/21/2023 22:17,4200
1/21/2023 22:18,4820
1/21/2023 22:18,4521
1/21/2023 22:19,4820
1/21/2023 22:20,4562
1/21/2023 22:20,4490
1/21/2023 22:21,5093
1/21/2023 22:21,4920
1/21/2023 22:22,4490
1/21/2023 22:22,4842
1/21/2023 22:23,4299
1/21/2023 22:23,4732
1/21/2023 22:24,4259
1/21/2023 22:24,4689
1/21/2023 22:25,4787
1/21/2023 22:25,4531
1/21/2023 22:26,4920
1/21/2023 22:26,4428
1/21/2023 22:27,5129
1/21/2023 22:27,4573
1/21/2023 22:28,4459
1/21/2023 22:28,4999
1/21/2023 22:29,4449
1/21/2023 22:29,4798
1/21/2023 22:30,4438
1/21/2023 22:30,4722
1/21/2023 22:31,4842
1/21/2023 22:31,4954
1/21/2023 22:32,4490
1/21/2023 22:32,4531
1/21/2023 22:33,4162
1/21/2023 22:33,4820
1/21/2023 22:34,4573
1/21/2023 22:34,4583
1/21/2023 22:35,4438
1/21/2023 22:35,4966
1/21/2023 22:36,5106
1/21/2023 22:36,4809
1/21/2023 22:37,4459
1/21/2023 22:37,4378
1/21/2023 22:38,4489
1/21/2023 22:38,4368
1/21/2023 22:39,4531
1/21/2023 22:39,4932
1/21/2023 22:40,4864
1/21/2023 22:40,4700
1/21/2023 22:41,4408
1/21/2023 22:41,4820
1/21/2023 22:42,4510
1/21/2023 22:42,4531
1/21/2023 22:43,4887
1/21/2023 22:43,4479
1/21/2023 22:44,4689
1/21/2023 22:44,4966
1/21/2023 22:45,4552
1/21/2023 22:45,4854
1/21/2023 22:46,4449
1/21/2023 22:47,4500
1/21/2023 22:47,4510
1/21/2023 22:48,4636
1/21/2023 22:48,4541
1/21/2023 22:49,4500
1/21/2023 22:49,4449
1/21/2023 22:50,4626
1/21/2023 22:50,4798
1/21/2023 22:51,4668
1/21/2023 22:51,4604
1/21/2023 22:52,4469
1/21/2023 22:52,4820
1/21/2023 22:53,4657
1/21/2023 22:53,4388
1/21/2023 22:54,4700
1/21/2023 22:54,4348
1/21/2023 22:55,4909
1/21/2023 22:55,4419
1/21/2023 22:56,4459
1/21/2023 22:56,4604
1/21/2023 22:57,4722
1/21/2023 22:57,5176
1/21/2023 22:58,4459
1/21/2023 22:58,4428
1/21/2023 22:59,4700
1/21/2023 22:59,4430
1/21/2023 23:00,4489
1/21/2023 23:00,4448
1/21/2023 23:01,4668
1/21/2023 23:01,4418
1/21/2023 23:02,4210
1/21/2023 23:02,4864
1/21/2023 23:03,4820
1/21/2023 23:03,4657
1/21/2023 23:04,4378
1/21/2023 23:04,4787
1/21/2023 23:05,4678
1/21/2023 23:05,4636
1/21/2023 23:06,4583
1/21/2023 23:06,4531
1/21/2023 23:07,4239
1/21/2023 23:07,4299
1/21/2023 23:08,4743
1/21/2023 23:08,4398
1/21/2023 23:09,4831
1/21/2023 23:09,4594
1/21/2023 23:10,4377
1/21/2023 23:10,4327
1/21/2023 23:11,4449
1/21/2023 23:11,4743
1/21/2023 23:12,4798
1/21/2023 23:12,4220
1/21/2023 23:13,4898
1/21/2023 23:14,4368
1/21/2023 23:14,4754
1/21/2023 23:15,4318
1/21/2023 23:15,4787
1/21/2023 23:16,4449
1/21/2023 23:16,4593
1/21/2023 23:17,4358
1/21/2023 23:17,4480
1/21/2023 23:18,4743
1/21/2023 23:18,4347
1/21/2023 23:19,4765
1/21/2023 23:19,4358
1/21/2023 23:20,4551
1/21/2023 23:20,4358
1/21/2023 23:21,4646
1/21/2023 23:21,4429
1/21/2023 23:22,4579
1/21/2023 23:22,4449
1/21/2023 23:23,4398
1/21/2023 23:23,4142
1/21/2023 23:24,4378
1/21/2023 23:24,4887
1/21/2023 23:25,4865
1/21/2023 23:25,4615
1/21/2023 23:26,4298
1/21/2023 23:26,4163
1/21/2023 23:27,4268
1/21/2023 23:27,4732
1/21/2023 23:28,4944
1/21/2023 23:28,4348
1/21/2023 23:29,4408
1/21/2023 23:29,4865
1/21/2023 23:30,4711
1/21/2023 23:30,4398
1/21/2023 23:31,4865
1/21/2023 23:31,4776
1/21/2023 23:32,4842
1/21/2023 23:32,4388
1/21/2023 23:33,4408
1/21/2023 23:33,4551
1/21/2023 23:34,4240
1/21/2023 23:34,4646
1/21/2023 23:35,4318
1/21/2023 23:35,4172
1/21/2023 23:36,4387
1/21/2023 23:36,4378
1/21/2023 23:37,4520
1/21/2023 23:37,4551
1/21/2023 23:38,4086
1/21/2023 23:38,4732
1/21/2023 23:39,4408
1/21/2023 23:40,4711
1/21/2023 23:40,4604
1/21/2023 23:41,4842
1/21/2023 23:41,4809
1/21/2023 23:42,4520
1/21/2023 23:42,4319
1/21/2023 23:43,4437
1/21/2023 23:43,4541
1/21/2023 23:44,4551
1/21/2023 23:44,4809
1/21/2023 23:45,4428
1/21/2023 23:45,4668
1/21/2023 23:46,4510
1/21/2023 23:46,4319
1/21/2023 23:47,4398
1/21/2023 23:47,4459
1/21/2023 23:48,4679
1/21/2023 23:48,4776
1/21/2023 23:49,4897
1/21/2023 23:49,4898
1/21/2023 23:50,4593
1/21/2023 23:50,4754
1/21/2023 23:51,4853
1/21/2023 23:51,4604
1/21/2023 23:52,4419
1/21/2023 23:52,4212
1/21/2023 23:53,4073
1/21/2023 23:53,4943
1/21/2023 23:54,4809
1/21/2023 23:54,5128
1/21/2023 23:55,4657
1/21/2023 23:55,4428
1/21/2023 23:56,4417
1/21/2023 23:56,4657
1/21/2023 23:57,4898
1/21/2023 23:57,5001
1/21/2023 23:58,4635
1/21/2023 23:58,4572
1/21/2023 23:59,4955
1/21/2023 23:59,4842
1/22/2023 0:00,4594
1/22/2023 0:00,4358
1/22/2023 0:01,5023
1/22/2023 0:01,4328
1/22/2023 0:02,4943
1/22/2023 0:02,4338
1/22/2023 0:03,4367
1/22/2023 0:03,4853
1/22/2023 0:04,4458
1/22/2023 0:04,5272
1/22/2023 0:05,4438
1/22/2023 0:05,4776
1/22/2023 0:06,4398
1/22/2023 0:07,4798
1/22/2023 0:07,4378
1/22/2023 0:08,4776
1/22/2023 0:08,4439
1/22/2023 0:09,4700
1/22/2023 0:09,4809
1/22/2023 0:10,4408
1/22/2023 0:10,4368
1/22/2023 0:11,4476
1/22/2023 0:11,4378
1/22/2023 0:12,4327
1/22/2023 0:12,4417
1/22/2023 0:13,4887
1/22/2023 0:13,4448
1/22/2023 0:14,4459
1/22/2023 0:14,4541
1/22/2023 0:15,4448
1/22/2023 0:15,4809
1/22/2023 0:16,4531
1/22/2023 0:16,4358
1/22/2023 0:17,4328
1/22/2023 0:17,4059
1/22/2023 0:18,4776
1/22/2023 0:18,4787
1/22/2023 0:19,4593
1/22/2023 0:19,4932
1/22/2023 0:20,4287
1/22/2023 0:20,4308
1/22/2023 0:21,4199
1/22/2023 0:21,4327
1/22/2023 0:22,4831
1/22/2023 0:22,4327
1/22/2023 0:23,4562
1/22/2023 0:23,4583
1/22/2023 0:24,4229
1/22/2023 0:24,4541
1/22/2023 0:25,5081
1/22/2023 0:25,4397
1/22/2023 0:26,4657
1/22/2023 0:26,4459
1/22/2023 0:27,4625
1/22/2023 0:27,4288
1/22/2023 0:28,4657
1/22/2023 0:28,5058
1/22/2023 0:29,4479
1/22/2023 0:29,4776
1/22/2023 0:30,4711
1/22/2023 0:30,4066
1/22/2023 0:31,4418
1/22/2023 0:31,4910
1/22/2023 0:32,4700
1/22/2023 0:32,4932
1/22/2023 0:33,4248
1/22/2023 0:34,4479
1/22/2023 0:34,4593
1/22/2023 0:35,4615
1/22/2023 0:35,4604
1/22/2023 0:36,4387
1/22/2023 0:36,4614
1/22/2023 0:37,4583
1/22/2023 0:37,4809
1/22/2023 0:38,4510
1/22/2023 0:38,4387
1/22/2023 0:39,4583
1/22/2023 0:39,4259
1/22/2023 0:40,4427
1/22/2023 0:40,4876
1/22/2023 0:41,4920
1/22/2023 0:41,4438
1/22/2023 0:42,5059
1/22/2023 0:42,4520
1/22/2023 0:43,4337
1/22/2023 0:43,4898
1/22/2023 0:44,4657
1/22/2023 0:44,4469
1/22/2023 0:45,4955
1/22/2023 0:45,5001
1/22/2023 0:46,4397
1/22/2023 0:46,4479
1/22/2023 0:47,4989
1/22/2023 0:47,4689
1/22/2023 0:48,4551
1/22/2023 0:48,4943
1/22/2023 0:49,4489
1/22/2023 0:49,4387
1/22/2023 0:50,4172
1/22/2023 0:50,5059
1/22/2023 0:51,4520
1/22/2023 0:51,4551
1/22/2023 0:52,5070
1/22/2023 0:52,4459
1/22/2023 0:53,4943
1/22/2023 0:53,4531
1/22/2023 0:54,4080
1/22/2023 0:54,4489
1/22/2023 0:55,4541
1/22/2023 0:55,4428
1/22/2023 0:56,4593
1/22/2023 0:56,5046
1/22/2023 0:57,4700
1/22/2023 0:57,4636
1/22/2023 0:58,4317
1/22/2023 0:58,4453
1/22/2023 0:59,4479
1/22/2023 0:59,4448
1/22/2023 1:00,4583
1/22/2023 1:01,4509
1/22/2023 1:01,4307
1/22/2023 1:02,4397
1/22/2023 1:02,4551
1/22/2023 1:03,4625
1/22/2023 1:03,4408
1/22/2023 1:04,4468
1/22/2023 1:04,4531
1/22/2023 1:05,4418
1/22/2023 1:05,4551
1/22/2023 1:06,4479
1/22/2023 1:06,4317
1/22/2023 1:07,4615
1/22/2023 1:07,5094
1/22/2023 1:08,4317
1/22/2023 1:08,4368
1/22/2023 1:09,5116
1/22/2023 1:09,4854
1/22/2023 1:10,4438
1/22/2023 1:10,4417
1/22/2023 1:11,4408
1/22/2023 1:11,4551
1/22/2023 1:12,4397
1/22/2023 1:12,5127
1/22/2023 1:13,4562
1/22/2023 1:13,4337
1/22/2023 1:14,4924
1/22/2023 1:14,4831
1/22/2023 1:15,4377
1/22/2023 1:15,4944
1/22/2023 1:16,4427
1/22/2023 1:16,4853
1/22/2023 1:17,4668
1/22/2023 1:17,5024
1/22/2023 1:18,4689
1/22/2023 1:18,4593
1/22/2023 1:19,4489
1/22/2023 1:19,4899
1/22/2023 1:20,5129
1/22/2023 1:20,4337
1/22/2023 1:21,4531
1/22/2023 1:21,4636
1/22/2023 1:22,4398
1/22/2023 1:22,4357
1/22/2023 1:23,4572
1/22/2023 1:23,4438
1/22/2023 1:24,4657
1/22/2023 1:24,4520
1/22/2023 1:25,4499
1/22/2023 1:25,4636
1/22/2023 1:26,4479
1/22/2023 1:26,5071
1/22/2023 1:27,4593
1/22/2023 1:28,4458
1/22/2023 1:28,4520
1/22/2023 1:29,4450
1/22/2023 1:29,4625
1/22/2023 1:30,4357
1/22/2023 1:30,4170
1/22/2023 1:31,4955
1/22/2023 1:31,4478
1/22/2023 1:32,4625
1/22/2023 1:32,4754
1/22/2023 1:33,4520
1/22/2023 1:33,4277
1/22/2023 1:34,4458
1/22/2023 1:34,5001
1/22/2023 1:35,4219
1/22/2023 1:35,4499
1/22/2023 1:36,4439
1/22/2023 1:36,4776
1/22/2023 1:37,4625
1/22/2023 1:37,4551
1/22/2023 1:38,4888
1/22/2023 1:38,4377
1/22/2023 1:39,4104
1/22/2023 1:39,4572
1/22/2023 1:40,4489
1/22/2023 1:40,4267
1/22/2023 1:41,4530
1/22/2023 1:41,4277
1/22/2023 1:42,4689
1/22/2023 1:42,4722
1/22/2023 1:43,4199
1/22/2023 1:43,5048
1/22/2023 1:44,4499
1/22/2023 1:44,4368
1/22/2023 1:45,4356
1/22/2023 1:45,4583
1/22/2023 1:46,4583
1/22/2023 1:46,4367
1/22/2023 1:47,4700
1/22/2023 1:47,4561
1/22/2023 1:48,4910
1/22/2023 1:48,4865
1/22/2023 1:49,4881
1/22/2023 1:49,4700
1/22/2023 1:50,4316
1/22/2023 1:50,4501
1/22/2023 1:51,4636
1/22/2023 1:51,4809
1/22/2023 1:52,4427
1/22/2023 1:52,5062
1/22/2023 1:53,5013
1/22/2023 1:53,4346
1/22/2023 1:54,4082
1/22/2023 1:55,4268
1/22/2023 1:55,4468
1/22/2023 1:56,4541
1/22/2023 1:56,4754
1/22/2023 1:57,4427
1/22/2023 1:57,4978
1/22/2023 1:58,4933
1/22/2023 1:58,4427
1/22/2023 1:59,4296
1/22/2023 1:59,4978
1/22/2023 2:00,4367
1/22/2023 2:00,4297
1/22/2023 2:01,4288
1/22/2023 2:01,4520
1/22/2023 2:02,4646
1/22/2023 2:02,4910
1/22/2023 2:03,5117
1/22/2023 2:03,4337
1/22/2023 2:04,4722
1/22/2023 2:04,4418
1/22/2023 2:05,4408
1/22/2023 2:05,4604
1/22/2023 2:06,4307
1/22/2023 2:06,4489
1/22/2023 2:07,4604
1/22/2023 2:07,4376
1/22/2023 2:08,4376
1/22/2023 2:08,4347
1/22/2023 2:09,4625
1/22/2023 2:09,4593
1/22/2023 2:10,4722
1/22/2023 2:10,4625
1/22/2023 2:11,4843
1/22/2023 2:11,4614
1/22/2023 2:12,4614
1/22/2023 2:12,4636
1/22/2023 2:13,4562
1/22/2023 2:13,4447
1/22/2023 2:14,4543
1/22/2023 2:14,4700
1/22/2023 2:15,4267
1/22/2023 2:15,4510
1/22/2023 2:16,4754
1/22/2023 2:16,4744
1/22/2023 2:17,4743
1/22/2023 2:17,4865
1/22/2023 2:18,4276
1/22/2023 2:18,4438
1/22/2023 2:19,4479
1/22/2023 2:19,4307
1/22/2023 2:20,4121
1/22/2023 2:21,4657
1/22/2023 2:21,4219
1/22/2023 2:22,4317
1/22/2023 2:22,4417
1/22/2023 2:23,4754
1/22/2023 2:23,4094
1/22/2023 2:24,4489
1/22/2023 2:24,3982
1/22/2023 2:25,4625
1/22/2023 2:25,4499
1/22/2023 2:26,4820
1/22/2023 2:26,4562
1/22/2023 2:27,4978
1/22/2023 2:27,4615
1/22/2023 2:28,4358
1/22/2023 2:28,4189
1/22/2023 2:29,4133
1/22/2023 2:29,4276
1/22/2023 2:30,4657
1/22/2023 2:30,4820
1/22/2023 2:31,4346
1/22/2023 2:31,4357
1/22/2023 2:32,4448
1/22/2023 2:32,4711
1/22/2023 2:33,4396
1/22/2023 2:33,4437
1/22/2023 2:34,4583
1/22/2023 2:34,4267
1/22/2023 2:35,4510
1/22/2023 2:35,4551
1/22/2023 2:36,4346
1/22/2023 2:36,4377
1/22/2023 2:37,4711
1/22/2023 2:37,4199
1/22/2023 2:38,4258
1/22/2023 2:38,4593
1/22/2023 2:39,4258
1/22/2023 2:39,4700
1/22/2023 2:40,4438
1/22/2023 2:40,4010
1/22/2023 2:41,4499
1/22/2023 2:41,4338
1/22/2023 2:42,4551
1/22/2023 2:42,4258
1/22/2023 2:43,4407
1/22/2023 2:43,4843
1/22/2023 2:44,4458
1/22/2023 2:44,4417
1/22/2023 2:45,4604
1/22/2023 2:45,4308
1/22/2023 2:46,4722
1/22/2023 2:46,4279
1/22/2023 2:47,4396
1/22/2023 2:48,4307
1/22/2023 2:48,4277
1/22/2023 2:49,4700
1/22/2023 2:49,4604
1/22/2023 2:50,4921
1/22/2023 2:50,4448
1/22/2023 2:51,4689
1/22/2023 2:51,4743
1/22/2023 2:52,4229
1/22/2023 2:52,4478
1/22/2023 2:53,4489
1/22/2023 2:53,4469
1/22/2023 2:54,4352
1/22/2023 2:54,4408
1/22/2023 2:55,4990
1/22/2023 2:55,4458
1/22/2023 2:56,5001
1/22/2023 2:56,4821
1/22/2023 2:57,4447
1/22/2023 2:57,4468
1/22/2023 2:58,4238
1/22/2023 2:58,4489
1/22/2023 2:59,4933
1/22/2023 2:59,4189
1/22/2023 3:00,4229
1/22/2023 3:00,4978
1/22/2023 3:01,4318
1/22/2023 3:01,4453
1/22/2023 3:02,4635
1/22/2023 3:02,4966
1/22/2023 3:03,4668
1/22/2023 3:03,4765
1/22/2023 3:04,4337
1/22/2023 3:04,4448
1/22/2023 3:05,4722
1/22/2023 3:05,4956
1/22/2023 3:06,4755
1/22/2023 3:06,4387
1/22/2023 3:07,4854
1/22/2023 3:07,4326
1/22/2023 3:08,5013
1/22/2023 3:08,4047
1/22/2023 3:09,4809
1/22/2023 3:09,4489
1/22/2023 3:10,4722
1/22/2023 3:10,4453
1/22/2023 3:11,4317
1/22/2023 3:11,4367
1/22/2023 3:12,4765
1/22/2023 3:12,4219
1/22/2023 3:13,4429
1/22/2023 3:13,4337
1/22/2023 3:14,4583
1/22/2023 3:15,4810
1/22/2023 3:15,4408
1/22/2023 3:16,4469
1/22/2023 3:16,4541
1/22/2023 3:17,4277
1/22/2023 3:17,4489
1/22/2023 3:18,4888
1/22/2023 3:18,4614
1/22/2023 3:19,4540
1/22/2023 3:19,4583
1/22/2023 3:20,4520
1/22/2023 3:20,4406
1/22/2023 3:21,4854
1/22/2023 3:21,4877
1/22/2023 3:22,4489
1/22/2023 3:22,4657
1/22/2023 3:23,4509
1/22/2023 3:23,4479
1/22/2023 3:24,4486
1/22/2023 3:24,4593
1/22/2023 3:25,4479
1/22/2023 3:25,4668
1/22/2023 3:26,4766
1/22/2023 3:26,4352
1/22/2023 3:27,4646
1/22/2023 3:27,4509
1/22/2023 3:28,4657
1/22/2023 3:28,4428
1/22/2023 3:29,4678
1/22/2023 3:29,4417
1/22/2023 3:30,4809
1/22/2023 3:30,4102
1/22/2023 3:31,4499
1/22/2023 3:31,4387
1/22/2023 3:32,4439
1/22/2023 3:32,4438
1/22/2023 3:33,4427
1/22/2023 3:33,4488
1/22/2023 3:34,4530
1/22/2023 3:34,4530
1/22/2023 3:35,4572
1/22/2023 3:35,4417
1/22/2023 3:36,4437
1/22/2023 3:36,4268
1/22/2023 3:37,4407
1/22/2023 3:37,4551
1/22/2023 3:38,4787
1/22/2023 3:38,4967
1/22/2023 3:39,4865
1/22/2023 3:39,5013
1/22/2023 3:40,4799
1/22/2023 3:40,4843
1/22/2023 3:41,4798
1/22/2023 3:42,4530
1/22/2023 3:42,4386
1/22/2023 3:43,4417
1/22/2023 3:43,4541
1/22/2023 3:44,4978
1/22/2023 3:44,4121
1/22/2023 3:45,4733
1/22/2023 3:45,4700
1/22/2023 3:46,5106
1/22/2023 3:46,4226
1/22/2023 3:47,4636
1/22/2023 3:47,4604
1/22/2023 3:48,4179
1/22/2023 3:48,4700
1/22/2023 3:49,4247
1/22/2023 3:49,4733
1/22/2023 3:50,4447
1/22/2023 3:50,4921
1/22/2023 3:51,4307
1/22/2023 3:51,4437
1/22/2023 3:52,4458
1/22/2023 3:52,4572
1/22/2023 3:53,4625
1/22/2023 3:53,5048
1/22/2023 3:54,4387
1/22/2023 3:54,4437
1/22/2023 3:55,4583
1/22/2023 3:55,4625
1/22/2023 3:56,4910
1/22/2023 3:56,4179
1/22/2023 3:57,5025
1/22/2023 3:57,4396
1/22/2023 3:58,4733
1/22/2023 3:58,4520
1/22/2023 3:59,4821
1/22/2023 3:59,4468
1/22/2023 4:00,4843
1/22/2023 4:00,4367
1/22/2023 4:01,4520
1/22/2023 4:01,4668
1/22/2023 4:02,4809
1/22/2023 4:02,4854
1/22/2023 4:03,4711
1/22/2023 4:03,4486
1/22/2023 4:04,4161
1/22/2023 4:04,4888
1/22/2023 4:05,4689
1/22/2023 4:05,4711
1/22/2023 4:06,4468
1/22/2023 4:06,4831
1/22/2023 4:07,4317
1/22/2023 4:07,4722
1/22/2023 4:08,4407
1/22/2023 4:09,4646
1/22/2023 4:09,4922
1/22/2023 4:10,4337
1/22/2023 4:10,4208
1/22/2023 4:11,4346
1/22/2023 4:11,4821
1/22/2023 4:12,4935
1/22/2023 4:12,5037
1/22/2023 4:13,4854
1/22/2023 4:13,4625
1/22/2023 4:14,4604
1/22/2023 4:14,4561
1/22/2023 4:15,4530
1/22/2023 4:15,4604
1/22/2023 4:16,4417
1/22/2023 4:16,4453
1/22/2023 4:17,4700
1/22/2023 4:17,4346
1/22/2023 4:18,4438
1/22/2023 4:18,4437
1/22/2023 4:19,4722
1/22/2023 4:19,4438
1/22/2023 4:20,4257
1/22/2023 4:20,4397
1/22/2023 4:21,4799
1/22/2023 4:21,4636
1/22/2023 4:22,4678
1/22/2023 4:22,5025
1/22/2023 4:23,4520
1/22/2023 4:23,4458
1/22/2023 4:24,4733
1/22/2023 4:24,4509
1/22/2023 4:25,4448
1/22/2023 4:25,4755
1/22/2023 4:26,4509
1/22/2023 4:26,4776
1/22/2023 4:27,4754
1/22/2023 4:27,4711
1/22/2023 4:28,4417
1/22/2023 4:28,4899
1/22/2023 4:29,4417
1/22/2023 4:29,4787
1/22/2023 4:30,4776
1/22/2023 4:30,4377
1/22/2023 4:31,4387
1/22/2023 4:31,4625
1/22/2023 4:32,4520
1/22/2023 4:32,4520
1/22/2023 4:33,4417
1/22/2023 4:33,4530
1/22/2023 4:34,5129
1/22/2023 4:34,4978
1/22/2023 4:35,4967
1/22/2023 4:36,4326
1/22/2023 4:36,4437
1/22/2023 4:37,4113
1/22/2023 4:37,4722
1/22/2023 4:38,4499
1/22/2023 4:38,4478
1/22/2023 4:39,4657
1/22/2023 4:39,4102
1/22/2023 4:40,4499
1/22/2023 4:40,4711
1/22/2023 4:41,4367
1/22/2023 4:41,4468
1/22/2023 4:42,4593
1/22/2023 4:42,4636
1/22/2023 4:43,4468
1/22/2023 4:43,4636
1/22/2023 4:44,4877
1/22/2023 4:44,4636
1/22/2023 4:45,4765
1/22/2023 4:45,4700
1/22/2023 4:46,4531
1/22/2023 4:46,4646
1/22/2023 4:47,4593
1/22/2023 4:47,4572
1/22/2023 4:48,4437
1/22/2023 4:48,4367
1/22/2023 4:49,4540
1/22/2023 4:49,4438
1/22/2023 4:50,4820
1/22/2023 4:50,4256
1/22/2023 4:51,4396
1/22/2023 4:51,4419
1/22/2023 4:52,4541
1/22/2023 4:52,4530
1/22/2023 4:53,4582
1/22/2023 4:53,4367
1/22/2023 4:54,4396
1/22/2023 4:54,4338
1/22/2023 4:55,4743
1/22/2023 4:55,4787
1/22/2023 4:56,4387
1/22/2023 4:56,4979
1/22/2023 4:57,4593
1/22/2023 4:57,4276
1/22/2023 4:58,4458
1/22/2023 4:58,4646
1/22/2023 4:59,4288
1/22/2023 4:59,4427
1/22/2023 5:00,4538
1/22/2023 5:00,4668
1/22/2023 5:01,4787
1/22/2023 5:01,4407
1/22/2023 5:02,4104
1/22/2023 5:03,4408
1/22/2023 5:03,4367
1/22/2023 5:04,4326
1/22/2023 5:04,4427
1/22/2023 5:05,4530
1/22/2023 5:05,4910
1/22/2023 5:06,4427
1/22/2023 5:06,4765
1/22/2023 5:07,4376
1/22/2023 5:07,4499
1/22/2023 5:08,4207
1/22/2023 5:08,4488
1/22/2023 5:09,4520
1/22/2023 5:09,4276
1/22/2023 5:10,4479
1/22/2023 5:10,4376
1/22/2023 5:11,4407
1/22/2023 5:11,4296
1/22/2023 5:12,4689
1/22/2023 5:12,4407
1/22/2023 5:13,4121
1/22/2023 5:13,4765
1/22/2023 5:14,4346
1/22/2023 5:14,4267
1/22/2023 5:15,4357
1/22/2023 5:15,4448
1/22/2023 5:16,4832
1/22/2023 5:16,4561
1/22/2023 5:17,4700
1/22/2023 5:17,4228
1/22/2023 5:18,4646
1/22/2023 5:18,4357
1/22/2023 5:19,4743
1/22/2023 5:19,4489
1/22/2023 5:20,4678
1/22/2023 5:20,4614
1/22/2023 5:21,4316
1/22/2023 5:21,4297
1/22/2023 5:22,4229
1/22/2023 5:22,4711
1/22/2023 5:23,4326
1/22/2023 5:23,4326
1/22/2023 5:24,4376
1/22/2023 5:24,4678
1/22/2023 5:25,4561
1/22/2023 5:25,4809
1/22/2023 5:26,4499
1/22/2023 5:26,4092
1/22/2023 5:27,4397
1/22/2023 5:27,4614
1/22/2023 5:28,4236
1/22/2023 5:28,4604
1/22/2023 5:29,4326
1/22/2023 5:30,4563
1/22/2023 5:30,4478
1/22/2023 5:31,4427
1/22/2023 5:31,4562
1/22/2023 5:32,4316
1/22/2023 5:32,4865
1/22/2023 5:33,4248
1/22/2023 5:33,4711
1/22/2023 5:34,4583
1/22/2023 5:34,4336
1/22/2023 5:35,4387
1/22/2023 5:35,4367
1/22/2023 5:36,4208
1/22/2023 5:36,4604
1/22/2023 5:37,4744
1/22/2023 5:37,4646
1/22/2023 5:38,4520
1/22/2023 5:38,4367
1/22/2023 5:39,4572
1/22/2023 5:39,4437
1/22/2023 5:40,4297
1/22/2023 5:40,3980
1/22/2023 5:41,4218
1/22/2023 5:41,4700
1/22/2023 5:42,4668
1/22/2023 5:42,4479
1/22/2023 5:43,4335
1/22/2023 5:43,4540
1/22/2023 5:44,4530
1/22/2023 5:44,4479
1/22/2023 5:45,4047
1/22/2023 5:45,4267
1/22/2023 5:46,4170
1/22/2023 5:46,4499
1/22/2023 5:47,4187
1/22/2023 5:47,4572
1/22/2023 5:48,4297
1/22/2023 5:48,4540
1/22/2023 5:49,4583
1/22/2023 5:49,4326
1/22/2023 5:50,4094
1/22/2023 5:50,4657
1/22/2023 5:51,4326
1/22/2023 5:51,4337
1/22/2023 5:52,4317
1/22/2023 5:52,4306
1/22/2023 5:53,4326
1/22/2023 5:53,4336
1/22/2023 5:54,4307
1/22/2023 5:54,4499
1/22/2023 5:55,4337
1/22/2023 5:55,4336
1/22/2023 5:56,4336
1/22/2023 5:57,4468
1/22/2023 5:57,4593
1/22/2023 5:58,4247
1/22/2023 5:58,4866
1/22/2023 5:59,4520
1/22/2023 5:59,4583
1/22/2023 6:00,4317
1/22/2023 6:00,4009
1/22/2023 6:01,4615
1/22/2023 6:01,4754
1/22/2023 6:02,4744
1/22/2023 6:02,4604
1/22/2023 6:03,4448
1/22/2023 6:03,4296
1/22/2023 6:04,4378
1/22/2023 6:04,4326
1/22/2023 6:05,4777
1/22/2023 6:05,4255
1/22/2023 6:06,4010
1/22/2023 6:06,4700
1/22/2023 6:07,4376
1/22/2023 6:07,4498
1/22/2023 6:08,4447
1/22/2023 6:08,4246
1/22/2023 6:09,4448
1/22/2023 6:09,4207
1/22/2023 6:10,4799
1/22/2023 6:10,4307
1/22/2023 6:11,4246
1/22/2023 6:11,4614
1/22/2023 6:12,4190
1/22/2023 6:12,4386
1/22/2023 6:13,4540
1/22/2023 6:13,4376
1/22/2023 6:14,4458
1/22/2023 6:14,4407
1/22/2023 6:15,4397
1/22/2023 6:15,4614
1/22/2023 6:16,4102
1/22/2023 6:16,4540
1/22/2023 6:17,5001
1/22/2023 6:17,4489
1/22/2023 6:18,4657
1/22/2023 6:18,4396
1/22/2023 6:19,4489
1/22/2023 6:19,4832
1/22/2023 6:20,4657
1/22/2023 6:20,4387
1/22/2023 6:21,4297
1/22/2023 6:21,4408
1/22/2023 6:22,4700
1/22/2023 6:23,4614
1/22/2023 6:23,4437
1/22/2023 6:24,4207
1/22/2023 6:24,4540
1/22/2023 6:25,4646
1/22/2023 6:25,4635
1/22/2023 6:26,4854
1/22/2023 6:26,4787
1/22/2023 6:27,4498
1/22/2023 6:27,4437
1/22/2023 6:28,4377
1/22/2023 6:28,4258
1/22/2023 6:29,4711
1/22/2023 6:29,4843
1/22/2023 6:30,4286
1/22/2023 6:30,4722
1/22/2023 6:31,4427
1/22/2023 6:31,4417
1/22/2023 6:32,4205
1/22/2023 6:32,4347
1/22/2023 6:33,4583
1/22/2023 6:33,4551
1/22/2023 6:34,4427
1/22/2023 6:34,4593
1/22/2023 6:35,4540
1/22/2023 6:35,4832
1/22/2023 6:36,4711
1/22/2023 6:36,4417
1/22/2023 6:37,4488
1/22/2023 6:37,4198
1/22/2023 6:38,4326
1/22/2023 6:38,4345
1/22/2023 6:39,4307
1/22/2023 6:39,4367
1/22/2023 6:40,4406
1/22/2023 6:40,4543
1/22/2023 6:41,4237
1/22/2023 6:41,4367
1/22/2023 6:42,4625
1/22/2023 6:42,4614
1/22/2023 6:43,4296
1/22/2023 6:43,4228
1/22/2023 6:44,4238
1/22/2023 6:44,4447
1/22/2023 6:45,4592
1/22/2023 6:45,4306
1/22/2023 6:46,4689
1/22/2023 6:46,4540
1/22/2023 6:47,4646
1/22/2023 6:47,4509
1/22/2023 6:48,4646
1/22/2023 6:48,4744
1/22/2023 6:49,4572
1/22/2023 6:50,4416
1/22/2023 6:50,4160
1/22/2023 6:51,4198
1/22/2023 6:51,4530
1/22/2023 6:52,4479
1/22/2023 6:52,4438
1/22/2023 6:53,4530
1/22/2023 6:53,4722
1/22/2023 6:54,4530
1/22/2023 6:54,4336
1/22/2023 6:55,4519
1/22/2023 6:55,4520
1/22/2023 6:56,4689
1/22/2023 6:56,4427
1/22/2023 6:57,4733
1/22/2023 6:57,4427
1/22/2023 6:58,4519
1/22/2023 6:58,4488
1/22/2023 6:59,4614
1/22/2023 6:59,4561
1/22/2023 7:00,4603
1/22/2023 7:00,4593
1/22/2023 7:01,4551
1/22/2023 7:01,4530
1/22/2023 7:02,4540
1/22/2023 7:02,4468
1/22/2023 7:03,4530
1/22/2023 7:03,4744
1/22/2023 7:04,4198
1/22/2023 7:04,4427
1/22/2023 7:05,4552
1/22/2023 7:05,4386
1/22/2023 7:06,4593
1/22/2023 7:06,4583
1/22/2023 7:07,4540
1/22/2023 7:07,4458
1/22/2023 7:08,4446
1/22/2023 7:08,4561
1/22/2023 7:09,4265
1/22/2023 7:09,4366
1/22/2023 7:10,4396
1/22/2023 7:10,4700
1/22/2023 7:11,4453
1/22/2023 7:11,4496
1/22/2023 7:12,4346
1/22/2023 7:12,4437
1/22/2023 7:13,4593
1/22/2023 7:13,4582
1/22/2023 7:14,4448
1/22/2023 7:14,4386
1/22/2023 7:15,4386
1/22/2023 7:15,4689
1/22/2023 7:16,4478
1/22/2023 7:17,4437
1/22/2023 7:17,4295
1/22/2023 7:18,4356
1/22/2023 7:18,4489
1/22/2023 7:19,4346
1/22/2023 7:19,4700
1/22/2023 7:20,4530
1/22/2023 7:20,4417
1/22/2023 7:21,4346
1/22/2023 7:21,4668
1/22/2023 7:22,4396
1/22/2023 7:22,4427
1/22/2023 7:23,4376
1/22/2023 7:23,4636
1/22/2023 7:24,4366
1/22/2023 7:24,4447
1/22/2023 7:25,4437
1/22/2023 7:25,4406
1/22/2023 7:26,4733
1/22/2023 7:26,4227
1/22/2023 7:27,4406
1/22/2023 7:27,4178
1/22/2023 7:28,4316
1/22/2023 7:28,4257
1/22/2023 7:29,4689
1/22/2023 7:29,4657
1/22/2023 7:30,4427
1/22/2023 7:30,4468
1/22/2023 7:31,4273
1/22/2023 7:31,4469
1/22/2023 7:32,4406
1/22/2023 7:32,4149
1/22/2023 7:33,4499
1/22/2023 7:33,4406
1/22/2023 7:34,4572
1/22/2023 7:34,4689
1/22/2023 7:35,4346
1/22/2023 7:35,4489
1/22/2023 7:36,4447
1/22/2023 7:36,4407
1/22/2023 7:37,4437
1/22/2023 7:37,4346
1/22/2023 7:38,4438
1/22/2023 7:38,4458
1/22/2023 7:39,4572
1/22/2023 7:39,4540
1/22/2023 7:40,4646
1/22/2023 7:40,4678
1/22/2023 7:41,4488
1/22/2023 7:41,4657
1/22/2023 7:42,4614
1/22/2023 7:42,4551
1/22/2023 7:43,4246
1/22/2023 7:44,4614
1/22/2023 7:44,4266
1/22/2023 7:45,4551
1/22/2023 7:45,4572
1/22/2023 7:46,4468
1/22/2023 7:46,4551
1/22/2023 7:47,4130
1/22/2023 7:47,4306
1/22/2023 7:48,4207
1/22/2023 7:48,4478
1/22/2023 7:49,4315
1/22/2023 7:49,4646
1/22/2023 7:50,4286
1/22/2023 7:50,4052
1/22/2023 7:51,4326
1/22/2023 7:51,4678
1/22/2023 7:52,4408
1/22/2023 7:52,4561
1/22/2023 7:53,4500
1/22/2023 7:53,4356
1/22/2023 7:54,4287
1/22/2023 7:54,4326
1/22/2023 7:55,4286
1/22/2023 7:55,4266
1/22/2023 7:56,4326
1/22/2023 7:56,4417
1/22/2023 7:57,4385
1/22/2023 7:57,4366
1/22/2023 7:58,4551
1/22/2023 7:58,4113
1/22/2023 7:59,4346
1/22/2023 7:59,4338
1/22/2023 8:00,4447
1/22/2023 8:00,4561
1/22/2023 8:01,4478
1/22/2023 8:01,4437
1/22/2023 8:02,4296
1/22/2023 8:02,4437
1/22/2023 8:03,4427
1/22/2023 8:03,4458
1/22/2023 8:04,4111
1/22/2023 8:04,4111
1/22/2023 8:05,4488
1/22/2023 8:05,4499
1/22/2023 8:06,4646
1/22/2023 8:06,4593
1/22/2023 8:07,4346
1/22/2023 8:07,4476
1/22/2023 8:08,4530
1/22/2023 8:08,4488
1/22/2023 8:09,4427
1/22/2023 8:09,4478
1/22/2023 8:10,4437
1/22/2023 8:11,4267
1/22/2023 8:11,4530
1/22/2023 8:12,4499
1/22/2023 8:12,4478
1/22/2023 8:13,4406
1/22/2023 8:13,4407
1/22/2023 8:14,4417
1/22/2023 8:14,4572
1/22/2023 8:15,4437
1/22/2023 8:15,4678
1/22/2023 8:16,4551
1/22/2023 8:16,4689
1/22/2023 8:17,4744
1/22/2023 8:17,4583
1/22/2023 8:18,4477
1/22/2023 8:18,4468
1/22/2023 8:19,4700
1/22/2023 8:19,4744
1/22/2023 8:20,4843
1/22/2023 8:20,3972
1/22/2023 8:21,4488
1/22/2023 8:21,4386
1/22/2023 8:22,4407
1/22/2023 8:22,4316
1/22/2023 8:23,4551
1/22/2023 8:23,4700
1/22/2023 8:24,4572
1/22/2023 8:24,4604
1/22/2023 8:25,4572
1/22/2023 8:25,4722
1/22/2023 8:26,4722
1/22/2023 8:26,4689
1/22/2023 8:27,4396
1/22/2023 8:27,4593
1/22/2023 8:28,4583
1/22/2023 8:28,4488
1/22/2023 8:29,4562
1/22/2023 8:29,4777
1/22/2023 8:30,4530
1/22/2023 8:30,4366
1/22/2023 8:31,4307
1/22/2023 8:31,4276
1/22/2023 8:32,4700
1/22/2023 8:32,4540
1/22/2023 8:33,4604
1/22/2023 8:33,4572
1/22/2023 8:34,4754
1/22/2023 8:34,4625
1/22/2023 8:35,4458
1/22/2023 8:35,4614
1/22/2023 8:36,4635
1/22/2023 8:36,4865
1/22/2023 8:37,4614
1/22/2023 8:38,4583
1/22/2023 8:38,4678
1/22/2023 8:39,4499
1/22/2023 8:39,4519
1/22/2023 8:40,4478
1/22/2023 8:40,4635
1/22/2023 8:41,4396
1/22/2023 8:41,4520
1/22/2023 8:42,4499
1/22/2023 8:42,4636
1/22/2023 8:43,4540
1/22/2023 8:43,4488
1/22/2023 8:44,4457
1/22/2023 8:44,4722
1/22/2023 8:45,4009
1/22/2023 8:45,4540
1/22/2023 8:46,4479
1/22/2023 8:46,4499
1/22/2023 8:47,4509
1/22/2023 8:47,4614
1/22/2023 8:48,4218
1/22/2023 8:48,4614
1/22/2023 8:49,4646
1/22/2023 8:49,4540
1/22/2023 8:50,4562
1/22/2023 8:50,4169
1/22/2023 8:51,4326
1/22/2023 8:51,4593
1/22/2023 8:52,4308
1/22/2023 8:52,4551
1/22/2023 8:53,4102
1/22/2023 8:53,4457
1/22/2023 8:54,4733
1/22/2023 8:54,4509
1/22/2023 8:55,4572
1/22/2023 8:55,4689
1/22/2023 8:56,4499
1/22/2023 8:56,4625
1/22/2023 8:57,4561
1/22/2023 8:57,4572
1/22/2023 8:58,4551
1/22/2023 8:58,4593
1/22/2023 8:59,4551
1/22/2023 8:59,4700
1/22/2023 9:00,4583
1/22/2023 9:00,4561
1/22/2023 9:01,4478
1/22/2023 9:01,4572
1/22/2023 9:02,4657
1/22/2023 9:02,4646
1/22/2023 9:03,4519
1/22/2023 9:03,4614
1/22/2023 9:04,4285
1/22/2023 9:05,4583
1/22/2023 9:05,4415
1/22/2023 9:06,4458
1/22/2023 9:06,4489
1/22/2023 9:07,4603
1/22/2023 9:07,4407
1/22/2023 9:08,4346
1/22/2023 9:08,4499
1/22/2023 9:09,4346
1/22/2023 9:09,4509
1/22/2023 9:10,4356
1/22/2023 9:10,4406
1/22/2023 9:11,4498
1/22/2023 9:11,4356
1/22/2023 9:12,4256
1/22/2023 9:12,4286
1/22/2023 9:13,4427
1/22/2023 9:13,4635
1/22/2023 9:14,4468
1/22/2023 9:14,4678
1/22/2023 9:15,4614
1/22/2023 9:15,4356
1/22/2023 9:16,4614
1/22/2023 9:16,4315
1/22/2023 9:17,4217
1/22/2023 9:17,4275
1/22/2023 9:18,4604
1/22/2023 9:18,4356
1/22/2023 9:19,4583
1/22/2023 9:19,4478
1/22/2023 9:20,4356
1/22/2023 9:20,4210
1/22/2023 9:21,4458
1/22/2023 9:21,4276
1/22/2023 9:22,4427
1/22/2023 9:22,4266
1/22/2023 9:23,4447
1/22/2023 9:23,4479
1/22/2023 9:24,4252
1/22/2023 9:24,4189
1/22/2023 9:25,4439
1/22/2023 9:25,4387
1/22/2023 9:26,4583
1/22/2023 9:26,4478
1/22/2023 9:27,4276
1/22/2023 9:27,4285
1/22/2023 9:28,4406
1/22/2023 9:28,4317
1/22/2023 9:29,4593
1/22/2023 9:29,4427
1/22/2023 9:30,4468
1/22/2023 9:30,4121
1/22/2023 9:31,4376
1/22/2023 9:32,4326
1/22/2023 9:32,4678
1/22/2023 9:33,4355
1/22/2023 9:33,4367
1/22/2023 9:34,4509
1/22/2023 9:34,4246
1/22/2023 9:35,4336
1/22/2023 9:35,4367
1/22/2023 9:36,4286
1/22/2023 9:36,4318
1/22/2023 9:37,4336
1/22/2023 9:37,4488
1/22/2023 9:38,4257
1/22/2023 9:38,4236
1/22/2023 9:39,4346
1/22/2023 9:39,4376
1/22/2023 9:40,4266
1/22/2023 9:40,4085
1/22/2023 9:41,4326
1/22/2023 9:41,4306
1/22/2023 9:42,4478
1/22/2023 9:42,4367
1/22/2023 9:43,4406
1/22/2023 9:43,4365
1/22/2023 9:44,4227
1/22/2023 9:44,4378
1/22/2023 9:45,4468
1/22/2023 9:45,4416
1/22/2023 9:46,4257
1/22/2023 9:46,4417
1/22/2023 9:47,4367
1/22/2023 9:47,4296
1/22/2023 9:48,4102
1/22/2023 9:48,4689
1/22/2023 9:49,4149
1/22/2023 9:49,4427
1/22/2023 9:50,4315
1/22/2023 9:50,4498
1/22/2023 9:51,4306
1/22/2023 9:51,4170
1/22/2023 9:52,4017
1/22/2023 9:52,4417
1/22/2023 9:53,4356
1/22/2023 9:53,4572
1/22/2023 9:54,4287
1/22/2023 9:54,4396
1/22/2023 9:55,4406
1/22/2023 9:55,4561
1/22/2023 9:56,4286
1/22/2023 9:56,4169
1/22/2023 9:57,4457
1/22/2023 9:57,4121
1/22/2023 9:58,4188
1/22/2023 9:59,4520
1/22/2023 9:59,4246
1/22/2023 10:00,4305
1/22/2023 10:00,4206
1/22/2023 10:01,4306
1/22/2023 10:01,4457
1/22/2023 10:02,4480
1/22/2023 10:02,4306
1/22/2023 10:03,4207
1/22/2023 10:03,4286
1/22/2023 10:04,4417
1/22/2023 10:04,4207
1/22/2023 10:05,3993
1/22/2023 10:05,4276
1/22/2023 10:06,4218
1/22/2023 10:06,4160
1/22/2023 10:07,4427
1/22/2023 10:07,3972
1/22/2023 10:08,4447
1/22/2023 10:08,4427
1/22/2023 10:09,4276
1/22/2023 10:09,4307
1/22/2023 10:10,4120
1/22/2023 10:10,4376
1/22/2023 10:11,4386
1/22/2023 10:11,4326
1/22/2023 10:12,4417
1/22/2023 10:12,4266
1/22/2023 10:13,4198
1/22/2023 10:13,4286
1/22/2023 10:14,4386
1/22/2023 10:14,4306
1/22/2023 10:15,4178
1/22/2023 10:15,4405
1/22/2023 10:16,4336
1/22/2023 10:16,4276
1/22/2023 10:17,4406
1/22/2023 10:17,4236
1/22/2023 10:18,4386
1/22/2023 10:18,4366
1/22/2023 10:19,4316
1/22/2023 10:19,4376
1/22/2023 10:20,4276
1/22/2023 10:20,4499
1/22/2023 10:21,4488
1/22/2023 10:21,4198
1/22/2023 10:22,4366
1/22/2023 10:22,4366
1/22/2023 10:23,4396
1/22/2023 10:23,4306
1/22/2023 10:24,4217
1/22/2023 10:24,4256
1/22/2023 10:25,4498
1/22/2023 10:26,4468
1/22/2023 10:26,4149
1/22/2023 10:27,4356
1/22/2023 10:27,4356
1/22/2023 10:28,4158
1/22/2023 10:28,4326
1/22/2023 10:29,4406
1/22/2023 10:29,4446
1/22/2023 10:30,4364
1/22/2023 10:30,4102
1/22/2023 10:31,4179
1/22/2023 10:31,4306
1/22/2023 10:32,4230
1/22/2023 10:32,4406
1/22/2023 10:33,4376
1/22/2023 10:33,4427
1/22/2023 10:34,4386
1/22/2023 10:34,4207
1/22/2023 10:35,4237
1/22/2023 10:35,4316
1/22/2023 10:36,4207
1/22/2023 10:36,4178
1/22/2023 10:37,4246
1/22/2023 10:37,4396
1/22/2023 10:38,4294
1/22/2023 10:38,4188
1/22/2023 10:39,4316
1/22/2023 10:39,4550
1/22/2023 10:40,4140
1/22/2023 10:40,4307
1/22/2023 10:41,4187
1/22/2023 10:41,3907
1/22/2023 10:42,4305
1/22/2023 10:42,4286
1/22/2023 10:43,4386
1/22/2023 10:43,4276
1/22/2023 10:44,4247
1/22/2023 10:44,4356
1/22/2023 10:45,4188
1/22/2023 10:45,3886
1/22/2023 10:46,4306
1/22/2023 10:46,4396
1/22/2023 10:47,4276
1/22/2023 10:47,4101
1/22/2023 10:48,4198
1/22/2023 10:48,4026
1/22/2023 10:49,4489
1/22/2023 10:49,4247
1/22/2023 10:50,4257
1/22/2023 10:50,4336
1/22/2023 10:51,4468
1/22/2023 10:51,4479
1/22/2023 10:52,4306
1/22/2023 10:53,4366
1/22/2023 10:53,4246
1/22/2023 10:54,4247
1/22/2023 10:54,4287
1/22/2023 10:55,4286
1/22/2023 10:55,4307
1/22/2023 10:56,4196
1/22/2023 10:56,4276
1/22/2023 10:57,4188
1/22/2023 10:57,4326
1/22/2023 10:58,4207
1/22/2023 10:58,4178
1/22/2023 10:59,4246
1/22/2023 10:59,4207
1/22/2023 11:00,4228
1/22/2023 11:00,4149
1/22/2023 11:01,4207
1/22/2023 11:01,4366
1/22/2023 11:02,4208
1/22/2023 11:02,4346
1/22/2023 11:03,4276
1/22/2023 11:03,4036
1/22/2023 11:04,4366
1/22/2023 11:04,3925
1/22/2023 11:05,4102
1/22/2023 11:05,4179
1/22/2023 11:06,4306
1/22/2023 11:06,4256
1/22/2023 11:07,4246
1/22/2023 11:07,4458
1/22/2023 11:08,4217
1/22/2023 11:08,4276
1/22/2023 11:09,4207
1/22/2023 11:09,4366
1/22/2023 11:10,4227
1/22/2023 11:10,4276
1/22/2023 11:11,4140
1/22/2023 11:11,4246
1/22/2023 11:12,4218
1/22/2023 11:12,4027
1/22/2023 11:13,4111
1/22/2023 11:13,4296
1/22/2023 11:14,4315
1/22/2023 11:14,4198
1/22/2023 11:15,4276
1/22/2023 11:15,3871
1/22/2023 11:16,4189
1/22/2023 11:16,4056
1/22/2023 11:17,4276
1/22/2023 11:17,4170
1/22/2023 11:18,4188
1/22/2023 11:18,4034
1/22/2023 11:19,4208
1/22/2023 11:20,4276
1/22/2023 11:20,4046
1/22/2023 11:21,4346
1/22/2023 11:21,4177
1/22/2023 11:22,4326
1/22/2023 11:22,4417
1/22/2023 11:23,4218
1/22/2023 11:23,4218
1/22/2023 11:24,4149
1/22/2023 11:24,4055
1/22/2023 11:25,4256
1/22/2023 11:25,3990
1/22/2023 11:26,4227
1/22/2023 11:26,4256
1/22/2023 11:27,4286
1/22/2023 11:27,4149
1/22/2023 11:28,4083
1/22/2023 11:28,4217
1/22/2023 11:29,4307
1/22/2023 11:29,4094
1/22/2023 11:30,4092
1/22/2023 11:30,4072
1/22/2023 11:31,4306
1/22/2023 11:31,4121
1/22/2023 11:32,4073
1/22/2023 11:32,4307
1/22/2023 11:33,4266
1/22/2023 11:33,4217
1/22/2023 11:34,3972
1/22/2023 11:34,4286
1/22/2023 11:35,4407
1/22/2023 11:35,4286
1/22/2023 11:36,4257
1/22/2023 11:36,4306
1/22/2023 11:37,4306
1/22/2023 11:37,4036
1/22/2023 11:38,4139
1/22/2023 11:38,4237
1/22/2023 11:39,4266
1/22/2023 11:39,4230
1/22/2023 11:40,4316
1/22/2023 11:40,4326
1/22/2023 11:41,4266
1/22/2023 11:41,4160
1/22/2023 11:42,4266
1/22/2023 11:42,4316
1/22/2023 11:43,4227
1/22/2023 11:43,4120
1/22/2023 11:44,4316
1/22/2023 11:44,4265
1/22/2023 11:45,4336
1/22/2023 11:45,4160
1/22/2023 11:46,4142
1/22/2023 11:47,4247
1/22/2023 11:47,4129
1/22/2023 11:48,4189
1/22/2023 11:48,4169
1/22/2023 11:49,4132
1/22/2023 11:49,4346
1/22/2023 11:50,3889
1/22/2023 11:50,4130
1/22/2023 11:51,4572
1/22/2023 11:51,4458
1/22/2023 11:52,4266
1/22/2023 11:52,4237
1/22/2023 11:53,4315
1/22/2023 11:53,3900
1/22/2023 11:54,4120
1/22/2023 11:54,4287
1/22/2023 11:55,4139
1/22/2023 11:55,4561
1/22/2023 11:56,4276
1/22/2023 11:56,4437
1/22/2023 11:57,4325
1/22/2023 11:57,4307
1/22/2023 11:58,4102
1/22/2023 11:58,4427
1/22/2023 11:59,4205
1/22/2023 11:59,4326
1/22/2023 12:00,4386
1/22/2023 12:00,4237
1/22/2023 12:01,4246
1/22/2023 12:01,4217
1/22/2023 12:02,4121
1/22/2023 12:02,4246
1/22/2023 12:03,4065
1/22/2023 12:03,3990
1/22/2023 12:04,4007
1/22/2023 12:04,4447
1/22/2023 12:05,4090
1/22/2023 12:05,4386
1/22/2023 12:06,4457
1/22/2023 12:06,4276
1/22/2023 12:07,4139
1/22/2023 12:07,4376
1/22/2023 12:08,4179
1/22/2023 12:08,4120
1/22/2023 12:09,4073
1/22/2023 12:09,4286
1/22/2023 12:10,4148
1/22/2023 12:10,4073
1/22/2023 12:11,4179
1/22/2023 12:11,4120
1/22/2023 12:12,4087
1/22/2023 12:12,4130
1/22/2023 12:13,4276
1/22/2023 12:14,4376
1/22/2023 12:14,4227
1/22/2023 12:15,4306
1/22/2023 12:15,4257
1/22/2023 12:16,4227
1/22/2023 12:16,4188
1/22/2023 12:17,4326
1/22/2023 12:17,4266
1/22/2023 12:18,4227
1/22/2023 12:18,4355
1/22/2023 12:19,4419
1/22/2023 12:19,4385
1/22/2023 12:20,4295
1/22/2023 12:20,4206
1/22/2023 12:21,4266
1/22/2023 12:21,4297
1/22/2023 12:22,4295
1/22/2023 12:22,4083
1/22/2023 12:23,4140
1/22/2023 12:23,4073
1/22/2023 12:24,4026
1/22/2023 12:24,4055
1/22/2023 12:25,4092
1/22/2023 12:25,4046
1/22/2023 12:26,4276
1/22/2023 12:26,3819
1/22/2023 12:27,4130
1/22/2023 12:27,4285
1/22/2023 12:28,4149
1/22/2023 12:28,4468
1/22/2023 12:29,4236
1/22/2023 12:29,4396
1/22/2023 12:30,4009
1/22/2023 12:30,4509
1/22/2023 12:31,4102
1/22/2023 12:31,4120
1/22/2023 12:32,4286
1/22/2023 12:32,4158
1/22/2023 12:33,4227
1/22/2023 12:33,4178
1/22/2023 12:34,4276
1/22/2023 12:34,4427
1/22/2023 12:35,4295
1/22/2023 12:35,4073
1/22/2023 12:36,4335
1/22/2023 12:36,4111
1/22/2023 12:37,4406
1/22/2023 12:37,4468
1/22/2023 12:38,4335
1/22/2023 12:38,4346
1/22/2023 12:39,4207
1/22/2023 12:39,4121
1/22/2023 12:40,3968
1/22/2023 12:41,4416
1/22/2023 12:41,4276
1/22/2023 12:42,4273
1/22/2023 12:42,4356
1/22/2023 12:43,4356
1/22/2023 12:43,4170
1/22/2023 12:44,4295
1/22/2023 12:44,4179
1/22/2023 12:45,3963
1/22/2023 12:45,4317
1/22/2023 12:46,4326
1/22/2023 12:46,4326
1/22/2023 12:47,4142
1/22/2023 12:47,4416
1/22/2023 12:48,4142
1/22/2023 12:48,4447
1/22/2023 12:49,4295
1/22/2023 12:49,4149
1/22/2023 12:50,4306
1/22/2023 12:50,4308
1/22/2023 12:51,4026
1/22/2023 12:51,4266
1/22/2023 12:52,4227
1/22/2023 12:52,4083
1/22/2023 12:53,4257
1/22/2023 12:53,4246
1/22/2023 12:54,4111
1/22/2023 12:54,4406
1/22/2023 12:55,4246
1/22/2023 12:55,4266
1/22/2023 12:56,4346
1/22/2023 12:56,4315
1/22/2023 12:57,4036
1/22/2023 12:57,4266
1/22/2023 12:58,4346
1/22/2023 12:58,4101
1/22/2023 12:59,4218
1/22/2023 12:59,4296
1/22/2023 13:00,3988
1/22/2023 13:00,4306
1/22/2023 13:01,4646
1/22/2023 13:01,4149
1/22/2023 13:02,4230
1/22/2023 13:02,4365
1/22/2023 13:03,4512
1/22/2023 13:03,4367
1/22/2023 13:04,4266
1/22/2023 13:04,4346
1/22/2023 13:05,4336
1/22/2023 13:05,4406
1/22/2023 13:06,4237
1/22/2023 13:06,4306
1/22/2023 13:07,4346
1/22/2023 13:08,4468
1/22/2023 13:08,3990
1/22/2023 13:09,4149
1/22/2023 13:09,4376
1/22/2023 13:10,3933
1/22/2023 13:10,4169
1/22/2023 13:11,4256
1/22/2023 13:11,4207
1/22/2023 13:12,4111
1/22/2023 13:12,4149
1/22/2023 13:13,4218
1/22/2023 13:13,4245
1/22/2023 13:14,4256
1/22/2023 13:14,4417
1/22/2023 13:15,4447
1/22/2023 13:15,4130
1/22/2023 13:16,4376
1/22/2023 13:16,4257
1/22/2023 13:17,4296
1/22/2023 13:17,4102
1/22/2023 13:18,4277
1/22/2023 13:18,4335
1/22/2023 13:19,4207
1/22/2023 13:19,4296
1/22/2023 13:20,4295
1/22/2023 13:20,4247
1/22/2023 13:21,4188
1/22/2023 13:21,3861
1/22/2023 13:22,4207
1/22/2023 13:22,4252
1/22/2023 13:23,4257
1/22/2023 13:23,4296
1/22/2023 13:24,3999
1/22/2023 13:24,4082
1/22/2023 13:25,4188
1/22/2023 13:25,4065
1/22/2023 13:26,4029
1/22/2023 13:26,4169
1/22/2023 13:27,4033
1/22/2023 13:27,4062
1/22/2023 13:28,3962
1/22/2023 13:28,4447
1/22/2023 13:29,4140
1/22/2023 13:29,4276
1/22/2023 13:30,4178
1/22/2023 13:30,4063
1/22/2023 13:31,4178
1/22/2023 13:31,4101
1/22/2023 13:32,4207
1/22/2023 13:32,4218
1/22/2023 13:33,4355
1/22/2023 13:33,4509
1/22/2023 13:34,4169
1/22/2023 13:35,4237
1/22/2023 13:35,4326
1/22/2023 13:36,4227
1/22/2023 13:36,4189
1/22/2023 13:37,4140
1/22/2023 13:37,4072
1/22/2023 13:38,3729
1/22/2023 13:38,4158
1/22/2023 13:39,4246
1/22/2023 13:39,4286
1/22/2023 13:40,4356
1/22/2023 13:40,4217
1/22/2023 13:41,4046
1/22/2023 13:41,4142
1/22/2023 13:42,4386
1/22/2023 13:42,4396
1/22/2023 13:43,4129
1/22/2023 13:43,4130
1/22/2023 13:44,3862
1/22/2023 13:44,4458
1/22/2023 13:45,4286
1/22/2023 13:45,4188
1/22/2023 13:46,4246
1/22/2023 13:46,4286
1/22/2023 13:47,4151
1/22/2023 13:47,4129
1/22/2023 13:48,4246
1/22/2023 13:48,4130
1/22/2023 13:49,4113
1/22/2023 13:49,4178
1/22/2023 13:50,4151
1/22/2023 13:50,4188
1/22/2023 13:51,4179
1/22/2023 13:51,4130
1/22/2023 13:52,4247
1/22/2023 13:52,4158
1/22/2023 13:53,4266
1/22/2023 13:53,4386
1/22/2023 13:54,4139
1/22/2023 13:54,4149
1/22/2023 13:55,4120
1/22/2023 13:55,4101
1/22/2023 13:56,3752
1/22/2023 13:56,4376
1/22/2023 13:57,4219
1/22/2023 13:57,4365
1/22/2023 13:58,4335
1/22/2023 13:58,4346
1/22/2023 13:59,4217
1/22/2023 13:59,4065
1/22/2023 14:00,4139
1/22/2023 14:00,4136
1/22/2023 14:01,4083
1/22/2023 14:02,4256
1/22/2023 14:02,4267
1/22/2023 14:03,4189
1/22/2023 14:03,4266
1/22/2023 14:04,3997
1/22/2023 14:04,4044
1/22/2023 14:05,4091
1/22/2023 14:05,4065
1/22/2023 14:06,4063
1/22/2023 14:06,3799
1/22/2023 14:07,4082
1/22/2023 14:07,4236
1/22/2023 14:08,4073
1/22/2023 14:08,4140
1/22/2023 14:09,4254
1/22/2023 14:09,4336
1/22/2023 14:10,4216
1/22/2023 14:10,4102
1/22/2023 14:11,4111
1/22/2023 14:11,4073
1/22/2023 14:12,4219
1/22/2023 14:12,4082
1/22/2023 14:13,4130
1/22/2023 14:13,4227
1/22/2023 14:14,3953
1/22/2023 14:14,3880
1/22/2023 14:15,4386
1/22/2023 14:15,4073
1/22/2023 14:16,4082
1/22/2023 14:16,4326
1/22/2023 14:17,4316
1/22/2023 14:17,4170
1/22/2023 14:18,4046
1/22/2023 14:18,4063
1/22/2023 14:19,4179
1/22/2023 14:19,4027
1/22/2023 14:20,4316
1/22/2023 14:20,3913
1/22/2023 14:21,4346
1/22/2023 14:21,4169
1/22/2023 14:22,4326
1/22/2023 14:22,4196
1/22/2023 14:23,3945
1/22/2023 14:23,4111
1/22/2023 14:24,4266
1/22/2023 14:24,3845
1/22/2023 14:25,4149
1/22/2023 14:25,4169
1/22/2023 14:26,4236
1/22/2023 14:26,4081
1/22/2023 14:27,4266
1/22/2023 14:27,4229
1/22/2023 14:28,4130
1/22/2023 14:29,4092
1/22/2023 14:29,4218
1/22/2023 14:30,4306
1/22/2023 14:30,4073
1/22/2023 14:31,4509
1/22/2023 14:31,4396
1/22/2023 14:32,4207
1/22/2023 14:32,4366
1/22/2023 14:33,4178
1/22/2023 14:33,4236
1/22/2023 14:34,4055
1/22/2023 14:34,3999
1/22/2023 14:35,3962
1/22/2023 14:35,4296
1/22/2023 14:36,3915
1/22/2023 14:36,4346
1/22/2023 14:37,4017
1/22/2023 14:37,4111
1/22/2023 14:38,4324
1/22/2023 14:38,4160
1/22/2023 14:39,4149
1/22/2023 14:39,4457
1/22/2023 14:40,4046
1/22/2023 14:40,4149
1/22/2023 14:41,4149
1/22/2023 14:41,4007
1/22/2023 14:42,4121
1/22/2023 14:42,4239
1/22/2023 14:43,4169
1/22/2023 14:43,4140
1/22/2023 14:44,4295
1/22/2023 14:44,4188
1/22/2023 14:45,4207
1/22/2023 14:45,4326
1/22/2023 14:46,3988
1/22/2023 14:46,4295
1/22/2023 14:47,4111
1/22/2023 14:47,4036
1/22/2023 14:48,3962
1/22/2023 14:48,4189
1/22/2023 14:49,4245
1/22/2023 14:49,4266
1/22/2023 14:50,4092
1/22/2023 14:50,4306
1/22/2023 14:51,4056
1/22/2023 14:51,3791
1/22/2023 14:52,4111
1/22/2023 14:52,4111
1/22/2023 14:53,4207
1/22/2023 14:53,4120
1/22/2023 14:54,4140
1/22/2023 14:54,4027
1/22/2023 14:55,4227
1/22/2023 14:56,4101
1/22/2023 14:56,4046
1/22/2023 14:57,4036
1/22/2023 14:57,4036
1/22/2023 14:58,4246
1/22/2023 14:58,3943
1/22/2023 14:59,3817
1/22/2023 14:59,4198
1/22/2023 15:00,4315
1/22/2023 15:00,4169
1/22/2023 15:01,3999
1/22/2023 15:01,4276
1/22/2023 15:02,4149
1/22/2023 15:02,4121
1/22/2023 15:03,4130
1/22/2023 15:03,3999
1/22/2023 15:04,3977
1/22/2023 15:04,4247
1/22/2023 15:05,4504
1/22/2023 15:05,3871
1/22/2023 15:06,4266
1/22/2023 15:06,4073
1/22/2023 15:07,4196
1/22/2023 15:07,4110
1/22/2023 15:08,4364
1/22/2023 15:08,4140
1/22/2023 15:09,3907
1/22/2023 15:09,4188
1/22/2023 15:10,4168
1/22/2023 15:10,4286
1/22/2023 15:11,4121
1/22/2023 15:11,3970
1/22/2023 15:12,4121
1/22/2023 15:12,4111
1/22/2023 15:13,4149
1/22/2023 15:13,4187
1/22/2023 15:14,4007
1/22/2023 15:14,4110
1/22/2023 15:15,4113
1/22/2023 15:15,4046
1/22/2023 15:16,4365
1/22/2023 15:16,4053
1/22/2023 15:17,4129
1/22/2023 15:17,4305
1/22/2023 15:18,3988
1/22/2023 15:18,4169
1/22/2023 15:19,4230
1/22/2023 15:19,4296
1/22/2023 15:20,4295
1/22/2023 15:20,4227
1/22/2023 15:21,4236
1/22/2023 15:21,4306
1/22/2023 15:22,4236
1/22/2023 15:23,3925
1/22/2023 15:23,4111
1/22/2023 15:24,4277
1/22/2023 15:24,4111
1/22/2023 15:25,4130
1/22/2023 15:25,4188
1/22/2023 15:26,3927
1/22/2023 15:26,4257
1/22/2023 15:27,3990
1/22/2023 15:27,4111
1/22/2023 15:28,4179
1/22/2023 15:28,4034
1/22/2023 15:29,3933
1/22/2023 15:29,4073
1/22/2023 15:30,4217
1/22/2023 15:30,4065
1/22/2023 15:31,3948
1/22/2023 15:31,4397
1/22/2023 15:32,4295
1/22/2023 15:32,3980
1/22/2023 15:33,3935
1/22/2023 15:33,4188
1/22/2023 15:34,4276
1/22/2023 15:34,4083
1/22/2023 15:35,3999
1/22/2023 15:35,4326
1/22/2023 15:36,4217
1/22/2023 15:36,3975
1/22/2023 15:37,3917
1/22/2023 15:37,4206
1/22/2023 15:38,4196
1/22/2023 15:38,4188
1/22/2023 15:39,4111
1/22/2023 15:39,4111
1/22/2023 15:40,4169
1/22/2023 15:40,4158
1/22/2023 15:41,3874
1/22/2023 15:41,3889
1/22/2023 15:42,4094
1/22/2023 15:42,4063
1/22/2023 15:43,4044
1/22/2023 15:43,4026
1/22/2023 15:44,4217
1/22/2023 15:44,4101
1/22/2023 15:45,3980
1/22/2023 15:45,4101
1/22/2023 15:46,4055
1/22/2023 15:46,4092
1/22/2023 15:47,3825
1/22/2023 15:47,4237
1/22/2023 15:48,3935
1/22/2023 15:48,4055
1/22/2023 15:49,3988
1/22/2023 15:50,4266
1/22/2023 15:50,4017
1/22/2023 15:51,4111
1/22/2023 15:51,4149
1/22/2023 15:52,4120
1/22/2023 15:52,3925
1/22/2023 15:53,4149
1/22/2023 15:53,4139
1/22/2023 15:54,4276
1/22/2023 15:54,3980
1/22/2023 15:55,4063
1/22/2023 15:55,4259
1/22/2023 15:56,4017
1/22/2023 15:56,4073
1/22/2023 15:57,4019
1/22/2023 15:57,3980
1/22/2023 15:58,3980
1/22/2023 15:58,4247
1/22/2023 15:59,3980
1/22/2023 15:59,4169
1/22/2023 16:00,4120
1/22/2023 16:00,4065
1/22/2023 16:01,3988
1/22/2023 16:01,4017
1/22/2023 16:02,3899
1/22/2023 16:02,4130
1/22/2023 16:03,4082
1/22/2023 16:03,3907
1/22/2023 16:04,3853
1/22/2023 16:04,3917
1/22/2023 16:05,4217
1/22/2023 16:05,4029
1/22/2023 16:06,4227
1/22/2023 16:06,4197
1/22/2023 16:07,4082
1/22/2023 16:07,4139
1/22/2023 16:08,4073
1/22/2023 16:08,4055
1/22/2023 16:09,4273
1/22/2023 16:09,3999
1/22/2023 16:10,4083
1/22/2023 16:10,4036
1/22/2023 16:11,4276
1/22/2023 16:11,4198
1/22/2023 16:12,4245
1/22/2023 16:12,4101
1/22/2023 16:13,4169
1/22/2023 16:13,4047
1/22/2023 16:14,3962
1/22/2023 16:14,4257
1/22/2023 16:15,4046
1/22/2023 16:15,4237
1/22/2023 16:16,4295
1/22/2023 16:17,3915
1/22/2023 16:17,3609
1/22/2023 16:18,4072
1/22/2023 16:18,4121
1/22/2023 16:19,4017
1/22/2023 16:19,4017
1/22/2023 16:20,4073
1/22/2023 16:20,4266
1/22/2023 16:21,4246
1/22/2023 16:21,3902
1/22/2023 16:22,4188
1/22/2023 16:22,4179
1/22/2023 16:23,4179
1/22/2023 16:23,4149
1/22/2023 16:24,4034
1/22/2023 16:24,4306
1/22/2023 16:25,4044
1/22/2023 16:25,4188
1/22/2023 16:26,3990
1/22/2023 16:26,3799
1/22/2023 16:27,4178
1/22/2023 16:27,4110
1/22/2023 16:28,3817
1/22/2023 16:28,3999
1/22/2023 16:29,3915
1/22/2023 16:29,4016
1/22/2023 16:30,4197
1/22/2023 16:30,4214
1/22/2023 16:31,4207
1/22/2023 16:31,3764
1/22/2023 16:32,4191
1/22/2023 16:32,4044
1/22/2023 16:33,4065
1/22/2023 16:33,3952
1/22/2023 16:34,4055
1/22/2023 16:34,3962
1/22/2023 16:35,4334
1/22/2023 16:35,4101
1/22/2023 16:36,4024
1/22/2023 16:36,4037
1/22/2023 16:37,4168
1/22/2023 16:37,4006
1/22/2023 16:38,4160
1/22/2023 16:38,4207
1/22/2023 16:39,4092
1/22/2023 16:39,4009
1/22/2023 16:40,4094
1/22/2023 16:40,3915
1/22/2023 16:41,3943
1/22/2023 16:41,4158
1/22/2023 16:42,4207
1/22/2023 16:42,3952
1/22/2023 16:43,4139
1/22/2023 16:44,3970
1/22/2023 16:44,3702
1/22/2023 16:45,3999
1/22/2023 16:45,4178
1/22/2023 16:46,4065
1/22/2023 16:46,4073
1/22/2023 16:47,3988
1/22/2023 16:47,3962
1/22/2023 16:48,4179
1/22/2023 16:48,3999
1/22/2023 16:49,3764
1/22/2023 16:49,4285
1/22/2023 16:50,4016
1/22/2023 16:50,4083
1/22/2023 16:51,4227
1/22/2023 16:51,4245
1/22/2023 16:52,3933
1/22/2023 16:52,4044
1/22/2023 16:53,4207
1/22/2023 16:53,3781
1/22/2023 16:54,4178
1/22/2023 16:54,4055
1/22/2023 16:55,3980
1/22/2023 16:55,4296
1/22/2023 16:56,4217
1/22/2023 16:56,3871
1/22/2023 16:57,4055
1/22/2023 16:57,3962
1/22/2023 16:58,3908
1/22/2023 16:58,3988
1/22/2023 16:59,4063
1/22/2023 16:59,3817
1/22/2023 17:00,4096
1/22/2023 17:00,3822
1/22/2023 17:01,4055
1/22/2023 17:01,4120
1/22/2023 17:02,4047
1/22/2023 17:02,3945
1/22/2023 17:03,3897
1/22/2023 17:03,3958
1/22/2023 17:04,3933
1/22/2023 17:04,4020
1/22/2023 17:05,3809
1/22/2023 17:05,4082
1/22/2023 17:06,4120
1/22/2023 17:06,3962
1/22/2023 17:07,4120
1/22/2023 17:07,4120
1/22/2023 17:08,4256
1/22/2023 17:08,4037
1/22/2023 17:09,4149
1/22/2023 17:09,4187
1/22/2023 17:10,4036
1/22/2023 17:11,3925
1/22/2023 17:11,3704
1/22/2023 17:12,3669
1/22/2023 17:12,3809
1/22/2023 17:13,3404
1/22/2023 17:13,3807
1/22/2023 17:14,3774
1/22/2023 17:14,4228
1/22/2023 17:15,3858
1/22/2023 17:15,4257
1/22/2023 17:16,3907
1/22/2023 17:16,3729
1/22/2023 17:17,3862
1/22/2023 17:17,3943
1/22/2023 17:18,3827
1/22/2023 17:18,3887
1/22/2023 17:19,4082
1/22/2023 17:19,3953
1/22/2023 17:20,3597
1/22/2023 17:20,3890
1/22/2023 17:21,3721
1/22/2023 17:21,4158
1/22/2023 17:22,3652
1/22/2023 17:22,3861
1/22/2023 17:23,3803
1/22/2023 17:23,3719
1/22/2023 17:24,3827
1/22/2023 17:24,3935
1/22/2023 17:25,3925
1/22/2023 17:25,3988
1/22/2023 17:26,3861
1/22/2023 17:26,3872
1/22/2023 17:27,3862
1/22/2023 17:27,3544
1/22/2023 17:28,3799
1/22/2023 17:28,4366
1/22/2023 17:29,4019
1/22/2023 17:29,3633
1/22/2023 17:30,4160
1/22/2023 17:30,3766
1/22/2023 17:31,4158
1/22/2023 17:31,3999
1/22/2023 17:32,4072
1/22/2023 17:32,3694
1/22/2023 17:33,3825
1/22/2023 17:33,3549
1/22/2023 17:34,3943
1/22/2023 17:34,3880
1/22/2023 17:35,3781
1/22/2023 17:35,4046
1/22/2023 17:36,3731
1/22/2023 17:36,3692
1/22/2023 17:37,3890
1/22/2023 17:38,4149
1/22/2023 17:38,3774
1/22/2023 17:39,3693
1/22/2023 17:39,4092
1/22/2023 17:40,3889
1/22/2023 17:40,4120
1/22/2023 17:41,3609
1/22/2023 17:41,4043
1/22/2023 17:42,3776
1/22/2023 17:42,3628
1/22/2023 17:43,3872
1/22/2023 17:43,3890
1/22/2023 17:44,3853
1/22/2023 17:44,3882
1/22/2023 17:45,3721
1/22/2023 17:45,3774
1/22/2023 17:46,3478
1/22/2023 17:46,3739
1/22/2023 17:47,3721
1/22/2023 17:47,4056
1/22/2023 17:48,3785
1/22/2023 17:48,3907
1/22/2023 17:49,3774
1/22/2023 17:49,3739
1/22/2023 17:50,4102
1/22/2023 17:50,3811
1/22/2023 17:51,4082
1/22/2023 17:51,4149
1/22/2023 17:52,3917
1/22/2023 17:52,4130
1/22/2023 17:53,3854
1/22/2023 17:53,3962
1/22/2023 17:54,4237
1/22/2023 17:54,3917
1/22/2023 17:55,4046
1/22/2023 17:55,3714
1/22/2023 17:56,3936
1/22/2023 17:56,3534
1/22/2023 17:57,3774
1/22/2023 17:57,3704
1/22/2023 17:58,3819
1/22/2023 17:58,3594
1/22/2023 17:59,3862
1/22/2023 17:59,4152
1/22/2023 18:00,4000
1/22/2023 18:00,3945
1/22/2023 18:01,4236
1/22/2023 18:01,3827
1/22/2023 18:02,3679
1/22/2023 18:02,3899
1/22/2023 18:03,3721
1/22/2023 18:03,3758
1/22/2023 18:04,4149
1/22/2023 18:05,3845
1/22/2023 18:05,3756
1/22/2023 18:06,4140
1/22/2023 18:06,3846
1/22/2023 18:07,4170
1/22/2023 18:07,3604
1/22/2023 18:08,3874
1/22/2023 18:08,4158
1/22/2023 18:09,3731
1/22/2023 18:09,3696
1/22/2023 18:10,3568
1/22/2023 18:10,3783
1/22/2023 18:11,3580
1/22/2023 18:11,3758
1/22/2023 18:12,3732
1/22/2023 18:12,3899
1/22/2023 18:13,3872
1/22/2023 18:13,4066
1/22/2023 18:14,3756
1/22/2023 18:14,3716
1/22/2023 18:15,3817
1/22/2023 18:15,3899
1/22/2023 18:16,4056
1/22/2023 18:16,3963
1/22/2023 18:17,3783
1/22/2023 18:17,4029
1/22/2023 18:18,4055
1/22/2023 18:18,4121
1/22/2023 18:19,3872
1/22/2023 18:19,3846
1/22/2023 18:20,3963
1/22/2023 18:20,3854
1/22/2023 18:21,3992
1/22/2023 18:21,3900
1/22/2023 18:22,3982
1/22/2023 18:22,4121
1/22/2023 18:23,3936
1/22/2023 18:23,3917
1/22/2023 18:24,3999
1/22/2023 18:24,3801
1/22/2023 18:25,3791
1/22/2023 18:25,3853
1/22/2023 18:26,3871
1/22/2023 18:26,3534
1/22/2023 18:27,4019
1/22/2023 18:27,3917
1/22/2023 18:28,3943
1/22/2023 18:28,3938
1/22/2023 18:29,3880
1/22/2023 18:29,3827
1/22/2023 18:30,3687
1/22/2023 18:31,4123
1/22/2023 18:31,3803
1/22/2023 18:32,4101
1/22/2023 18:32,4075
1/22/2023 18:33,4180
1/22/2023 18:33,3854
1/22/2023 18:34,3908
1/22/2023 18:34,3990
1/22/2023 18:35,4113
1/22/2023 18:35,3890
1/22/2023 18:36,3882
1/22/2023 18:36,3910
1/22/2023 18:37,3908
1/22/2023 18:37,3900
1/22/2023 18:38,3945
1/22/2023 18:38,3917
1/22/2023 18:39,4046
1/22/2023 18:39,4091
1/22/2023 18:40,3803
1/22/2023 18:40,3774
1/22/2023 18:41,3845
1/22/2023 18:41,3872
1/22/2023 18:42,3621
1/22/2023 18:42,3679
1/22/2023 18:43,3819
1/22/2023 18:43,3864
1/22/2023 18:44,3809
1/22/2023 18:44,3706
1/22/2023 18:45,3776
1/22/2023 18:45,3917
1/22/2023 18:46,3900
1/22/2023 18:46,4306
1/22/2023 18:47,3955
1/22/2023 18:47,3783
1/22/2023 18:48,4075
1/22/2023 18:48,3801
1/22/2023 18:49,3587
1/22/2023 18:49,3758
1/22/2023 18:50,4011
1/22/2023 18:50,4030
1/22/2023 18:51,3679
1/22/2023 18:51,3723
1/22/2023 18:52,3766
1/22/2023 18:52,3714
1/22/2023 18:53,3813
1/22/2023 18:53,4123
1/22/2023 18:54,4075
1/22/2023 18:54,3846
1/22/2023 18:55,4029
1/22/2023 18:55,3902
1/22/2023 18:56,3982
1/22/2023 18:56,3864
1/22/2023 18:57,3918
1/22/2023 18:58,3864
1/22/2023 18:58,4123
1/22/2023 18:59,4142
1/22/2023 18:59,3672
1/22/2023 19:00,3884
1/22/2023 19:00,4000
1/22/2023 19:01,3801
1/22/2023 19:01,3589
1/22/2023 19:02,3993
1/22/2023 19:02,3890
1/22/2023 19:03,3783
1/22/2023 19:03,3706
1/22/2023 19:04,4114
1/22/2023 19:04,4094
1/22/2023 19:05,3793
1/22/2023 19:05,3864
1/22/2023 19:06,3945
1/22/2023 19:06,4142
1/22/2023 19:07,4114
1/22/2023 19:07,4055
1/22/2023 19:08,3805
1/22/2023 19:08,3534
1/22/2023 19:09,3908
1/22/2023 19:09,3803
1/22/2023 19:10,4170
1/22/2023 19:10,3497
1/22/2023 19:11,4010
1/22/2023 19:11,3546
1/22/2023 19:12,3689
1/22/2023 19:12,3741
1/22/2023 19:13,4133
1/22/2023 19:13,3848
1/22/2023 19:14,3838
1/22/2023 19:14,3537
1/22/2023 19:15,3829
1/22/2023 19:15,3777
1/22/2023 19:16,3776
1/22/2023 19:16,3872
1/22/2023 19:17,3963
1/22/2023 19:17,3768
1/22/2023 19:18,4000
1/22/2023 19:18,3927
1/22/2023 19:19,3840
1/22/2023 19:19,3733
1/22/2023 19:20,3537
1/22/2023 19:20,4000
1/22/2023 19:21,4076
1/22/2023 19:21,3592
1/22/2023 19:22,3750
1/22/2023 19:22,3912
1/22/2023 19:23,3606
1/22/2023 19:23,4158
1/22/2023 19:24,4039
1/22/2023 19:25,3977
1/22/2023 19:25,3846
1/22/2023 19:26,3647
1/22/2023 19:26,3750
1/22/2023 19:27,3689
1/22/2023 19:27,3801
1/22/2023 19:28,3689
1/22/2023 19:28,4094
1/22/2023 19:29,3856
1/22/2023 19:29,4057
1/22/2023 19:30,3805
1/22/2023 19:30,3681
1/22/2023 19:31,3990
1/22/2023 19:31,3803
1/22/2023 19:32,4123
1/22/2023 19:32,4047
1/22/2023 19:33,3846
1/22/2023 19:33,3811
1/22/2023 19:34,3731
1/22/2023 19:34,3803
1/22/2023 19:35,3768
1/22/2023 19:35,3793
1/22/2023 19:36,4076
1/22/2023 19:36,4047
1/22/2023 19:37,3973
1/22/2023 19:37,3955
1/22/2023 19:38,3604
1/22/2023 19:38,3766
1/22/2023 19:39,3785
1/22/2023 19:39,3698
1/22/2023 19:40,3803
1/22/2023 19:40,3750
1/22/2023 19:41,4133
1/22/2023 19:41,3936
1/22/2023 19:42,3785
1/22/2023 19:42,3795
1/22/2023 19:43,3848
1/22/2023 19:43,3669
1/22/2023 19:44,3910
1/22/2023 19:44,3846
1/22/2023 19:45,3962
1/22/2023 19:45,3872
1/22/2023 19:46,3637
1/22/2023 19:46,3768
1/22/2023 19:47,3900
1/22/2023 19:47,3660
1/22/2023 19:48,3876
1/22/2023 19:48,4066
1/22/2023 19:49,3596
1/22/2023 19:49,3750
1/22/2023 19:50,3955
1/22/2023 19:50,3892
1/22/2023 19:51,4104
1/22/2023 19:52,4085
1/22/2023 19:52,3874
1/22/2023 19:53,3920
1/22/2023 19:53,4000
1/22/2023 19:54,3791
1/22/2023 19:54,4020
1/22/2023 19:55,3628
1/22/2023 19:55,3856
1/22/2023 19:56,4170
1/22/2023 19:56,3992
1/22/2023 19:57,4113
1/22/2023 19:57,3829
1/22/2023 19:58,3965
1/22/2023 19:58,3866
1/22/2023 19:59,3936
1/22/2023 19:59,3710
1/22/2023 20:00,3821
1/22/2023 20:00,3821
1/22/2023 20:01,3776
1/22/2023 20:01,3642
1/22/2023 20:02,3856
1/22/2023 20:02,3884
1/22/2023 20:03,3874
1/22/2023 20:03,3874
1/22/2023 20:04,3902
1/22/2023 20:04,3856
1/22/2023 20:05,3821
1/22/2023 20:05,3918
1/22/2023 20:06,3813
1/22/2023 20:06,3520
1/22/2023 20:07,3733
1/22/2023 20:07,3611
1/22/2023 20:08,3708
1/22/2023 20:08,3848
1/22/2023 20:09,3982
1/22/2023 20:09,3822
1/22/2023 20:10,4267
1/22/2023 20:10,3743
1/22/2023 20:11,4011
1/22/2023 20:11,3813
1/22/2023 20:12,3946
1/22/2023 20:12,4104
1/22/2023 20:13,3838
1/22/2023 20:13,4142
1/22/2023 20:14,3606
1/22/2023 20:14,4039
1/22/2023 20:15,3872
1/22/2023 20:15,3718
1/22/2023 20:16,3733
1/22/2023 20:16,3716
1/22/2023 20:17,3821
1/22/2023 20:17,3714
1/22/2023 20:18,3716
1/22/2023 20:19,3750
1/22/2023 20:19,3973
1/22/2023 20:20,3965
1/22/2023 20:20,4172
1/22/2023 20:21,4057
1/22/2023 20:21,3795
1/22/2023 20:22,3606
1/22/2023 20:22,3838
1/22/2023 20:23,3918
1/22/2023 20:23,3826
1/22/2023 20:24,3563
1/22/2023 20:24,4037
1/22/2023 20:25,3834
1/22/2023 20:25,3741
1/22/2023 20:26,3785
1/22/2023 20:26,3760
1/22/2023 20:27,3530
1/22/2023 20:27,3630
1/22/2023 20:28,4092
1/22/2023 20:28,3647
1/22/2023 20:29,4000
1/22/2023 20:29,3900
1/22/2023 20:30,3868
1/22/2023 20:30,3918
1/22/2023 20:31,3864
1/22/2023 20:31,3830
1/22/2023 20:32,3795
1/22/2023 20:32,3838
1/22/2023 20:33,3803
1/22/2023 20:33,3846
1/22/2023 20:34,3864
1/22/2023 20:34,3664
1/22/2023 20:35,4029
1/22/2023 20:35,3918
1/22/2023 20:36,4076
1/22/2023 20:36,4181
1/22/2023 20:37,3777
1/22/2023 20:37,3681
1/22/2023 20:38,4095
1/22/2023 20:38,3718
1/22/2023 20:39,3777
1/22/2023 20:39,3805
1/22/2023 20:40,3813
1/22/2023 20:40,3750
1/22/2023 20:41,3918
1/22/2023 20:41,3532
1/22/2023 20:42,3777
1/22/2023 20:42,3647
1/22/2023 20:43,3506
1/22/2023 20:43,3623
1/22/2023 20:44,3856
1/22/2023 20:45,3664
1/22/2023 20:45,3596
1/22/2023 20:46,3760
1/22/2023 20:46,3829
1/22/2023 20:47,3900
1/22/2023 20:47,3970
1/22/2023 20:48,3821
1/22/2023 20:48,4019
1/22/2023 20:49,3813
1/22/2023 20:49,3785
1/22/2023 20:50,3681
1/22/2023 20:50,3530
1/22/2023 20:51,3965
1/22/2023 20:51,3774
1/22/2023 20:52,3777
1/22/2023 20:52,3758
1/22/2023 20:53,3864
1/22/2023 20:53,3741
1/22/2023 20:54,3910
1/22/2023 20:54,3803
1/22/2023 20:55,3720
1/22/2023 20:55,3572
1/22/2023 20:56,3811
1/22/2023 20:56,3657
1/22/2023 20:57,4047
1/22/2023 20:57,3698
1/22/2023 20:58,3580
1/22/2023 20:58,3676
1/22/2023 20:59,3864
1/22/2023 20:59,3993
1/22/2023 21:00,3768
1/22/2023 21:00,3783
1/22/2023 21:01,3698
1/22/2023 21:01,3480
1/22/2023 21:02,4104
1/22/2023 21:02,3948
1/22/2023 21:03,4012
1/22/2023 21:03,3563
1/22/2023 21:04,3766
1/22/2023 21:04,3813
1/22/2023 21:05,3739
1/22/2023 21:05,3776
1/22/2023 21:06,4104
1/22/2023 21:06,4086
1/22/2023 21:07,4056
1/22/2023 21:07,3601
1/22/2023 21:08,3654
1/22/2023 21:08,3992
1/22/2023 21:09,3618
1/22/2023 21:09,3821
1/22/2023 21:10,3662
1/22/2023 21:10,3623
1/22/2023 21:11,3706
1/22/2023 21:12,3693
1/22/2023 21:12,3654
1/22/2023 21:13,3856
1/22/2023 21:13,3733
1/22/2023 21:14,3864
1/22/2023 21:14,4010
1/22/2023 21:15,3900
1/22/2023 21:15,3785
1/22/2023 21:16,3777
1/22/2023 21:16,3918
1/22/2023 21:17,3805
1/22/2023 21:17,3604
1/22/2023 21:18,3381
1/22/2023 21:18,3760
1/22/2023 21:19,3689
1/22/2023 21:19,3664
1/22/2023 21:20,4152
1/22/2023 21:20,3706
1/22/2023 21:21,3681
1/22/2023 21:21,3750
1/22/2023 21:22,3606
1/22/2023 21:22,3805
1/22/2023 21:23,3928
1/22/2023 21:23,3805
1/22/2023 21:24,3660
1/22/2023 21:24,3691
1/22/2023 21:25,3955
1/22/2023 21:25,3728
1/22/2023 21:26,3910
1/22/2023 21:26,3936
1/22/2023 21:27,4020
1/22/2023 21:27,3890
1/22/2023 21:28,3856
1/22/2023 21:28,3805
1/22/2023 21:29,3821
1/22/2023 21:29,4001
1/22/2023 21:30,3750
1/22/2023 21:30,3819
1/22/2023 21:31,3803
1/22/2023 21:31,4123
1/22/2023 21:32,3768
1/22/2023 21:32,3716
1/22/2023 21:33,3657
1/22/2023 21:33,3827
1/22/2023 21:34,3689
1/22/2023 21:34,3681
1/22/2023 21:35,3776
1/22/2023 21:35,3928
1/22/2023 21:36,3920
1/22/2023 21:36,3803
1/22/2023 21:37,3965
1/22/2023 21:37,3716
1/22/2023 21:38,3955
1/22/2023 21:39,4094
1/22/2023 21:39,3776
1/22/2023 21:40,3803
1/22/2023 21:40,3770
1/22/2023 21:41,3570
1/22/2023 21:41,3377
1/22/2023 21:42,3716
1/22/2023 21:42,4029
1/22/2023 21:43,3830
1/22/2023 21:43,3856
1/22/2023 21:44,4095
1/22/2023 21:44,3856
1/22/2023 21:45,3776
1/22/2023 21:45,4085
1/22/2023 21:46,4096
1/22/2023 21:46,3656
1/22/2023 21:47,3647
1/22/2023 21:47,4020
1/22/2023 21:48,4104
1/22/2023 21:48,3918
1/22/2023 21:49,3829
1/22/2023 21:49,3768
1/22/2023 21:50,3494
1/22/2023 21:50,3830
1/22/2023 21:51,3760
1/22/2023 21:51,3965
1/22/2023 21:52,3672
1/22/2023 21:52,3708
1/22/2023 21:53,3955
1/22/2023 21:53,4105
1/22/2023 21:54,3640
1/22/2023 21:54,3811
1/22/2023 21:55,3803
1/22/2023 21:55,3637
1/22/2023 21:56,3902
1/22/2023 21:56,4095
1/22/2023 21:57,3965
1/22/2023 21:57,3830
1/22/2023 21:58,3725
1/22/2023 21:58,3750
1/22/2023 21:59,3594
1/22/2023 21:59,3698
1/22/2023 22:00,3733
1/22/2023 22:00,3830
1/22/2023 22:01,3918
1/22/2023 22:01,3793
1/22/2023 22:02,3691
1/22/2023 22:02,3811
1/22/2023 22:03,4057
1/22/2023 22:03,3748
1/22/2023 22:04,3647
1/22/2023 22:04,3689
1/22/2023 22:05,3854
1/22/2023 22:06,3777
1/22/2023 22:06,4136
1/22/2023 22:07,3750
1/22/2023 22:07,3783
1/22/2023 22:08,3766
1/22/2023 22:08,3856
1/22/2023 22:09,3672
1/22/2023 22:09,3830
1/22/2023 22:10,3783
1/22/2023 22:10,3882
1/22/2023 22:11,3708
1/22/2023 22:11,3793
1/22/2023 22:12,3756
1/22/2023 22:12,4083
1/22/2023 22:13,3621
1/22/2023 22:13,3821
1/22/2023 22:14,3779
1/22/2023 22:14,3750
1/22/2023 22:15,3946
1/22/2023 22:15,3589
1/22/2023 22:16,3900
1/22/2023 22:16,3975
1/22/2023 22:17,3739
1/22/2023 22:17,3912
1/22/2023 22:18,4019
1/22/2023 22:18,3706
1/22/2023 22:19,3647
1/22/2023 22:19,3811
1/22/2023 22:20,3918
1/22/2023 22:20,3803
1/22/2023 22:21,4076
1/22/2023 22:21,3838
1/22/2023 22:22,3708
1/22/2023 22:22,3708
1/22/2023 22:23,3965
1/22/2023 22:23,3664
1/22/2023 22:24,4104
1/22/2023 22:24,3962
1/22/2023 22:25,4219
1/22/2023 22:25,3716
1/22/2023 22:26,3902
1/22/2023 22:26,3811
1/22/2023 22:27,3731
1/22/2023 22:27,3829
1/22/2023 22:28,3596
1/22/2023 22:28,3983
1/22/2023 22:29,3783
1/22/2023 22:29,3827
1/22/2023 22:30,4067
1/22/2023 22:30,3706
1/22/2023 22:31,3752
1/22/2023 22:32,3965
1/22/2023 22:32,3908
1/22/2023 22:33,3681
1/22/2023 22:33,3710
1/22/2023 22:34,3985
1/22/2023 22:34,3945
1/22/2023 22:35,3716
1/22/2023 22:35,3741
1/22/2023 22:36,3748
1/22/2023 22:36,3708
1/22/2023 22:37,3965
1/22/2023 22:37,4029
1/22/2023 22:38,3972
1/22/2023 22:38,3840
1/22/2023 22:39,3716
1/22/2023 22:39,3936
1/22/2023 22:40,3965
1/22/2023 22:40,3750
1/22/2023 22:41,3856
1/22/2023 22:41,3917
1/22/2023 22:42,4298
1/22/2023 22:42,3811
1/22/2023 22:43,3768
1/22/2023 22:43,3750
1/22/2023 22:44,3718
1/22/2023 22:44,3698
1/22/2023 22:45,3955
1/22/2023 22:45,3874
1/22/2023 22:46,3946
1/22/2023 22:46,3927
1/22/2023 22:47,3743
1/22/2023 22:47,4076
1/22/2023 22:48,3691
1/22/2023 22:48,3758
1/22/2023 22:49,3985
1/22/2023 22:49,4076
1/22/2023 22:50,3872
1/22/2023 22:50,3846
1/22/2023 22:51,3803
1/22/2023 22:51,3845
1/22/2023 22:52,3776
1/22/2023 22:52,3982
1/22/2023 22:53,3846
1/22/2023 22:53,3856
1/22/2023 22:54,3829
1/22/2023 22:54,3819
1/22/2023 22:55,3965
1/22/2023 22:55,4039
1/22/2023 22:56,3657
1/22/2023 22:56,4029
1/22/2023 22:57,3956
1/22/2023 22:57,3892
1/22/2023 22:58,4017
1/22/2023 22:59,3837
1/22/2023 22:59,3777
1/22/2023 23:00,3821
1/22/2023 23:00,3953
1/22/2023 23:01,3882
1/22/2023 23:01,3606
1/22/2023 23:02,3956
1/22/2023 23:02,3776
1/22/2023 23:03,3647
1/22/2023 23:03,3793
1/22/2023 23:04,4039
1/22/2023 23:04,4066
1/22/2023 23:05,4065
1/22/2023 23:05,3819
1/22/2023 23:06,4094
1/22/2023 23:06,3829
1/22/2023 23:07,4114
1/22/2023 23:07,3965
1/22/2023 23:08,3874
1/22/2023 23:08,3750
1/22/2023 23:09,3965
1/22/2023 23:09,3830
1/22/2023 23:10,3748
1/22/2023 23:10,3783
1/22/2023 23:11,3637
1/22/2023 23:11,3647
1/22/2023 23:12,3982
1/22/2023 23:12,3723
1/22/2023 23:13,3777
1/22/2023 23:13,3819
1/22/2023 23:14,3838
1/22/2023 23:14,4095
1/22/2023 23:15,3983
1/22/2023 23:15,3776
1/22/2023 23:16,3846
1/22/2023 23:16,3936
1/22/2023 23:17,3716
1/22/2023 23:17,3936
1/22/2023 23:18,3829
1/22/2023 23:18,4010
1/22/2023 23:19,3864
1/22/2023 23:19,3723
1/22/2023 23:20,3664
1/22/2023 23:20,3632
1/22/2023 23:21,3768
1/22/2023 23:21,4104
1/22/2023 23:22,3776
1/22/2023 23:22,3900
1/22/2023 23:23,3733
1/22/2023 23:23,3822
1/22/2023 23:24,3698
1/22/2023 23:24,3830
1/22/2023 23:25,3892
1/22/2023 23:26,3956
1/22/2023 23:26,3787
1/22/2023 23:27,3698
1/22/2023 23:27,3637
1/22/2023 23:28,3527
1/22/2023 23:28,4307
1/22/2023 23:29,3698
1/22/2023 23:29,4085
1/22/2023 23:30,3689
1/22/2023 23:30,3750
1/22/2023 23:31,3750
1/22/2023 23:31,3838
1/22/2023 23:32,3928
1/22/2023 23:32,3706
1/22/2023 23:33,3838
1/22/2023 23:33,3803
1/22/2023 23:34,3776
1/22/2023 23:34,4010
1/22/2023 23:35,3838
1/22/2023 23:35,3882
1/22/2023 23:36,3946
1/22/2023 23:36,3768
1/22/2023 23:37,3733
1/22/2023 23:37,3664
1/22/2023 23:38,3917
1/22/2023 23:38,3910
1/22/2023 23:39,3795
1/22/2023 23:39,3821
1/22/2023 23:40,3838
1/22/2023 23:40,3760
1/22/2023 23:41,4076
1/22/2023 23:41,3776
1/22/2023 23:42,3725
1/22/2023 23:42,3613
1/22/2023 23:43,3637
1/22/2023 23:43,3698
1/22/2023 23:44,3623
1/22/2023 23:44,4019
1/22/2023 23:45,3647
1/22/2023 23:45,3580
1/22/2023 23:46,3553
1/22/2023 23:46,3733
1/22/2023 23:47,3801
1/22/2023 23:47,3613
1/22/2023 23:48,3824
1/22/2023 23:48,3768
1/22/2023 23:49,4085
1/22/2023 23:49,3336
1/22/2023 23:50,3681
1/22/2023 23:50,3587
1/22/2023 23:51,3596
1/22/2023 23:51,3811
1/22/2023 23:52,4056
1/22/2023 23:53,4142
1/22/2023 23:53,4104
1/22/2023 23:54,3927
1/22/2023 23:54,3723
1/22/2023 23:55,3829
1/22/2023 23:55,4075
1/22/2023 23:56,3809
1/22/2023 23:56,3647
1/22/2023 23:57,3662
1/22/2023 23:57,3654
1/22/2023 23:58,3587
1/22/2023 23:58,3698
1/22/2023 23:59,3955
1/22/2023 23:59,3990
1/23/2023 0:00,3570
1/23/2023 0:00,3689
1/23/2023 0:01,3900
1/23/2023 0:01,3821
1/23/2023 0:02,3756
1/23/2023 0:02,3946
1/23/2023 0:03,3676
1/23/2023 0:03,4113
1/23/2023 0:04,3945
1/23/2023 0:04,3716
1/23/2023 0:05,4076
1/23/2023 0:05,3999
1/23/2023 0:06,3745
1/23/2023 0:06,3760
1/23/2023 0:07,3572
1/23/2023 0:07,3785
1/23/2023 0:08,3882
1/23/2023 0:08,3864
1/23/2023 0:09,4066
1/23/2023 0:09,3927
1/23/2023 0:10,4189
1/23/2023 0:10,3662
1/23/2023 0:11,3777
1/23/2023 0:11,4047
1/23/2023 0:12,3640
1/23/2023 0:12,3689
1/23/2023 0:13,3689
1/23/2023 0:13,4067
1/23/2023 0:14,3698
1/23/2023 0:14,3992
1/23/2023 0:15,3422
1/23/2023 0:15,4085
1/23/2023 0:16,3838
1/23/2023 0:16,4010
1/23/2023 0:17,3853
1/23/2023 0:17,3882
1/23/2023 0:18,3725
1/23/2023 0:18,4001
1/23/2023 0:19,4228
1/23/2023 0:20,3497
1/23/2023 0:20,3664
1/23/2023 0:21,3725
1/23/2023 0:21,3874
1/23/2023 0:22,3679
1/23/2023 0:22,3416
1/23/2023 0:23,4055
1/23/2023 0:23,3596
1/23/2023 0:24,3741
1/23/2023 0:24,4152
1/23/2023 0:25,3953
1/23/2023 0:25,4021
1/23/2023 0:26,3776
1/23/2023 0:26,3656
1/23/2023 0:27,4075
1/23/2023 0:27,3689
1/23/2023 0:28,3848
1/23/2023 0:28,4085
1/23/2023 0:29,3448
1/23/2023 0:29,3647
1/23/2023 0:30,3662
1/23/2023 0:30,3894
1/23/2023 0:31,3604
1/23/2023 0:31,3733
1/23/2023 0:32,3630
1/23/2023 0:32,3776
1/23/2023 0:33,3611
1/23/2023 0:33,3983
1/23/2023 0:34,3384
1/23/2023 0:34,3402
1/23/2023 0:35,4105
1/23/2023 0:35,3674
1/23/2023 0:36,3750
1/23/2023 0:36,3698
1/23/2023 0:37,4057
1/23/2023 0:37,3945
1/23/2023 0:38,3413
1/23/2023 0:38,3848
1/23/2023 0:39,3689
1/23/2023 0:39,3693
1/23/2023 0:40,4000
1/23/2023 0:40,3647
1/23/2023 0:41,3580
1/23/2023 0:41,3425
1/23/2023 0:42,3577
1/23/2023 0:42,3400
1/23/2023 0:43,3594
1/23/2023 0:43,3520
1/23/2023 0:44,3487
1/23/2023 0:44,3811
1/23/2023 0:45,3793
1/23/2023 0:46,3918
1/23/2023 0:46,3613
1/23/2023 0:47,3748
1/23/2023 0:47,3413
1/23/2023 0:48,3691
1/23/2023 0:48,3829
1/23/2023 0:49,3776
1/23/2023 0:49,4121
1/23/2023 0:50,3672
1/23/2023 0:50,4020
1/23/2023 0:51,3471
1/23/2023 0:51,3908
1/23/2023 0:52,3681
1/23/2023 0:52,3791
1/23/2023 0:53,3422
1/23/2023 0:53,3900
1/23/2023 0:54,3525
1/23/2023 0:54,3640
1/23/2023 0:55,3662
1/23/2023 0:55,3917
1/23/2023 0:56,3706
1/23/2023 0:56,3664
1/23/2023 0:57,3580
1/23/2023 0:57,3935
1/23/2023 0:58,3462
1/23/2023 0:58,3987
1/23/2023 0:59,3917
1/23/2023 0:59,3837
1/23/2023 1:00,3963
1/23/2023 1:00,3511
1/23/2023 1:01,3908
1/23/2023 1:01,3628
1/23/2023 1:02,3988
1/23/2023 1:02,3785
1/23/2023 1:03,3537
1/23/2023 1:03,3946
1/23/2023 1:04,4047
1/23/2023 1:04,3741
1/23/2023 1:05,3480
1/23/2023 1:05,3594
1/23/2023 1:06,3630
1/23/2023 1:06,3927
1/23/2023 1:07,3553
1/23/2023 1:07,3327
1/23/2023 1:08,3621
1/23/2023 1:08,3546
1/23/2023 1:09,3783
1/23/2023 1:09,3955
1/23/2023 1:10,3611
1/23/2023 1:10,4199
1/23/2023 1:11,3596
1/23/2023 1:11,3791
1/23/2023 1:12,4065
1/23/2023 1:13,3791
1/23/2023 1:13,3532
1/23/2023 1:14,4029
1/23/2023 1:14,3935
1/23/2023 1:15,3448
1/23/2023 1:15,4046
1/23/2023 1:16,3527
1/23/2023 1:16,3511
1/23/2023 1:17,4001
1/23/2023 1:17,4065
1/23/2023 1:18,3594
1/23/2023 1:18,3803
1/23/2023 1:19,3927
1/23/2023 1:19,3856
1/23/2023 1:20,3662
1/23/2023 1:20,3394
1/23/2023 1:21,3862
1/23/2023 1:21,3973
1/23/2023 1:22,3758
1/23/2023 1:22,3829
1/23/2023 1:23,3704
1/23/2023 1:23,3480
1/23/2023 1:24,3666
1/23/2023 1:24,3544
1/23/2023 1:25,3689
1/23/2023 1:25,3758
1/23/2023 1:26,4065
1/23/2023 1:26,3854
1/23/2023 1:27,3553
1/23/2023 1:27,3534
1/23/2023 1:28,3327
1/23/2023 1:28,3551
1/23/2023 1:29,3358
1/23/2023 1:29,3462
1/23/2023 1:30,3945
1/23/2023 1:30,3689
1/23/2023 1:31,3537
1/23/2023 1:31,3455
1/23/2023 1:32,4020
1/23/2023 1:32,3604
1/23/2023 1:33,3741
1/23/2023 1:33,3687
1/23/2023 1:34,3712
1/23/2023 1:34,3654
1/23/2023 1:35,3604
1/23/2023 1:35,3621
1/23/2023 1:36,3511
1/23/2023 1:36,3347
1/23/2023 1:37,3530
1/23/2023 1:37,3748
1/23/2023 1:38,3756
1/23/2023 1:38,3420
1/23/2023 1:39,4085
1/23/2023 1:40,3455
1/23/2023 1:40,3758
1/23/2023 1:41,3827
1/23/2023 1:41,3384
1/23/2023 1:42,3568
1/23/2023 1:42,3662
1/23/2023 1:43,3854
1/23/2023 1:43,3672
1/23/2023 1:44,3628
1/23/2023 1:44,4019
1/23/2023 1:45,3776
1/23/2023 1:45,3511
1/23/2023 1:46,3809
1/23/2023 1:46,3972
1/23/2023 1:47,3596
1/23/2023 1:47,3768
1/23/2023 1:48,3750
1/23/2023 1:48,3774
1/23/2023 1:49,3400
1/23/2023 1:49,3478
1/23/2023 1:50,3537
1/23/2023 1:50,3706
1/23/2023 1:51,3645
1/23/2023 1:51,3587
1/23/2023 1:52,3723
1/23/2023 1:52,3955
1/23/2023 1:53,3963
1/23/2023 1:53,3374
1/23/2023 1:54,3917
1/23/2023 1:54,3766
1/23/2023 1:55,3652
1/23/2023 1:55,3866
1/23/2023 1:56,3723
1/23/2023 1:56,3801
1/23/2023 1:57,3774
1/23/2023 1:57,3748
1/23/2023 1:58,3862
1/23/2023 1:58,3544
1/23/2023 1:59,3793
1/23/2023 1:59,3429
1/23/2023 2:00,3935
1/23/2023 2:00,4140
1/23/2023 2:01,3628
1/23/2023 2:01,3687
1/23/2023 2:02,3872
1/23/2023 2:02,3440
1/23/2023 2:03,4083
1/23/2023 2:03,3618
1/23/2023 2:04,3764
1/23/2023 2:04,3462
1/23/2023 2:05,3652
1/23/2023 2:05,3774
1/23/2023 2:06,3666
1/23/2023 2:07,3897
1/23/2023 2:07,3801
1/23/2023 2:08,3817
1/23/2023 2:08,3723
1/23/2023 2:09,3469
1/23/2023 2:09,3748
1/23/2023 2:10,3672
1/23/2023 2:10,3637
1/23/2023 2:11,3343
1/23/2023 2:11,3315
1/23/2023 2:12,3801
1/23/2023 2:12,3349
1/23/2023 2:13,4009
1/23/2023 2:13,3672
1/23/2023 2:14,3731
1/23/2023 2:14,3318
1/23/2023 2:15,3628
1/23/2023 2:15,3591
1/23/2023 2:16,3544
1/23/2023 2:16,3566
1/23/2023 2:17,3645
1/23/2023 2:17,3594
1/23/2023 2:18,4026
1/23/2023 2:18,3664
1/23/2023 2:19,3864
1/23/2023 2:19,3587
1/23/2023 2:20,3501
1/23/2023 2:20,3915
1/23/2023 2:21,3696
1/23/2023 2:21,3626
1/23/2023 2:22,3634
1/23/2023 2:22,3756
1/23/2023 2:23,3534
1/23/2023 2:23,3837
1/23/2023 2:24,4040
1/23/2023 2:24,3594
1/23/2023 2:25,3668
1/23/2023 2:25,3862
1/23/2023 2:26,3584
1/23/2023 2:26,3546
1/23/2023 2:27,3693
1/23/2023 2:27,3972
1/23/2023 2:28,3702
1/23/2023 2:28,3537
1/23/2023 2:29,3845
1/23/2023 2:29,3594
1/23/2023 2:30,3712
1/23/2023 2:30,4056
1/23/2023 2:31,3349
1/23/2023 2:31,3527
1/23/2023 2:32,3698
1/23/2023 2:32,3657
1/23/2023 2:33,3478
1/23/2023 2:34,3626
1/23/2023 2:34,3679
1/23/2023 2:35,3518
1/23/2023 2:35,3714
1/23/2023 2:36,4092
1/23/2023 2:36,3856
1/23/2023 2:37,3413
1/23/2023 2:37,3962
1/23/2023 2:38,3568
1/23/2023 2:38,3513
1/23/2023 2:39,3628
1/23/2023 2:39,4063
1/23/2023 2:40,3324
1/23/2023 2:40,3594
1/23/2023 2:41,3900
1/23/2023 2:41,3652
1/23/2023 2:42,3594
1/23/2023 2:42,3716
1/23/2023 2:43,3572
1/23/2023 2:43,3687
1/23/2023 2:44,3853
1/23/2023 2:44,3774
1/23/2023 2:45,4073
1/23/2023 2:45,3534
1/23/2023 2:46,3520
1/23/2023 2:46,3694
1/23/2023 2:47,3687
1/23/2023 2:47,3635
1/23/2023 2:48,3311
1/23/2023 2:48,3995
1/23/2023 2:49,3696
1/23/2023 2:49,4046
1/23/2023 2:50,3953
1/23/2023 2:50,3497
1/23/2023 2:51,3970
1/23/2023 2:51,3962
1/23/2023 2:52,3606
1/23/2023 2:52,3988
1/23/2023 2:53,3390
1/23/2023 2:53,3781
1/23/2023 2:54,3504
1/23/2023 2:54,3827
1/23/2023 2:55,3980
1/23/2023 2:55,3561
1/23/2023 2:56,3687
1/23/2023 2:56,3963
1/23/2023 2:57,3577
1/23/2023 2:57,3621
1/23/2023 2:58,3840
1/23/2023 2:58,3848
1/23/2023 2:59,3604
1/23/2023 2:59,3748
1/23/2023 3:00,3563
1/23/2023 3:01,3520
1/23/2023 3:01,3793
1/23/2023 3:02,3827
1/23/2023 3:02,3551
1/23/2023 3:03,3561
1/23/2023 3:03,4037
1/23/2023 3:04,3324
1/23/2023 3:04,3679
1/23/2023 3:05,3960
1/23/2023 3:05,3592
1/23/2023 3:06,3501
1/23/2023 3:06,3358
1/23/2023 3:07,3492
1/23/2023 3:07,3611
1/23/2023 3:08,3513
1/23/2023 3:08,4027
1/23/2023 3:09,3570
1/23/2023 3:09,3908
1/23/2023 3:10,3324
1/23/2023 3:10,3504
1/23/2023 3:11,3635
1/23/2023 3:11,3711
1/23/2023 3:12,3381
1/23/2023 3:12,3534
1/23/2023 3:13,3542
1/23/2023 3:13,3635
1/23/2023 3:14,3408
1/23/2023 3:14,3943
1/23/2023 3:15,3452
1/23/2023 3:15,4237
1/23/2023 3:16,3972
1/23/2023 3:16,3854
1/23/2023 3:17,3748
1/23/2023 3:17,3459
1/23/2023 3:18,3333
1/23/2023 3:18,3618
1/23/2023 3:19,3511
1/23/2023 3:19,3349
1/23/2023 3:20,3542
1/23/2023 3:20,4050
1/23/2023 3:21,3723
1/23/2023 3:21,3783
1/23/2023 3:22,3492
1/23/2023 3:22,3704
1/23/2023 3:23,4036
1/23/2023 3:23,3632
1/23/2023 3:24,3835
1/23/2023 3:24,3809
1/23/2023 3:25,3660
1/23/2023 3:25,3917
1/23/2023 3:26,3394
1/23/2023 3:26,3511
1/23/2023 3:27,3988
1/23/2023 3:28,3764
1/23/2023 3:28,3553
1/23/2023 3:29,3587
1/23/2023 3:29,3781
1/23/2023 3:30,3925
1/23/2023 3:30,3604
1/23/2023 3:31,3553
1/23/2023 3:31,4000
1/23/2023 3:32,3739
1/23/2023 3:32,3577
1/23/2023 3:33,3492
1/23/2023 3:33,3534
1/23/2023 3:34,3963
1/23/2023 3:34,4102
1/23/2023 3:35,3469
1/23/2023 3:35,3293
1/23/2023 3:36,3601
1/23/2023 3:36,3358
1/23/2023 3:37,3222
1/23/2023 3:37,3590
1/23/2023 3:38,3999
1/23/2023 3:38,3577
1/23/2023 3:39,3508
1/23/2023 3:39,3731
1/23/2023 3:40,3537
1/23/2023 3:40,3580
1/23/2023 3:41,3970
1/23/2023 3:41,3558
1/23/2023 3:42,3585
1/23/2023 3:42,3669
1/23/2023 3:43,3618
1/23/2023 3:43,3990
1/23/2023 3:44,3388
1/23/2023 3:44,4092
1/23/2023 3:45,3791
1/23/2023 3:45,3286
1/23/2023 3:46,3601
1/23/2023 3:46,3618
1/23/2023 3:47,3825
1/23/2023 3:47,3277
1/23/2023 3:48,3696
1/23/2023 3:48,4047
1/23/2023 3:49,4027
1/23/2023 3:49,4055
1/23/2023 3:50,3843
1/23/2023 3:50,4160
1/23/2023 3:51,3978
1/23/2023 3:51,3791
1/23/2023 3:52,3972
1/23/2023 3:52,3725
1/23/2023 3:53,3652
1/23/2023 3:54,4016
1/23/2023 3:54,3748
1/23/2023 3:55,3462
1/23/2023 3:55,3635
1/23/2023 3:56,3645
1/23/2023 3:56,4065
1/23/2023 3:57,3746
1/23/2023 3:57,3721
1/23/2023 3:58,3694
1/23/2023 3:58,4004
1/23/2023 3:59,3628
1/23/2023 3:59,3527
1/23/2023 4:00,3746
1/23/2023 4:00,3677
1/23/2023 4:01,3585
1/23/2023 4:01,3645
1/23/2023 4:02,3501
1/23/2023 4:02,3527
1/23/2023 4:03,3698
1/23/2023 4:03,3630
1/23/2023 4:04,3635
1/23/2023 4:04,3853
1/23/2023 4:05,3797
1/23/2023 4:05,3879
1/23/2023 4:06,3404
1/23/2023 4:06,3721
1/23/2023 4:07,3594
1/23/2023 4:07,3908
1/23/2023 4:08,3766
1/23/2023 4:08,3899
1/23/2023 4:09,3854
1/23/2023 4:09,3696
1/23/2023 4:10,3594
1/23/2023 4:10,3429
1/23/2023 4:11,3551
1/23/2023 4:11,3568
1/23/2023 4:12,3637
1/23/2023 4:12,3731
1/23/2023 4:13,3764
1/23/2023 4:13,3534
1/23/2023 4:14,3669
1/23/2023 4:14,3618
1/23/2023 4:15,3618
1/23/2023 4:15,3537
1/23/2023 4:16,3756
1/23/2023 4:16,3933
1/23/2023 4:17,3774
1/23/2023 4:17,3637
1/23/2023 4:18,3568
1/23/2023 4:18,3324
1/23/2023 4:19,3660
1/23/2023 4:19,3706
1/23/2023 4:20,3429
1/23/2023 4:21,3643
1/23/2023 4:21,3861
1/23/2023 4:22,3577
1/23/2023 4:22,4026
1/23/2023 4:23,3809
1/23/2023 4:23,3561
1/23/2023 4:24,3712
1/23/2023 4:24,3643
1/23/2023 4:25,3537
1/23/2023 4:25,3594
1/23/2023 4:26,3662
1/23/2023 4:26,3534
1/23/2023 4:27,3923
1/23/2023 4:27,3791
1/23/2023 4:28,3980
1/23/2023 4:28,3746
1/23/2023 4:29,3889
1/23/2023 4:29,3756
1/23/2023 4:30,3714
1/23/2023 4:30,3592
1/23/2023 4:31,3501
1/23/2023 4:31,3999
1/23/2023 4:32,3719
1/23/2023 4:32,3397
1/23/2023 4:33,3660
1/23/2023 4:33,3799
1/23/2023 4:34,3696
1/23/2023 4:34,3501
1/23/2023 4:35,3618
1/23/2023 4:35,3594
1/23/2023 4:36,3756
1/23/2023 4:36,3480
1/23/2023 4:37,3443
1/23/2023 4:37,4044
1/23/2023 4:38,3485
1/23/2023 4:38,4160
1/23/2023 4:39,3799
1/23/2023 4:39,3667
1/23/2023 4:40,3594
1/23/2023 4:40,3758
1/23/2023 4:41,3887
1/23/2023 4:41,3704
1/23/2023 4:42,3604
1/23/2023 4:42,3494
1/23/2023 4:43,3388
1/23/2023 4:43,3746
1/23/2023 4:44,3582
1/23/2023 4:44,4101
1/23/2023 4:45,3466
1/23/2023 4:45,3627
1/23/2023 4:46,3687
1/23/2023 4:46,3774
1/23/2023 4:47,3628
1/23/2023 4:48,3819
1/23/2023 4:48,3662
1/23/2023 4:49,3532
1/23/2023 4:49,3754
1/23/2023 4:50,3687
1/23/2023 4:50,3739
1/23/2023 4:51,3558
1/23/2023 4:51,3781
1/23/2023 4:52,3494
1/23/2023 4:52,3621
1/23/2023 4:53,3750
1/23/2023 4:53,3246
1/23/2023 4:54,3693
1/23/2023 4:54,3448
1/23/2023 4:55,3443
1/23/2023 4:55,3459
1/23/2023 4:56,3854
1/23/2023 4:56,3542
1/23/2023 4:57,3577
1/23/2023 4:57,3639
1/23/2023 4:58,3497
1/23/2023 4:58,3404
1/23/2023 4:59,3369
1/23/2023 4:59,3331
1/23/2023 5:00,3476
1/23/2023 5:00,3499
1/23/2023 5:01,3799
1/23/2023 5:01,3777
1/23/2023 5:02,3551
1/23/2023 5:02,3652
1/23/2023 5:03,3746
1/23/2023 5:03,3862
1/23/2023 5:04,4066
1/23/2023 5:04,3739
1/23/2023 5:05,4230
1/23/2023 5:05,3542
1/23/2023 5:06,3980
1/23/2023 5:06,3864
1/23/2023 5:07,4257
1/23/2023 5:07,3880
1/23/2023 5:08,4083
1/23/2023 5:08,3962
1/23/2023 5:09,4130
1/23/2023 5:09,4055
1/23/2023 5:10,3999
1/23/2023 5:10,4306
1/23/2023 5:11,3948
1/23/2023 5:11,4236
1/23/2023 5:12,3766
1/23/2023 5:12,3980
1/23/2023 5:13,3776
1/23/2023 5:13,3963
1/23/2023 5:14,3854
1/23/2023 5:15,4447
1/23/2023 5:15,3908
1/23/2023 5:16,3933
1/23/2023 5:16,4316
1/23/2023 5:17,4019
1/23/2023 5:17,4396
1/23/2023 5:18,4037
1/23/2023 5:18,4024
1/23/2023 5:19,4140
1/23/2023 5:19,4046
1/23/2023 5:20,4121
1/23/2023 5:20,4113
1/23/2023 5:21,3899
1/23/2023 5:21,3801
1/23/2023 5:22,3990
1/23/2023 5:22,4530
1/23/2023 5:23,4029
1/23/2023 5:23,4417
1/23/2023 5:24,4246
1/23/2023 5:24,4246
1/23/2023 5:25,3943
1/23/2023 5:25,3927
1/23/2023 5:26,3936
1/23/2023 5:26,4286
1/23/2023 5:27,4130
1/23/2023 5:27,4197
1/23/2023 5:28,4073
1/23/2023 5:28,4055
1/23/2023 5:29,4207
1/23/2023 5:29,4036
1/23/2023 5:30,4218
1/23/2023 5:30,4157
1/23/2023 5:31,4019
1/23/2023 5:31,4427
1/23/2023 5:32,3890
1/23/2023 5:32,3982
1/23/2023 5:33,4073
1/23/2023 5:33,4009
1/23/2023 5:34,4406
1/23/2023 5:34,4044
1/23/2023 5:35,4009
1/23/2023 5:35,4075
1/23/2023 5:36,3907
1/23/2023 5:36,4019
1/23/2023 5:37,4396
1/23/2023 5:37,4092
1/23/2023 5:38,3999
1/23/2023 5:38,3982
1/23/2023 5:39,3925
1/23/2023 5:39,4256
1/23/2023 5:40,4179
1/23/2023 5:40,3946
1/23/2023 5:41,3827
1/23/2023 5:42,4009
1/23/2023 5:42,4132
1/23/2023 5:43,3962
1/23/2023 5:43,3694
1/23/2023 5:44,3933
1/23/2023 5:44,4276
1/23/2023 5:45,3960
1/23/2023 5:45,3835
1/23/2023 5:46,4190
1/23/2023 5:46,3962
1/23/2023 5:47,4295
1/23/2023 5:47,4065
1/23/2023 5:48,4121
1/23/2023 5:48,4017
1/23/2023 5:49,4075
1/23/2023 5:49,4276
1/23/2023 5:50,4047
1/23/2023 5:50,4478
1/23/2023 5:51,4066
1/23/2023 5:51,4189
1/23/2023 5:52,4276
1/23/2023 5:52,4149
1/23/2023 5:53,3783
1/23/2023 5:53,4625
1/23/2023 5:54,4211
1/23/2023 5:54,4287
1/23/2023 5:55,4104
1/23/2023 5:55,4111
1/23/2023 5:56,4316
1/23/2023 5:56,4140
1/23/2023 5:57,4366
1/23/2023 5:57,4036
1/23/2023 5:58,4326
1/23/2023 5:58,3943
1/23/2023 5:59,3635
1/23/2023 5:59,3829
1/23/2023 6:00,4498
1/23/2023 6:00,4376
1/23/2023 6:01,4396
1/23/2023 6:01,4036
1/23/2023 6:02,3731
1/23/2023 6:02,4000
1/23/2023 6:03,3917
1/23/2023 6:03,4009
1/23/2023 6:04,4066
1/23/2023 6:04,4017
1/23/2023 6:05,4065
1/23/2023 6:05,4149
1/23/2023 6:06,3918
1/23/2023 6:06,4160
1/23/2023 6:07,4427
1/23/2023 6:07,3879
1/23/2023 6:08,3980
1/23/2023 6:09,4551
1/23/2023 6:09,4083
1/23/2023 6:10,3917
1/23/2023 6:10,3846
1/23/2023 6:11,4295
1/23/2023 6:11,3739
1/23/2023 6:12,4540
1/23/2023 6:12,4121
1/23/2023 6:13,3654
1/23/2023 6:13,3925
1/23/2023 6:14,3871
1/23/2023 6:14,4147
1/23/2023 6:15,4139
1/23/2023 6:15,3977
1/23/2023 6:16,3943
1/23/2023 6:16,4055
1/23/2023 6:17,4160
1/23/2023 6:17,4111
1/23/2023 6:18,4218
1/23/2023 6:18,4149
1/23/2023 6:19,4170
1/23/2023 6:19,4047
1/23/2023 6:20,4065
1/23/2023 6:20,3982
1/23/2023 6:21,4065
1/23/2023 6:21,3945
1/23/2023 6:22,4019
1/23/2023 6:22,3721
1/23/2023 6:23,4427
1/23/2023 6:23,3889
1/23/2023 6:24,3889
1/23/2023 6:24,4247
1/23/2023 6:25,4188
1/23/2023 6:25,4246
1/23/2023 6:26,3809
1/23/2023 6:26,4027
1/23/2023 6:27,4140
1/23/2023 6:27,4396
1/23/2023 6:28,4376
1/23/2023 6:28,4346
1/23/2023 6:29,3962
1/23/2023 6:29,3962
1/23/2023 6:30,4207
1/23/2023 6:30,4111
1/23/2023 6:31,4130
1/23/2023 6:31,3669
1/23/2023 6:32,4364
1/23/2023 6:32,3963
1/23/2023 6:33,4337
1/23/2023 6:33,4217
1/23/2023 6:34,4009
1/23/2023 6:34,4227
1/23/2023 6:35,4121
1/23/2023 6:36,4065
1/23/2023 6:36,3862
1/23/2023 6:37,4208
1/23/2023 6:37,4207
1/23/2023 6:38,3990
1/23/2023 6:38,3990
1/23/2023 6:39,4326
1/23/2023 6:39,3953
1/23/2023 6:40,4169
1/23/2023 6:40,3721
1/23/2023 6:41,4075
1/23/2023 6:41,4368
1/23/2023 6:42,4027
1/23/2023 6:42,4237
1/23/2023 6:43,4075
1/23/2023 6:43,4257
1/23/2023 6:44,4140
1/23/2023 6:44,4102
1/23/2023 6:45,4036
1/23/2023 6:45,4316
1/23/2023 6:46,4356
1/23/2023 6:46,4228
1/23/2023 6:47,4138
1/23/2023 6:47,4198
1/23/2023 6:48,4315
1/23/2023 6:48,4227
1/23/2023 6:49,4498
1/23/2023 6:49,4198
1/23/2023 6:50,4295
1/23/2023 6:50,4217
1/23/2023 6:51,4044
1/23/2023 6:51,4046
1/23/2023 6:52,4286
1/23/2023 6:52,4316
1/23/2023 6:53,4140
1/23/2023 6:53,4102
1/23/2023 6:54,4276
1/23/2023 6:54,4346
1/23/2023 6:55,3880
1/23/2023 6:55,4447
1/23/2023 6:56,4092
1/23/2023 6:56,3988
1/23/2023 6:57,4266
1/23/2023 6:57,4075
1/23/2023 6:58,4055
1/23/2023 6:58,3945
1/23/2023 6:59,4197
1/23/2023 6:59,4102
1/23/2023 7:00,4246
1/23/2023 7:00,4124
1/23/2023 7:01,4017
1/23/2023 7:01,4179
1/23/2023 7:02,3999
1/23/2023 7:03,4151
1/23/2023 7:03,4036
1/23/2023 7:04,4121
1/23/2023 7:04,4083
1/23/2023 7:05,4102
1/23/2023 7:05,3923
1/23/2023 7:06,4218
1/23/2023 7:06,4111
1/23/2023 7:07,3799
1/23/2023 7:07,4188
1/23/2023 7:08,4246
1/23/2023 7:08,3948
1/23/2023 7:09,4237
1/23/2023 7:09,4227
1/23/2023 7:10,4198
1/23/2023 7:10,3825
1/23/2023 7:11,3897
1/23/2023 7:11,4307
1/23/2023 7:12,3980
1/23/2023 7:12,4139
1/23/2023 7:13,4149
1/23/2023 7:13,3999
1/23/2023 7:14,4177
1/23/2023 7:14,4111
1/23/2023 7:15,4046
1/23/2023 7:15,4102
1/23/2023 7:16,3781
1/23/2023 7:16,4102
1/23/2023 7:17,4336
1/23/2023 7:17,4385
1/23/2023 7:18,3899
1/23/2023 7:18,4744
1/23/2023 7:19,4009
1/23/2023 7:19,4065
1/23/2023 7:20,4162
1/23/2023 7:20,4179
1/23/2023 7:21,3925
1/23/2023 7:21,4046
1/23/2023 7:22,4102
1/23/2023 7:22,3925
1/23/2023 7:23,3972
1/23/2023 7:23,4111
1/23/2023 7:24,4237
1/23/2023 7:24,3983
1/23/2023 7:25,4094
1/23/2023 7:25,3972
1/23/2023 7:26,4019
1/23/2023 7:26,4056
1/23/2023 7:27,3801
1/23/2023 7:27,4237
1/23/2023 7:28,4218
1/23/2023 7:28,3803
1/23/2023 7:29,3908
1/23/2023 7:30,3973
1/23/2023 7:30,3953
1/23/2023 7:31,4149
1/23/2023 7:31,4149
1/23/2023 7:32,3980
1/23/2023 7:32,3943
1/23/2023 7:33,4197
1/23/2023 7:33,4326
1/23/2023 7:34,4113
1/23/2023 7:34,4113
1/23/2023 7:35,3838
1/23/2023 7:35,4065
1/23/2023 7:36,3955
1/23/2023 7:36,4121
1/23/2023 7:37,4113
1/23/2023 7:37,4083
1/23/2023 7:38,4266
1/23/2023 7:38,3980
1/23/2023 7:39,4406
1/23/2023 7:39,4211
1/23/2023 7:40,4017
1/23/2023 7:40,4113
1/23/2023 7:41,4046
1/23/2023 7:41,3880
1/23/2023 7:42,4367
1/23/2023 7:42,3791
1/23/2023 7:43,4017
1/23/2023 7:43,4036
1/23/2023 7:44,3982
1/23/2023 7:44,3963
1/23/2023 7:45,4102
1/23/2023 7:45,4151
1/23/2023 7:46,4010
1/23/2023 7:46,4029
1/23/2023 7:47,4376
1/23/2023 7:47,4132
1/23/2023 7:48,4003
1/23/2023 7:48,4037
1/23/2023 7:49,4009
1/23/2023 7:49,4327
1/23/2023 7:50,4037
1/23/2023 7:50,3925
1/23/2023 7:51,3899
1/23/2023 7:51,4027
1/23/2023 7:52,3890
1/23/2023 7:52,4001
1/23/2023 7:53,4059
1/23/2023 7:53,3917
1/23/2023 7:54,3907
1/23/2023 7:54,3827
1/23/2023 7:55,4102
1/23/2023 7:55,3811
1/23/2023 7:56,3908
1/23/2023 7:57,4102
1/23/2023 7:57,4246
1/23/2023 7:58,4055
1/23/2023 7:58,3650
1/23/2023 7:59,4247
1/23/2023 7:59,3982
1/23/2023 8:00,3963
1/23/2023 8:00,3890
1/23/2023 8:01,4094
1/23/2023 8:01,4367
1/23/2023 8:02,4046
1/23/2023 8:02,4307
1/23/2023 8:03,4029
1/23/2023 8:03,3819
1/23/2023 8:04,4094
1/23/2023 8:04,4113
1/23/2023 8:05,3791
1/23/2023 8:05,4067
1/23/2023 8:06,4009
1/23/2023 8:06,4179
1/23/2023 8:07,4140
1/23/2023 8:07,4036
1/23/2023 8:08,4092
1/23/2023 8:08,4066
1/23/2023 8:09,4019
1/23/2023 8:09,4083
1/23/2023 8:10,4094
1/23/2023 8:10,3908
1/23/2023 8:11,4160
1/23/2023 8:11,4037
1/23/2023 8:12,4000
1/23/2023 8:12,3927
1/23/2023 8:13,4218
1/23/2023 8:13,4356
1/23/2023 8:14,4169
1/23/2023 8:14,4010
1/23/2023 8:15,3965
1/23/2023 8:15,3936
1/23/2023 8:16,3819
1/23/2023 8:16,3927
1/23/2023 8:17,4104
1/23/2023 8:17,3945
1/23/2023 8:18,3978
1/23/2023 8:18,4010
1/23/2023 8:19,4198
1/23/2023 8:19,4208
1/23/2023 8:20,4065
1/23/2023 8:20,4039
1/23/2023 8:21,4056
1/23/2023 8:21,3791
1/23/2023 8:22,3910
1/23/2023 8:23,4036
1/23/2023 8:23,4114
1/23/2023 8:24,4307
1/23/2023 8:24,4228
1/23/2023 8:25,3990
1/23/2023 8:25,4179
1/23/2023 8:26,4219
1/23/2023 8:26,3997
1/23/2023 8:27,4218
1/23/2023 8:27,4169
1/23/2023 8:28,4047
1/23/2023 8:28,3908
1/23/2023 8:29,4145
1/23/2023 8:29,4027
1/23/2023 8:30,4092
1/23/2023 8:30,4065
1/23/2023 8:31,4102
1/23/2023 8:31,4019
1/23/2023 8:32,3963
1/23/2023 8:32,3899
1/23/2023 8:33,4276
1/23/2023 8:33,3714
1/23/2023 8:34,3783
1/23/2023 8:34,4130
1/23/2023 8:35,3890
1/23/2023 8:35,4287
1/23/2023 8:36,4110
1/23/2023 8:36,4316
1/23/2023 8:37,3990
1/23/2023 8:37,4113
1/23/2023 8:38,3837
1/23/2023 8:38,4104
1/23/2023 8:39,4207
1/23/2023 8:39,3982
1/23/2023 8:40,3935
1/23/2023 8:40,3811
1/23/2023 8:41,3890
1/23/2023 8:41,3766
1/23/2023 8:42,4037
1/23/2023 8:42,3980
1/23/2023 8:43,3955
1/23/2023 8:43,3819
1/23/2023 8:44,3829
1/23/2023 8:44,4094
1/23/2023 8:45,4123
1/23/2023 8:45,4188
1/23/2023 8:46,4037
1/23/2023 8:46,3908
1/23/2023 8:47,4121
1/23/2023 8:47,4027
1/23/2023 8:48,3925
1/23/2023 8:48,4009
1/23/2023 8:49,3927
1/23/2023 8:50,3982
1/23/2023 8:50,4019
1/23/2023 8:51,3838
1/23/2023 8:51,4366
1/23/2023 8:52,4180
1/23/2023 8:52,4029
1/23/2023 8:53,3935
1/23/2023 8:53,4189
1/23/2023 8:54,4267
1/23/2023 8:54,3945
1/23/2023 8:55,3809
1/23/2023 8:55,3829
1/23/2023 8:56,3553
1/23/2023 8:56,3750
1/23/2023 8:57,3654
1/23/2023 8:57,3953
1/23/2023 8:58,3689
1/23/2023 8:58,3972
1/23/2023 8:59,4094
1/23/2023 8:59,4160
1/23/2023 9:00,4218
1/23/2023 9:00,4160
1/23/2023 9:01,3846
1/23/2023 9:01,3827
1/23/2023 9:02,3945
1/23/2023 9:02,3793
1/23/2023 9:03,3662
1/23/2023 9:03,4000
1/23/2023 9:04,3829
1/23/2023 9:04,3733
1/23/2023 9:05,3785
1/23/2023 9:05,4217
1/23/2023 9:06,4094
1/23/2023 9:06,4029
1/23/2023 9:07,4123
1/23/2023 9:07,4142
1/23/2023 9:08,4130
1/23/2023 9:08,3992
1/23/2023 9:09,3908
1/23/2023 9:09,4178
1/23/2023 9:10,4258
1/23/2023 9:10,3890
1/23/2023 9:11,3601
1/23/2023 9:11,3889
1/23/2023 9:12,4228
1/23/2023 9:12,3846
1/23/2023 9:13,3927
1/23/2023 9:13,3890
1/23/2023 9:14,3852
1/23/2023 9:14,3908
1/23/2023 9:15,4199
1/23/2023 9:15,4208
1/23/2023 9:16,3953
1/23/2023 9:17,3706
1/23/2023 9:17,3955
1/23/2023 9:18,4055
1/23/2023 9:18,4056
1/23/2023 9:19,4037
1/23/2023 9:19,3892
1/23/2023 9:20,3766
1/23/2023 9:20,3679
1/23/2023 9:21,3993
1/23/2023 9:21,3801
1/23/2023 9:22,3829
1/23/2023 9:22,3862
1/23/2023 9:23,4104
1/23/2023 9:23,4029
1/23/2023 9:24,3892
1/23/2023 9:24,3513
1/23/2023 9:25,3805
1/23/2023 9:25,4019
1/23/2023 9:26,4113
1/23/2023 9:26,3819
1/23/2023 9:27,4047
1/23/2023 9:27,3821
1/23/2023 9:28,3856
1/23/2023 9:28,3953
1/23/2023 9:29,3955
1/23/2023 9:29,3827
1/23/2023 9:30,3811
1/23/2023 9:30,4010
1/23/2023 9:31,3884
1/23/2023 9:31,3811
1/23/2023 9:32,4228
1/23/2023 9:32,3983
1/23/2023 9:33,3992
1/23/2023 9:33,4075
1/23/2023 9:34,3815
1/23/2023 9:34,3846
1/23/2023 9:35,3953
1/23/2023 9:35,4029
1/23/2023 9:36,3829
1/23/2023 9:36,3900
1/23/2023 9:37,3846
1/23/2023 9:37,3666
1/23/2023 9:38,3908
1/23/2023 9:38,3570
1/23/2023 9:39,3853
1/23/2023 9:39,3953
1/23/2023 9:40,3654
1/23/2023 9:40,3846
1/23/2023 9:41,3829
1/23/2023 9:41,3741
1/23/2023 9:42,3487
1/23/2023 9:42,4055
1/23/2023 9:43,3570
1/23/2023 9:44,3733
1/23/2023 9:44,4102
1/23/2023 9:45,3549
1/23/2023 9:45,3900
1/23/2023 9:46,3837
1/23/2023 9:46,3563
1/23/2023 9:47,4199
1/23/2023 9:47,4113
1/23/2023 9:48,3918
1/23/2023 9:48,3838
1/23/2023 9:49,3819
1/23/2023 9:49,3698
1/23/2023 9:50,3928
1/23/2023 9:50,3731
1/23/2023 9:51,3963
1/23/2023 9:51,3609
1/23/2023 9:52,4075
1/23/2023 9:52,4189
1/23/2023 9:53,3892
1/23/2023 9:53,3882
1/23/2023 9:54,4056
1/23/2023 9:54,3750
1/23/2023 9:55,3628
1/23/2023 9:55,3689
1/23/2023 9:56,3731
1/23/2023 9:56,3899
1/23/2023 9:57,3992
1/23/2023 9:57,3931
1/23/2023 9:58,3819
1/23/2023 9:58,3848
1/23/2023 9:59,3930
1/23/2023 9:59,3927
1/23/2023 10:00,3935
1/23/2023 10:00,4113
1/23/2023 10:01,3760
1/23/2023 10:01,3864
1/23/2023 10:02,3706
1/23/2023 10:02,4075
1/23/2023 10:03,3829
1/23/2023 10:03,4019
1/23/2023 10:04,3544
1/23/2023 10:04,3955
1/23/2023 10:05,3637
1/23/2023 10:05,3613
1/23/2023 10:06,3758
1/23/2023 10:06,3760
1/23/2023 10:07,3910
1/23/2023 10:07,3570
1/23/2023 10:08,3935
1/23/2023 10:08,4029
1/23/2023 10:09,3948
1/23/2023 10:09,3882
1/23/2023 10:10,4277
1/23/2023 10:11,4016
1/23/2023 10:11,3928
1/23/2023 10:12,4170
1/23/2023 10:12,4001
1/23/2023 10:13,4004
1/23/2023 10:13,3890
1/23/2023 10:14,3678
1/23/2023 10:14,3985
1/23/2023 10:15,3743
1/23/2023 10:15,4161
1/23/2023 10:16,3698
1/23/2023 10:16,3537
1/23/2023 10:17,3982
1/23/2023 10:17,3938
1/23/2023 10:18,3799
1/23/2023 10:18,4030
1/23/2023 10:19,4378
1/23/2023 10:19,4124
1/23/2023 10:20,4076
1/23/2023 10:20,4077
1/23/2023 10:21,4132
1/23/2023 10:21,4009
1/23/2023 10:22,4288
1/23/2023 10:22,3908
1/23/2023 10:23,4238
1/23/2023 10:23,4408
1/23/2023 10:24,4219
1/23/2023 10:24,4337
1/23/2023 10:25,4095
1/23/2023 10:25,4066
1/23/2023 10:26,4219
1/23/2023 10:26,4427
1/23/2023 10:27,4190
1/23/2023 10:27,3872
1/23/2023 10:28,4367
1/23/2023 10:28,4268
1/23/2023 10:29,4711
1/23/2023 10:29,4593
1/23/2023 10:30,4469
1/23/2023 10:30,4327
1/23/2023 10:31,4541
1/23/2023 10:31,4338
1/23/2023 10:32,4562
1/23/2023 10:32,4152
1/23/2023 10:33,4268
1/23/2023 10:33,4583
1/23/2023 10:34,4500
1/23/2023 10:34,4358
1/23/2023 10:35,4489
1/23/2023 10:35,4299
1/23/2023 10:36,4307
1/23/2023 10:37,4479
1/23/2023 10:37,4593
1/23/2023 10:38,4479
1/23/2023 10:38,4458
1/23/2023 10:39,4943
1/23/2023 10:39,4398
1/23/2023 10:40,4842
1/23/2023 10:40,4291
1/23/2023 10:41,4625
1/23/2023 10:41,4646
1/23/2023 10:42,4307
1/23/2023 10:42,4317
1/23/2023 10:43,4459
1/23/2023 10:43,4316
1/23/2023 10:44,4573
1/23/2023 10:44,4347
1/23/2023 10:45,4458
1/23/2023 10:45,4192
1/23/2023 10:46,4593
1/23/2023 10:46,4181
1/23/2023 10:47,4049
1/23/2023 10:47,4248
1/23/2023 10:48,4479
1/23/2023 10:48,4448
1/23/2023 10:49,4449
1/23/2023 10:49,4573
1/23/2023 10:50,4689
1/23/2023 10:50,4932
1/23/2023 10:51,4932
1/23/2023 10:51,4636
1/23/2023 10:52,4625
1/23/2023 10:52,4249
1/23/2023 10:53,4398
1/23/2023 10:53,4500
1/23/2023 10:54,4438
1/23/2023 10:54,4657
1/23/2023 10:55,4500
1/23/2023 10:55,4722
1/23/2023 10:56,4562
1/23/2023 10:56,4583
1/23/2023 10:57,4378
1/23/2023 10:57,4820
1/23/2023 10:58,4876
1/23/2023 10:58,4593
1/23/2023 10:59,4636
1/23/2023 10:59,4820
1/23/2023 11:00,4809
1/23/2023 11:00,4700
1/23/2023 11:01,4978
1/23/2023 11:01,4551
1/23/2023 11:02,4966
1/23/2023 11:02,4479
1/23/2023 11:03,4572
1/23/2023 11:04,4636
1/23/2023 11:04,4171
1/23/2023 11:05,4820
1/23/2023 11:05,4809
1/23/2023 11:06,4604
1/23/2023 11:06,4831
1/23/2023 11:07,4583
1/23/2023 11:07,4809
1/23/2023 11:08,4593
1/23/2023 11:08,4732
1/23/2023 11:09,4732
1/23/2023 11:09,4887
1/23/2023 11:10,4636
1/23/2023 11:10,4689
1/23/2023 11:11,4604
1/23/2023 11:11,4496
1/23/2023 11:12,4572
1/23/2023 11:12,4646
1/23/2023 11:13,4227
1/23/2023 11:13,4489
1/23/2023 11:14,4754
1/23/2023 11:14,4593
1/23/2023 11:15,4636
1/23/2023 11:15,4583
1/23/2023 11:16,4626
1/23/2023 11:16,4510
1/23/2023 11:17,4551
1/23/2023 11:17,4920
1/23/2023 11:18,4460
1/23/2023 11:18,4854
1/23/2023 11:19,4646
1/23/2023 11:19,4700
1/23/2023 11:20,4732
1/23/2023 11:20,4831
1/23/2023 11:21,4732
1/23/2023 11:21,4898
1/23/2023 11:22,4754
1/23/2023 11:22,4732
1/23/2023 11:23,4932
1/23/2023 11:23,4700
1/23/2023 11:24,4743
1/23/2023 11:24,4809
1/23/2023 11:25,4732
1/23/2023 11:25,4583
1/23/2023 11:26,4887
1/23/2023 11:26,4754
1/23/2023 11:27,4854
1/23/2023 11:27,4668
1/23/2023 11:28,4700
1/23/2023 11:28,4678
1/23/2023 11:29,4853
1/23/2023 11:29,4170
1/23/2023 11:30,4831
1/23/2023 11:31,4776
1/23/2023 11:31,4743
1/23/2023 11:32,4776
1/23/2023 11:32,4732
1/23/2023 11:33,4732
1/23/2023 11:33,4678
1/23/2023 11:34,4479
1/23/2023 11:34,4636
1/23/2023 11:35,4743
1/23/2023 11:35,4765
1/23/2023 11:36,4593
1/23/2023 11:36,4449
1/23/2023 11:37,4448
1/23/2023 11:37,4765
1/23/2023 11:38,4594
1/23/2023 11:38,4776
1/23/2023 11:39,4489
1/23/2023 11:39,4583
1/23/2023 11:40,4520
1/23/2023 11:40,4437
1/23/2023 11:41,4646
1/23/2023 11:41,4722
1/23/2023 11:42,4668
1/23/2023 11:42,4614
1/23/2023 11:43,4562
1/23/2023 11:43,4531
1/23/2023 11:44,4831
1/23/2023 11:44,4551
1/23/2023 11:45,4583
1/23/2023 11:45,4520
1/23/2023 11:46,4636
1/23/2023 11:46,4711
1/23/2023 11:47,4722
1/23/2023 11:47,4593
1/23/2023 11:48,4636
1/23/2023 11:48,4551
1/23/2023 11:49,4700
1/23/2023 11:49,4876
1/23/2023 11:50,4583
1/23/2023 11:50,4489
1/23/2023 11:51,4583
1/23/2023 11:51,4428
1/23/2023 11:52,4636
1/23/2023 11:52,4711
1/23/2023 11:53,4678
1/23/2023 11:53,4754
1/23/2023 11:54,4530
1/23/2023 11:54,4520
1/23/2023 11:55,4700
1/23/2023 11:55,4604
1/23/2023 11:56,4798
1/23/2023 11:56,4668
1/23/2023 11:57,4593
1/23/2023 11:58,4636
1/23/2023 11:58,4614
1/23/2023 11:59,4668
1/23/2023 11:59,4530
1/23/2023 12:00,4438
1/23/2023 12:00,4593
1/23/2023 12:01,4678
1/23/2023 12:01,4583
1/23/2023 12:02,4417
1/23/2023 12:02,4646
1/23/2023 12:03,4357
1/23/2023 12:03,4297
1/23/2023 12:04,4337
1/23/2023 12:04,4593
1/23/2023 12:05,4668
1/23/2023 12:05,4478
1/23/2023 12:06,4520
1/23/2023 12:06,4509
1/23/2023 12:07,4257
1/23/2023 12:07,4593
1/23/2023 12:08,4551
1/23/2023 12:08,4754
1/23/2023 12:09,4408
1/23/2023 12:09,4614
1/23/2023 12:10,4625
1/23/2023 12:10,4377
1/23/2023 12:11,4478
1/23/2023 12:11,4469
1/23/2023 12:12,4520
1/23/2023 12:12,4499
1/23/2023 12:13,4689
1/23/2023 12:13,4358
1/23/2023 12:14,4520
1/23/2023 12:14,4489
1/23/2023 12:15,4625
1/23/2023 12:15,4489
1/23/2023 12:16,4530
1/23/2023 12:16,4468
1/23/2023 12:17,5001
1/23/2023 12:17,4458
1/23/2023 12:18,4614
1/23/2023 12:18,4427
1/23/2023 12:19,4711
1/23/2023 12:19,4489
1/23/2023 12:20,4468
1/23/2023 12:20,4468
1/23/2023 12:21,4531
1/23/2023 12:21,4668
1/23/2023 12:22,4625
1/23/2023 12:22,4408
1/23/2023 12:23,4509
1/23/2023 12:23,4625
1/23/2023 12:24,4562
1/23/2023 12:25,4297
1/23/2023 12:25,4073
1/23/2023 12:26,4417
1/23/2023 12:26,4160
1/23/2023 12:27,3890
1/23/2023 12:27,4161
1/23/2023 12:28,4297
1/23/2023 12:28,4448
1/23/2023 12:29,4367
1/23/2023 12:29,4437
1/23/2023 12:30,4170
1/23/2023 12:30,4189
1/23/2023 12:31,4105
1/23/2023 12:31,4217
1/23/2023 12:32,4142
1/23/2023 12:32,4087
1/23/2023 12:33,4228
1/23/2023 12:33,4248
1/23/2023 12:34,4281
1/23/2023 12:34,4199
1/23/2023 12:35,4335
1/23/2023 12:35,4397
1/23/2023 12:36,4499
1/23/2023 12:36,4085
1/23/2023 12:37,4199
1/23/2023 12:37,4625
1/23/2023 12:38,3733
1/23/2023 12:38,4039
1/23/2023 12:39,4315
1/23/2023 12:39,4188
1/23/2023 12:40,4337
1/23/2023 12:40,4316
1/23/2023 12:41,4530
1/23/2023 12:41,3837
1/23/2023 12:42,4029
1/23/2023 12:42,4180
1/23/2023 12:43,3982
1/23/2023 12:43,4010
1/23/2023 12:44,4551
1/23/2023 12:44,4076
1/23/2023 12:45,4170
1/23/2023 12:45,3946
1/23/2023 12:46,4220
1/23/2023 12:46,4417
1/23/2023 12:47,4190
1/23/2023 12:47,4047
1/23/2023 12:48,4267
1/23/2023 12:48,4270
1/23/2023 12:49,4020
1/23/2023 12:49,4489
1/23/2023 12:50,4029
1/23/2023 12:51,3846
1/23/2023 12:51,4037
1/23/2023 12:52,3647
1/23/2023 12:52,4152
1/23/2023 12:53,3716
1/23/2023 12:53,4438
1/23/2023 12:54,4367
1/23/2023 12:54,4152
1/23/2023 12:55,3992
1/23/2023 12:55,3977
1/23/2023 12:56,4237
1/23/2023 12:56,3918
1/23/2023 12:57,4066
1/23/2023 12:57,4190
1/23/2023 12:58,3946
1/23/2023 12:58,4076
1/23/2023 12:59,4162
1/23/2023 12:59,4438
1/23/2023 13:00,4287
1/23/2023 13:00,4085
1/23/2023 13:01,4572
1/23/2023 13:01,4646
1/23/2023 13:02,3793
1/23/2023 13:02,4039
1/23/2023 13:03,3795
1/23/2023 13:03,4152
1/23/2023 13:04,4438
1/23/2023 13:04,3790
1/23/2023 13:05,4468
1/23/2023 13:05,4161
1/23/2023 13:06,4509
1/23/2023 13:06,3908
1/23/2023 13:07,4010
1/23/2023 13:07,4001
1/23/2023 13:08,4297
1/23/2023 13:08,4047
1/23/2023 13:09,4066
1/23/2023 13:09,3928
1/23/2023 13:10,3982
1/23/2023 13:10,3948
1/23/2023 13:11,3965
1/23/2023 13:11,4105
1/23/2023 13:12,4114
1/23/2023 13:12,4001
1/23/2023 13:13,4114
1/23/2023 13:13,3882
1/23/2023 13:14,4105
1/23/2023 13:14,3917
1/23/2023 13:15,4066
1/23/2023 13:15,3821
1/23/2023 13:16,4239
1/23/2023 13:16,4086
1/23/2023 13:17,4229
1/23/2023 13:18,4181
1/23/2023 13:18,4105
1/23/2023 13:19,4151
1/23/2023 13:19,3563
1/23/2023 13:20,4269
1/23/2023 13:20,4367
1/23/2023 13:21,4011
1/23/2023 13:21,4143
1/23/2023 13:22,4297
1/23/2023 13:22,3825
1/23/2023 13:23,4030
1/23/2023 13:23,4287
1/23/2023 13:24,3793
1/23/2023 13:24,3927
1/23/2023 13:25,4190
1/23/2023 13:25,4039
1/23/2023 13:26,4001
1/23/2023 13:26,4199
1/23/2023 13:27,4003
1/23/2023 13:27,4001
1/23/2023 13:28,3975
1/23/2023 13:28,4337
1/23/2023 13:29,3768
1/23/2023 13:29,3928
1/23/2023 13:30,4019
1/23/2023 13:30,4364
1/23/2023 13:31,3866
1/23/2023 13:31,3992
1/23/2023 13:32,3966
1/23/2023 13:32,4377
1/23/2023 13:33,4086
1/23/2023 13:33,4190
1/23/2023 13:34,3956
1/23/2023 13:34,4124
1/23/2023 13:35,4075
1/23/2023 13:35,4300
1/23/2023 13:36,3953
1/23/2023 13:36,3975
1/23/2023 13:37,4479
1/23/2023 13:37,4013
1/23/2023 13:38,4139
1/23/2023 13:38,3743
1/23/2023 13:39,4149
1/23/2023 13:39,4105
1/23/2023 13:40,4085
1/23/2023 13:40,4010
1/23/2023 13:41,4468
1/23/2023 13:41,3797
1/23/2023 13:42,4287
1/23/2023 13:42,4134
1/23/2023 13:43,3928
1/23/2023 13:43,3965
1/23/2023 13:44,3768
1/23/2023 13:45,4057
1/23/2023 13:45,3856
1/23/2023 13:46,3698
1/23/2023 13:46,4066
1/23/2023 13:47,4260
1/23/2023 13:47,3760
1/23/2023 13:48,4039
1/23/2023 13:48,4047
1/23/2023 13:49,3966
1/23/2023 13:49,3882
1/23/2023 13:50,4192
1/23/2023 13:50,3737
1/23/2023 13:51,3936
1/23/2023 13:51,3716
1/23/2023 13:52,4085
1/23/2023 13:52,4210
1/23/2023 13:53,3890
1/23/2023 13:53,3785
1/23/2023 13:54,3936
1/23/2023 13:54,4219
1/23/2023 13:55,3644
1/23/2023 13:55,4499
1/23/2023 13:56,4368
1/23/2023 13:56,4219
1/23/2023 13:57,3910
1/23/2023 13:57,3928
1/23/2023 13:58,3920
1/23/2023 13:58,3910
1/23/2023 13:59,3946
1/23/2023 13:59,3948
1/23/2023 14:00,4377
1/23/2023 14:00,4190
1/23/2023 14:01,4086
1/23/2023 14:01,4347
1/23/2023 14:02,3910
1/23/2023 14:02,4160
1/23/2023 14:03,3955
1/23/2023 14:03,3760
1/23/2023 14:04,4031
1/23/2023 14:04,4065
1/23/2023 14:05,4377
1/23/2023 14:05,4248
1/23/2023 14:06,4124
1/23/2023 14:06,4171
1/23/2023 14:07,3993
1/23/2023 14:07,4066
1/23/2023 14:08,3993
1/23/2023 14:08,4307
1/23/2023 14:09,3946
1/23/2023 14:09,3928
1/23/2023 14:10,4387
1/23/2023 14:10,4288
1/23/2023 14:11,4152
1/23/2023 14:12,3900
1/23/2023 14:12,4181
1/23/2023 14:13,4113
1/23/2023 14:13,4338
1/23/2023 14:14,3928
1/23/2023 14:14,4113
1/23/2023 14:15,4408
1/23/2023 14:15,4239
1/23/2023 14:16,4114
1/23/2023 14:16,4056
1/23/2023 14:17,3946
1/23/2023 14:17,4288
1/23/2023 14:18,4067
1/23/2023 14:18,4114
1/23/2023 14:19,3821
1/23/2023 14:19,4179
1/23/2023 14:20,4181
1/23/2023 14:20,4086
1/23/2023 14:21,4219
1/23/2023 14:21,4011
1/23/2023 14:22,3975
1/23/2023 14:22,4162
1/23/2023 14:23,4229
1/23/2023 14:23,4010
1/23/2023 14:24,4296
1/23/2023 14:24,4011
1/23/2023 14:25,4210
1/23/2023 14:25,3973
1/23/2023 14:26,4327
1/23/2023 14:26,3983
1/23/2023 14:27,3928
1/23/2023 14:27,4076
1/23/2023 14:28,4211
1/23/2023 14:28,3993
1/23/2023 14:29,4105
1/23/2023 14:29,4219
1/23/2023 14:30,3892
1/23/2023 14:30,4162
1/23/2023 14:31,3698
1/23/2023 14:31,3918
1/23/2023 14:32,4180
1/23/2023 14:32,4229
1/23/2023 14:33,4238
1/23/2023 14:33,4170
1/23/2023 14:34,4076
1/23/2023 14:34,4248
1/23/2023 14:35,4229
1/23/2023 14:35,4056
1/23/2023 14:36,3838
1/23/2023 14:36,3821
1/23/2023 14:37,4151
1/23/2023 14:38,3902
1/23/2023 14:38,4113
1/23/2023 14:39,4171
1/23/2023 14:39,4046
1/23/2023 14:40,4337
1/23/2023 14:40,4438
1/23/2023 14:41,4347
1/23/2023 14:41,3838
1/23/2023 14:42,4076
1/23/2023 14:42,4297
1/23/2023 14:43,3912
1/23/2023 14:43,4220
1/23/2023 14:44,4210
1/23/2023 14:44,3785
1/23/2023 14:45,4207
1/23/2023 14:45,4190
1/23/2023 14:46,4140
1/23/2023 14:46,3858
1/23/2023 14:47,3795
1/23/2023 14:47,3659
1/23/2023 14:48,3837
1/23/2023 14:48,4047
1/23/2023 14:49,4238
1/23/2023 14:49,3777
1/23/2023 14:50,4190
1/23/2023 14:50,4125
1/23/2023 14:51,3803
1/23/2023 14:51,3973
1/23/2023 14:52,4029
1/23/2023 14:52,4047
1/23/2023 14:53,4257
1/23/2023 14:53,4200
1/23/2023 14:54,4307
1/23/2023 14:54,3876
1/23/2023 14:55,3904
1/23/2023 14:55,3983
1/23/2023 14:56,3840
1/23/2023 14:56,3902
1/23/2023 14:57,3653
1/23/2023 14:57,3983
1/23/2023 14:58,3927
1/23/2023 14:58,3866
1/23/2023 14:59,4076
1/23/2023 14:59,4179
1/23/2023 15:00,3975
1/23/2023 15:00,4011
1/23/2023 15:01,3948
1/23/2023 15:01,3819
1/23/2023 15:02,4210
1/23/2023 15:02,4085
1/23/2023 15:03,4358
1/23/2023 15:03,4133
1/23/2023 15:04,4161
1/23/2023 15:05,3927
1/23/2023 15:05,3884
1/23/2023 15:06,4377
1/23/2023 15:06,4134
1/23/2023 15:07,4219
1/23/2023 15:07,3733
1/23/2023 15:08,3872
1/23/2023 15:08,4181
1/23/2023 15:09,3813
1/23/2023 15:09,4347
1/23/2023 15:10,3797
1/23/2023 15:10,3741
1/23/2023 15:11,3640
1/23/2023 15:11,3848
1/23/2023 15:12,3838
1/23/2023 15:12,3760
1/23/2023 15:13,4037
1/23/2023 15:13,4095
1/23/2023 15:14,3983
1/23/2023 15:14,3928
1/23/2023 15:15,3822
1/23/2023 15:15,3880
1/23/2023 15:16,3845
1/23/2023 15:16,3733
1/23/2023 15:17,3956
1/23/2023 15:17,3731
1/23/2023 15:18,3803
1/23/2023 15:18,3983
1/23/2023 15:19,3830
1/23/2023 15:19,3822
1/23/2023 15:20,3920
1/23/2023 15:20,4247
1/23/2023 15:21,4076
1/23/2023 15:21,3480
1/23/2023 15:22,3846
1/23/2023 15:22,4039
1/23/2023 15:23,4197
1/23/2023 15:23,3917
1/23/2023 15:24,3785
1/23/2023 15:24,4021
1/23/2023 15:25,3972
1/23/2023 15:25,4085
1/23/2023 15:26,3733
1/23/2023 15:26,3861
1/23/2023 15:27,3882
1/23/2023 15:27,4161
1/23/2023 15:28,3647
1/23/2023 15:28,3768
1/23/2023 15:29,3902
1/23/2023 15:29,3735
1/23/2023 15:30,4124
1/23/2023 15:30,3955
1/23/2023 15:31,4067
1/23/2023 15:32,3985
1/23/2023 15:32,4158
1/23/2023 15:33,3793
1/23/2023 15:33,4076
1/23/2023 15:34,4189
1/23/2023 15:34,4198
1/23/2023 15:35,4171
1/23/2023 15:35,4057
1/23/2023 15:36,3936
1/23/2023 15:36,3884
1/23/2023 15:37,4210
1/23/2023 15:37,4066
1/23/2023 15:38,4161
1/23/2023 15:38,4139
1/23/2023 15:39,3910
1/23/2023 15:39,3811
1/23/2023 15:40,4020
1/23/2023 15:40,4030
1/23/2023 15:41,4210
1/23/2023 15:41,3992
1/23/2023 15:42,4075
1/23/2023 15:42,3938
1/23/2023 15:43,3955
1/23/2023 15:43,3902
1/23/2023 15:44,4095
1/23/2023 15:44,3811
1/23/2023 15:45,4199
1/23/2023 15:45,4087
1/23/2023 15:46,3793
1/23/2023 15:46,3918
1/23/2023 15:47,3965
1/23/2023 15:47,3965
1/23/2023 15:48,3872
1/23/2023 15:48,4114
1/23/2023 15:49,4085
1/23/2023 15:49,4114
1/23/2023 15:50,3927
1/23/2023 15:50,3821
1/23/2023 15:51,4094
1/23/2023 15:51,3864
1/23/2023 15:52,3946
1/23/2023 15:52,4095
1/23/2023 15:53,4047
1/23/2023 15:53,4297
1/23/2023 15:54,3811
1/23/2023 15:54,3758
1/23/2023 15:55,3672
1/23/2023 15:55,3691
1/23/2023 15:56,3838
1/23/2023 15:56,3983
1/23/2023 15:57,4123
1/23/2023 15:57,4029
1/23/2023 15:58,3647
1/23/2023 15:59,3965
1/23/2023 15:59,3768
1/23/2023 16:00,4094
1/23/2023 16:00,3805
1/23/2023 16:01,3777
1/23/2023 16:01,4057
1/23/2023 16:02,3910
1/23/2023 16:02,4113
1/23/2023 16:03,4007
1/23/2023 16:03,4066
1/23/2023 16:04,4208
1/23/2023 16:04,3811
1/23/2023 16:05,3946
1/23/2023 16:05,3741
1/23/2023 16:06,4132
1/23/2023 16:06,4267
1/23/2023 16:07,4085
1/23/2023 16:07,3918
1/23/2023 16:08,4132
1/23/2023 16:08,3973
1/23/2023 16:09,4149
1/23/2023 16:09,4171
1/23/2023 16:10,4036
1/23/2023 16:10,3785
1/23/2023 16:11,3910
1/23/2023 16:11,4180
1/23/2023 16:12,3986
1/23/2023 16:12,3900
1/23/2023 16:13,3927
1/23/2023 16:13,4151
1/23/2023 16:14,3938
1/23/2023 16:14,3972
1/23/2023 16:15,4082
1/23/2023 16:15,3982
1/23/2023 16:16,3793
1/23/2023 16:16,3764
1/23/2023 16:17,3963
1/23/2023 16:17,4190
1/23/2023 16:18,3837
1/23/2023 16:18,4160
1/23/2023 16:19,3965
1/23/2023 16:19,4170
1/23/2023 16:20,3900
1/23/2023 16:20,4104
1/23/2023 16:21,3864
1/23/2023 16:21,3933
1/23/2023 16:22,3827
1/23/2023 16:22,3953
1/23/2023 16:23,3861
1/23/2023 16:23,3963
1/23/2023 16:24,4151
1/23/2023 16:25,3982
1/23/2023 16:25,3621
1/23/2023 16:26,3544
1/23/2023 16:26,3324
1/23/2023 16:27,3741
1/23/2023 16:27,3982
1/23/2023 16:28,3714
1/23/2023 16:28,3803
1/23/2023 16:29,3664
1/23/2023 16:29,3696
1/23/2023 16:30,3908
1/23/2023 16:30,3546
1/23/2023 16:31,3766
1/23/2023 16:31,3819
1/23/2023 16:32,3829
1/23/2023 16:32,3927
1/23/2023 16:33,4123
1/23/2023 16:33,3604
1/23/2023 16:34,3829
1/23/2023 16:34,3664
1/23/2023 16:35,3846
1/23/2023 16:35,3793
1/23/2023 16:36,3821
1/23/2023 16:36,4189
1/23/2023 16:37,3801
1/23/2023 16:37,3999
1/23/2023 16:38,3679
1/23/2023 16:38,4104
1/23/2023 16:39,3829
1/23/2023 16:39,3485
1/23/2023 16:40,4104
1/23/2023 16:40,4019
1/23/2023 16:41,3955
1/23/2023 16:41,4189
1/23/2023 16:42,4407
1/23/2023 16:42,4102
1/23/2023 16:43,4336
1/23/2023 16:43,3953
1/23/2023 16:44,3801
1/23/2023 16:44,3845
1/23/2023 16:45,3918
1/23/2023 16:45,3679
1/23/2023 16:46,4111
1/23/2023 16:46,3908
1/23/2023 16:47,3811
1/23/2023 16:47,4083
1/23/2023 16:48,3803
1/23/2023 16:48,3696
1/23/2023 16:49,3791
1/23/2023 16:49,3955
1/23/2023 16:50,3990
1/23/2023 16:50,3714
1/23/2023 16:51,4000
1/23/2023 16:52,3634
1/23/2023 16:52,4085
1/23/2023 16:53,4037
1/23/2023 16:53,3723
1/23/2023 16:54,3766
1/23/2023 16:54,3681
1/23/2023 16:55,3838
1/23/2023 16:55,3793
1/23/2023 16:56,4056
1/23/2023 16:56,3811
1/23/2023 16:57,3882
1/23/2023 16:57,4132
1/23/2023 16:58,3739
1/23/2023 16:58,4009
1/23/2023 16:59,3899
1/23/2023 16:59,3594
1/23/2023 17:00,3723
1/23/2023 17:00,3723
1/23/2023 17:01,3945
1/23/2023 17:01,3785
1/23/2023 17:02,3783
1/23/2023 17:02,4056
1/23/2023 17:03,3880
1/23/2023 17:03,3748
1/23/2023 17:04,4238
1/23/2023 17:04,3768
1/23/2023 17:05,4046
1/23/2023 17:05,4019
1/23/2023 17:06,4092
1/23/2023 17:06,3570
1/23/2023 17:07,3525
1/23/2023 17:07,3704
1/23/2023 17:08,3925
1/23/2023 17:08,3972
1/23/2023 17:09,3333
1/23/2023 17:09,3910
1/23/2023 17:10,4104
1/23/2023 17:10,3750
1/23/2023 17:11,4129
1/23/2023 17:11,3793
1/23/2023 17:12,3872
1/23/2023 17:12,4094
1/23/2023 17:13,3561
1/23/2023 17:13,3669
1/23/2023 17:14,4065
1/23/2023 17:14,4132
1/23/2023 17:15,4075
1/23/2023 17:15,3892
1/23/2023 17:16,3793
1/23/2023 17:16,3927
1/23/2023 17:17,3882
1/23/2023 17:17,3731
1/23/2023 17:18,3927
1/23/2023 17:19,4010
1/23/2023 17:19,3928
1/23/2023 17:20,4170
1/23/2023 17:20,3785
1/23/2023 17:21,4114
1/23/2023 17:21,4027
1/23/2023 17:22,3946
1/23/2023 17:22,3884
1/23/2023 17:23,3803
1/23/2023 17:23,3962
1/23/2023 17:24,3872
1/23/2023 17:24,4121
1/23/2023 17:25,3982
1/23/2023 17:25,4000
1/23/2023 17:26,4029
1/23/2023 17:26,4102
1/23/2023 17:27,3846
1/23/2023 17:27,4199
1/23/2023 17:28,4029
1/23/2023 17:28,4079
1/23/2023 17:29,3837
1/23/2023 17:29,4037
1/23/2023 17:30,4010
1/23/2023 17:30,4036
1/23/2023 17:31,3864
1/23/2023 17:31,4107
1/23/2023 17:32,3963
1/23/2023 17:32,4000
1/23/2023 17:33,3946
1/23/2023 17:33,3739
1/23/2023 17:34,3945
1/23/2023 17:34,4019
1/23/2023 17:35,3963
1/23/2023 17:35,3706
1/23/2023 17:36,3874
1/23/2023 17:36,4047
1/23/2023 17:37,3910
1/23/2023 17:37,3928
1/23/2023 17:38,4095
1/23/2023 17:38,3864
1/23/2023 17:39,3890
1/23/2023 17:39,3819
1/23/2023 17:40,3768
1/23/2023 17:40,3838
1/23/2023 17:41,3846
1/23/2023 17:41,4123
1/23/2023 17:42,3990
1/23/2023 17:42,3656
1/23/2023 17:43,3706
1/23/2023 17:43,4105
1/23/2023 17:44,4199
1/23/2023 17:44,4056
1/23/2023 17:45,4037
1/23/2023 17:46,4046
1/23/2023 17:46,4075
1/23/2023 17:47,4212
1/23/2023 17:47,3945
1/23/2023 17:48,3783
1/23/2023 17:48,4170
1/23/2023 17:49,3829
1/23/2023 17:49,3774
1/23/2023 17:50,3829
1/23/2023 17:50,3819
1/23/2023 17:51,3756
1/23/2023 17:51,3910
1/23/2023 17:52,3829
1/23/2023 17:52,4121
1/23/2023 17:53,4152
1/23/2023 17:53,4199
1/23/2023 17:54,3846
1/23/2023 17:54,3936
1/23/2023 17:55,3882
1/23/2023 17:55,4199
1/23/2023 17:56,4010
1/23/2023 17:56,3872
1/23/2023 17:57,3846
1/23/2023 17:57,3936
1/23/2023 17:58,4047
1/23/2023 17:58,4152
1/23/2023 17:59,3955
1/23/2023 17:59,3960
1/23/2023 18:00,4046
1/23/2023 18:00,3766
1/23/2023 18:01,3803
1/23/2023 18:01,4047
1/23/2023 18:02,4056
1/23/2023 18:02,3890
1/23/2023 18:03,3766
1/23/2023 18:03,4047
1/23/2023 18:04,3837
1/23/2023 18:04,4030
1/23/2023 18:05,3927
1/23/2023 18:05,3902
1/23/2023 18:06,3587
1/23/2023 18:06,3838
1/23/2023 18:07,4020
1/23/2023 18:07,3801
1/23/2023 18:08,4114
1/23/2023 18:08,3764
1/23/2023 18:09,3527
1/23/2023 18:09,4066
1/23/2023 18:10,3793
1/23/2023 18:10,4029
1/23/2023 18:11,3963
1/23/2023 18:11,3973
1/23/2023 18:12,3748
1/23/2023 18:13,4055
1/23/2023 18:13,3864
1/23/2023 18:14,3637
1/23/2023 18:14,4010
1/23/2023 18:15,3478
1/23/2023 18:15,4065
1/23/2023 18:16,3698
1/23/2023 18:16,3544
1/23/2023 18:17,3530
1/23/2023 18:17,4208
1/23/2023 18:18,3856
1/23/2023 18:18,3748
1/23/2023 18:19,3918
1/23/2023 18:19,3731
1/23/2023 18:20,3637
1/23/2023 18:20,3918
1/23/2023 18:21,3766
1/23/2023 18:21,3872
1/23/2023 18:22,3756
1/23/2023 18:22,3897
1/23/2023 18:23,3776
1/23/2023 18:23,3731
1/23/2023 18:24,3955
1/23/2023 18:24,3835
1/23/2023 18:25,3856
1/23/2023 18:25,3992
1/23/2023 18:26,3973
1/23/2023 18:26,3803
1/23/2023 18:27,3973
1/23/2023 18:27,4208
1/23/2023 18:28,3854
1/23/2023 18:28,3758
1/23/2023 18:29,4151
1/23/2023 18:29,3793
1/23/2023 18:30,3907
1/23/2023 18:30,3936
1/23/2023 18:31,4047
1/23/2023 18:31,3776
1/23/2023 18:32,3572
1/23/2023 18:32,3803
1/23/2023 18:33,4000
1/23/2023 18:33,3762
1/23/2023 18:34,3527
1/23/2023 18:34,3856
1/23/2023 18:35,3882
1/23/2023 18:35,3821
1/23/2023 18:36,3741
1/23/2023 18:36,3982
1/23/2023 18:37,4019
1/23/2023 18:37,3785
1/23/2023 18:38,4037
1/23/2023 18:39,3890
1/23/2023 18:39,3679
1/23/2023 18:40,3983
1/23/2023 18:40,3882
1/23/2023 18:41,3750
1/23/2023 18:41,3654
1/23/2023 18:42,3837
1/23/2023 18:42,3975
1/23/2023 18:43,3938
1/23/2023 18:43,3762
1/23/2023 18:44,3835
1/23/2023 18:44,4114
1/23/2023 18:45,4056
1/23/2023 18:45,3892
1/23/2023 18:46,3907
1/23/2023 18:46,3527
1/23/2023 18:47,3803
1/23/2023 18:47,3962
1/23/2023 18:48,3768
1/23/2023 18:48,3776
1/23/2023 18:49,3741
1/23/2023 18:49,3821
1/23/2023 18:50,3908
1/23/2023 18:50,3936
1/23/2023 18:51,3990
1/23/2023 18:51,3856
1/23/2023 18:52,3927
1/23/2023 18:52,3741
1/23/2023 18:53,3910
1/23/2023 18:53,3683
1/23/2023 18:54,3723
1/23/2023 18:54,3874
1/23/2023 18:55,3829
1/23/2023 18:55,3654
1/23/2023 18:56,3575
1/23/2023 18:56,3698
1/23/2023 18:57,3777
1/23/2023 18:57,3827
1/23/2023 18:58,3733
1/23/2023 18:58,3813
1/23/2023 18:59,3900
1/23/2023 18:59,3892
1/23/2023 19:00,4067
1/23/2023 19:00,4000
1/23/2023 19:01,3604
1/23/2023 19:01,3674
1/23/2023 19:02,3838
1/23/2023 19:02,3793
1/23/2023 19:03,3938
1/23/2023 19:03,3694
1/23/2023 19:04,3992
1/23/2023 19:04,3733
1/23/2023 19:05,3718
1/23/2023 19:06,3779
1/23/2023 19:06,3813
1/23/2023 19:07,3936
1/23/2023 19:07,3777
1/23/2023 19:08,3768
1/23/2023 19:08,3845
1/23/2023 19:09,3874
1/23/2023 19:09,3803
1/23/2023 19:10,3936
1/23/2023 19:10,3750
1/23/2023 19:11,3777
1/23/2023 19:11,3795
1/23/2023 19:12,3750
1/23/2023 19:12,3830
1/23/2023 19:13,3733
1/23/2023 19:13,3845
1/23/2023 19:14,3917
1/23/2023 19:14,4019
1/23/2023 19:15,3768
1/23/2023 19:15,3580
1/23/2023 19:16,3462
1/23/2023 19:16,3733
1/23/2023 19:17,3920
1/23/2023 19:17,4019
1/23/2023 19:18,4001
1/23/2023 19:18,3664
1/23/2023 19:19,3681
1/23/2023 19:19,3760
1/23/2023 19:20,3813
1/23/2023 19:20,3708
1/23/2023 19:21,3563
1/23/2023 19:21,3982
1/23/2023 19:22,3821
1/23/2023 19:22,4017
1/23/2023 19:23,3874
1/23/2023 19:23,4076
1/23/2023 19:24,3714
1/23/2023 19:24,3546
1/23/2023 19:25,3758
1/23/2023 19:25,3693
1/23/2023 19:26,3563
1/23/2023 19:26,3718
1/23/2023 19:27,3674
1/23/2023 19:27,3819
1/23/2023 19:28,3733
1/23/2023 19:28,3768
1/23/2023 19:29,3983
1/23/2023 19:29,3856
1/23/2023 19:30,4132
1/23/2023 19:30,3786
1/23/2023 19:31,4171
1/23/2023 19:31,3904
1/23/2023 19:32,3793
1/23/2023 19:33,3384
1/23/2023 19:33,3902
1/23/2023 19:34,3698
1/23/2023 19:34,3640
1/23/2023 19:35,3795
1/23/2023 19:35,3739
1/23/2023 19:36,3723
1/23/2023 19:36,3596
1/23/2023 19:37,3674
1/23/2023 19:37,3860
1/23/2023 19:38,3777
1/23/2023 19:38,3864
1/23/2023 19:39,3938
1/23/2023 19:39,3848
1/23/2023 19:40,3920
1/23/2023 19:40,3948
1/23/2023 19:41,3768
1/23/2023 19:41,3973
1/23/2023 19:42,3830
1/23/2023 19:42,3750
1/23/2023 19:43,3811
1/23/2023 19:43,3714
1/23/2023 19:44,4037
1/23/2023 19:44,4160
1/23/2023 19:45,3464
1/23/2023 19:45,3805
1/23/2023 19:46,3946
1/23/2023 19:46,3546
1/23/2023 19:47,3513
1/23/2023 19:47,3632
1/23/2023 19:48,3770
1/23/2023 19:48,3525
1/23/2023 19:49,3785
1/23/2023 19:49,3587
1/23/2023 19:50,3497
1/23/2023 19:50,3856
1/23/2023 19:51,4020
1/23/2023 19:51,3647
1/23/2023 19:52,3884
1/23/2023 19:52,4066
1/23/2023 19:53,3637
1/23/2023 19:53,3691
1/23/2023 19:54,3513
1/23/2023 19:54,3647
1/23/2023 19:55,3530
1/23/2023 19:55,3630
1/23/2023 19:56,3752
1/23/2023 19:56,4047
1/23/2023 19:57,3785
1/23/2023 19:57,3599
1/23/2023 19:58,3723
1/23/2023 19:59,3556
1/23/2023 19:59,3464
1/23/2023 20:00,3735
1/23/2023 20:00,3884
1/23/2023 20:01,3918
1/23/2023 20:01,3768
1/23/2023 20:02,3706
1/23/2023 20:02,3866
1/23/2023 20:03,4020
1/23/2023 20:03,4057
1/23/2023 20:04,3848
1/23/2023 20:04,4066
1/23/2023 20:05,3874
1/23/2023 20:05,4029
1/23/2023 20:06,3723
1/23/2023 20:06,3803
1/23/2023 20:07,3752
1/23/2023 20:07,3874
1/23/2023 20:08,3882
1/23/2023 20:08,3787
1/23/2023 20:09,3352
1/23/2023 20:09,3864
1/23/2023 20:10,3504
1/23/2023 20:10,3327
1/23/2023 20:11,3946
1/23/2023 20:11,3735
1/23/2023 20:12,3649
1/23/2023 20:12,3803
1/23/2023 20:13,3848
1/23/2023 20:13,4039
1/23/2023 20:14,3739
1/23/2023 20:14,3723
1/23/2023 20:15,3871
1/23/2023 20:15,3544
1/23/2023 20:16,3441
1/23/2023 20:16,3572
1/23/2023 20:17,3467
1/23/2023 20:17,3674
1/23/2023 20:18,3506
1/23/2023 20:18,3892
1/23/2023 20:19,3785
1/23/2023 20:19,3689
1/23/2023 20:20,3556
1/23/2023 20:20,3805
1/23/2023 20:21,3587
1/23/2023 20:21,3777
1/23/2023 20:22,3718
1/23/2023 20:22,3900
1/23/2023 20:23,3760
1/23/2023 20:23,3795
1/23/2023 20:24,3946
1/23/2023 20:24,3760
1/23/2023 20:25,3760
1/23/2023 20:26,3647
1/23/2023 20:26,3448
1/23/2023 20:27,3589
1/23/2023 20:27,3691
1/23/2023 20:28,3657
1/23/2023 20:28,3634
1/23/2023 20:29,3628
1/23/2023 20:29,3858
1/23/2023 20:30,3400
1/23/2023 20:30,3687
1/23/2023 20:31,3975
1/23/2023 20:31,3733
1/23/2023 20:32,3640
1/23/2023 20:32,3912
1/23/2023 20:33,3768
1/23/2023 20:33,3785
1/23/2023 20:34,3735
1/23/2023 20:34,3777
1/23/2023 20:35,3623
1/23/2023 20:35,3731
1/23/2023 20:36,3716
1/23/2023 20:36,3582
1/23/2023 20:37,3768
1/23/2023 20:37,3580
1/23/2023 20:38,3750
1/23/2023 20:38,3902
1/23/2023 20:39,4198
1/23/2023 20:39,3731
1/23/2023 20:40,4180
1/23/2023 20:40,3992
1/23/2023 20:41,3848
1/23/2023 20:41,3725
1/23/2023 20:42,3405
1/23/2023 20:42,3821
1/23/2023 20:43,3698
1/23/2023 20:43,3551
1/23/2023 20:44,3708
1/23/2023 20:44,3637
1/23/2023 20:45,4124
1/23/2023 20:45,3725
1/23/2023 20:46,3956
1/23/2023 20:46,3706
1/23/2023 20:47,4020
1/23/2023 20:47,3674
1/23/2023 20:48,4104
1/23/2023 20:48,3813
1/23/2023 20:49,3714
1/23/2023 20:49,3708
1/23/2023 20:50,3693
1/23/2023 20:50,3838
1/23/2023 20:51,3982
1/23/2023 20:51,3829
1/23/2023 20:52,3846
1/23/2023 20:53,3768
1/23/2023 20:53,3527
1/23/2023 20:54,3725
1/23/2023 20:54,4047
1/23/2023 20:55,3708
1/23/2023 20:55,4056
1/23/2023 20:56,3973
1/23/2023 20:56,4047
1/23/2023 20:57,3795
1/23/2023 20:57,3733
1/23/2023 20:58,4029
1/23/2023 20:58,3657
1/23/2023 20:59,4056
1/23/2023 20:59,3596
1/23/2023 21:00,3938
1/23/2023 21:00,4057
1/23/2023 21:01,3874
1/23/2023 21:01,3580
1/23/2023 21:02,3985
1/23/2023 21:02,4288
1/23/2023 21:03,3708
1/23/2023 21:03,3760
1/23/2023 21:04,3821
1/23/2023 21:04,3883
1/23/2023 21:05,3776
1/23/2023 21:05,3706
1/23/2023 21:06,3785
1/23/2023 21:06,3848
1/23/2023 21:07,3945
1/23/2023 21:07,4039
1/23/2023 21:08,3965
1/23/2023 21:08,3793
1/23/2023 21:09,4067
1/23/2023 21:09,3776
1/23/2023 21:10,3983
1/23/2023 21:10,3856
1/23/2023 21:11,3920
1/23/2023 21:11,3811
1/23/2023 21:12,4066
1/23/2023 21:12,4085
1/23/2023 21:13,3803
1/23/2023 21:13,3892
1/23/2023 21:14,3854
1/23/2023 21:14,4180
1/23/2023 21:15,3647
1/23/2023 21:15,3696
1/23/2023 21:16,3928
1/23/2023 21:16,3854
1/23/2023 21:17,4049
1/23/2023 21:17,4133
1/23/2023 21:18,3776
1/23/2023 21:18,3918
1/23/2023 21:19,3723
1/23/2023 21:20,4047
1/23/2023 21:20,4010
1/23/2023 21:21,3845
1/23/2023 21:21,3886
1/23/2023 21:22,4010
1/23/2023 21:22,3821
1/23/2023 21:23,3936
1/23/2023 21:23,3776
1/23/2023 21:24,3854
1/23/2023 21:24,3621
1/23/2023 21:25,3846
1/23/2023 21:25,3938
1/23/2023 21:26,4029
1/23/2023 21:26,3504
1/23/2023 21:27,3945
1/23/2023 21:27,3874
1/23/2023 21:28,3733
1/23/2023 21:28,3621
1/23/2023 21:29,4179
1/23/2023 21:29,3527
1/23/2023 21:30,3884
1/23/2023 21:30,3829
1/23/2023 21:31,3866
1/23/2023 21:31,3973
1/23/2023 21:32,3758
1/23/2023 21:32,4010
1/23/2023 21:33,4094
1/23/2023 21:33,3973
1/23/2023 21:34,3821
1/23/2023 21:34,3790
1/23/2023 21:35,3890
1/23/2023 21:35,3799
1/23/2023 21:36,3854
1/23/2023 21:36,3779
1/23/2023 21:37,3955
1/23/2023 21:37,3776
1/23/2023 21:38,4055
1/23/2023 21:38,3846
1/23/2023 21:39,3811
1/23/2023 21:39,3783
1/23/2023 21:40,3774
1/23/2023 21:40,3811
1/23/2023 21:41,3803
1/23/2023 21:41,3872
1/23/2023 21:42,3664
1/23/2023 21:42,3672
1/23/2023 21:43,3716
1/23/2023 21:43,3819
1/23/2023 21:44,3776
1/23/2023 21:44,3945
1/23/2023 21:45,3700
1/23/2023 21:46,3781
1/23/2023 21:46,3835
1/23/2023 21:47,3918
1/23/2023 21:47,3696
1/23/2023 21:48,3585
1/23/2023 21:48,3750
1/23/2023 21:49,4104
1/23/2023 21:49,3544
1/23/2023 21:50,3630
1/23/2023 21:50,3706
1/23/2023 21:51,3854
1/23/2023 21:51,3696
1/23/2023 21:52,3935
1/23/2023 21:52,3570
1/23/2023 21:53,3962
1/23/2023 21:53,3779
1/23/2023 21:54,3907
1/23/2023 21:54,3892
1/23/2023 21:55,3785
1/23/2023 21:55,3776
1/23/2023 21:56,3723
1/23/2023 21:56,3793
1/23/2023 21:57,3972
1/23/2023 21:57,3936
1/23/2023 21:58,3963
1/23/2023 21:58,3783
1/23/2023 21:59,3992
1/23/2023 21:59,3785
1/23/2023 22:00,4029
1/23/2023 22:00,4036
1/23/2023 22:01,3963
1/23/2023 22:01,3793
1/23/2023 22:02,3982
1/23/2023 22:02,3678
1/23/2023 22:03,3527
1/23/2023 22:03,3864
1/23/2023 22:04,3973
1/23/2023 22:04,3803
1/23/2023 22:05,3723
1/23/2023 22:05,3743
1/23/2023 22:06,3856
1/23/2023 22:06,4037
1/23/2023 22:07,3679
1/23/2023 22:07,3837
1/23/2023 22:08,3982
1/23/2023 22:08,3640
1/23/2023 22:09,3743
1/23/2023 22:09,3672
1/23/2023 22:10,3829
1/23/2023 22:10,3785
1/23/2023 22:11,4083
1/23/2023 22:11,3965
1/23/2023 22:12,3760
1/23/2023 22:13,3723
1/23/2023 22:13,3654
1/23/2023 22:14,3871
1/23/2023 22:14,3793
1/23/2023 22:15,3965
1/23/2023 22:15,3647
1/23/2023 22:16,3748
1/23/2023 22:16,3821
1/23/2023 22:17,3785
1/23/2023 22:17,3760
1/23/2023 22:18,3664
1/23/2023 22:18,3838
1/23/2023 22:19,3594
1/23/2023 22:19,3621
1/23/2023 22:20,3716
1/23/2023 22:20,3910
1/23/2023 22:21,3785
1/23/2023 22:21,3664
1/23/2023 22:22,3731
1/23/2023 22:22,3662
1/23/2023 22:23,3613
1/23/2023 22:23,3708
1/23/2023 22:24,3935
1/23/2023 22:24,3731
1/23/2023 22:25,3693
1/23/2023 22:25,3725
1/23/2023 22:26,3803
1/23/2023 22:26,3525
1/23/2023 22:27,3874
1/23/2023 22:27,3965
1/23/2023 22:28,3955
1/23/2023 22:28,3743
1/23/2023 22:29,3714
1/23/2023 22:29,3748
1/23/2023 22:30,3570
1/23/2023 22:30,3618
1/23/2023 22:31,3674
1/23/2023 22:31,3523
1/23/2023 22:32,3511
1/23/2023 22:32,4066
1/23/2023 22:33,3623
1/23/2023 22:33,3770
1/23/2023 22:34,3696
1/23/2023 22:34,3927
1/23/2023 22:35,3689
1/23/2023 22:35,3963
1/23/2023 22:36,3723
1/23/2023 22:36,4009
1/23/2023 22:37,3664
1/23/2023 22:37,3827
1/23/2023 22:38,4037
1/23/2023 22:38,3664
1/23/2023 22:39,3936
1/23/2023 22:40,4047
1/23/2023 22:40,3618
1/23/2023 22:41,3973
1/23/2023 22:41,4132
1/23/2023 22:42,3741
1/23/2023 22:42,3580
1/23/2023 22:43,3853
1/23/2023 22:43,3681
1/23/2023 22:44,3733
1/23/2023 22:44,3674
1/23/2023 22:45,3716
1/23/2023 22:45,3708
1/23/2023 22:46,3439
1/23/2023 22:46,3647
1/23/2023 22:47,3750
1/23/2023 22:47,3445
1/23/2023 22:48,3654
1/23/2023 22:48,3565
1/23/2023 22:49,3760
1/23/2023 22:49,3662
1/23/2023 22:50,3683
1/23/2023 22:50,3687
1/23/2023 22:51,3733
1/23/2023 22:51,3766
1/23/2023 22:52,3672
1/23/2023 22:52,3640
1/23/2023 22:53,3918
1/23/2023 22:53,3835
1/23/2023 22:54,3838
1/23/2023 22:54,3900
1/23/2023 22:55,3758
1/23/2023 22:55,4057
1/23/2023 22:56,4065
1/23/2023 22:56,4149
1/23/2023 22:57,3884
1/23/2023 22:57,3647
1/23/2023 22:58,3821
1/23/2023 22:58,3741
1/23/2023 22:59,3768
1/23/2023 22:59,3666
1/23/2023 23:00,4065
1/23/2023 23:00,4057
1/23/2023 23:01,3647
1/23/2023 23:01,3718
1/23/2023 23:02,4077
1/23/2023 23:02,3664
1/23/2023 23:03,3647
1/23/2023 23:03,3992
1/23/2023 23:04,3821
1/23/2023 23:04,3604
1/23/2023 23:05,3830
1/23/2023 23:05,3900
1/23/2023 23:06,3902
1/23/2023 23:07,4067
1/23/2023 23:07,3504
1/23/2023 23:08,3637
1/23/2023 23:08,3672
1/23/2023 23:09,3936
1/23/2023 23:09,3910
1/23/2023 23:10,4029
1/23/2023 23:10,3953
1/23/2023 23:11,3640
1/23/2023 23:11,3623
1/23/2023 23:12,3783
1/23/2023 23:12,3811
1/23/2023 23:13,3910
1/23/2023 23:13,3698
1/23/2023 23:14,3733
1/23/2023 23:14,3716
1/23/2023 23:15,3811
1/23/2023 23:15,3630
1/23/2023 23:16,3809
1/23/2023 23:16,3733
1/23/2023 23:17,3768
1/23/2023 23:17,3596
1/23/2023 23:18,3647
1/23/2023 23:18,3637
1/23/2023 23:19,3613
1/23/2023 23:19,3750
1/23/2023 23:20,3955
1/23/2023 23:20,3733
1/23/2023 23:21,3983
1/23/2023 23:21,3527
1/23/2023 23:22,3716
1/23/2023 23:22,3768
1/23/2023 23:23,3662
1/23/2023 23:23,3785
1/23/2023 23:24,3819
1/23/2023 23:24,3698
1/23/2023 23:25,3892
1/23/2023 23:25,3768
1/23/2023 23:26,3630
1/23/2023 23:26,3992
1/23/2023 23:27,3776
1/23/2023 23:27,3908
1/23/2023 23:28,3672
1/23/2023 23:28,3640
1/23/2023 23:29,3491
1/23/2023 23:29,3902
1/23/2023 23:30,3539
1/23/2023 23:30,3630
1/23/2023 23:31,3791
1/23/2023 23:31,3733
1/23/2023 23:32,3647
1/23/2023 23:33,3846
1/23/2023 23:33,3795
1/23/2023 23:34,3664
1/23/2023 23:34,4059
1/23/2023 23:35,3918
1/23/2023 23:35,3768
1/23/2023 23:36,3990
1/23/2023 23:36,3936
1/23/2023 23:37,3580
1/23/2023 23:37,3570
1/23/2023 23:38,3630
1/23/2023 23:38,3572
1/23/2023 23:39,3613
1/23/2023 23:39,3953
1/23/2023 23:40,3494
1/23/2023 23:40,3681
1/23/2023 23:41,3679
1/23/2023 23:41,3910
1/23/2023 23:42,3565
1/23/2023 23:42,3783
1/23/2023 23:43,3672
1/23/2023 23:43,3630
1/23/2023 23:44,3814
1/23/2023 23:44,3936
1/23/2023 23:45,3672
1/23/2023 23:45,3681
1/23/2023 23:46,3563
1/23/2023 23:46,3504
1/23/2023 23:47,4009
1/23/2023 23:47,3980
1/23/2023 23:48,3785
1/23/2023 23:48,3425
1/23/2023 23:49,3801
1/23/2023 23:49,3856
1/23/2023 23:50,3845
1/23/2023 23:50,3487
1/23/2023 23:51,3613
1/23/2023 23:51,3657
1/23/2023 23:52,3546
1/23/2023 23:52,3783
1/23/2023 23:53,3696
1/23/2023 23:53,4029
1/23/2023 23:54,3846
1/23/2023 23:54,3691
1/23/2023 23:55,3965
1/23/2023 23:55,3725
1/23/2023 23:56,3777
1/23/2023 23:56,3777
1/23/2023 23:57,3708
1/23/2023 23:57,3652
1/23/2023 23:58,3768
1/23/2023 23:58,3768
1/23/2023 23:59,4029
1/24/2023 0:00,3676
1/24/2023 0:00,3708
1/24/2023 0:01,3683
1/24/2023 0:01,3892
1/24/2023 0:02,3874
1/24/2023 0:02,3698
1/24/2023 0:03,3829
1/24/2023 0:03,3640
1/24/2023 0:04,3577
1/24/2023 0:04,3621
1/24/2023 0:05,3890
1/24/2023 0:05,3927
1/24/2023 0:06,3860
1/24/2023 0:06,3910
1/24/2023 0:07,3647
1/24/2023 0:07,3758
1/24/2023 0:08,3664
1/24/2023 0:08,3480
1/24/2023 0:09,3637
1/24/2023 0:09,3649
1/24/2023 0:10,3527
1/24/2023 0:10,3927
1/24/2023 0:11,3628
1/24/2023 0:11,3698
1/24/2023 0:12,3589
1/24/2023 0:12,3613
1/24/2023 0:13,3640
1/24/2023 0:13,3553
1/24/2023 0:14,3320
1/24/2023 0:14,4029
1/24/2023 0:15,3580
1/24/2023 0:15,3384
1/24/2023 0:16,3497
1/24/2023 0:16,3580
1/24/2023 0:17,3733
1/24/2023 0:17,3783
1/24/2023 0:18,3935
1/24/2023 0:18,3640
1/24/2023 0:19,3527
1/24/2023 0:19,3741
1/24/2023 0:20,3714
1/24/2023 0:20,3397
1/24/2023 0:21,3563
1/24/2023 0:21,3803
1/24/2023 0:22,4123
1/24/2023 0:22,3716
1/24/2023 0:23,3587
1/24/2023 0:23,3654
1/24/2023 0:24,3861
1/24/2023 0:24,3611
1/24/2023 0:25,3471
1/24/2023 0:25,3681
1/24/2023 0:26,3504
1/24/2023 0:27,3733
1/24/2023 0:27,3623
1/24/2023 0:28,3537
1/24/2023 0:28,3689
1/24/2023 0:29,3827
1/24/2023 0:29,3945
1/24/2023 0:30,3871
1/24/2023 0:30,3776
1/24/2023 0:31,3718
1/24/2023 0:31,4085
1/24/2023 0:32,3830
1/24/2023 0:32,3365
1/24/2023 0:33,3990
1/24/2023 0:33,3733
1/24/2023 0:34,3628
1/24/2023 0:34,3491
1/24/2023 0:35,3563
1/24/2023 0:35,3647
1/24/2023 0:36,3596
1/24/2023 0:36,4037
1/24/2023 0:37,4010
1/24/2023 0:37,3854
1/24/2023 0:38,3777
1/24/2023 0:38,3874
1/24/2023 0:39,3674
1/24/2023 0:39,4056
1/24/2023 0:40,3884
1/24/2023 0:40,3621
1/24/2023 0:41,3672
1/24/2023 0:41,3544
1/24/2023 0:42,3618
1/24/2023 0:42,3708
1/24/2023 0:43,3563
1/24/2023 0:43,3480
1/24/2023 0:44,3649
1/24/2023 0:44,3983
1/24/2023 0:45,3704
1/24/2023 0:45,3630
1/24/2023 0:46,3416
1/24/2023 0:46,4076
1/24/2023 0:47,3406
1/24/2023 0:47,3621
1/24/2023 0:48,3829
1/24/2023 0:48,3513
1/24/2023 0:49,3432
1/24/2023 0:49,3497
1/24/2023 0:50,3384
1/24/2023 0:50,3563
1/24/2023 0:51,3530
1/24/2023 0:51,3862
1/24/2023 0:52,3539
1/24/2023 0:52,3795
1/24/2023 0:53,3640
1/24/2023 0:54,3318
1/24/2023 0:54,3776
1/24/2023 0:55,3829
1/24/2023 0:55,3689
1/24/2023 0:56,4000
1/24/2023 0:56,3384
1/24/2023 0:57,3608
1/24/2023 0:57,3972
1/24/2023 0:58,3811
1/24/2023 0:58,3741
1/24/2023 0:59,3654
1/24/2023 0:59,3674
1/24/2023 1:00,3936
1/24/2023 1:00,3343
1/24/2023 1:01,3811
1/24/2023 1:01,3641
1/24/2023 1:02,3681
1/24/2023 1:02,3696
1/24/2023 1:03,3587
1/24/2023 1:03,3553
1/24/2023 1:04,3455
1/24/2023 1:04,3716
1/24/2023 1:05,3478
1/24/2023 1:05,3982
1/24/2023 1:06,3793
1/24/2023 1:06,4104
1/24/2023 1:07,3570
1/24/2023 1:07,3662
1/24/2023 1:08,3706
1/24/2023 1:08,3750
1/24/2023 1:09,3604
1/24/2023 1:09,3783
1/24/2023 1:10,3965
1/24/2023 1:10,3862
1/24/2023 1:11,3520
1/24/2023 1:11,3679
1/24/2023 1:12,3766
1/24/2023 1:12,3829
1/24/2023 1:13,3900
1/24/2023 1:13,3864
1/24/2023 1:14,3604
1/24/2023 1:14,3587
1/24/2023 1:15,3384
1/24/2023 1:15,3647
1/24/2023 1:16,3580
1/24/2023 1:16,3785
1/24/2023 1:17,3703
1/24/2023 1:17,3478
1/24/2023 1:18,3577
1/24/2023 1:18,3632
1/24/2023 1:19,3448
1/24/2023 1:19,3892
1/24/2023 1:20,3398
1/24/2023 1:21,3647
1/24/2023 1:21,3748
1/24/2023 1:22,3827
1/24/2023 1:22,3848
1/24/2023 1:23,3672
1/24/2023 1:23,3570
1/24/2023 1:24,3683
1/24/2023 1:24,3544
1/24/2023 1:25,4027
1/24/2023 1:25,3758
1/24/2023 1:26,3664
1/24/2023 1:26,3604
1/24/2023 1:27,3853
1/24/2023 1:27,3882
1/24/2023 1:28,3776
1/24/2023 1:28,4075
1/24/2023 1:29,3776
1/24/2023 1:29,3551
1/24/2023 1:30,3854
1/24/2023 1:30,3654
1/24/2023 1:31,3748
1/24/2023 1:31,3962
1/24/2023 1:32,3872
1/24/2023 1:32,3580
1/24/2023 1:33,3689
1/24/2023 1:33,3606
1/24/2023 1:34,3618
1/24/2023 1:34,3604
1/24/2023 1:35,3725
1/24/2023 1:35,3553
1/24/2023 1:36,3621
1/24/2023 1:36,3783
1/24/2023 1:37,3349
1/24/2023 1:37,3601
1/24/2023 1:38,3621
1/24/2023 1:38,3827
1/24/2023 1:39,3706
1/24/2023 1:39,3691
1/24/2023 1:40,3853
1/24/2023 1:40,3693
1/24/2023 1:41,3731
1/24/2023 1:41,3706
1/24/2023 1:42,3637
1/24/2023 1:42,3596
1/24/2023 1:43,3553
1/24/2023 1:43,3664
1/24/2023 1:44,3511
1/24/2023 1:44,3520
1/24/2023 1:45,3471
1/24/2023 1:45,3561
1/24/2023 1:46,3677
1/24/2023 1:47,3553
1/24/2023 1:47,3723
1/24/2023 1:48,3577
1/24/2023 1:48,3899
1/24/2023 1:49,3982
1/24/2023 1:49,4000
1/24/2023 1:50,3604
1/24/2023 1:50,3645
1/24/2023 1:51,3990
1/24/2023 1:51,3756
1/24/2023 1:52,3640
1/24/2023 1:52,3793
1/24/2023 1:53,3639
1/24/2023 1:53,3776
1/24/2023 1:54,3506
1/24/2023 1:54,3748
1/24/2023 1:55,3320
1/24/2023 1:55,3801
1/24/2023 1:56,3672
1/24/2023 1:56,3527
1/24/2023 1:57,3739
1/24/2023 1:57,3585
1/24/2023 1:58,3628
1/24/2023 1:58,3689
1/24/2023 1:59,4017
1/24/2023 1:59,3645
1/24/2023 2:00,3694
1/24/2023 2:00,3672
1/24/2023 2:01,3716
1/24/2023 2:01,4072
1/24/2023 2:02,3664
1/24/2023 2:02,3661
1/24/2023 2:03,3570
1/24/2023 2:03,3953
1/24/2023 2:04,3413
1/24/2023 2:04,3462
1/24/2023 2:05,3696
1/24/2023 2:05,3817
1/24/2023 2:06,3544
1/24/2023 2:06,3374
1/24/2023 2:07,3799
1/24/2023 2:07,3801
1/24/2023 2:08,3664
1/24/2023 2:08,3504
1/24/2023 2:09,3712
1/24/2023 2:09,3551
1/24/2023 2:10,3681
1/24/2023 2:10,3485
1/24/2023 2:11,3834
1/24/2023 2:11,3439
1/24/2023 2:12,3731
1/24/2023 2:12,3613
1/24/2023 2:13,3669
1/24/2023 2:14,3413
1/24/2023 2:14,3618
1/24/2023 2:15,3997
1/24/2023 2:15,3791
1/24/2023 2:16,3618
1/24/2023 2:16,3679
1/24/2023 2:17,3990
1/24/2023 2:17,3999
1/24/2023 2:18,3871
1/24/2023 2:18,3837
1/24/2023 2:19,3706
1/24/2023 2:19,3392
1/24/2023 2:20,3618
1/24/2023 2:20,3923
1/24/2023 2:21,3520
1/24/2023 2:21,3487
1/24/2023 2:22,3561
1/24/2023 2:22,3504
1/24/2023 2:23,3689
1/24/2023 2:23,3714
1/24/2023 2:24,3504
1/24/2023 2:24,3696
1/24/2023 2:25,3977
1/24/2023 2:25,3240
1/24/2023 2:26,3459
1/24/2023 2:26,3982
1/24/2023 2:27,3318
1/24/2023 2:27,3224
1/24/2023 2:28,3838
1/24/2023 2:28,3311
1/24/2023 2:29,3549
1/24/2023 2:29,3623
1/24/2023 2:30,3520
1/24/2023 2:30,3618
1/24/2023 2:31,3580
1/24/2023 2:31,3980
1/24/2023 2:32,3656
1/24/2023 2:32,3551
1/24/2023 2:33,3530
1/24/2023 2:33,3972
1/24/2023 2:34,3756
1/24/2023 2:34,3746
1/24/2023 2:35,3356
1/24/2023 2:35,3445
1/24/2023 2:36,3858
1/24/2023 2:36,4000
1/24/2023 2:37,3908
1/24/2023 2:37,3774
1/24/2023 2:38,3801
1/24/2023 2:38,3561
1/24/2023 2:39,3585
1/24/2023 2:39,3511
1/24/2023 2:40,3381
1/24/2023 2:41,3537
1/24/2023 2:41,3544
1/24/2023 2:42,3635
1/24/2023 2:42,3706
1/24/2023 2:43,3609
1/24/2023 2:43,3462
1/24/2023 2:44,3527
1/24/2023 2:44,3785
1/24/2023 2:45,3746
1/24/2023 2:45,4056
1/24/2023 2:46,3469
1/24/2023 2:46,3340
1/24/2023 2:47,3501
1/24/2023 2:47,3340
1/24/2023 2:48,3561
1/24/2023 2:48,3587
1/24/2023 2:49,3652
1/24/2023 2:49,3714
1/24/2023 2:50,3604
1/24/2023 2:50,3525
1/24/2023 2:51,3537
1/24/2023 2:51,3760
1/24/2023 2:52,3647
1/24/2023 2:52,3918
1/24/2023 2:53,3660
1/24/2023 2:53,3469
1/24/2023 2:54,3999
1/24/2023 2:54,3420
1/24/2023 2:55,3712
1/24/2023 2:55,3534
1/24/2023 2:56,3601
1/24/2023 2:56,3758
1/24/2023 2:57,3662
1/24/2023 2:57,3645
1/24/2023 2:58,3762
1/24/2023 2:58,3703
1/24/2023 2:59,3553
1/24/2023 2:59,4065
1/24/2023 3:00,4046
1/24/2023 3:00,3534
1/24/2023 3:01,3953
1/24/2023 3:01,3637
1/24/2023 3:02,3714
1/24/2023 3:02,3739
1/24/2023 3:03,3485
1/24/2023 3:03,3756
1/24/2023 3:04,3628
1/24/2023 3:04,3908
1/24/2023 3:05,3679
1/24/2023 3:05,3494
1/24/2023 3:06,3439
1/24/2023 3:06,3271
1/24/2023 3:07,3585
1/24/2023 3:08,3845
1/24/2023 3:08,3628
1/24/2023 3:09,3599
1/24/2023 3:09,3255
1/24/2023 3:10,3356
1/24/2023 3:10,3356
1/24/2023 3:11,3570
1/24/2023 3:11,3544
1/24/2023 3:12,3645
1/24/2023 3:12,3952
1/24/2023 3:13,4017
1/24/2023 3:13,3731
1/24/2023 3:14,3672
1/24/2023 3:14,4046
1/24/2023 3:15,3835
1/24/2023 3:15,3563
1/24/2023 3:16,3594
1/24/2023 3:16,3527
1/24/2023 3:17,3739
1/24/2023 3:17,3972
1/24/2023 3:18,3982
1/24/2023 3:18,3286
1/24/2023 3:19,3443
1/24/2023 3:19,3372
1/24/2023 3:20,3561
1/24/2023 3:20,3925
1/24/2023 3:21,3568
1/24/2023 3:21,3551
1/24/2023 3:22,3799
1/24/2023 3:22,3882
1/24/2023 3:23,3787
1/24/2023 3:23,3443
1/24/2023 3:24,4017
1/24/2023 3:24,3343
1/24/2023 3:25,4019
1/24/2023 3:25,3962
1/24/2023 3:26,3756
1/24/2023 3:26,3731
1/24/2023 3:27,3577
1/24/2023 3:27,4056
1/24/2023 3:28,3666
1/24/2023 3:28,3568
1/24/2023 3:29,3618
1/24/2023 3:29,3993
1/24/2023 3:30,3669
1/24/2023 3:30,3645
1/24/2023 3:31,3694
1/24/2023 3:31,3333
1/24/2023 3:32,3945
1/24/2023 3:32,3781
1/24/2023 3:33,3854
1/24/2023 3:33,3592
1/24/2023 3:34,3601
1/24/2023 3:35,3308
1/24/2023 3:35,3635
1/24/2023 3:36,3445
1/24/2023 3:36,3534
1/24/2023 3:37,4083
1/24/2023 3:37,3601
1/24/2023 3:38,3890
1/24/2023 3:38,3908
1/24/2023 3:39,3585
1/24/2023 3:39,3347
1/24/2023 3:40,3635
1/24/2023 3:40,3626
1/24/2023 3:41,3485
1/24/2023 3:41,3872
1/24/2023 3:42,3561
1/24/2023 3:42,3494
1/24/2023 3:43,3640
1/24/2023 3:43,3862
1/24/2023 3:44,3687
1/24/2023 3:44,3413
1/24/2023 3:45,3553
1/24/2023 3:45,3448
1/24/2023 3:46,3385
1/24/2023 3:46,3485
1/24/2023 3:47,3731
1/24/2023 3:47,3890
1/24/2023 3:48,3611
1/24/2023 3:48,3611
1/24/2023 3:49,3604
1/24/2023 3:49,3478
1/24/2023 3:50,3801
1/24/2023 3:50,3990
1/24/2023 3:51,3746
1/24/2023 3:51,3741
1/24/2023 3:52,3577
1/24/2023 3:52,3308
1/24/2023 3:53,3982
1/24/2023 3:53,3714
1/24/2023 3:54,3645
1/24/2023 3:54,3650
1/24/2023 3:55,3827
1/24/2023 3:55,3594
1/24/2023 3:56,3889
1/24/2023 3:56,3731
1/24/2023 3:57,3643
1/24/2023 3:57,3864
1/24/2023 3:58,3689
1/24/2023 3:58,3561
1/24/2023 3:59,3365
1/24/2023 3:59,3694
1/24/2023 4:00,3980
1/24/2023 4:00,3293
1/24/2023 4:01,3575
1/24/2023 4:02,3710
1/24/2023 4:02,4009
1/24/2023 4:03,3485
1/24/2023 4:03,3645
1/24/2023 4:04,3492
1/24/2023 4:04,3652
1/24/2023 4:05,3611
1/24/2023 4:05,3558
1/24/2023 4:06,3551
1/24/2023 4:06,3452
1/24/2023 4:07,3572
1/24/2023 4:07,3943
1/24/2023 4:08,3635
1/24/2023 4:08,3628
1/24/2023 4:09,3587
1/24/2023 4:09,3609
1/24/2023 4:10,3561
1/24/2023 4:10,3436
1/24/2023 4:11,3561
1/24/2023 4:11,3791
1/24/2023 4:12,3594
1/24/2023 4:12,3628
1/24/2023 4:13,3880
1/24/2023 4:13,3349
1/24/2023 4:14,3672
1/24/2023 4:14,4017
1/24/2023 4:15,3389
1/24/2023 4:15,3544
1/24/2023 4:16,3635
1/24/2023 4:16,3972
1/24/2023 4:17,3525
1/24/2023 4:17,3682
1/24/2023 4:18,3613
1/24/2023 4:18,3945
1/24/2023 4:19,3558
1/24/2023 4:19,3518
1/24/2023 4:20,3880
1/24/2023 4:20,3704
1/24/2023 4:21,3696
1/24/2023 4:21,3704
1/24/2023 4:22,3561
1/24/2023 4:22,3756
1/24/2023 4:23,3466
1/24/2023 4:23,3785
1/24/2023 4:24,3694
1/24/2023 4:24,3462
1/24/2023 4:25,3647
1/24/2023 4:25,3774
1/24/2023 4:26,4014
1/24/2023 4:26,4104
1/24/2023 4:27,3791
1/24/2023 4:27,3637
1/24/2023 4:28,3606
1/24/2023 4:29,3694
1/24/2023 4:29,3501
1/24/2023 4:30,3704
1/24/2023 4:30,3561
1/24/2023 4:31,3854
1/24/2023 4:31,3807
1/24/2023 4:32,3308
1/24/2023 4:32,3585
1/24/2023 4:33,3609
1/24/2023 4:33,3679
1/24/2023 4:34,3575
1/24/2023 4:34,3679
1/24/2023 4:35,3621
1/24/2023 4:35,3635
1/24/2023 4:36,3558
1/24/2023 4:36,3485
1/24/2023 4:37,3990
1/24/2023 4:37,3558
1/24/2023 4:38,3704
1/24/2023 4:38,3656
1/24/2023 4:39,3420
1/24/2023 4:39,3809
1/24/2023 4:40,3988
1/24/2023 4:40,3585
1/24/2023 4:41,3645
1/24/2023 4:41,3650
1/24/2023 4:42,3756
1/24/2023 4:42,3594
1/24/2023 4:43,3628
1/24/2023 4:43,3436
1/24/2023 4:44,3696
1/24/2023 4:44,3756
1/24/2023 4:45,3324
1/24/2023 4:45,3766
1/24/2023 4:46,3774
1/24/2023 4:46,3494
1/24/2023 4:47,3899
1/24/2023 4:47,3746
1/24/2023 4:48,3706
1/24/2023 4:48,3469
1/24/2023 4:49,3611
1/24/2023 4:49,3604
1/24/2023 4:50,3577
1/24/2023 4:50,3626
1/24/2023 4:51,3872
1/24/2023 4:51,3864
1/24/2023 4:52,3862
1/24/2023 4:52,3534
1/24/2023 4:53,3935
1/24/2023 4:53,3689
1/24/2023 4:54,3910
1/24/2023 4:54,3837
1/24/2023 4:55,3927
1/24/2023 4:56,4010
1/24/2023 4:56,3652
1/24/2023 4:57,3862
1/24/2023 4:57,3845
1/24/2023 4:58,3970
1/24/2023 4:58,3760
1/24/2023 4:59,3696
1/24/2023 4:59,3746
1/24/2023 5:00,3544
1/24/2023 5:00,3628
1/24/2023 5:01,3340
1/24/2023 5:01,3356
1/24/2023 5:02,3551
1/24/2023 5:02,3739
1/24/2023 5:03,3594
1/24/2023 5:03,3791
1/24/2023 5:04,3819
1/24/2023 5:04,3443
1/24/2023 5:05,3687
1/24/2023 5:05,3527
1/24/2023 5:06,3679
1/24/2023 5:06,3712
1/24/2023 5:07,3737
1/24/2023 5:07,3685
1/24/2023 5:08,3542
1/24/2023 5:08,3469
1/24/2023 5:09,3568
1/24/2023 5:09,3696
1/24/2023 5:10,3936
1/24/2023 5:10,3626
1/24/2023 5:11,3890
1/24/2023 5:11,3754
1/24/2023 5:12,3952
1/24/2023 5:12,3712
1/24/2023 5:13,3601
1/24/2023 5:13,3501
1/24/2023 5:14,3714
1/24/2023 5:14,3508
1/24/2023 5:15,3746
1/24/2023 5:15,3933
1/24/2023 5:16,3712
1/24/2023 5:16,3635
1/24/2023 5:17,3772
1/24/2023 5:17,3687
1/24/2023 5:18,3835
1/24/2023 5:18,3558
1/24/2023 5:19,3599
1/24/2023 5:19,3566
1/24/2023 5:20,3677
1/24/2023 5:20,3791
1/24/2023 5:21,3774
1/24/2023 5:21,3704
1/24/2023 5:22,4046
1/24/2023 5:23,3404
1/24/2023 5:23,3518
1/24/2023 5:24,3534
1/24/2023 5:24,3347
1/24/2023 5:25,3739
1/24/2023 5:25,3527
1/24/2023 5:26,3706
1/24/2023 5:26,3628
1/24/2023 5:27,3739
1/24/2023 5:27,3331
1/24/2023 5:28,3799
1/24/2023 5:28,3580
1/24/2023 5:29,3459
1/24/2023 5:29,3696
1/24/2023 5:30,3542
1/24/2023 5:30,3780
1/24/2023 5:31,3568
1/24/2023 5:31,3575
1/24/2023 5:32,3862
1/24/2023 5:32,3556
1/24/2023 5:33,3643
1/24/2023 5:33,3899
1/24/2023 5:34,3577
1/24/2023 5:34,3662
1/24/2023 5:35,3628
1/24/2023 5:35,3953
1/24/2023 5:36,3669
1/24/2023 5:36,3748
1/24/2023 5:37,3677
1/24/2023 5:37,3525
1/24/2023 5:38,3677
1/24/2023 5:38,3988
1/24/2023 5:39,3544
1/24/2023 5:39,3935
1/24/2023 5:40,3626
1/24/2023 5:40,3687
1/24/2023 5:41,3889
1/24/2023 5:41,3935
1/24/2023 5:42,3696
1/24/2023 5:42,3580
1/24/2023 5:43,3862
1/24/2023 5:43,3774
1/24/2023 5:44,3662
1/24/2023 5:44,3568
1/24/2023 5:45,3542
1/24/2023 5:45,3672
1/24/2023 5:46,3534
1/24/2023 5:46,3660
1/24/2023 5:47,3681
1/24/2023 5:47,3585
1/24/2023 5:48,3817
1/24/2023 5:49,3231
1/24/2023 5:49,3694
1/24/2023 5:50,3558
1/24/2023 5:50,3618
1/24/2023 5:51,3478
1/24/2023 5:51,3704
1/24/2023 5:52,3721
1/24/2023 5:52,3575
1/24/2023 5:53,3764
1/24/2023 5:53,3712
1/24/2023 5:54,3752
1/24/2023 5:54,3575
1/24/2023 5:55,3677
1/24/2023 5:55,3809
1/24/2023 5:56,3585
1/24/2023 5:56,3809
1/24/2023 5:57,3843
1/24/2023 5:57,3943
1/24/2023 5:58,3492
1/24/2023 5:58,3721
1/24/2023 5:59,3388
1/24/2023 5:59,3953
1/24/2023 6:00,3445
1/24/2023 6:00,3879
1/24/2023 6:01,3501
1/24/2023 6:01,3952
1/24/2023 6:02,3299
1/24/2023 6:02,3915
1/24/2023 6:03,3721
1/24/2023 6:03,3618
1/24/2023 6:04,3463
1/24/2023 6:04,3669
1/24/2023 6:05,3943
1/24/2023 6:05,3318
1/24/2023 6:06,3672
1/24/2023 6:06,3731
1/24/2023 6:07,3704
1/24/2023 6:07,3879
1/24/2023 6:08,3621
1/24/2023 6:08,3551
1/24/2023 6:09,3601
1/24/2023 6:09,3643
1/24/2023 6:10,3780
1/24/2023 6:10,3633
1/24/2023 6:11,3597
1/24/2023 6:11,3635
1/24/2023 6:12,3669
1/24/2023 6:12,3712
1/24/2023 6:13,3652
1/24/2023 6:13,3611
1/24/2023 6:14,3872
1/24/2023 6:14,3990
1/24/2023 6:15,3483
1/24/2023 6:16,3585
1/24/2023 6:16,3762
1/24/2023 6:17,3948
1/24/2023 6:17,3694
1/24/2023 6:18,3889
1/24/2023 6:18,4026
1/24/2023 6:19,3534
1/24/2023 6:19,3654
1/24/2023 6:20,3960
1/24/2023 6:20,3525
1/24/2023 6:21,3694
1/24/2023 6:21,3635
1/24/2023 6:22,3487
1/24/2023 6:22,3748
1/24/2023 6:23,3611
1/24/2023 6:23,3999
1/24/2023 6:24,3694
1/24/2023 6:24,3669
1/24/2023 6:25,3611
1/24/2023 6:25,3624
1/24/2023 6:26,3774
1/24/2023 6:26,3340
1/24/2023 6:27,3551
1/24/2023 6:27,3436
1/24/2023 6:28,3372
1/24/2023 6:28,3388
1/24/2023 6:29,3650
1/24/2023 6:29,3459
1/24/2023 6:30,3372
1/24/2023 6:30,3652
1/24/2023 6:31,3723
1/24/2023 6:31,3356
1/24/2023 6:32,3615
1/24/2023 6:32,3532
1/24/2023 6:33,3729
1/24/2023 6:33,3777
1/24/2023 6:34,3527
1/24/2023 6:34,3635
1/24/2023 6:35,3518
1/24/2023 6:35,3754
1/24/2023 6:36,3542
1/24/2023 6:36,3952
1/24/2023 6:37,3980
1/24/2023 6:37,3694
1/24/2023 6:38,3835
1/24/2023 6:38,3781
1/24/2023 6:39,3685
1/24/2023 6:39,3980
1/24/2023 6:40,3712
1/24/2023 6:40,3654
1/24/2023 6:41,3807
1/24/2023 6:41,3907
1/24/2023 6:42,3399
1/24/2023 6:43,3915
1/24/2023 6:43,3982
1/24/2023 6:44,3601
1/24/2023 6:44,3754
1/24/2023 6:45,3799
1/24/2023 6:45,3917
1/24/2023 6:46,3459
1/24/2023 6:46,3660
1/24/2023 6:47,3815
1/24/2023 6:47,3633
1/24/2023 6:48,3799
1/24/2023 6:48,3669
1/24/2023 6:49,3687
1/24/2023 6:49,3854
1/24/2023 6:50,3696
1/24/2023 6:50,3746
1/24/2023 6:51,3378
1/24/2023 6:51,3607
1/24/2023 6:52,3679
1/24/2023 6:52,3611
1/24/2023 6:53,3696
1/24/2023 6:53,3385
1/24/2023 6:54,3915
1/24/2023 6:54,3609
1/24/2023 6:55,3817
1/24/2023 6:55,3704
1/24/2023 6:56,3704
1/24/2023 6:56,3746
1/24/2023 6:57,3685
1/24/2023 6:57,3652
1/24/2023 6:58,3872
1/24/2023 6:58,3843
1/24/2023 6:59,3774
1/24/2023 6:59,4016
1/24/2023 7:00,3783
1/24/2023 7:00,3669
1/24/2023 7:01,3677
1/24/2023 7:01,3378
1/24/2023 7:02,3558
1/24/2023 7:02,3704
1/24/2023 7:03,3789
1/24/2023 7:03,3575
1/24/2023 7:04,3854
1/24/2023 7:04,3568
1/24/2023 7:05,3827
1/24/2023 7:05,3942
1/24/2023 7:06,3626
1/24/2023 7:06,3999
1/24/2023 7:07,3694
1/24/2023 7:07,3791
1/24/2023 7:08,3872
1/24/2023 7:08,3725
1/24/2023 7:09,3378
1/24/2023 7:10,3704
1/24/2023 7:10,3592
1/24/2023 7:11,3609
1/24/2023 7:11,3723
1/24/2023 7:12,3854
1/24/2023 7:12,3766
1/24/2023 7:13,3660
1/24/2023 7:13,3817
1/24/2023 7:14,3452
1/24/2023 7:14,3643
1/24/2023 7:15,3825
1/24/2023 7:15,3674
1/24/2023 7:16,3774
1/24/2023 7:16,3633
1/24/2023 7:17,3696
1/24/2023 7:17,3872
1/24/2023 7:18,3756
1/24/2023 7:18,3908
1/24/2023 7:19,3845
1/24/2023 7:19,3575
1/24/2023 7:20,3601
1/24/2023 7:20,3756
1/24/2023 7:21,3756
1/24/2023 7:21,3746
1/24/2023 7:22,3618
1/24/2023 7:22,3862
1/24/2023 7:23,3679
1/24/2023 7:23,3635
1/24/2023 7:24,3739
1/24/2023 7:24,3774
1/24/2023 7:25,3821
1/24/2023 7:25,3723
1/24/2023 7:26,3689
1/24/2023 7:26,3739
1/24/2023 7:27,3706
1/24/2023 7:27,3781
1/24/2023 7:28,3809
1/24/2023 7:28,3611
1/24/2023 7:29,3962
1/24/2023 7:29,4017
1/24/2023 7:30,3845
1/24/2023 7:30,3727
1/24/2023 7:31,3652
1/24/2023 7:31,3652
1/24/2023 7:32,3918
1/24/2023 7:32,3721
1/24/2023 7:33,3731
1/24/2023 7:33,3635
1/24/2023 7:34,3933
1/24/2023 7:34,3972
1/24/2023 7:35,4047
1/24/2023 7:35,3568
1/24/2023 7:36,3817
1/24/2023 7:37,3756
1/24/2023 7:37,3706
1/24/2023 7:38,3618
1/24/2023 7:38,3652
1/24/2023 7:39,3689
1/24/2023 7:39,3601
1/24/2023 7:40,3766
1/24/2023 7:40,3880
1/24/2023 7:41,3618
1/24/2023 7:41,3635
1/24/2023 7:42,3480
1/24/2023 7:42,3774
1/24/2023 7:43,3585
1/24/2023 7:43,3862
1/24/2023 7:44,3864
1/24/2023 7:45,3694
1/24/2023 7:45,3853
1/24/2023 7:46,3880
1/24/2023 7:46,3766
1/24/2023 7:47,3635
1/24/2023 7:47,3791
1/24/2023 7:48,3637
1/24/2023 7:48,3845
1/24/2023 7:49,3999
1/24/2023 7:49,3700
1/24/2023 7:50,3739
1/24/2023 7:50,3809
1/24/2023 7:51,3783
1/24/2023 7:51,3694
1/24/2023 7:52,4169
1/24/2023 7:52,3809
1/24/2023 7:53,3811
1/24/2023 7:53,3853
1/24/2023 7:54,3890
1/24/2023 7:54,3962
1/24/2023 7:55,3746
1/24/2023 7:55,3506
1/24/2023 7:56,3394
1/24/2023 7:56,3679
1/24/2023 7:57,3652
1/24/2023 7:57,3452
1/24/2023 7:58,3696
1/24/2023 7:58,3632
1/24/2023 7:59,3793
1/24/2023 7:59,3874
1/24/2023 8:00,3992
1/24/2023 8:00,3801
1/24/2023 8:01,3611
1/24/2023 8:01,3704
1/24/2023 8:02,3628
1/24/2023 8:03,3862
1/24/2023 8:03,3508
1/24/2023 8:04,3714
1/24/2023 8:04,3774
1/24/2023 8:05,3706
1/24/2023 8:05,3487
1/24/2023 8:06,3404
1/24/2023 8:06,3611
1/24/2023 8:07,3791
1/24/2023 8:07,3518
1/24/2023 8:08,3774
1/24/2023 8:08,4009
1/24/2023 8:09,3704
1/24/2023 8:09,3723
1/24/2023 8:10,3573
1/24/2023 8:10,3890
1/24/2023 8:11,3880
1/24/2023 8:11,3662
1/24/2023 8:12,3927
1/24/2023 8:12,3561
1/24/2023 8:13,3716
1/24/2023 8:13,4140
1/24/2023 8:14,3696
1/24/2023 8:14,3945
1/24/2023 8:15,3635
1/24/2023 8:15,3890
1/24/2023 8:16,3766
1/24/2023 8:16,3739
1/24/2023 8:17,3809
1/24/2023 8:17,3990
1/24/2023 8:18,3741
1/24/2023 8:18,3714
1/24/2023 8:19,3704
1/24/2023 8:19,3953
1/24/2023 8:20,3872
1/24/2023 8:20,3809
1/24/2023 8:21,3880
1/24/2023 8:21,3774
1/24/2023 8:22,3731
1/24/2023 8:22,3862
1/24/2023 8:23,4142
1/24/2023 8:23,3511
1/24/2023 8:24,3706
1/24/2023 8:24,3611
1/24/2023 8:25,3731
1/24/2023 8:25,3739
1/24/2023 8:26,3819
1/24/2023 8:26,3829
1/24/2023 8:27,3793
1/24/2023 8:27,3518
1/24/2023 8:28,3687
1/24/2023 8:28,3811
1/24/2023 8:29,3621
1/24/2023 8:30,3963
1/24/2023 8:30,3662
1/24/2023 8:31,3889
1/24/2023 8:31,3731
1/24/2023 8:32,3679
1/24/2023 8:32,3927
1/24/2023 8:33,3748
1/24/2023 8:33,3817
1/24/2023 8:34,3899
1/24/2023 8:34,3777
1/24/2023 8:35,3662
1/24/2023 8:35,4004
1/24/2023 8:36,3731
1/24/2023 8:36,3723
1/24/2023 8:37,3945
1/24/2023 8:37,3890
1/24/2023 8:38,3872
1/24/2023 8:38,3721
1/24/2023 8:39,3587
1/24/2023 8:39,3990
1/24/2023 8:40,3880
1/24/2023 8:40,3862
1/24/2023 8:41,3729
1/24/2023 8:41,3862
1/24/2023 8:42,3750
1/24/2023 8:42,3577
1/24/2023 8:43,3611
1/24/2023 8:43,3801
1/24/2023 8:44,3845
1/24/2023 8:44,3672
1/24/2023 8:45,3696
1/24/2023 8:45,3654
1/24/2023 8:46,3714
1/24/2023 8:46,3679
1/24/2023 8:47,3662
1/24/2023 8:47,3565
1/24/2023 8:48,3807
1/24/2023 8:48,3936
1/24/2023 8:49,3534
1/24/2023 8:49,3819
1/24/2023 8:50,3963
1/24/2023 8:50,3862
1/24/2023 8:51,3580
1/24/2023 8:51,3829
1/24/2023 8:52,3827
1/24/2023 8:52,3731
1/24/2023 8:53,3739
1/24/2023 8:53,3819
1/24/2023 8:54,3689
1/24/2023 8:54,3776
1/24/2023 8:55,3672
1/24/2023 8:55,3748
1/24/2023 8:56,3807
1/24/2023 8:57,3716
1/24/2023 8:57,3345
1/24/2023 8:58,3609
1/24/2023 8:58,3982
1/24/2023 8:59,3568
1/24/2023 8:59,3716
1/24/2023 9:00,3662
1/24/2023 9:00,3982
1/24/2023 9:01,3838
1/24/2023 9:01,3630
1/24/2023 9:02,3809
1/24/2023 9:02,3801
1/24/2023 9:03,3604
1/24/2023 9:03,3935
1/24/2023 9:04,3872
1/24/2023 9:04,3750
1/24/2023 9:05,3813
1/24/2023 9:05,3542
1/24/2023 9:06,3756
1/24/2023 9:06,3872
1/24/2023 9:07,3731
1/24/2023 9:07,3652
1/24/2023 9:08,3504
1/24/2023 9:08,3799
1/24/2023 9:09,3580
1/24/2023 9:09,3785
1/24/2023 9:10,3731
1/24/2023 9:10,3845
1/24/2023 9:11,3890
1/24/2023 9:11,3689
1/24/2023 9:12,3837
1/24/2023 9:12,3704
1/24/2023 9:13,3520
1/24/2023 9:13,3596
1/24/2023 9:14,3652
1/24/2023 9:14,3457
1/24/2023 9:15,3945
1/24/2023 9:15,3594
1/24/2023 9:16,3774
1/24/2023 9:16,3731
1/24/2023 9:17,3809
1/24/2023 9:17,3837
1/24/2023 9:18,3689
1/24/2023 9:18,3766
1/24/2023 9:19,3739
1/24/2023 9:19,3714
1/24/2023 9:20,3739
1/24/2023 9:20,3652
1/24/2023 9:21,3889
1/24/2023 9:21,3854
1/24/2023 9:22,3611
1/24/2023 9:22,3487
1/24/2023 9:23,3445
1/24/2023 9:24,3731
1/24/2023 9:24,3626
1/24/2023 9:25,3918
1/24/2023 9:25,3880
1/24/2023 9:26,3783
1/24/2023 9:26,3827
1/24/2023 9:27,3846
1/24/2023 9:27,3811
1/24/2023 9:28,4001
1/24/2023 9:28,3768
1/24/2023 9:29,3696
1/24/2023 9:29,3777
1/24/2023 9:30,4049
1/24/2023 9:30,3766
1/24/2023 9:31,3758
1/24/2023 9:31,3611
1/24/2023 9:32,3582
1/24/2023 9:32,3908
1/24/2023 9:33,3678
1/24/2023 9:33,3723
1/24/2023 9:34,3760
1/24/2023 9:34,3662
1/24/2023 9:35,3872
1/24/2023 9:35,3872
1/24/2023 9:36,3935
1/24/2023 9:36,3908
1/24/2023 9:37,3791
1/24/2023 9:37,3864
1/24/2023 9:38,3912
1/24/2023 9:38,3743
1/24/2023 9:39,3801
1/24/2023 9:39,3811
1/24/2023 9:40,3618
1/24/2023 9:40,3900
1/24/2023 9:41,3953
1/24/2023 9:41,3662
1/24/2023 9:42,3679
1/24/2023 9:42,3677
1/24/2023 9:43,3494
1/24/2023 9:43,3628
1/24/2023 9:44,3846
1/24/2023 9:44,3819
1/24/2023 9:45,3801
1/24/2023 9:45,3628
1/24/2023 9:46,3890
1/24/2023 9:46,3582
1/24/2023 9:47,3691
1/24/2023 9:47,3723
1/24/2023 9:48,3960
1/24/2023 9:48,3879
1/24/2023 9:49,3714
1/24/2023 9:50,3637
1/24/2023 9:50,3624
1/24/2023 9:51,3611
1/24/2023 9:51,3575
1/24/2023 9:52,3821
1/24/2023 9:52,3499
1/24/2023 9:53,3455
1/24/2023 9:53,3397
1/24/2023 9:54,3561
1/24/2023 9:54,3455
1/24/2023 9:55,3716
1/24/2023 9:55,3601
1/24/2023 9:56,3637
1/24/2023 9:56,3553
1/24/2023 9:57,3520
1/24/2023 9:57,3511
1/24/2023 9:58,3672
1/24/2023 9:58,3837
1/24/2023 9:59,3677
1/24/2023 9:59,3698
1/24/2023 10:00,3604
1/24/2023 10:00,3723
1/24/2023 10:01,3654
1/24/2023 10:01,3657
1/24/2023 10:02,3739
1/24/2023 10:02,3791
1/24/2023 10:03,3520
1/24/2023 10:03,3645
1/24/2023 10:04,3271
1/24/2023 10:04,3766
1/24/2023 10:05,3741
1/24/2023 10:05,3783
1/24/2023 10:06,3513
1/24/2023 10:06,3829
1/24/2023 10:07,3793
1/24/2023 10:07,3432
1/24/2023 10:08,3274
1/24/2023 10:08,3706
1/24/2023 10:09,3925
1/24/2023 10:09,3551
1/24/2023 10:10,3910
1/24/2023 10:10,3801
1/24/2023 10:11,3343
1/24/2023 10:11,3563
1/24/2023 10:12,3837
1/24/2023 10:12,3793
1/24/2023 10:13,3862
1/24/2023 10:13,3669
1/24/2023 10:14,3553
1/24/2023 10:14,3570
1/24/2023 10:15,3927
1/24/2023 10:15,3464
1/24/2023 10:16,3537
1/24/2023 10:17,3358
1/24/2023 10:17,3917
1/24/2023 10:18,3698
1/24/2023 10:18,3637
1/24/2023 10:19,3518
1/24/2023 10:19,3604
1/24/2023 10:20,3464
1/24/2023 10:20,3596
1/24/2023 10:21,3530
1/24/2023 10:21,3647
1/24/2023 10:22,3381
1/24/2023 10:22,3400
1/24/2023 10:23,3490
1/24/2023 10:23,3274
1/24/2023 10:24,3662
1/24/2023 10:24,3945
1/24/2023 10:25,3455
1/24/2023 10:25,4133
1/24/2023 10:26,3518
1/24/2023 10:26,3546
1/24/2023 10:27,3264
1/24/2023 10:27,3664
1/24/2023 10:28,3613
1/24/2023 10:28,3725
1/24/2023 10:29,3497
1/24/2023 10:29,3509
1/24/2023 10:30,3464
1/24/2023 10:30,3829
1/24/2023 10:31,3637
1/24/2023 10:31,3587
1/24/2023 10:32,3854
1/24/2023 10:32,3604
1/24/2023 10:33,3203
1/24/2023 10:33,3640
1/24/2023 10:34,3523
1/24/2023 10:34,3580
1/24/2023 10:35,3580
1/24/2023 10:35,3640
1/24/2023 10:36,3580
1/24/2023 10:36,3733
1/24/2023 10:37,3827
1/24/2023 10:37,3637
1/24/2023 10:38,3623
1/24/2023 10:38,3544
1/24/2023 10:39,3694
1/24/2023 10:39,3712
1/24/2023 10:40,3388
1/24/2023 10:40,3582
1/24/2023 10:41,3696
1/24/2023 10:41,3575
1/24/2023 10:42,3809
1/24/2023 10:42,3530
1/24/2023 10:43,3819
1/24/2023 10:44,3745
1/24/2023 10:44,3333
1/24/2023 10:45,3599
1/24/2023 10:45,3748
1/24/2023 10:46,3601
1/24/2023 10:46,3471
1/24/2023 10:47,3628
1/24/2023 10:47,3706
1/24/2023 10:48,3553
1/24/2023 10:48,3632
1/24/2023 10:49,3480
1/24/2023 10:49,3455
1/24/2023 10:50,3750
1/24/2023 10:50,3776
1/24/2023 10:51,3908
1/24/2023 10:51,3764
1/24/2023 10:52,3580
1/24/2023 10:52,3640
1/24/2023 10:53,3604
1/24/2023 10:53,3445
1/24/2023 10:54,3760
1/24/2023 10:54,3928
1/24/2023 10:55,3809
1/24/2023 10:55,3716
1/24/2023 10:56,3400
1/24/2023 10:56,3582
1/24/2023 10:57,3501
1/24/2023 10:57,3613
1/24/2023 10:58,3504
1/24/2023 10:58,3271
1/24/2023 10:59,3464
1/24/2023 10:59,3480
1/24/2023 11:00,3374
1/24/2023 11:00,3397
1/24/2023 11:01,3546
1/24/2023 11:01,3589
1/24/2023 11:02,3523
1/24/2023 11:02,3439
1/24/2023 11:03,3632
1/24/2023 11:03,3621
1/24/2023 11:04,3750
1/24/2023 11:04,3448
1/24/2023 11:05,3681
1/24/2023 11:05,3494
1/24/2023 11:06,3615
1/24/2023 11:06,4113
1/24/2023 11:07,3439
1/24/2023 11:07,3664
1/24/2023 11:08,3594
1/24/2023 11:08,3539
1/24/2023 11:09,3657
1/24/2023 11:09,3768
1/24/2023 11:10,3471
1/24/2023 11:11,3647
1/24/2023 11:11,3637
1/24/2023 11:12,3553
1/24/2023 11:12,3750
1/24/2023 11:13,3874
1/24/2023 11:13,3400
1/24/2023 11:14,3390
1/24/2023 11:14,3856
1/24/2023 11:15,4056
1/24/2023 11:15,3603
1/24/2023 11:16,3615
1/24/2023 11:16,3679
1/24/2023 11:17,3374
1/24/2023 11:17,3637
1/24/2023 11:18,3563
1/24/2023 11:18,3432
1/24/2023 11:19,3506
1/24/2023 11:19,3674
1/24/2023 11:20,3601
1/24/2023 11:20,3799
1/24/2023 11:21,3490
1/24/2023 11:21,3662
1/24/2023 11:22,3352
1/24/2023 11:22,3406
1/24/2023 11:23,3497
1/24/2023 11:23,3497
1/24/2023 11:24,3657
1/24/2023 11:24,3267
1/24/2023 11:25,3731
1/24/2023 11:25,3733
1/24/2023 11:26,3657
1/24/2023 11:26,3523
1/24/2023 11:27,3439
1/24/2023 11:27,3311
1/24/2023 11:28,3813
1/24/2023 11:28,3613
1/24/2023 11:29,3801
1/24/2023 11:29,3556
1/24/2023 11:30,3596
1/24/2023 11:30,3494
1/24/2023 11:31,3480
1/24/2023 11:31,3513
1/24/2023 11:32,3448
1/24/2023 11:32,3572
1/24/2023 11:33,3585
1/24/2023 11:33,3662
1/24/2023 11:34,3864
1/24/2023 11:34,3829
1/24/2023 11:35,3563
1/24/2023 11:35,3572
1/24/2023 11:36,3352
1/24/2023 11:37,3580
1/24/2023 11:37,3539
1/24/2023 11:38,3776
1/24/2023 11:38,3441
1/24/2023 11:39,3856
1/24/2023 11:39,3955
1/24/2023 11:40,3525
1/24/2023 11:40,3530
1/24/2023 11:41,3741
1/24/2023 11:41,3513
1/24/2023 11:42,3664
1/24/2023 11:42,3530
1/24/2023 11:43,3530
1/24/2023 11:43,3587
1/24/2023 11:44,3506
1/24/2023 11:44,3497
1/24/2023 11:45,3556
1/24/2023 11:45,3511
1/24/2023 11:46,3537
1/24/2023 11:46,3615
1/24/2023 11:47,3560
1/24/2023 11:47,3700
1/24/2023 11:48,3539
1/24/2023 11:48,3640
1/24/2023 11:49,3910
1/24/2023 11:49,3549
1/24/2023 11:50,3560
1/24/2023 11:50,3480
1/24/2023 11:51,3793
1/24/2023 11:51,3580
1/24/2023 11:52,3894
1/24/2023 11:52,3750
1/24/2023 11:53,3553
1/24/2023 11:53,3892
1/24/2023 11:54,3589
1/24/2023 11:54,3854
1/24/2023 11:55,3613
1/24/2023 11:55,3723
1/24/2023 11:56,3928
1/24/2023 11:56,3693
1/24/2023 11:57,3606
1/24/2023 11:57,3613
1/24/2023 11:58,3830
1/24/2023 11:58,3741
1/24/2023 11:59,3621
1/24/2023 11:59,3530
1/24/2023 12:00,3601
1/24/2023 12:00,3743
1/24/2023 12:01,3243
1/24/2023 12:01,3714
1/24/2023 12:02,3506
1/24/2023 12:02,3572
1/24/2023 12:03,3768
1/24/2023 12:04,3327
1/24/2023 12:04,3621
1/24/2023 12:05,3403
1/24/2023 12:05,3803
1/24/2023 12:06,3662
1/24/2023 12:06,3681
1/24/2023 12:07,3783
1/24/2023 12:07,3664
1/24/2023 12:08,3785
1/24/2023 12:08,3664
1/24/2023 12:09,3681
1/24/2023 12:09,3527
1/24/2023 12:10,3513
1/24/2023 12:10,3445
1/24/2023 12:11,3874
1/24/2023 12:11,3725
1/24/2023 12:12,3846
1/24/2023 12:12,3846
1/24/2023 12:13,3280
1/24/2023 12:13,3681
1/24/2023 12:14,3448
1/24/2023 12:14,3378
1/24/2023 12:15,3647
1/24/2023 12:15,3212
1/24/2023 12:16,3601
1/24/2023 12:16,3368
1/24/2023 12:17,3760
1/24/2023 12:17,3750
1/24/2023 12:18,3729
1/24/2023 12:18,3750
1/24/2023 12:19,3741
1/24/2023 12:19,3741
1/24/2023 12:20,3795
1/24/2023 12:20,3733
1/24/2023 12:21,3513
1/24/2023 12:21,3733
1/24/2023 12:22,3501
1/24/2023 12:22,3900
1/24/2023 12:23,3708
1/24/2023 12:23,3785
1/24/2023 12:24,3664
1/24/2023 12:24,3741
1/24/2023 12:25,3587
1/24/2023 12:25,3577
1/24/2023 12:26,3645
1/24/2023 12:26,3698
1/24/2023 12:27,3811
1/24/2023 12:27,3803
1/24/2023 12:28,3741
1/24/2023 12:28,3390
1/24/2023 12:29,3776
1/24/2023 12:29,3750
1/24/2023 12:30,3723
1/24/2023 12:31,3657
1/24/2023 12:31,3672
1/24/2023 12:32,3654
1/24/2023 12:32,3801
1/24/2023 12:33,3776
1/24/2023 12:33,3731
1/24/2023 12:34,3640
1/24/2023 12:34,3572
1/24/2023 12:35,3689
1/24/2023 12:35,3793
1/24/2023 12:36,3723
1/24/2023 12:36,3604
1/24/2023 12:37,3716
1/24/2023 12:37,3601
1/24/2023 12:38,3764
1/24/2023 12:38,3679
1/24/2023 12:39,3175
1/24/2023 12:39,3776
1/24/2023 12:40,3587
1/24/2023 12:40,3553
1/24/2023 12:41,3628
1/24/2023 12:41,3830
1/24/2023 12:42,3672
1/24/2023 12:42,3733
1/24/2023 12:43,3758
1/24/2023 12:43,3681
1/24/2023 12:44,3758
1/24/2023 12:44,3803
1/24/2023 12:45,3645
1/24/2023 12:45,3133
1/24/2023 12:46,3776
1/24/2023 12:46,3689
1/24/2023 12:47,3601
1/24/2023 12:47,3766
1/24/2023 12:48,3618
1/24/2023 12:48,3645
1/24/2023 12:49,3704
1/24/2023 12:49,3305
1/24/2023 12:50,3741
1/24/2023 12:50,3739
1/24/2023 12:51,3689
1/24/2023 12:51,3723
1/24/2023 12:52,3302
1/24/2023 12:52,3654
1/24/2023 12:53,3706
1/24/2023 12:53,3589
1/24/2023 12:54,3662
1/24/2023 12:54,3563
1/24/2023 12:55,3577
1/24/2023 12:55,3731
1/24/2023 12:56,3628
1/24/2023 12:56,3445
1/24/2023 12:57,3604
1/24/2023 12:58,3637
1/24/2023 12:58,3781
1/24/2023 12:59,3570
1/24/2023 12:59,3513
1/24/2023 13:00,3604
1/24/2023 13:00,3520
1/24/2023 13:01,3577
1/24/2023 13:01,3413
1/24/2023 13:02,3596
1/24/2023 13:02,3390
1/24/2023 13:03,3501
1/24/2023 13:03,3450
1/24/2023 13:04,3662
1/24/2023 13:04,3311
1/24/2023 13:05,3664
1/24/2023 13:05,3628
1/24/2023 13:06,3721
1/24/2023 13:06,3518
1/24/2023 13:07,3731
1/24/2023 13:07,3611
1/24/2023 13:08,3698
1/24/2023 13:08,3532
1/24/2023 13:09,3418
1/24/2023 13:09,3594
1/24/2023 13:10,3520
1/24/2023 13:10,3570
1/24/2023 13:11,3777
1/24/2023 13:11,3368
1/24/2023 13:12,3504
1/24/2023 13:12,3494
1/24/2023 13:13,3455
1/24/2023 13:13,3791
1/24/2023 13:14,3133
1/24/2023 13:14,3368
1/24/2023 13:15,3422
1/24/2023 13:15,3591
1/24/2023 13:16,3687
1/24/2023 13:16,3654
1/24/2023 13:17,3302
1/24/2023 13:17,3632
1/24/2023 13:18,3327
1/24/2023 13:18,3677
1/24/2023 13:19,3293
1/24/2023 13:19,3544
1/24/2023 13:20,3448
1/24/2023 13:20,3635
1/24/2023 13:21,3368
1/24/2023 13:21,3525
1/24/2023 13:22,3480
1/24/2023 13:22,3305
1/24/2023 13:23,3358
1/24/2023 13:23,3516
1/24/2023 13:24,3662
1/24/2023 13:25,3604
1/24/2023 13:25,3464
1/24/2023 13:26,3654
1/24/2023 13:26,3394
1/24/2023 13:27,3580
1/24/2023 13:27,3621
1/24/2023 13:28,3413
1/24/2023 13:28,3733
1/24/2023 13:29,3645
1/24/2023 13:29,3534
1/24/2023 13:30,3400
1/24/2023 13:30,3708
1/24/2023 13:31,3480
1/24/2023 13:31,3570
1/24/2023 13:32,3358
1/24/2023 13:32,3336
1/24/2023 13:33,3236
1/24/2023 13:33,3448
1/24/2023 13:34,3274
1/24/2023 13:34,3188
1/24/2023 13:35,3669
1/24/2023 13:35,3464
1/24/2023 13:36,3659
1/24/2023 13:36,3691
1/24/2023 13:37,3448
1/24/2023 13:37,3262
1/24/2023 13:38,3546
1/24/2023 13:38,3544
1/24/2023 13:39,3537
1/24/2023 13:39,3630
1/24/2023 13:40,3774
1/24/2023 13:40,3833
1/24/2023 13:41,3606
1/24/2023 13:41,3511
1/24/2023 13:42,3662
1/24/2023 13:42,3716
1/24/2023 13:43,3563
1/24/2023 13:43,3681
1/24/2023 13:44,3480
1/24/2023 13:44,3546
1/24/2023 13:45,3336
1/24/2023 13:45,3654
1/24/2023 13:46,3422
1/24/2023 13:46,3654
1/24/2023 13:47,3596
1/24/2023 13:47,3685
1/24/2023 13:48,3377
1/24/2023 13:48,3553
1/24/2023 13:49,3642
1/24/2023 13:49,3630
1/24/2023 13:50,3525
1/24/2023 13:51,3553
1/24/2023 13:51,3570
1/24/2023 13:52,3513
1/24/2023 13:52,3404
1/24/2023 13:53,3645
1/24/2023 13:53,3696
1/24/2023 13:54,3523
1/24/2023 13:54,3425
1/24/2023 13:55,3679
1/24/2023 13:55,3589
1/24/2023 13:56,3336
1/24/2023 13:56,3589
1/24/2023 13:57,3455
1/24/2023 13:57,3640
1/24/2023 13:58,3320
1/24/2023 13:58,3785
1/24/2023 13:59,3546
1/24/2023 13:59,3604
1/24/2023 14:00,3523
1/24/2023 14:00,3234
1/24/2023 14:01,3678
1/24/2023 14:01,3558
1/24/2023 14:02,3777
1/24/2023 14:02,3534
1/24/2023 14:03,3698
1/24/2023 14:03,3698
1/24/2023 14:04,3336
1/24/2023 14:04,3384
1/24/2023 14:05,3689
1/24/2023 14:05,3813
1/24/2023 14:06,3727
1/24/2023 14:06,3647
1/24/2023 14:07,3735
1/24/2023 14:07,3532
1/24/2023 14:08,3570
1/24/2023 14:08,3714
1/24/2023 14:09,3750
1/24/2023 14:09,3691
1/24/2023 14:10,3706
1/24/2023 14:10,3647
1/24/2023 14:11,3630
1/24/2023 14:11,3723
1/24/2023 14:12,3471
1/24/2023 14:12,3645
1/24/2023 14:13,3657
1/24/2023 14:13,3731
1/24/2023 14:14,3630
1/24/2023 14:14,3563
1/24/2023 14:15,3527
1/24/2023 14:15,3487
1/24/2023 14:16,3406
1/24/2023 14:16,3698
1/24/2023 14:17,3672
1/24/2023 14:18,3706
1/24/2023 14:18,3662
1/24/2023 14:19,3490
1/24/2023 14:19,3733
1/24/2023 14:20,3580
1/24/2023 14:20,3748
1/24/2023 14:21,3596
1/24/2023 14:21,3733
1/24/2023 14:22,3706
1/24/2023 14:22,3657
1/24/2023 14:23,3689
1/24/2023 14:23,3637
1/24/2023 14:24,3478
1/24/2023 14:24,3793
1/24/2023 14:25,3286
1/24/2023 14:25,3585
1/24/2023 14:26,3513
1/24/2023 14:26,3714
1/24/2023 14:27,3345
1/24/2023 14:27,3296
1/24/2023 14:28,3716
1/24/2023 14:28,3563
1/24/2023 14:29,3501
1/24/2023 14:29,3537
1/24/2023 14:30,3416
1/24/2023 14:30,3592
1/24/2023 14:31,3427
1/24/2023 14:31,3645
1/24/2023 14:32,3611
1/24/2023 14:32,3721
1/24/2023 14:33,3706
1/24/2023 14:33,3613
1/24/2023 14:34,3601
1/24/2023 14:34,3293
1/24/2023 14:35,3577
1/24/2023 14:35,3714
1/24/2023 14:36,3563
1/24/2023 14:36,3679
1/24/2023 14:37,3537
1/24/2023 14:37,3561
1/24/2023 14:38,3274
1/24/2023 14:38,3381
1/24/2023 14:39,3611
1/24/2023 14:39,3457
1/24/2023 14:40,3317
1/24/2023 14:40,3687
1/24/2023 14:41,3561
1/24/2023 14:41,3513
1/24/2023 14:42,3846
1/24/2023 14:42,3439
1/24/2023 14:43,3151
1/24/2023 14:43,3553
1/24/2023 14:44,3384
1/24/2023 14:45,3764
1/24/2023 14:45,3452
1/24/2023 14:46,3563
1/24/2023 14:46,3258
1/24/2023 14:47,3365
1/24/2023 14:47,3384
1/24/2023 14:48,3520
1/24/2023 14:48,3320
1/24/2023 14:49,3506
1/24/2023 14:49,3594
1/24/2023 14:50,3467
1/24/2023 14:50,3613
1/24/2023 14:51,3345
1/24/2023 14:51,3372
1/24/2023 14:52,3455
1/24/2023 14:52,3436
1/24/2023 14:53,3511
1/24/2023 14:53,3445
1/24/2023 14:54,3280
1/24/2023 14:54,3604
1/24/2023 14:55,3365
1/24/2023 14:55,3577
1/24/2023 14:56,3305
1/24/2023 14:56,3572
1/24/2023 14:57,3336
1/24/2023 14:57,3400
1/24/2023 14:58,3184
1/24/2023 14:58,3480
1/24/2023 14:59,3480
1/24/2023 14:59,3361
1/24/2023 15:00,3539
1/24/2023 15:00,3490
1/24/2023 15:01,3166
1/24/2023 15:01,3345
1/24/2023 15:02,3464
1/24/2023 15:02,3221
1/24/2023 15:03,3623
1/24/2023 15:03,3374
1/24/2023 15:04,3142
1/24/2023 15:04,3349
1/24/2023 15:05,3418
1/24/2023 15:05,3336
1/24/2023 15:06,3422
1/24/2023 15:06,3570
1/24/2023 15:07,3445
1/24/2023 15:07,3691
1/24/2023 15:08,3563
1/24/2023 15:08,3589
1/24/2023 15:09,3471
1/24/2023 15:09,3497
1/24/2023 15:10,3647
1/24/2023 15:10,3417
1/24/2023 15:11,3393
1/24/2023 15:12,3480
1/24/2023 15:12,3471
1/24/2023 15:13,3361
1/24/2023 15:13,3370
1/24/2023 15:14,3541
1/24/2023 15:14,3343
1/24/2023 15:15,3425
1/24/2023 15:15,3716
1/24/2023 15:16,3654
1/24/2023 15:16,3537
1/24/2023 15:17,3320
1/24/2023 15:17,3596
1/24/2023 15:18,3339
1/24/2023 15:18,3307
1/24/2023 15:19,3311
1/24/2023 15:19,3384
1/24/2023 15:20,3402
1/24/2023 15:20,3483
1/24/2023 15:21,3613
1/24/2023 15:21,3645
1/24/2023 15:22,3516
1/24/2023 15:22,3197
1/24/2023 15:23,3432
1/24/2023 15:23,3311
1/24/2023 15:24,3674
1/24/2023 15:24,3224
1/24/2023 15:25,3441
1/24/2023 15:25,3418
1/24/2023 15:26,3829
1/24/2023 15:26,3377
1/24/2023 15:27,3511
1/24/2023 15:27,3236
1/24/2023 15:28,3243
1/24/2023 15:28,3386
1/24/2023 15:29,3345
1/24/2023 15:29,3474
1/24/2023 15:30,3563
1/24/2023 15:30,3456
1/24/2023 15:31,3530
1/24/2023 15:31,3525
1/24/2023 15:32,3520
1/24/2023 15:32,3813
1/24/2023 15:33,3589
1/24/2023 15:33,3630
1/24/2023 15:34,3534
1/24/2023 15:34,3561
1/24/2023 15:35,3758
1/24/2023 15:35,3716
1/24/2023 15:36,3504
1/24/2023 15:36,3637
1/24/2023 15:37,3628
1/24/2023 15:38,3546
1/24/2023 15:38,3609
1/24/2023 15:39,3358
1/24/2023 15:39,3520
1/24/2023 15:40,3553
1/24/2023 15:40,3702
1/24/2023 15:41,3628
1/24/2023 15:41,3511
1/24/2023 15:42,3494
1/24/2023 15:42,3513
1/24/2023 15:43,3384
1/24/2023 15:43,3647
1/24/2023 15:44,3587
1/24/2023 15:44,3618
1/24/2023 15:45,3448
1/24/2023 15:45,3530
1/24/2023 15:46,3561
1/24/2023 15:46,3635
1/24/2023 15:47,3731
1/24/2023 15:47,3432
1/24/2023 15:48,3546
1/24/2023 15:48,3637
1/24/2023 15:49,3580
1/24/2023 15:49,3637
1/24/2023 15:50,3731
1/24/2023 15:50,3637
1/24/2023 15:51,3601
1/24/2023 15:51,3654
1/24/2023 15:52,3520
1/24/2023 15:52,3681
1/24/2023 15:53,3664
1/24/2023 15:53,3679
1/24/2023 15:54,3681
1/24/2023 15:54,3530
1/24/2023 15:55,3819
1/24/2023 15:55,3504
1/24/2023 15:56,3504
1/24/2023 15:56,3429
1/24/2023 15:57,3561
1/24/2023 15:57,3448
1/24/2023 15:58,3774
1/24/2023 15:58,3333
1/24/2023 15:59,3577
1/24/2023 15:59,3628
1/24/2023 16:00,3649
1/24/2023 16:00,3413
1/24/2023 16:01,3696
1/24/2023 16:01,3739
1/24/2023 16:02,3520
1/24/2023 16:02,3748
1/24/2023 16:03,3530
1/24/2023 16:03,3497
1/24/2023 16:04,3604
1/24/2023 16:05,3400
1/24/2023 16:05,3255
1/24/2023 16:06,3741
1/24/2023 16:06,3733
1/24/2023 16:07,3611
1/24/2023 16:07,3654
1/24/2023 16:08,3748
1/24/2023 16:08,3768
1/24/2023 16:09,3640
1/24/2023 16:09,3594
1/24/2023 16:10,3553
1/24/2023 16:10,3563
1/24/2023 16:11,3577
1/24/2023 16:11,3611
1/24/2023 16:12,3681
1/24/2023 16:12,3647
1/24/2023 16:13,3365
1/24/2023 16:13,3464
1/24/2023 16:14,3456
1/24/2023 16:14,3628
1/24/2023 16:15,3343
1/24/2023 16:15,3474
1/24/2023 16:16,3716
1/24/2023 16:16,3494
1/24/2023 16:17,3474
1/24/2023 16:17,3613
1/24/2023 16:18,3577
1/24/2023 16:18,3546
1/24/2023 16:19,3556
1/24/2023 16:19,3504
1/24/2023 16:20,3520
1/24/2023 16:20,3628
1/24/2023 16:21,3352
1/24/2023 16:21,3706
1/24/2023 16:22,3525
1/24/2023 16:22,3621
1/24/2023 16:23,3613
1/24/2023 16:23,3758
1/24/2023 16:24,3621
1/24/2023 16:24,3750
1/24/2023 16:25,3404
1/24/2023 16:25,3327
1/24/2023 16:26,3766
1/24/2023 16:26,3689
1/24/2023 16:27,3471
1/24/2023 16:27,3455
1/24/2023 16:28,3587
1/24/2023 16:28,3563
1/24/2023 16:29,3577
1/24/2023 16:29,3455
1/24/2023 16:30,3441
1/24/2023 16:30,3471
1/24/2023 16:31,3537
1/24/2023 16:32,3848
1/24/2023 16:32,3485
1/24/2023 16:33,3520
1/24/2023 16:33,3563
1/24/2023 16:34,3457
1/24/2023 16:34,3561
1/24/2023 16:35,3393
1/24/2023 16:35,3212
1/24/2023 16:36,3530
1/24/2023 16:36,3504
1/24/2023 16:37,3587
1/24/2023 16:37,3556
1/24/2023 16:38,3271
1/24/2023 16:38,3561
1/24/2023 16:39,3504
1/24/2023 16:39,3283
1/24/2023 16:40,3776
1/24/2023 16:40,3471
1/24/2023 16:41,3783
1/24/2023 16:41,3504
1/24/2023 16:42,3596
1/24/2023 16:42,3630
1/24/2023 16:43,3613
1/24/2023 16:43,3572
1/24/2023 16:44,3662
1/24/2023 16:44,3487
1/24/2023 16:45,3462
1/24/2023 16:45,3681
1/24/2023 16:46,3645
1/24/2023 16:46,3487
1/24/2023 16:47,3544
1/24/2023 16:47,3490
1/24/2023 16:48,3474
1/24/2023 16:48,3384
1/24/2023 16:49,3553
1/24/2023 16:49,3615
1/24/2023 16:50,3604
1/24/2023 16:50,3758
1/24/2023 16:51,3546
1/24/2023 16:51,3618
1/24/2023 16:52,3553
1/24/2023 16:52,3487
1/24/2023 16:53,3587
1/24/2023 16:53,3640
1/24/2023 16:54,3669
1/24/2023 16:54,3580
1/24/2023 16:55,3501
1/24/2023 16:55,3513
1/24/2023 16:56,3474
1/24/2023 16:56,3539
1/24/2023 16:57,3358
1/24/2023 16:57,3539
1/24/2023 16:58,3698
1/24/2023 16:59,3572
1/24/2023 16:59,3434
1/24/2023 17:00,3637
1/24/2023 17:00,3523
1/24/2023 17:01,3527
1/24/2023 17:01,3628
1/24/2023 17:02,3793
1/24/2023 17:02,3520
1/24/2023 17:03,3485
1/24/2023 17:03,3766
1/24/2023 17:04,3437
1/24/2023 17:04,3596
1/24/2023 17:05,3793
1/24/2023 17:05,3785
1/24/2023 17:06,3630
1/24/2023 17:06,3758
1/24/2023 17:07,3743
1/24/2023 17:07,3733
1/24/2023 17:08,3397
1/24/2023 17:08,3563
1/24/2023 17:09,3511
1/24/2023 17:09,3283
1/24/2023 17:10,3457
1/24/2023 17:10,3474
1/24/2023 17:11,3501
1/24/2023 17:11,3587
1/24/2023 17:12,3455
1/24/2023 17:12,3654
1/24/2023 17:13,3525
1/24/2023 17:13,3520
1/24/2023 17:14,3409
1/24/2023 17:14,3166
1/24/2023 17:15,3384
1/24/2023 17:15,3523
1/24/2023 17:16,3318
1/24/2023 17:16,3464
1/24/2023 17:17,3630
1/24/2023 17:17,3497
1/24/2023 17:18,3487
1/24/2023 17:18,3516
1/24/2023 17:19,3478
1/24/2023 17:19,3768
1/24/2023 17:20,3565
1/24/2023 17:20,3539
1/24/2023 17:21,3604
1/24/2023 17:21,3462
1/24/2023 17:22,3733
1/24/2023 17:22,3589
1/24/2023 17:23,3483
1/24/2023 17:23,3377
1/24/2023 17:24,3298
1/24/2023 17:25,3606
1/24/2023 17:25,3733
1/24/2023 17:26,3743
1/24/2023 17:26,3527
1/24/2023 17:27,3374
1/24/2023 17:27,3864
1/24/2023 17:28,3474
1/24/2023 17:28,3425
1/24/2023 17:29,3856
1/24/2023 17:29,3799
1/24/2023 17:30,3587
1/24/2023 17:30,3795
1/24/2023 17:31,3613
1/24/2023 17:31,3603
1/24/2023 17:32,3572
1/24/2023 17:32,3758
1/24/2023 17:33,3432
1/24/2023 17:33,3716
1/24/2023 17:34,3546
1/24/2023 17:34,3418
1/24/2023 17:35,3821
1/24/2023 17:35,3651
1/24/2023 17:36,3384
1/24/2023 17:36,3613
1/24/2023 17:37,3716
1/24/2023 17:37,3516
1/24/2023 17:38,3298
1/24/2023 17:38,3766
1/24/2023 17:39,3490
1/24/2023 17:39,3580
1/24/2023 17:40,3432
1/24/2023 17:40,3523
1/24/2023 17:41,3572
1/24/2023 17:41,3758
1/24/2023 17:42,3716
1/24/2023 17:42,3368
1/24/2023 17:43,3474
1/24/2023 17:43,3395
1/24/2023 17:44,3336
1/24/2023 17:44,3587
1/24/2023 17:45,3464
1/24/2023 17:45,3377
1/24/2023 17:46,3464
1/24/2023 17:46,3716
1/24/2023 17:47,3400
1/24/2023 17:47,3480
1/24/2023 17:48,3393
1/24/2023 17:48,3864
1/24/2023 17:49,3718
1/24/2023 17:49,3604
1/24/2023 17:50,3594
1/24/2023 17:50,3689
1/24/2023 17:51,3485
1/24/2023 17:52,3587
1/24/2023 17:52,3691
1/24/2023 17:53,3393
1/24/2023 17:53,3400
1/24/2023 17:54,3783
1/24/2023 17:54,3530
1/24/2023 17:55,3384
1/24/2023 17:55,3370
1/24/2023 17:56,3613
1/24/2023 17:56,3374
1/24/2023 17:57,3683
1/24/2023 17:57,3520
1/24/2023 17:58,3409
1/24/2023 17:58,3457
1/24/2023 17:59,3409
1/24/2023 17:59,3546
1/24/2023 18:00,3450
1/24/2023 18:00,3689
1/24/2023 18:01,3483
1/24/2023 18:01,3630
1/24/2023 18:02,3487
1/24/2023 18:02,3758
1/24/2023 18:03,3760
1/24/2023 18:03,3714
1/24/2023 18:04,3664
1/24/2023 18:04,3768
1/24/2023 18:05,3546
1/24/2023 18:05,3516
1/24/2023 18:06,3462
1/24/2023 18:06,3425
1/24/2023 18:07,3572
1/24/2023 18:07,3243
1/24/2023 18:08,3539
1/24/2023 18:08,3664
1/24/2023 18:09,3708
1/24/2023 18:09,3330
1/24/2023 18:10,3654
1/24/2023 18:10,3758
1/24/2023 18:11,3498
1/24/2023 18:11,3731
1/24/2023 18:12,3506
1/24/2023 18:12,3606
1/24/2023 18:13,3400
1/24/2023 18:13,3572
1/24/2023 18:14,3572
1/24/2023 18:14,3556
1/24/2023 18:15,3572
1/24/2023 18:15,3490
1/24/2023 18:16,3708
1/24/2023 18:16,3546
1/24/2023 18:17,3613
1/24/2023 18:17,3581
1/24/2023 18:18,3743
1/24/2023 18:19,3596
1/24/2023 18:19,3681
1/24/2023 18:20,3630
1/24/2023 18:20,3384
1/24/2023 18:21,3623
1/24/2023 18:21,3471
1/24/2023 18:22,3748
1/24/2023 18:22,3432
1/24/2023 18:23,3811
1/24/2023 18:23,3733
1/24/2023 18:24,3537
1/24/2023 18:24,3698
1/24/2023 18:25,3553
1/24/2023 18:25,3416
1/24/2023 18:26,3506
1/24/2023 18:26,3793
1/24/2023 18:27,3760
1/24/2023 18:27,3750
1/24/2023 18:28,3811
1/24/2023 18:28,3464
1/24/2023 18:29,3563
1/24/2023 18:29,3777
1/24/2023 18:30,3708
1/24/2023 18:30,3618
1/24/2023 18:31,3453
1/24/2023 18:31,3621
1/24/2023 18:32,3733
1/24/2023 18:32,3613
1/24/2023 18:33,3681
1/24/2023 18:33,3654
1/24/2023 18:34,3490
1/24/2023 18:34,3501
1/24/2023 18:35,3457
1/24/2023 18:35,3532
1/24/2023 18:36,3741
1/24/2023 18:36,3504
1/24/2023 18:37,3743
1/24/2023 18:37,3983
1/24/2023 18:38,3546
1/24/2023 18:38,3723
1/24/2023 18:39,3621
1/24/2023 18:39,3652
1/24/2023 18:40,3750
1/24/2023 18:40,3785
1/24/2023 18:41,3436
1/24/2023 18:41,3476
1/24/2023 18:42,3750
1/24/2023 18:42,3572
1/24/2023 18:43,3572
1/24/2023 18:43,3563
1/24/2023 18:44,3854
1/24/2023 18:44,3731
1/24/2023 18:45,3630
1/24/2023 18:46,3803
1/24/2023 18:46,3723
1/24/2023 18:47,3513
1/24/2023 18:47,3184
1/24/2023 18:48,3497
1/24/2023 18:48,3733
1/24/2023 18:49,3731
1/24/2023 18:49,3866
1/24/2023 18:50,3480
1/24/2023 18:50,3900
1/24/2023 18:51,3523
1/24/2023 18:51,3457
1/24/2023 18:52,3664
1/24/2023 18:52,3733
1/24/2023 18:53,3750
1/24/2023 18:53,3537
1/24/2023 18:54,3838
1/24/2023 18:54,3708
1/24/2023 18:55,3589
1/24/2023 18:55,3539
1/24/2023 18:56,3750
1/24/2023 18:56,3813
1/24/2023 18:57,3570
1/24/2023 18:57,3441
1/24/2023 18:58,3506
1/24/2023 18:58,3476
1/24/2023 18:59,3409
1/24/2023 18:59,3448
1/24/2023 19:00,3813
1/24/2023 19:00,3654
1/24/2023 19:01,3563
1/24/2023 19:01,3455
1/24/2023 19:02,3400
1/24/2023 19:02,3768
1/24/2023 19:03,3537
1/24/2023 19:03,3480
1/24/2023 19:04,3723
1/24/2023 19:04,3733
1/24/2023 19:05,3645
1/24/2023 19:05,3900
1/24/2023 19:06,3664
1/24/2023 19:06,3760
1/24/2023 19:07,3669
1/24/2023 19:07,3723
1/24/2023 19:08,3672
1/24/2023 19:08,3741
1/24/2023 19:09,3464
1/24/2023 19:09,3758
1/24/2023 19:10,3582
1/24/2023 19:10,3457
1/24/2023 19:11,3534
1/24/2023 19:12,3766
1/24/2023 19:12,3845
1/24/2023 19:13,3523
1/24/2023 19:13,3725
1/24/2023 19:14,3471
1/24/2023 19:14,3497
1/24/2023 19:15,3506
1/24/2023 19:15,3795
1/24/2023 19:16,3621
1/24/2023 19:16,3750
1/24/2023 19:17,3570
1/24/2023 19:17,3553
1/24/2023 19:18,3572
1/24/2023 19:18,3494
1/24/2023 19:19,3497
1/24/2023 19:19,3416
1/24/2023 19:20,3681
1/24/2023 19:20,3274
1/24/2023 19:21,3406
1/24/2023 19:21,3478
1/24/2023 19:22,3539
1/24/2023 19:22,3432
1/24/2023 19:23,3743
1/24/2023 19:23,3409
1/24/2023 19:24,3467
1/24/2023 19:24,3490
1/24/2023 19:25,3409
1/24/2023 19:25,3672
1/24/2023 19:26,3400
1/24/2023 19:26,3520
1/24/2023 19:27,3252
1/24/2023 19:27,3467
1/24/2023 19:28,3471
1/24/2023 19:28,3345
1/24/2023 19:29,3196
1/24/2023 19:29,3604
1/24/2023 19:30,3393
1/24/2023 19:30,3411
1/24/2023 19:31,3390
1/24/2023 19:31,3393
1/24/2023 19:32,3464
1/24/2023 19:32,3343
1/24/2023 19:33,3377
1/24/2023 19:33,3311
1/24/2023 19:34,3393
1/24/2023 19:34,3499
1/24/2023 19:35,3563
1/24/2023 19:35,3647
1/24/2023 19:36,3681
1/24/2023 19:36,3635
1/24/2023 19:37,3848
1/24/2023 19:37,3480
1/24/2023 19:38,3654
1/24/2023 19:39,3563
1/24/2023 19:39,3494
1/24/2023 19:40,3509
1/24/2023 19:40,3494
1/24/2023 19:41,3594
1/24/2023 19:41,3694
1/24/2023 19:42,3441
1/24/2023 19:42,3384
1/24/2023 19:43,3539
1/24/2023 19:43,3432
1/24/2023 19:44,3464
1/24/2023 19:44,3523
1/24/2023 19:45,3776
1/24/2023 19:45,3425
1/24/2023 19:46,3628
1/24/2023 19:46,3821
1/24/2023 19:47,3758
1/24/2023 19:47,3457
1/24/2023 19:48,3556
1/24/2023 19:48,3654
1/24/2023 19:49,3513
1/24/2023 19:49,3539
1/24/2023 19:50,3654
1/24/2023 19:50,3864
1/24/2023 19:51,3490
1/24/2023 19:51,3516
1/24/2023 19:52,3448
1/24/2023 19:52,3471
1/24/2023 19:53,3516
1/24/2023 19:53,3731
1/24/2023 19:54,3455
1/24/2023 19:54,3803
1/24/2023 19:55,3352
1/24/2023 19:55,3455
1/24/2023 19:56,3698
1/24/2023 19:56,3694
1/24/2023 19:57,3305
1/24/2023 19:57,3930
1/24/2023 19:58,3777
1/24/2023 19:58,3497
1/24/2023 19:59,3368
1/24/2023 19:59,3390
1/24/2023 20:00,3497
1/24/2023 20:00,3657
1/24/2023 20:01,3685
1/24/2023 20:01,3539
1/24/2023 20:02,3596
1/24/2023 20:02,3544
1/24/2023 20:03,3537
1/24/2023 20:03,3432
1/24/2023 20:04,3497
1/24/2023 20:04,3733
1/24/2023 20:05,3846
1/24/2023 20:06,3892
1/24/2023 20:06,3439
1/24/2023 20:07,3530
1/24/2023 20:07,3580
1/24/2023 20:08,3525
1/24/2023 20:08,3332
1/24/2023 20:09,3803
1/24/2023 20:09,3441
1/24/2023 20:10,3733
1/24/2023 20:10,3444
1/24/2023 20:11,3664
1/24/2023 20:11,3630
1/24/2023 20:12,3856
1/24/2023 20:12,3708
1/24/2023 20:13,3467
1/24/2023 20:13,3721
1/24/2023 20:14,3497
1/24/2023 20:14,3530
1/24/2023 20:15,3698
1/24/2023 20:15,3490
1/24/2023 20:16,3121
1/24/2023 20:16,3441
1/24/2023 20:17,3474
1/24/2023 20:17,3596
1/24/2023 20:18,3546
1/24/2023 20:18,3587
1/24/2023 20:19,3664
1/24/2023 20:19,3474
1/24/2023 20:20,3623
1/24/2023 20:20,3400
1/24/2023 20:21,3572
1/24/2023 20:21,3748
1/24/2023 20:22,3236
1/24/2023 20:22,3760
1/24/2023 20:23,3604
1/24/2023 20:23,3556
1/24/2023 20:24,3483
1/24/2023 20:24,3750
1/24/2023 20:25,3874
1/24/2023 20:25,3581
1/24/2023 20:26,3516
1/24/2023 20:26,3785
1/24/2023 20:27,3539
1/24/2023 20:27,3448
1/24/2023 20:28,3384
1/24/2023 20:28,3681
1/24/2023 20:29,3630
1/24/2023 20:29,3224
1/24/2023 20:30,3467
1/24/2023 20:30,3829
1/24/2023 20:31,3628
1/24/2023 20:31,3523
1/24/2023 20:32,3580
1/24/2023 20:33,3384
1/24/2023 20:33,3630
1/24/2023 20:34,3523
1/24/2023 20:34,3698
1/24/2023 20:35,3474
1/24/2023 20:35,3530
1/24/2023 20:36,3594
1/24/2023 20:36,3474
1/24/2023 20:37,3606
1/24/2023 20:37,3480
1/24/2023 20:38,3530
1/24/2023 20:38,3352
1/24/2023 20:39,3546
1/24/2023 20:39,3813
1/24/2023 20:40,3572
1/24/2023 20:40,3508
1/24/2023 20:41,3764
1/24/2023 20:41,3504
1/24/2023 20:42,3776
1/24/2023 20:42,3647
1/24/2023 20:43,3432
1/24/2023 20:43,3741
1/24/2023 20:44,3506
1/24/2023 20:44,3448
1/24/2023 20:45,3506
1/24/2023 20:45,3927
1/24/2023 20:46,3777
1/24/2023 20:46,3785
1/24/2023 20:47,3553
1/24/2023 20:47,3580
1/24/2023 20:48,3497
1/24/2023 20:48,3361
1/24/2023 20:49,3476
1/24/2023 20:49,3400
1/24/2023 20:50,3596
1/24/2023 20:50,3457
1/24/2023 20:51,3580
1/24/2023 20:51,3432
1/24/2023 20:52,3467
1/24/2023 20:52,3546
1/24/2023 20:53,3674
1/24/2023 20:53,3733
1/24/2023 20:54,3708
1/24/2023 20:54,3434
1/24/2023 20:55,3400
1/24/2023 20:55,3409
1/24/2023 20:56,3305
1/24/2023 20:56,3621
1/24/2023 20:57,3422
1/24/2023 20:57,3965
1/24/2023 20:58,3393
1/24/2023 20:58,3439
1/24/2023 20:59,3425
1/24/2023 21:00,3480
1/24/2023 21:00,3777
1/24/2023 21:01,3539
1/24/2023 21:01,3413
1/24/2023 21:02,3570
1/24/2023 21:02,3711
1/24/2023 21:03,3733
1/24/2023 21:03,3777
1/24/2023 21:04,3606
1/24/2023 21:04,3490
1/24/2023 21:05,3318
1/24/2023 21:05,3708
1/24/2023 21:06,3487
1/24/2023 21:06,3821
1/24/2023 21:07,3606
1/24/2023 21:07,3760
1/24/2023 21:08,3776
1/24/2023 21:08,3497
1/24/2023 21:09,3448
1/24/2023 21:09,3227
1/24/2023 21:10,3776
1/24/2023 21:10,3506
1/24/2023 21:11,3770
1/24/2023 21:11,3698
1/24/2023 21:12,3236
1/24/2023 21:12,3546
1/24/2023 21:13,3706
1/24/2023 21:13,3255
1/24/2023 21:14,3546
1/24/2023 21:14,3539
1/24/2023 21:15,3532
1/24/2023 21:15,3838
1/24/2023 21:16,3506
1/24/2023 21:16,3549
1/24/2023 21:17,3621
1/24/2023 21:17,3330
1/24/2023 21:18,3523
1/24/2023 21:18,3813
1/24/2023 21:19,3546
1/24/2023 21:19,3725
1/24/2023 21:20,3568
1/24/2023 21:20,3584
1/24/2023 21:21,3416
1/24/2023 21:21,3546
1/24/2023 21:22,3497
1/24/2023 21:22,3448
1/24/2023 21:23,3384
1/24/2023 21:23,3166
1/24/2023 21:24,3556
1/24/2023 21:24,3706
1/24/2023 21:25,3386
1/24/2023 21:26,3842
1/24/2023 21:26,3750
1/24/2023 21:27,3441
1/24/2023 21:27,3534
1/24/2023 21:28,3556
1/24/2023 21:28,3741
1/24/2023 21:29,3739
1/24/2023 21:29,3539
1/24/2023 21:30,3339
1/24/2023 21:30,3358
1/24/2023 21:31,3596
1/24/2023 21:31,3743
1/24/2023 21:32,3439
1/24/2023 21:32,3474
1/24/2023 21:33,3572
1/24/2023 21:33,3725
1/24/2023 21:34,3497
1/24/2023 21:34,3760
1/24/2023 21:35,3575
1/24/2023 21:35,3604
1/24/2023 21:36,3474
1/24/2023 21:36,3758
1/24/2023 21:37,3464
1/24/2023 21:37,3450
1/24/2023 21:38,3455
1/24/2023 21:38,3439
1/24/2023 21:39,3554
1/24/2023 21:39,3530
1/24/2023 21:40,3668
1/24/2023 21:40,3838
1/24/2023 21:41,3572
1/24/2023 21:41,3640
1/24/2023 21:42,3785
1/24/2023 21:42,3539
1/24/2023 21:43,3327
1/24/2023 21:43,3436
1/24/2023 21:44,3506
1/24/2023 21:44,3474
1/24/2023 21:45,3669
1/24/2023 21:45,3811
1/24/2023 21:46,3750
1/24/2023 21:46,3539
1/24/2023 21:47,3679
1/24/2023 21:47,3795
1/24/2023 21:48,3523
1/24/2023 21:48,3708
1/24/2023 21:49,3537
1/24/2023 21:49,3361
1/24/2023 21:50,3546
1/24/2023 21:50,3704
1/24/2023 21:51,3478
1/24/2023 21:51,3706
1/24/2023 21:52,3777
1/24/2023 21:53,3556
1/24/2023 21:53,3657
1/24/2023 21:54,3530
1/24/2023 21:54,3657
1/24/2023 21:55,3623
1/24/2023 21:55,3483
1/24/2023 21:56,3323
1/24/2023 21:56,3460
1/24/2023 21:57,3409
1/24/2023 21:57,3813
1/24/2023 21:58,3613
1/24/2023 21:58,3553
1/24/2023 21:59,3497
1/24/2023 21:59,3530
1/24/2023 22:00,3572
1/24/2023 22:00,3490
1/24/2023 22:01,3596
1/24/2023 22:01,3345
1/24/2023 22:02,3497
1/24/2023 22:02,3445
1/24/2023 22:03,3464
1/24/2023 22:03,3499
1/24/2023 22:04,3795
1/24/2023 22:04,3556
1/24/2023 22:05,3708
1/24/2023 22:05,3418
1/24/2023 22:06,3425
1/24/2023 22:06,3848
1/24/2023 22:07,3480
1/24/2023 22:07,3565
1/24/2023 22:08,3572
1/24/2023 22:08,3706
1/24/2023 22:09,3666
1/24/2023 22:09,3504
1/24/2023 22:10,3405
1/24/2023 22:10,3563
1/24/2023 22:11,3457
1/24/2023 22:11,3523
1/24/2023 22:12,3647
1/24/2023 22:12,3570
1/24/2023 22:13,3377
1/24/2023 22:13,3530
1/24/2023 22:14,3768
1/24/2023 22:14,3741
1/24/2023 22:15,3320
1/24/2023 22:15,3758
1/24/2023 22:16,3513
1/24/2023 22:16,3596
1/24/2023 22:17,3556
1/24/2023 22:17,3474
1/24/2023 22:18,3464
1/24/2023 22:18,3580
1/24/2023 22:19,3829
1/24/2023 22:20,3681
1/24/2023 22:20,3553
1/24/2023 22:21,3441
1/24/2023 22:21,3474
1/24/2023 22:22,3725
1/24/2023 22:22,3580
1/24/2023 22:23,3530
1/24/2023 22:23,3425
1/24/2023 22:24,3795
1/24/2023 22:24,3750
1/24/2023 22:25,3604
1/24/2023 22:25,3723
1/24/2023 22:26,3666
1/24/2023 22:26,3621
1/24/2023 22:27,3539
1/24/2023 22:27,3497
1/24/2023 22:28,3785
1/24/2023 22:28,3664
1/24/2023 22:29,3725
1/24/2023 22:29,3580
1/24/2023 22:30,3497
1/24/2023 22:30,3723
1/24/2023 22:31,3474
1/24/2023 22:31,3563
1/24/2023 22:32,3464
1/24/2023 22:32,3580
1/24/2023 22:33,3649
1/24/2023 22:33,3582
1/24/2023 22:34,3743
1/24/2023 22:34,3589
1/24/2023 22:35,3777
1/24/2023 22:35,3554
1/24/2023 22:36,3422
1/24/2023 22:36,3623
1/24/2023 22:37,3464
1/24/2023 22:37,3698
1/24/2023 22:38,3530
1/24/2023 22:38,3741
1/24/2023 22:39,3577
1/24/2023 22:39,3611
1/24/2023 22:40,3464
1/24/2023 22:40,3471
1/24/2023 22:41,3787
1/24/2023 22:41,3343
1/24/2023 22:42,3563
1/24/2023 22:42,3546
1/24/2023 22:43,3743
1/24/2023 22:43,3681
1/24/2023 22:44,3580
1/24/2023 22:44,3791
1/24/2023 22:45,3623
1/24/2023 22:45,3471
1/24/2023 22:46,3856
1/24/2023 22:47,3716
1/24/2023 22:47,3400
1/24/2023 22:48,3637
1/24/2023 22:48,3582
1/24/2023 22:49,4029
1/24/2023 22:49,3539
1/24/2023 22:50,3618
1/24/2023 22:50,3632
1/24/2023 22:51,3623
1/24/2023 22:51,3589
1/24/2023 22:52,3716
1/24/2023 22:52,3874
1/24/2023 22:53,3606
1/24/2023 22:53,3497
1/24/2023 22:54,3556
1/24/2023 22:54,3691
1/24/2023 22:55,3698
1/24/2023 22:55,3630
1/24/2023 22:56,3838
1/24/2023 22:56,3530
1/24/2023 22:57,3467
1/24/2023 22:57,3557
1/24/2023 22:58,3563
1/24/2023 22:58,3691
1/24/2023 22:59,3530
1/24/2023 22:59,3838
1/24/2023 23:00,3589
1/24/2023 23:00,3478
1/24/2023 23:01,3580
1/24/2023 23:01,3791
1/24/2023 23:02,3556
1/24/2023 23:02,3785
1/24/2023 23:03,3305
1/24/2023 23:03,3838
1/24/2023 23:04,3425
1/24/2023 23:04,3565
1/24/2023 23:05,3768
1/24/2023 23:05,3537
1/24/2023 23:06,3716
1/24/2023 23:06,3596
1/24/2023 23:07,3556
1/24/2023 23:07,3513
1/24/2023 23:08,3791
1/24/2023 23:08,3607
1/24/2023 23:09,3469
1/24/2023 23:09,3723
1/24/2023 23:10,3750
1/24/2023 23:10,3858
1/24/2023 23:11,3513
1/24/2023 23:11,3506
1/24/2023 23:12,3733
1/24/2023 23:13,3474
1/24/2023 23:13,3607
1/24/2023 23:14,3368
1/24/2023 23:14,3490
1/24/2023 23:15,3606
1/24/2023 23:15,3455
1/24/2023 23:16,3499
1/24/2023 23:16,3689
1/24/2023 23:17,3654
1/24/2023 23:17,3783
1/24/2023 23:18,3664
1/24/2023 23:18,3882
1/24/2023 23:19,3689
1/24/2023 23:19,3518
1/24/2023 23:20,3561
1/24/2023 23:20,3741
1/24/2023 23:21,3606
1/24/2023 23:21,3572
1/24/2023 23:22,3523
1/24/2023 23:22,3596
1/24/2023 23:23,3523
1/24/2023 23:23,3716
1/24/2023 23:24,3487
1/24/2023 23:24,3365
1/24/2023 23:25,3572
1/24/2023 23:25,3504
1/24/2023 23:26,3698
1/24/2023 23:26,3777
1/24/2023 23:27,3539
1/24/2023 23:27,3777
1/24/2023 23:28,3829
1/24/2023 23:28,3393
1/24/2023 23:29,3520
1/24/2023 23:29,3483
1/24/2023 23:30,3768
1/24/2023 23:30,3647
1/24/2023 23:31,3464
1/24/2023 23:31,3358
1/24/2023 23:32,3589
1/24/2023 23:32,3582
1/24/2023 23:33,3425
1/24/2023 23:33,3854
1/24/2023 23:34,3644
1/24/2023 23:34,3318
1/24/2023 23:35,3409
1/24/2023 23:35,3530
1/24/2023 23:36,3355
1/24/2023 23:36,3596
1/24/2023 23:37,3708
1/24/2023 23:37,3563
1/24/2023 23:38,3553
1/24/2023 23:38,3580
1/24/2023 23:39,3741
1/24/2023 23:40,3672
1/24/2023 23:40,3606
1/24/2023 23:41,3664
1/24/2023 23:41,3630
1/24/2023 23:42,3474
1/24/2023 23:42,3490
1/24/2023 23:43,3584
1/24/2023 23:43,3630
1/24/2023 23:44,3520
1/24/2023 23:44,3530
1/24/2023 23:45,3565
1/24/2023 23:45,3490
1/24/2023 23:46,3837
1/24/2023 23:46,3457
1/24/2023 23:47,3591
1/24/2023 23:47,3497
1/24/2023 23:48,3623
1/24/2023 23:48,3681
1/24/2023 23:49,3575
1/24/2023 23:49,3589
1/24/2023 23:50,3448
1/24/2023 23:50,3716
1/24/2023 23:51,3774
1/24/2023 23:51,3520
1/24/2023 23:52,3556
1/24/2023 23:52,3838
1/24/2023 23:53,3418
1/24/2023 23:53,3497
1/24/2023 23:54,3674
1/24/2023 23:54,3400
1/24/2023 23:55,3819
1/24/2023 23:55,3480
1/24/2023 23:56,3497
1/24/2023 23:56,3474
1/24/2023 23:57,3787
1/24/2023 23:57,3384
1/24/2023 23:58,3803
1/24/2023 23:58,3589
1/24/2023 23:59,3615
1/24/2023 23:59,3409
1/25/2023 0:00,3698
1/25/2023 0:00,3621
1/25/2023 0:01,3553
1/25/2023 0:01,3746
1/25/2023 0:02,3368
1/25/2023 0:02,3464
1/25/2023 0:03,3516
1/25/2023 0:03,3432
1/25/2023 0:04,3474
1/25/2023 0:04,3585
1/25/2023 0:05,3647
1/25/2023 0:05,3580
1/25/2023 0:06,3793
1/25/2023 0:07,3425
1/25/2023 0:07,3672
1/25/2023 0:08,3827
1/25/2023 0:08,3502
1/25/2023 0:09,3336
1/25/2023 0:09,3698
1/25/2023 0:10,3429
1/25/2023 0:10,3558
1/25/2023 0:11,3827
1/25/2023 0:11,3694
1/25/2023 0:12,3474
1/25/2023 0:12,3439
1/25/2023 0:13,3556
1/25/2023 0:13,3862
1/25/2023 0:14,3657
1/25/2023 0:14,3748
1/25/2023 0:15,3584
1/25/2023 0:15,3546
1/25/2023 0:16,3307
1/25/2023 0:16,3455
1/25/2023 0:17,3234
1/25/2023 0:17,3368
1/25/2023 0:18,3549
1/25/2023 0:18,4056
1/25/2023 0:19,3352
1/25/2023 0:19,3400
1/25/2023 0:20,3160
1/25/2023 0:20,3664
1/25/2023 0:21,3252
1/25/2023 0:21,3400
1/25/2023 0:22,3706
1/25/2023 0:22,3601
1/25/2023 0:23,3698
1/25/2023 0:23,3556
1/25/2023 0:24,3654
1/25/2023 0:24,3642
1/25/2023 0:25,3606
1/25/2023 0:25,3731
1/25/2023 0:26,3455
1/25/2023 0:26,3910
1/25/2023 0:27,3853
1/25/2023 0:27,3534
1/25/2023 0:28,3729
1/25/2023 0:28,4027
1/25/2023 0:29,3422
1/25/2023 0:29,3544
1/25/2023 0:30,3409
1/25/2023 0:30,3358
1/25/2023 0:31,3471
1/25/2023 0:31,3400
1/25/2023 0:32,3450
1/25/2023 0:32,3853
1/25/2023 0:33,3537
1/25/2023 0:34,3520
1/25/2023 0:34,3429
1/25/2023 0:35,3604
1/25/2023 0:35,3805
1/25/2023 0:36,3837
1/25/2023 0:36,3537
1/25/2023 0:37,3497
1/25/2023 0:37,3374
1/25/2023 0:38,3880
1/25/2023 0:38,3776
1/25/2023 0:39,3712
1/25/2023 0:39,3455
1/25/2023 0:40,3464
1/25/2023 0:40,3188
1/25/2023 0:41,3604
1/25/2023 0:41,3892
1/25/2023 0:42,3497
1/25/2023 0:42,3436
1/25/2023 0:43,3662
1/25/2023 0:43,3358
1/25/2023 0:44,3689
1/25/2023 0:44,3432
1/25/2023 0:45,3748
1/25/2023 0:45,3999
1/25/2023 0:46,3669
1/25/2023 0:46,3776
1/25/2023 0:47,3704
1/25/2023 0:47,3450
1/25/2023 0:48,3563
1/25/2023 0:48,3570
1/25/2023 0:49,3620
1/25/2023 0:49,3323
1/25/2023 0:50,3106
1/25/2023 0:50,3596
1/25/2023 0:51,3429
1/25/2023 0:51,3731
1/25/2023 0:52,3471
1/25/2023 0:52,3404
1/25/2023 0:53,3513
1/25/2023 0:53,3151
1/25/2023 0:54,3819
1/25/2023 0:54,3347
1/25/2023 0:55,3464
1/25/2023 0:55,3400
1/25/2023 0:56,3572
1/25/2023 0:56,3819
1/25/2023 0:57,3311
1/25/2023 0:57,3938
1/25/2023 0:58,3561
1/25/2023 0:58,3809
1/25/2023 0:59,3501
1/25/2023 0:59,3422
1/25/2023 1:00,3406
1/25/2023 1:01,3478
1/25/2023 1:01,3293
1/25/2023 1:02,3537
1/25/2023 1:02,3471
1/25/2023 1:03,3534
1/25/2023 1:03,3537
1/25/2023 1:04,3654
1/25/2023 1:04,3689
1/25/2023 1:05,3544
1/25/2023 1:05,3566
1/25/2023 1:06,3871
1/25/2023 1:06,3511
1/25/2023 1:07,3185
1/25/2023 1:07,3594
1/25/2023 1:08,3721
1/25/2023 1:08,3455
1/25/2023 1:09,3606
1/25/2023 1:09,3209
1/25/2023 1:10,3318
1/25/2023 1:10,3525
1/25/2023 1:11,3511
1/25/2023 1:11,3611
1/25/2023 1:12,3448
1/25/2023 1:12,3480
1/25/2023 1:13,3672
1/25/2023 1:13,3601
1/25/2023 1:14,3783
1/25/2023 1:14,3397
1/25/2023 1:15,3352
1/25/2023 1:15,3596
1/25/2023 1:16,3635
1/25/2023 1:16,3400
1/25/2023 1:17,3594
1/25/2023 1:17,3918
1/25/2023 1:18,3803
1/25/2023 1:18,3343
1/25/2023 1:19,3859
1/25/2023 1:19,3432
1/25/2023 1:20,3188
1/25/2023 1:20,3561
1/25/2023 1:21,3368
1/25/2023 1:21,3527
1/25/2023 1:22,3854
1/25/2023 1:22,3621
1/25/2023 1:23,3504
1/25/2023 1:23,3416
1/25/2023 1:24,3575
1/25/2023 1:24,3654
1/25/2023 1:25,3494
1/25/2023 1:25,3601
1/25/2023 1:26,3890
1/25/2023 1:26,3710
1/25/2023 1:27,3739
1/25/2023 1:28,3654
1/25/2023 1:28,3439
1/25/2023 1:29,3445
1/25/2023 1:29,3520
1/25/2023 1:30,3497
1/25/2023 1:30,3490
1/25/2023 1:31,3483
1/25/2023 1:31,3935
1/25/2023 1:32,3868
1/25/2023 1:32,3645
1/25/2023 1:33,3613
1/25/2023 1:33,3532
1/25/2023 1:34,3613
1/25/2023 1:34,3821
1/25/2023 1:35,3706
1/25/2023 1:35,3758
1/25/2023 1:36,3471
1/25/2023 1:36,3553
1/25/2023 1:37,3572
1/25/2023 1:37,3422
1/25/2023 1:38,3400
1/25/2023 1:38,3854
1/25/2023 1:39,3432
1/25/2023 1:39,3448
1/25/2023 1:40,3585
1/25/2023 1:40,3343
1/25/2023 1:41,3471
1/25/2023 1:41,3464
1/25/2023 1:42,3467
1/25/2023 1:42,3365
1/25/2023 1:43,3902
1/25/2023 1:43,3345
1/25/2023 1:44,3843
1/25/2023 1:44,3274
1/25/2023 1:45,3404
1/25/2023 1:45,3374
1/25/2023 1:46,3340
1/25/2023 1:46,3520
1/25/2023 1:47,3413
1/25/2023 1:47,3819
1/25/2023 1:48,3397
1/25/2023 1:48,3809
1/25/2023 1:49,3723
1/25/2023 1:49,3455
1/25/2023 1:50,3504
1/25/2023 1:50,3511
1/25/2023 1:51,3224
1/25/2023 1:51,3748
1/25/2023 1:52,3296
1/25/2023 1:52,3185
1/25/2023 1:53,3455
1/25/2023 1:54,3274
1/25/2023 1:54,3678
1/25/2023 1:55,3637
1/25/2023 1:55,3594
1/25/2023 1:56,3748
1/25/2023 1:56,3487
1/25/2023 1:57,3425
1/25/2023 1:57,3635
1/25/2023 1:58,3445
1/25/2023 1:58,3568
1/25/2023 1:59,3224
1/25/2023 1:59,3289
1/25/2023 2:00,3696
1/25/2023 2:00,3422
1/25/2023 2:01,3464
1/25/2023 2:01,3485
1/25/2023 2:02,3413
1/25/2023 2:02,3594
1/25/2023 2:03,3704
1/25/2023 2:03,3243
1/25/2023 2:04,3601
1/25/2023 2:04,3537
1/25/2023 2:05,3801
1/25/2023 2:05,3714
1/25/2023 2:06,3397
1/25/2023 2:06,3080
1/25/2023 2:07,3594
1/25/2023 2:07,3390
1/25/2023 2:08,3280
1/25/2023 2:08,3413
1/25/2023 2:09,3445
1/25/2023 2:09,3302
1/25/2023 2:10,3618
1/25/2023 2:10,3513
1/25/2023 2:11,3527
1/25/2023 2:11,3341
1/25/2023 2:12,3635
1/25/2023 2:12,3534
1/25/2023 2:13,3687
1/25/2023 2:13,3525
1/25/2023 2:14,3872
1/25/2023 2:14,3462
1/25/2023 2:15,3544
1/25/2023 2:15,3520
1/25/2023 2:16,3539
1/25/2023 2:16,3843
1/25/2023 2:17,3421
1/25/2023 2:17,3585
1/25/2023 2:18,3286
1/25/2023 2:18,3308
1/25/2023 2:19,3148
1/25/2023 2:19,3103
1/25/2023 2:20,3384
1/25/2023 2:21,3623
1/25/2023 2:21,3704
1/25/2023 2:22,3418
1/25/2023 2:22,3551
1/25/2023 2:23,3445
1/25/2023 2:23,3422
1/25/2023 2:24,3854
1/25/2023 2:24,3173
1/25/2023 2:25,3249
1/25/2023 2:25,3817
1/25/2023 2:26,3652
1/25/2023 2:26,3577
1/25/2023 2:27,3570
1/25/2023 2:27,3296
1/25/2023 2:28,3349
1/25/2023 2:28,3353
1/25/2023 2:29,3662
1/25/2023 2:29,3394
1/25/2023 2:30,3456
1/25/2023 2:30,3418
1/25/2023 2:31,3513
1/25/2023 2:31,3696
1/25/2023 2:32,3577
1/25/2023 2:32,3404
1/25/2023 2:33,3259
1/25/2023 2:33,3890
1/25/2023 2:34,3327
1/25/2023 2:34,3448
1/25/2023 2:35,3500
1/25/2023 2:35,3311
1/25/2023 2:36,3862
1/25/2023 2:36,3333
1/25/2023 2:37,3501
1/25/2023 2:37,3422
1/25/2023 2:38,3397
1/25/2023 2:38,3432
1/25/2023 2:39,3464
1/25/2023 2:39,3487
1/25/2023 2:40,3439
1/25/2023 2:40,3455
1/25/2023 2:41,3455
1/25/2023 2:41,3766
1/25/2023 2:42,3704
1/25/2023 2:42,3714
1/25/2023 2:43,3585
1/25/2023 2:43,3565
1/25/2023 2:44,3240
1/25/2023 2:44,3406
1/25/2023 2:45,3356
1/25/2023 2:45,3333
1/25/2023 2:46,3518
1/25/2023 2:46,3679
1/25/2023 2:47,3525
1/25/2023 2:48,3296
1/25/2023 2:48,3455
1/25/2023 2:49,3628
1/25/2023 2:49,3537
1/25/2023 2:50,3480
1/25/2023 2:50,3416
1/25/2023 2:51,3518
1/25/2023 2:51,3577
1/25/2023 2:52,3664
1/25/2023 2:52,3872
1/25/2023 2:53,3621
1/25/2023 2:53,3476
1/25/2023 2:54,3173
1/25/2023 2:54,3614
1/25/2023 2:55,3570
1/25/2023 2:55,3302
1/25/2023 2:56,3544
1/25/2023 2:56,3327
1/25/2023 2:57,3679
1/25/2023 2:57,3413
1/25/2023 2:58,3462
1/25/2023 2:58,3662
1/25/2023 2:59,3917
1/25/2023 2:59,3537
1/25/2023 3:00,3748
1/25/2023 3:00,3527
1/25/2023 3:01,3271
1/25/2023 3:01,3358
1/25/2023 3:02,3696
1/25/2023 3:02,3781
1/25/2023 3:03,3357
1/25/2023 3:03,3721
1/25/2023 3:04,3880
1/25/2023 3:04,3422
1/25/2023 3:05,3587
1/25/2023 3:05,3487
1/25/2023 3:06,3340
1/25/2023 3:06,3455
1/25/2023 3:07,3416
1/25/2023 3:07,3471
1/25/2023 3:08,3601
1/25/2023 3:08,3774
1/25/2023 3:09,3577
1/25/2023 3:09,3643
1/25/2023 3:10,3739
1/25/2023 3:10,3381
1/25/2023 3:11,3558
1/25/2023 3:11,3679
1/25/2023 3:12,3587
1/25/2023 3:12,3685
1/25/2023 3:13,3478
1/25/2023 3:13,3568
1/25/2023 3:14,4027
1/25/2023 3:15,3464
1/25/2023 3:15,3358
1/25/2023 3:16,3672
1/25/2023 3:16,3188
1/25/2023 3:17,3679
1/25/2023 3:17,3404
1/25/2023 3:18,3504
1/25/2023 3:18,3333
1/25/2023 3:19,3693
1/25/2023 3:19,3485
1/25/2023 3:20,3556
1/25/2023 3:20,3494
1/25/2023 3:21,3721
1/25/2023 3:21,3845
1/25/2023 3:22,3390
1/25/2023 3:22,3436
1/25/2023 3:23,3471
1/25/2023 3:23,3439
1/25/2023 3:24,3712
1/25/2023 3:24,3224
1/25/2023 3:25,3525
1/25/2023 3:25,3271
1/25/2023 3:26,3760
1/25/2023 3:26,3943
1/25/2023 3:27,3404
1/25/2023 3:27,3687
1/25/2023 3:28,3568
1/25/2023 3:28,3525
1/25/2023 3:29,3508
1/25/2023 3:29,3628
1/25/2023 3:30,3862
1/25/2023 3:30,3513
1/25/2023 3:31,3459
1/25/2023 3:31,3518
1/25/2023 3:32,3445
1/25/2023 3:32,4019
1/25/2023 3:33,3501
1/25/2023 3:33,3481
1/25/2023 3:34,3462
1/25/2023 3:34,3854
1/25/2023 3:35,3553
1/25/2023 3:35,3774
1/25/2023 3:36,3358
1/25/2023 3:36,3677
1/25/2023 3:37,3478
1/25/2023 3:37,3349
1/25/2023 3:38,3492
1/25/2023 3:38,3864
1/25/2023 3:39,3544
1/25/2023 3:39,3429
1/25/2023 3:40,3819
1/25/2023 3:40,3494
1/25/2023 3:41,3340
1/25/2023 3:42,3561
1/25/2023 3:42,3696
1/25/2023 3:43,3908
1/25/2023 3:43,3679
1/25/2023 3:44,3756
1/25/2023 3:44,3358
1/25/2023 3:45,3434
1/25/2023 3:45,3843
1/25/2023 3:46,3478
1/25/2023 3:46,3445
1/25/2023 3:47,3478
1/25/2023 3:47,3404
1/25/2023 3:48,3544
1/25/2023 3:48,3746
1/25/2023 3:49,3308
1/25/2023 3:49,3224
1/25/2023 3:50,3520
1/25/2023 3:50,3439
1/25/2023 3:51,3476
1/25/2023 3:51,3416
1/25/2023 3:52,3518
1/25/2023 3:52,3231
1/25/2023 3:53,3518
1/25/2023 3:53,3286
1/25/2023 3:54,3388
1/25/2023 3:54,3879
1/25/2023 3:55,3397
1/25/2023 3:55,3372
1/25/2023 3:56,3398
1/25/2023 3:56,3429
1/25/2023 3:57,3474
1/25/2023 3:57,3731
1/25/2023 3:58,3879
1/25/2023 3:58,3508
1/25/2023 3:59,3492
1/25/2023 3:59,3585
1/25/2023 4:00,3756
1/25/2023 4:00,3669
1/25/2023 4:01,3611
1/25/2023 4:01,3308
1/25/2023 4:02,3744
1/25/2023 4:02,3568
1/25/2023 4:03,3645
1/25/2023 4:03,3570
1/25/2023 4:04,3520
1/25/2023 4:04,3577
1/25/2023 4:05,3807
1/25/2023 4:05,3678
1/25/2023 4:06,3501
1/25/2023 4:06,3413
1/25/2023 4:07,3413
1/25/2023 4:07,3478
1/25/2023 4:08,3827
1/25/2023 4:09,3544
1/25/2023 4:09,3508
1/25/2023 4:10,3429
1/25/2023 4:10,3452
1/25/2023 4:11,3299
1/25/2023 4:11,3781
1/25/2023 4:12,3819
1/25/2023 4:12,3618
1/25/2023 4:13,3365
1/25/2023 4:13,3618
1/25/2023 4:14,3594
1/25/2023 4:14,3544
1/25/2023 4:15,3381
1/25/2023 4:15,3635
1/25/2023 4:16,3271
1/25/2023 4:16,3739
1/25/2023 4:17,3416
1/25/2023 4:17,3397
1/25/2023 4:18,3527
1/25/2023 4:18,3687
1/25/2023 4:19,3455
1/25/2023 4:19,3504
1/25/2023 4:20,3445
1/25/2023 4:20,3647
1/25/2023 4:21,3296
1/25/2023 4:21,3656
1/25/2023 4:22,3534
1/25/2023 4:22,3326
1/25/2023 4:23,3504
1/25/2023 4:23,3286
1/25/2023 4:24,3748
1/25/2023 4:24,3485
1/25/2023 4:25,3645
1/25/2023 4:25,3406
1/25/2023 4:26,3704
1/25/2023 4:26,3551
1/25/2023 4:27,3429
1/25/2023 4:27,3413
1/25/2023 4:28,3990
1/25/2023 4:28,3240
1/25/2023 4:29,3445
1/25/2023 4:29,3422
1/25/2023 4:30,3495
1/25/2023 4:30,3739
1/25/2023 4:31,3645
1/25/2023 4:31,3327
1/25/2023 4:32,3390
1/25/2023 4:32,3520
1/25/2023 4:33,3511
1/25/2023 4:33,3568
1/25/2023 4:34,3478
1/25/2023 4:34,3830
1/25/2023 4:35,3551
1/25/2023 4:36,3563
1/25/2023 4:36,3420
1/25/2023 4:37,3607
1/25/2023 4:37,3246
1/25/2023 4:38,3748
1/25/2023 4:38,3224
1/25/2023 4:39,3801
1/25/2023 4:39,3203
1/25/2023 4:40,3544
1/25/2023 4:40,3592
1/25/2023 4:41,3652
1/25/2023 4:41,3353
1/25/2023 4:42,3827
1/25/2023 4:42,3935
1/25/2023 4:43,3702
1/25/2023 4:43,3684
1/25/2023 4:44,3702
1/25/2023 4:44,3429
1/25/2023 4:45,3677
1/25/2023 4:45,3527
1/25/2023 4:46,3561
1/25/2023 4:46,3501
1/25/2023 4:47,3843
1/25/2023 4:47,3400
1/25/2023 4:48,3262
1/25/2023 4:48,3737
1/25/2023 4:49,3228
1/25/2023 4:49,3406
1/25/2023 4:50,3783
1/25/2023 4:50,3766
1/25/2023 4:51,3534
1/25/2023 4:51,3628
1/25/2023 4:52,3537
1/25/2023 4:52,3527
1/25/2023 4:53,3413
1/25/2023 4:53,3422
1/25/2023 4:54,3513
1/25/2023 4:54,3748
1/25/2023 4:55,3420
1/25/2023 4:55,3462
1/25/2023 4:56,3429
1/25/2023 4:56,3756
1/25/2023 4:57,3721
1/25/2023 4:57,3264
1/25/2023 4:58,3336
1/25/2023 4:58,3420
1/25/2023 4:59,3439
1/25/2023 4:59,3594
1/25/2023 5:00,3487
1/25/2023 5:00,3487
1/25/2023 5:01,3429
1/25/2023 5:01,3464
1/25/2023 5:02,3925
1/25/2023 5:03,3544
1/25/2023 5:03,3592
1/25/2023 5:04,3277
1/25/2023 5:04,3897
1/25/2023 5:05,3511
1/25/2023 5:05,3420
1/25/2023 5:06,3774
1/25/2023 5:06,3415
1/25/2023 5:07,3445
1/25/2023 5:07,3277
1/25/2023 5:08,3696
1/25/2023 5:08,3669
1/25/2023 5:09,3551
1/25/2023 5:09,3397
1/25/2023 5:10,3570
1/25/2023 5:10,3462
1/25/2023 5:11,3879
1/25/2023 5:11,3478
1/25/2023 5:12,3462
1/25/2023 5:12,3592
1/25/2023 5:13,3527
1/25/2023 5:13,3783
1/25/2023 5:14,3704
1/25/2023 5:14,3508
1/25/2023 5:15,3537
1/25/2023 5:15,3397
1/25/2023 5:16,3094
1/25/2023 5:16,3827
1/25/2023 5:17,3780
1/25/2023 5:17,3935
1/25/2023 5:18,3704
1/25/2023 5:18,3811
1/25/2023 5:19,3908
1/25/2023 5:19,3577
1/25/2023 5:20,3439
1/25/2023 5:20,3799
1/25/2023 5:21,3835
1/25/2023 5:21,3561
1/25/2023 5:22,3756
1/25/2023 5:22,3525
1/25/2023 5:23,3455
1/25/2023 5:23,3892
1/25/2023 5:24,3462
1/25/2023 5:24,3404
1/25/2023 5:25,3476
1/25/2023 5:25,3378
1/25/2023 5:26,3654
1/25/2023 5:26,3992
1/25/2023 5:27,3643
1/25/2023 5:27,3243
1/25/2023 5:28,3293
1/25/2023 5:28,3324
1/25/2023 5:29,3645
1/25/2023 5:30,3626
1/25/2023 5:30,3702
1/25/2023 5:31,3480
1/25/2023 5:31,3544
1/25/2023 5:32,3561
1/25/2023 5:32,3687
1/25/2023 5:33,3580
1/25/2023 5:33,3544
1/25/2023 5:34,3534
1/25/2023 5:34,3324
1/25/2023 5:35,3487
1/25/2023 5:35,3643
1/25/2023 5:36,3268
1/25/2023 5:36,3525
1/25/2023 5:37,3485
1/25/2023 5:37,3429
1/25/2023 5:38,3439
1/25/2023 5:38,3365
1/25/2023 5:39,3628
1/25/2023 5:39,3890
1/25/2023 5:40,3783
1/25/2023 5:40,3712
1/25/2023 5:41,3551
1/25/2023 5:41,3645
1/25/2023 5:42,3764
1/25/2023 5:42,3170
1/25/2023 5:43,3264
1/25/2023 5:43,3845
1/25/2023 5:44,3527
1/25/2023 5:44,3365
1/25/2023 5:45,3575
1/25/2023 5:45,3889
1/25/2023 5:46,3365
1/25/2023 5:46,3501
1/25/2023 5:47,3799
1/25/2023 5:47,3518
1/25/2023 5:48,3271
1/25/2023 5:48,3677
1/25/2023 5:49,3237
1/25/2023 5:49,3525
1/25/2023 5:50,3471
1/25/2023 5:50,3962
1/25/2023 5:51,3887
1/25/2023 5:51,3455
1/25/2023 5:52,3452
1/25/2023 5:52,4036
1/25/2023 5:53,3534
1/25/2023 5:53,3494
1/25/2023 5:54,3897
1/25/2023 5:54,3413
1/25/2023 5:55,3889
1/25/2023 5:56,3556
1/25/2023 5:56,3478
1/25/2023 5:57,3439
1/25/2023 5:57,3381
1/25/2023 5:58,3452
1/25/2023 5:58,3687
1/25/2023 5:59,3793
1/25/2023 5:59,3774
1/25/2023 6:00,3445
1/25/2023 6:00,3494
1/25/2023 6:01,3534
1/25/2023 6:01,3485
1/25/2023 6:02,3308
1/25/2023 6:02,3494
1/25/2023 6:03,3570
1/25/2023 6:03,3889
1/25/2023 6:04,3427
1/25/2023 6:04,3397
1/25/2023 6:05,3271
1/25/2023 6:05,3218
1/25/2023 6:06,3487
1/25/2023 6:06,3471
1/25/2023 6:07,3760
1/25/2023 6:07,3520
1/25/2023 6:08,3809
1/25/2023 6:08,3324
1/25/2023 6:09,3748
1/25/2023 6:09,3702
1/25/2023 6:10,3308
1/25/2023 6:10,3601
1/25/2023 6:11,3624
1/25/2023 6:11,3754
1/25/2023 6:12,3544
1/25/2023 6:12,3478
1/25/2023 6:13,3618
1/25/2023 6:13,3381
1/25/2023 6:14,3577
1/25/2023 6:14,3544
1/25/2023 6:15,3445
1/25/2023 6:15,3590
1/25/2023 6:16,3694
1/25/2023 6:16,3508
1/25/2023 6:17,3811
1/25/2023 6:17,3544
1/25/2023 6:18,3388
1/25/2023 6:18,3299
1/25/2023 6:19,3246
1/25/2023 6:19,3469
1/25/2023 6:20,3527
1/25/2023 6:20,3621
1/25/2023 6:21,3534
1/25/2023 6:21,3827
1/25/2023 6:22,3231
1/25/2023 6:23,3525
1/25/2023 6:23,3746
1/25/2023 6:24,3525
1/25/2023 6:24,3935
1/25/2023 6:25,3817
1/25/2023 6:25,3915
1/25/2023 6:26,3872
1/25/2023 6:26,3592
1/25/2023 6:27,3577
1/25/2023 6:27,3527
1/25/2023 6:28,3471
1/25/2023 6:28,3764
1/25/2023 6:29,3594
1/25/2023 6:29,3558
1/25/2023 6:30,3523
1/25/2023 6:30,3478
1/25/2023 6:31,3915
1/25/2023 6:31,3880
1/25/2023 6:32,3702
1/25/2023 6:32,3721
1/25/2023 6:33,3635
1/25/2023 6:33,3494
1/25/2023 6:34,3365
1/25/2023 6:34,3789
1/25/2023 6:35,3754
1/25/2023 6:35,3672
1/25/2023 6:36,3585
1/25/2023 6:36,3551
1/25/2023 6:37,3404
1/25/2023 6:37,3542
1/25/2023 6:38,3397
1/25/2023 6:38,3553
1/25/2023 6:39,3594
1/25/2023 6:39,3817
1/25/2023 6:40,3390
1/25/2023 6:40,3525
1/25/2023 6:41,3626
1/25/2023 6:41,3712
1/25/2023 6:42,3445
1/25/2023 6:42,3704
1/25/2023 6:43,3799
1/25/2023 6:43,3756
1/25/2023 6:44,3575
1/25/2023 6:44,3764
1/25/2023 6:45,3739
1/25/2023 6:45,3746
1/25/2023 6:46,3669
1/25/2023 6:46,3781
1/25/2023 6:47,3889
1/25/2023 6:47,3739
1/25/2023 6:48,3756
1/25/2023 6:48,3774
1/25/2023 6:49,3845
1/25/2023 6:50,3731
1/25/2023 6:50,3756
1/25/2023 6:51,3827
1/25/2023 6:51,3783
1/25/2023 6:52,3764
1/25/2023 6:52,3687
1/25/2023 6:53,3756
1/25/2023 6:53,3827
1/25/2023 6:54,3791
1/25/2023 6:54,3817
1/25/2023 6:55,3618
1/25/2023 6:55,3729
1/25/2023 6:56,3819
1/25/2023 6:56,3635
1/25/2023 6:57,3737
1/25/2023 6:57,3516
1/25/2023 6:58,3626
1/25/2023 6:58,3553
1/25/2023 6:59,3551
1/25/2023 6:59,3594
1/25/2023 7:00,3501
1/25/2023 7:00,3534
1/25/2023 7:01,3805
1/25/2023 7:01,3544
1/25/2023 7:02,3551
1/25/2023 7:02,3791
1/25/2023 7:03,3746
1/25/2023 7:03,3789
1/25/2023 7:04,3618
1/25/2023 7:04,3669
1/25/2023 7:05,3628
1/25/2023 7:05,3791
1/25/2023 7:06,3411
1/25/2023 7:06,3679
1/25/2023 7:07,3518
1/25/2023 7:07,3774
1/25/2023 7:08,3819
1/25/2023 7:08,3853
1/25/2023 7:09,3652
1/25/2023 7:09,3501
1/25/2023 7:10,3652
1/25/2023 7:10,3558
1/25/2023 7:11,3643
1/25/2023 7:11,3609
1/25/2023 7:12,3696
1/25/2023 7:12,3862
1/25/2023 7:13,3827
1/25/2023 7:13,3862
1/25/2023 7:14,3737
1/25/2023 7:14,3872
1/25/2023 7:15,3650
1/25/2023 7:15,3783
1/25/2023 7:16,3702
1/25/2023 7:17,3585
1/25/2023 7:17,3879
1/25/2023 7:18,3677
1/25/2023 7:18,3469
1/25/2023 7:19,3694
1/25/2023 7:19,3652
1/25/2023 7:20,3662
1/25/2023 7:20,3799
1/25/2023 7:21,3677
1/25/2023 7:21,3689
1/25/2023 7:22,3694
1/25/2023 7:22,3677
1/25/2023 7:23,3628
1/25/2023 7:23,3845
1/25/2023 7:24,3917
1/25/2023 7:24,3696
1/25/2023 7:25,3691
1/25/2023 7:25,3650
1/25/2023 7:26,3679
1/25/2023 7:26,3943
1/25/2023 7:27,3774
1/25/2023 7:27,3544
1/25/2023 7:28,3558
1/25/2023 7:28,3427
1/25/2023 7:29,3594
1/25/2023 7:29,3679
1/25/2023 7:30,3756
1/25/2023 7:30,3652
1/25/2023 7:31,3694
1/25/2023 7:31,3337
1/25/2023 7:32,3908
1/25/2023 7:32,3871
1/25/2023 7:33,3853
1/25/2023 7:33,3704
1/25/2023 7:34,3611
1/25/2023 7:34,3739
1/25/2023 7:35,3739
1/25/2023 7:35,3731
1/25/2023 7:36,3972
1/25/2023 7:36,3626
1/25/2023 7:37,3628
1/25/2023 7:37,3739
1/25/2023 7:38,3768
1/25/2023 7:38,3719
1/25/2023 7:39,3758
1/25/2023 7:39,3783
1/25/2023 7:40,3696
1/25/2023 7:40,3689
1/25/2023 7:41,3835
1/25/2023 7:41,3908
1/25/2023 7:42,3762
1/25/2023 7:42,3819
1/25/2023 7:43,3819
1/25/2023 7:44,3827
1/25/2023 7:44,3819
1/25/2023 7:45,3750
1/25/2023 7:45,3601
1/25/2023 7:46,3706
1/25/2023 7:46,3907
1/25/2023 7:47,3485
1/25/2023 7:47,3687
1/25/2023 7:48,3645
1/25/2023 7:48,3621
1/25/2023 7:49,3739
1/25/2023 7:49,3445
1/25/2023 7:50,3551
1/25/2023 7:50,3645
1/25/2023 7:51,3741
1/25/2023 7:51,3704
1/25/2023 7:52,3635
1/25/2023 7:52,3594
1/25/2023 7:53,3621
1/25/2023 7:53,3527
1/25/2023 7:54,3563
1/25/2023 7:54,3570
1/25/2023 7:55,3611
1/25/2023 7:55,3551
1/25/2023 7:56,3809
1/25/2023 7:56,3596
1/25/2023 7:57,3594
1/25/2023 7:57,3352
1/25/2023 7:58,3845
1/25/2023 7:58,3774
1/25/2023 7:59,3645
1/25/2023 7:59,3706
1/25/2023 8:00,3679
1/25/2023 8:00,3829
1/25/2023 8:01,3811
1/25/2023 8:01,3654
1/25/2023 8:02,3664
1/25/2023 8:02,3422
1/25/2023 8:03,3872
1/25/2023 8:03,3594
1/25/2023 8:04,3696
1/25/2023 8:04,3791
1/25/2023 8:05,3672
1/25/2023 8:05,3672
1/25/2023 8:06,3662
1/25/2023 8:06,3748
1/25/2023 8:07,3462
1/25/2023 8:07,3845
1/25/2023 8:08,3698
1/25/2023 8:08,3687
1/25/2023 8:09,3637
1/25/2023 8:09,3721
1/25/2023 8:10,3422
1/25/2023 8:11,3654
1/25/2023 8:11,3793
1/25/2023 8:12,3862
1/25/2023 8:12,3647
1/25/2023 8:13,3587
1/25/2023 8:13,3349
1/25/2023 8:14,3478
1/25/2023 8:14,3621
1/25/2023 8:15,3809
1/25/2023 8:15,3566
1/25/2023 8:16,3518
1/25/2023 8:16,3506
1/25/2023 8:17,3739
1/25/2023 8:17,3741
1/25/2023 8:18,3422
1/25/2023 8:18,3537
1/25/2023 8:19,3662
1/25/2023 8:19,3716
1/25/2023 8:20,3628
1/25/2023 8:20,3838
1/25/2023 8:21,3714
1/25/2023 8:21,3774
1/25/2023 8:22,3768
1/25/2023 8:22,3462
1/25/2023 8:23,3838
1/25/2023 8:23,3570
1/25/2023 8:24,3874
1/25/2023 8:24,3681
1/25/2023 8:25,3882
1/25/2023 8:25,3706
1/25/2023 8:26,3768
1/25/2023 8:26,3632
1/25/2023 8:27,3854
1/25/2023 8:27,3691
1/25/2023 8:28,3706
1/25/2023 8:28,3827
1/25/2023 8:29,3628
1/25/2023 8:29,3630
1/25/2023 8:30,3689
1/25/2023 8:30,3750
1/25/2023 8:31,3637
1/25/2023 8:31,3856
1/25/2023 8:32,3822
1/25/2023 8:32,3623
1/25/2023 8:33,3917
1/25/2023 8:33,3537
1/25/2023 8:34,3649
1/25/2023 8:34,3487
1/25/2023 8:35,3647
1/25/2023 8:35,3936
1/25/2023 8:36,3750
1/25/2023 8:36,3357
1/25/2023 8:37,3577
1/25/2023 8:38,3404
1/25/2023 8:38,3776
1/25/2023 8:39,3613
1/25/2023 8:39,3621
1/25/2023 8:40,3640
1/25/2023 8:40,3743
1/25/2023 8:41,3604
1/25/2023 8:41,3523
1/25/2023 8:42,3768
1/25/2023 8:42,3628
1/25/2023 8:43,3596
1/25/2023 8:43,3613
1/25/2023 8:44,3568
1/25/2023 8:44,3374
1/25/2023 8:45,6267
1/25/2023 8:45,3628
1/25/2023 8:46,3525
1/25/2023 8:46,3741
1/25/2023 8:47,3691
1/25/2023 8:47,3613
1/25/2023 8:48,3611
1/25/2023 8:48,3563
1/25/2023 8:49,3582
1/25/2023 8:49,3530
1/25/2023 8:50,3513
1/25/2023 8:50,3706
1/25/2023 8:51,3776
1/25/2023 8:51,3448
1/25/2023 8:52,3630
1/25/2023 8:52,3596
1/25/2023 8:53,3553
1/25/2023 8:53,3546
1/25/2023 8:54,3733
1/25/2023 8:54,3647
1/25/2023 8:55,3490
1/25/2023 8:55,3785
1/25/2023 8:56,3601
1/25/2023 8:56,3471
1/25/2023 8:57,3439
1/25/2023 8:57,3918
1/25/2023 8:58,3716
1/25/2023 8:58,3882
1/25/2023 8:59,3518
1/25/2023 8:59,3587
1/25/2023 9:00,3384
1/25/2023 9:00,3811
1/25/2023 9:01,3615
1/25/2023 9:01,3546
1/25/2023 9:02,3441
1/25/2023 9:02,3623
1/25/2023 9:03,3776
1/25/2023 9:03,3506
1/25/2023 9:04,3441
1/25/2023 9:05,3621
1/25/2023 9:05,3630
1/25/2023 9:06,3364
1/25/2023 9:06,3866
1/25/2023 9:07,3647
1/25/2023 9:07,3601
1/25/2023 9:08,3444
1/25/2023 9:08,3900
1/25/2023 9:09,3683
1/25/2023 9:09,3856
1/25/2023 9:10,3553
1/25/2023 9:10,3416
1/25/2023 9:11,3513
1/25/2023 9:11,3621
1/25/2023 9:12,3693
1/25/2023 9:12,3752
1/25/2023 9:13,3750
1/25/2023 9:13,3530
1/25/2023 9:14,3542
1/25/2023 9:14,3546
1/25/2023 9:15,3657
1/25/2023 9:15,3409
1/25/2023 9:16,3480
1/25/2023 9:16,3606
1/25/2023 9:17,3589
1/25/2023 9:17,3546
1/25/2023 9:18,3425
1/25/2023 9:18,3689
1/25/2023 9:19,3830
1/25/2023 9:19,3647
1/25/2023 9:20,3664
1/25/2023 9:20,3432
1/25/2023 9:21,3490
1/25/2023 9:21,3656
1/25/2023 9:22,3814
1/25/2023 9:22,3270
1/25/2023 9:23,3523
1/25/2023 9:23,3580
1/25/2023 9:24,3618
1/25/2023 9:24,3845
1/25/2023 9:25,3570
1/25/2023 9:25,3657
1/25/2023 9:26,3807
1/25/2023 9:26,3706
1/25/2023 9:27,3437
1/25/2023 9:27,3672
1/25/2023 9:28,3530
1/25/2023 9:28,3683
1/25/2023 9:29,3838
1/25/2023 9:29,3581
1/25/2023 9:30,3191
1/25/2023 9:31,3750
1/25/2023 9:31,3570
1/25/2023 9:32,3632
1/25/2023 9:32,3644
1/25/2023 9:33,3471
1/25/2023 9:33,3572
1/25/2023 9:34,3608
1/25/2023 9:34,3639
1/25/2023 9:35,3708
1/25/2023 9:35,3556
1/25/2023 9:36,3606
1/25/2023 9:36,3589
1/25/2023 9:37,3509
1/25/2023 9:37,3716
1/25/2023 9:38,3681
1/25/2023 9:38,3594
1/25/2023 9:39,3672
1/25/2023 9:39,3674
1/25/2023 9:40,3621
1/25/2023 9:40,3801
1/25/2023 9:41,3664
1/25/2023 9:41,3752
1/25/2023 9:42,3613
1/25/2023 9:42,3674
1/25/2023 9:43,3628
1/25/2023 9:43,3599
1/25/2023 9:44,3750
1/25/2023 9:44,3725
1/25/2023 9:45,3606
1/25/2023 9:45,3336
1/25/2023 9:46,3409
1/25/2023 9:46,3803
1/25/2023 9:47,3623
1/25/2023 9:47,3630
1/25/2023 9:48,3654
1/25/2023 9:48,3556
1/25/2023 9:49,3613
1/25/2023 9:49,3596
1/25/2023 9:50,3425
1/25/2023 9:50,3425
1/25/2023 9:51,3657
1/25/2023 9:51,3830
1/25/2023 9:52,3733
1/25/2023 9:52,4040
1/25/2023 9:53,3563
1/25/2023 9:53,3587
1/25/2023 9:54,3546
1/25/2023 9:54,3320
1/25/2023 9:55,3608
1/25/2023 9:55,3754
1/25/2023 9:56,3572
1/25/2023 9:56,3565
1/25/2023 9:57,3813
1/25/2023 9:58,3411
1/25/2023 9:58,3613
1/25/2023 9:59,3913
1/25/2023 9:59,3509
1/25/2023 10:00,3441
1/25/2023 10:00,3677
1/25/2023 10:01,3499
1/25/2023 10:01,3572
1/25/2023 10:02,3777
1/25/2023 10:02,3589
1/25/2023 10:03,3506
1/25/2023 10:03,3539
1/25/2023 10:04,3629
1/25/2023 10:04,3523
1/25/2023 10:05,3874
1/25/2023 10:05,3662
1/25/2023 10:06,3892
1/25/2023 10:06,3606
1/25/2023 10:07,3516
1/25/2023 10:07,3575
1/25/2023 10:08,3457
1/25/2023 10:08,3572
1/25/2023 10:09,3474
1/25/2023 10:09,3623
1/25/2023 10:10,3572
1/25/2023 10:10,3613
1/25/2023 10:11,3876
1/25/2023 10:11,3640
1/25/2023 10:12,3516
1/25/2023 10:12,3928
1/25/2023 10:13,3448
1/25/2023 10:13,3497
1/25/2023 10:14,3539
1/25/2023 10:14,3640
1/25/2023 10:15,3499
1/25/2023 10:15,3572
1/25/2023 10:16,3760
1/25/2023 10:16,3599
1/25/2023 10:17,3530
1/25/2023 10:17,3154
1/25/2023 10:18,3725
1/25/2023 10:18,3582
1/25/2023 10:19,3457
1/25/2023 10:19,3457
1/25/2023 10:20,3546
1/25/2023 10:20,3243
1/25/2023 10:21,3317
1/25/2023 10:21,3750
1/25/2023 10:22,3589
1/25/2023 10:22,3467
1/25/2023 10:23,3393
1/25/2023 10:23,3632
1/25/2023 10:24,3813
1/25/2023 10:25,3589
1/25/2023 10:25,3525
1/25/2023 10:26,3352
1/25/2023 10:26,3698
1/25/2023 10:27,3649
1/25/2023 10:27,3523
1/25/2023 10:28,3879
1/25/2023 10:28,3848
1/25/2023 10:29,3606
1/25/2023 10:29,3676
1/25/2023 10:30,3917
1/25/2023 10:30,3596
1/25/2023 10:31,3683
1/25/2023 10:31,3728
1/25/2023 10:32,3490
1/25/2023 10:32,3606
1/25/2023 10:33,3672
1/25/2023 10:33,3846
1/25/2023 10:34,3623
1/25/2023 10:34,3539
1/25/2023 10:35,3666
1/25/2023 10:35,3793
1/25/2023 10:36,3811
1/25/2023 10:36,3492
1/25/2023 10:37,3483
1/25/2023 10:37,3539
1/25/2023 10:38,3698
1/25/2023 10:38,3416
1/25/2023 10:39,3611
1/25/2023 10:39,3666
1/25/2023 10:40,3445
1/25/2023 10:40,3570
1/25/2023 10:41,3546
1/25/2023 10:41,3920
1/25/2023 10:42,3630
1/25/2023 10:42,3483
1/25/2023 10:43,3448
1/25/2023 10:43,3393
1/25/2023 10:44,3577
1/25/2023 10:44,3570
1/25/2023 10:45,3649
1/25/2023 10:45,3457
1/25/2023 10:46,3490
1/25/2023 10:46,3760
1/25/2023 10:47,3681
1/25/2023 10:47,3664
1/25/2023 10:48,3525
1/25/2023 10:48,3549
1/25/2023 10:49,3296
1/25/2023 10:49,3357
1/25/2023 10:50,3750
1/25/2023 10:51,3506
1/25/2023 10:51,3311
1/25/2023 10:52,3546
1/25/2023 10:52,3530
1/25/2023 10:53,3760
1/25/2023 10:53,3623
1/25/2023 10:54,3689
1/25/2023 10:54,3654
1/25/2023 10:55,3725
1/25/2023 10:55,3478
1/25/2023 10:56,3613
1/25/2023 10:56,3539
1/25/2023 10:57,3647
1/25/2023 10:57,3795
1/25/2023 10:58,3450
1/25/2023 10:58,3674
1/25/2023 10:59,3425
1/25/2023 10:59,3549
1/25/2023 11:00,3743
1/25/2023 11:00,3829
1/25/2023 11:01,3582
1/25/2023 11:01,3355
1/25/2023 11:02,3495
1/25/2023 11:02,3685
1/25/2023 11:03,3640
1/25/2023 11:03,3580
1/25/2023 11:04,3603
1/25/2023 11:04,3252
1/25/2023 11:05,3432
1/25/2023 11:05,3494
1/25/2023 11:06,3464
1/25/2023 11:06,3539
1/25/2023 11:07,3589
1/25/2023 11:07,3497
1/25/2023 11:08,3723
1/25/2023 11:08,3434
1/25/2023 11:09,3645
1/25/2023 11:09,3838
1/25/2023 11:10,3480
1/25/2023 11:10,3444
1/25/2023 11:11,3320
1/25/2023 11:11,3582
1/25/2023 11:12,3580
1/25/2023 11:12,3716
1/25/2023 11:13,3623
1/25/2023 11:13,3448
1/25/2023 11:14,3589
1/25/2023 11:14,3441
1/25/2023 11:15,3403
1/25/2023 11:15,3523
1/25/2023 11:16,3530
1/25/2023 11:16,3377
1/25/2023 11:17,3606
1/25/2023 11:18,3520
1/25/2023 11:18,3506
1/25/2023 11:19,3546
1/25/2023 11:19,3513
1/25/2023 11:20,3572
1/25/2023 11:20,3416
1/25/2023 11:21,3471
1/25/2023 11:21,3716
1/25/2023 11:22,3448
1/25/2023 11:22,3596
1/25/2023 11:23,3425
1/25/2023 11:23,3589
1/25/2023 11:24,3425
1/25/2023 11:24,3691
1/25/2023 11:25,3490
1/25/2023 11:25,3760
1/25/2023 11:26,3618
1/25/2023 11:26,3674
1/25/2023 11:27,3439
1/25/2023 11:27,3708
1/25/2023 11:28,3689
1/25/2023 11:28,3400
1/25/2023 11:29,3606
1/25/2023 11:29,3467
1/25/2023 11:30,3525
1/25/2023 11:30,3589
1/25/2023 11:31,3882
1/25/2023 11:31,3511
1/25/2023 11:32,3525
1/25/2023 11:32,3708
1/25/2023 11:33,3760
1/25/2023 11:33,3563
1/25/2023 11:34,3640
1/25/2023 11:34,3499
1/25/2023 11:35,3596
1/25/2023 11:35,3539
1/25/2023 11:36,3539
1/25/2023 11:36,3582
1/25/2023 11:37,3613
1/25/2023 11:37,3725
1/25/2023 11:38,3623
1/25/2023 11:38,3666
1/25/2023 11:39,3556
1/25/2023 11:39,3425
1/25/2023 11:40,3589
1/25/2023 11:40,3409
1/25/2023 11:41,3556
1/25/2023 11:41,3803
1/25/2023 11:42,3572
1/25/2023 11:42,3601
1/25/2023 11:43,3361
1/25/2023 11:43,3674
1/25/2023 11:44,3525
1/25/2023 11:45,3425
1/25/2023 11:45,3516
1/25/2023 11:46,3743
1/25/2023 11:46,3813
1/25/2023 11:47,3330
1/25/2023 11:47,3733
1/25/2023 11:48,3830
1/25/2023 11:48,3610
1/25/2023 11:49,3664
1/25/2023 11:49,3368
1/25/2023 11:50,3582
1/25/2023 11:50,3596
1/25/2023 11:51,3549
1/25/2023 11:51,3689
1/25/2023 11:52,3630
1/25/2023 11:52,3572
1/25/2023 11:53,3608
1/25/2023 11:53,3441
1/25/2023 11:54,3630
1/25/2023 11:54,3474
1/25/2023 11:55,3785
1/25/2023 11:55,3768
1/25/2023 11:56,3674
1/25/2023 11:56,3352
1/25/2023 11:57,3546
1/25/2023 11:57,3892
1/25/2023 11:58,3604
1/25/2023 11:58,3679
1/25/2023 11:59,3634
1/25/2023 11:59,3374
1/25/2023 12:00,3762
1/25/2023 12:00,3345
1/25/2023 12:01,3530
1/25/2023 12:01,3448
1/25/2023 12:02,3892
1/25/2023 12:02,3613
1/25/2023 12:03,3589
1/25/2023 12:03,3623
1/25/2023 12:04,3693
1/25/2023 12:04,3803
1/25/2023 12:05,3589
1/25/2023 12:05,3490
1/25/2023 12:06,3374
1/25/2023 12:06,3425
1/25/2023 12:07,3553
1/25/2023 12:07,3546
1/25/2023 12:08,3487
1/25/2023 12:08,3556
1/25/2023 12:09,3249
1/25/2023 12:09,3345
1/25/2023 12:10,3523
1/25/2023 12:10,3450
1/25/2023 12:11,3714
1/25/2023 12:12,3393
1/25/2023 12:12,3513
1/25/2023 12:13,3666
1/25/2023 12:13,3435
1/25/2023 12:14,3643
1/25/2023 12:14,3795
1/25/2023 12:15,3647
1/25/2023 12:15,3664
1/25/2023 12:16,3384
1/25/2023 12:16,3640
1/25/2023 12:17,3464
1/25/2023 12:17,3441
1/25/2023 12:18,3377
1/25/2023 12:18,3448
1/25/2023 12:19,3572
1/25/2023 12:19,3580
1/25/2023 12:20,3674
1/25/2023 12:20,3441
1/25/2023 12:21,3544
1/25/2023 12:21,3532
1/25/2023 12:22,3539
1/25/2023 12:22,3523
1/25/2023 12:23,3725
1/25/2023 12:23,3795
1/25/2023 12:24,3549
1/25/2023 12:24,3640
1/25/2023 12:25,3640
1/25/2023 12:25,3425
1/25/2023 12:26,3490
1/25/2023 12:26,3260
1/25/2023 12:27,3565
1/25/2023 12:27,3523
1/25/2023 12:28,3330
1/25/2023 12:28,3499
1/25/2023 12:29,3647
1/25/2023 12:29,3558
1/25/2023 12:30,3760
1/25/2023 12:30,3539
1/25/2023 12:31,3453
1/25/2023 12:31,3457
1/25/2023 12:32,3735
1/25/2023 12:32,3708
1/25/2023 12:33,3565
1/25/2023 12:33,3395
1/25/2023 12:34,3623
1/25/2023 12:34,3288
1/25/2023 12:35,3848
1/25/2023 12:35,3546
1/25/2023 12:36,3565
1/25/2023 12:36,3632
1/25/2023 12:37,3599
1/25/2023 12:38,3409
1/25/2023 12:38,3830
1/25/2023 12:39,3499
1/25/2023 12:39,3455
1/25/2023 12:40,3549
1/25/2023 12:40,3776
1/25/2023 12:41,3532
1/25/2023 12:41,3640
1/25/2023 12:42,3674
1/25/2023 12:42,3523
1/25/2023 12:43,3674
1/25/2023 12:43,3355
1/25/2023 12:44,3409
1/25/2023 12:44,3582
1/25/2023 12:45,3389
1/25/2023 12:45,3563
1/25/2023 12:46,3355
1/25/2023 12:46,3160
1/25/2023 12:47,3632
1/25/2023 12:47,3762
1/25/2023 12:48,3733
1/25/2023 12:48,3556
1/25/2023 12:49,3539
1/25/2023 12:49,3768
1/25/2023 12:50,3830
1/25/2023 12:50,3608
1/25/2023 12:51,3777
1/25/2023 12:51,3382
1/25/2023 12:52,3882
1/25/2023 12:52,3345
1/25/2023 12:53,3848
1/25/2023 12:53,3549
1/25/2023 12:54,3580
1/25/2023 12:54,3689
1/25/2023 12:55,3621
1/25/2023 12:55,3596
1/25/2023 12:56,3509
1/25/2023 12:56,3480
1/25/2023 12:57,3606
1/25/2023 12:57,3615
1/25/2023 12:58,3212
1/25/2023 12:58,3829
1/25/2023 12:59,3693
1/25/2023 12:59,3370
1/25/2023 13:00,3549
1/25/2023 13:00,3615
1/25/2023 13:01,3520
1/25/2023 13:01,3760
1/25/2023 13:02,3523
1/25/2023 13:02,3606
1/25/2023 13:03,3866
1/25/2023 13:03,3483
1/25/2023 13:04,3276
1/25/2023 13:05,3556
1/25/2023 13:05,3708
1/25/2023 13:06,3681
1/25/2023 13:06,3516
1/25/2023 13:07,3474
1/25/2023 13:07,3492
1/25/2023 13:08,3450
1/25/2023 13:08,3467
1/25/2023 13:09,3418
1/25/2023 13:09,3539
1/25/2023 13:10,3621
1/25/2023 13:10,3441
1/25/2023 13:11,3822
1/25/2023 13:11,3480
1/25/2023 13:12,3582
1/25/2023 13:12,3298
1/25/2023 13:13,3637
1/25/2023 13:13,3499
1/25/2023 13:14,3630
1/25/2023 13:14,3411
1/25/2023 13:15,3572
1/25/2023 13:15,3311
1/25/2023 13:16,3513
1/25/2023 13:16,3640
1/25/2023 13:17,3693
1/25/2023 13:17,3732
1/25/2023 13:18,3556
1/25/2023 13:18,3582
1/25/2023 13:19,3649
1/25/2023 13:19,3632
1/25/2023 13:20,3523
1/25/2023 13:20,3330
1/25/2023 13:21,3450
1/25/2023 13:21,3725
1/25/2023 13:22,3664
1/25/2023 13:22,3439
1/25/2023 13:23,3700
1/25/2023 13:23,3700
1/25/2023 13:24,3716
1/25/2023 13:24,3725
1/25/2023 13:25,3657
1/25/2023 13:25,3689
1/25/2023 13:26,3733
1/25/2023 13:26,3497
1/25/2023 13:27,3657
1/25/2023 13:27,3427
1/25/2023 13:28,3632
1/25/2023 13:28,3513
1/25/2023 13:29,3527
1/25/2023 13:29,3565
1/25/2023 13:30,3666
1/25/2023 13:30,3480
1/25/2023 13:31,3432
1/25/2023 13:32,3606
1/25/2023 13:32,3432
1/25/2023 13:33,3821
1/25/2023 13:33,3145
1/25/2023 13:34,3768
1/25/2023 13:34,3599
1/25/2023 13:35,3681
1/25/2023 13:35,3523
1/25/2023 13:36,3733
1/25/2023 13:36,3386
1/25/2023 13:37,3830
1/25/2023 13:37,3499
1/25/2023 13:38,3425
1/25/2023 13:38,3384
1/25/2023 13:39,3418
1/25/2023 13:39,3421
1/25/2023 13:40,3647
1/25/2023 13:40,3585
1/25/2023 13:41,3613
1/25/2023 13:41,3795
1/25/2023 13:42,3752
1/25/2023 13:42,3504
1/25/2023 13:43,3743
1/25/2023 13:43,3657
1/25/2023 13:44,3664
1/25/2023 13:44,3582
1/25/2023 13:45,3676
1/25/2023 13:45,3866
1/25/2023 13:46,3606
1/25/2023 13:46,3532
1/25/2023 13:47,3811
1/25/2023 13:47,3683
1/25/2023 13:48,3393
1/25/2023 13:48,3725
1/25/2023 13:49,3581
1/25/2023 13:49,3700
1/25/2023 13:50,3497
1/25/2023 13:50,3490
1/25/2023 13:51,3805
1/25/2023 13:51,3485
1/25/2023 13:52,3499
1/25/2023 13:52,3520
1/25/2023 13:53,3480
1/25/2023 13:53,3532
1/25/2023 13:54,3596
1/25/2023 13:54,3539
1/25/2023 13:55,3691
1/25/2023 13:55,3384
1/25/2023 13:56,3691
1/25/2023 13:56,3848
1/25/2023 13:57,3708
1/25/2023 13:57,3537
1/25/2023 13:58,3561
1/25/2023 13:59,3606
1/25/2023 13:59,3640
1/25/2023 14:00,3808
1/25/2023 14:00,3448
1/25/2023 14:01,3615
1/25/2023 14:01,3623
1/25/2023 14:02,3421
1/25/2023 14:02,3516
1/25/2023 14:03,3425
1/25/2023 14:03,3530
1/25/2023 14:04,3506
1/25/2023 14:04,3679
1/25/2023 14:05,3370
1/25/2023 14:05,3513
1/25/2023 14:06,3525
1/25/2023 14:06,3785
1/25/2023 14:07,3345
1/25/2023 14:07,3506
1/25/2023 14:08,3409
1/25/2023 14:08,3563
1/25/2023 14:09,3534
1/25/2023 14:09,3689
1/25/2023 14:10,3523
1/25/2023 14:10,3662
1/25/2023 14:11,3370
1/25/2023 14:11,3556
1/25/2023 14:12,3657
1/25/2023 14:12,3640
1/25/2023 14:13,3698
1/25/2023 14:13,3539
1/25/2023 14:14,3079
1/25/2023 14:14,3506
1/25/2023 14:15,3497
1/25/2023 14:15,3393
1/25/2023 14:16,3532
1/25/2023 14:16,3741
1/25/2023 14:17,3539
1/25/2023 14:17,3572
1/25/2023 14:18,3464
1/25/2023 14:18,3606
1/25/2023 14:19,3539
1/25/2023 14:19,3267
1/25/2023 14:20,3457
1/25/2023 14:20,3640
1/25/2023 14:21,3683
1/25/2023 14:21,3587
1/25/2023 14:22,3474
1/25/2023 14:22,3499
1/25/2023 14:23,3539
1/25/2023 14:23,3492
1/25/2023 14:24,3393
1/25/2023 14:25,3797
1/25/2023 14:25,3589
1/25/2023 14:26,3561
1/25/2023 14:26,3640
1/25/2023 14:27,3377
1/25/2023 14:27,3718
1/25/2023 14:28,3546
1/25/2023 14:28,3450
1/25/2023 14:29,3615
1/25/2023 14:29,3065
1/25/2023 14:30,3589
1/25/2023 14:30,3630
1/25/2023 14:31,3582
1/25/2023 14:31,3448
1/25/2023 14:32,3580
1/25/2023 14:32,3504
1/25/2023 14:33,3532
1/25/2023 14:33,3549
1/25/2023 14:34,3587
1/25/2023 14:34,3832
1/25/2023 14:35,3582
1/25/2023 14:35,3333
1/25/2023 14:36,3506
1/25/2023 14:36,3539
1/25/2023 14:37,3553
1/25/2023 14:37,3563
1/25/2023 14:38,3611
1/25/2023 14:38,3549
1/25/2023 14:39,3582
1/25/2023 14:39,3314
1/25/2023 14:40,3599
1/25/2023 14:40,3549
1/25/2023 14:41,3649
1/25/2023 14:41,3608
1/25/2023 14:42,3706
1/25/2023 14:42,3539
1/25/2023 14:43,3549
1/25/2023 14:43,3657
1/25/2023 14:44,3563
1/25/2023 14:44,3596
1/25/2023 14:45,3708
1/25/2023 14:45,3785
1/25/2023 14:46,3441
1/25/2023 14:46,3563
1/25/2023 14:47,3546
1/25/2023 14:47,3558
1/25/2023 14:48,3490
1/25/2023 14:48,3450
1/25/2023 14:49,3549
1/25/2023 14:49,3556
1/25/2023 14:50,3457
1/25/2023 14:50,3441
1/25/2023 14:51,3416
1/25/2023 14:52,3467
1/25/2023 14:52,3434
1/25/2023 14:53,3708
1/25/2023 14:53,3330
1/25/2023 14:54,3785
1/25/2023 14:54,3330
1/25/2023 14:55,3457
1/25/2023 14:55,3795
1/25/2023 14:56,3485
1/25/2023 14:56,3563
1/25/2023 14:57,3504
1/25/2023 14:57,3777
1/25/2023 14:58,3664
1/25/2023 14:58,3615
1/25/2023 14:59,3594
1/25/2023 14:59,3708
1/25/2023 15:00,3718
1/25/2023 15:00,3698
1/25/2023 15:01,3615
1/25/2023 15:01,3735
1/25/2023 15:02,3691
1/25/2023 15:02,3743
1/25/2023 15:03,3623
1/25/2023 15:03,3539
1/25/2023 15:04,3615
1/25/2023 15:04,3532
1/25/2023 15:05,3750
1/25/2023 15:05,3191
1/25/2023 15:06,3615
1/25/2023 15:06,3572
1/25/2023 15:07,3558
1/25/2023 15:07,3606
1/25/2023 15:08,3587
1/25/2023 15:08,3386
1/25/2023 15:09,3615
1/25/2023 15:09,3577
1/25/2023 15:10,3370
1/25/2023 15:10,3582
1/25/2023 15:11,3615
1/25/2023 15:11,3432
1/25/2023 15:12,3565
1/25/2023 15:12,3618
1/25/2023 15:13,3320
1/25/2023 15:13,3623
1/25/2023 15:14,3478
1/25/2023 15:14,3558
1/25/2023 15:15,3563
1/25/2023 15:15,3623
1/25/2023 15:16,3630
1/25/2023 15:16,3819
1/25/2023 15:17,3630
1/25/2023 15:17,3589
1/25/2023 15:18,3441
1/25/2023 15:19,3689
1/25/2023 15:19,3733
1/25/2023 15:20,3892
1/25/2023 15:20,3647
1/25/2023 15:21,3280
1/25/2023 15:21,3409
1/25/2023 15:22,3563
1/25/2023 15:22,3716
1/25/2023 15:23,3822
1/25/2023 15:23,3589
1/25/2023 15:24,3750
1/25/2023 15:24,3657
1/25/2023 15:25,3785
1/25/2023 15:25,3664
1/25/2023 15:26,3570
1/25/2023 15:26,3227
1/25/2023 15:27,3768
1/25/2023 15:27,3664
1/25/2023 15:28,3723
1/25/2023 15:28,3623
1/25/2023 15:29,3349
1/25/2023 15:29,3908
1/25/2023 15:30,3683
1/25/2023 15:30,3556
1/25/2023 15:31,3613
1/25/2023 15:31,3733
1/25/2023 15:32,3698
1/25/2023 15:32,3725
1/25/2023 15:33,3785
1/25/2023 15:33,3691
1/25/2023 15:34,3672
1/25/2023 15:34,3563
1/25/2023 15:35,3837
1/25/2023 15:35,3681
1/25/2023 15:36,3777
1/25/2023 15:36,3580
1/25/2023 15:37,3615
1/25/2023 15:37,3572
1/25/2023 15:38,3647
1/25/2023 15:38,3596
1/25/2023 15:39,3553
1/25/2023 15:39,3768
1/25/2023 15:40,3511
1/25/2023 15:40,3384
1/25/2023 15:41,3604
1/25/2023 15:41,3596
1/25/2023 15:42,3811
1/25/2023 15:42,3723
1/25/2023 15:43,3647
1/25/2023 15:43,3596
1/25/2023 15:44,3803
1/25/2023 15:44,3672
1/25/2023 15:45,3846
1/25/2023 15:46,3523
1/25/2023 15:46,3809
1/25/2023 15:47,3681
1/25/2023 15:47,3733
1/25/2023 15:48,3801
1/25/2023 15:48,3679
1/25/2023 15:49,3647
1/25/2023 15:49,3793
1/25/2023 15:50,3725
1/25/2023 15:50,3504
1/25/2023 15:51,3506
1/25/2023 15:51,3613
1/25/2023 15:52,3594
1/25/2023 15:52,3681
1/25/2023 15:53,3706
1/25/2023 15:53,3623
1/25/2023 15:54,3674
1/25/2023 15:54,3723
1/25/2023 15:55,3733
1/25/2023 15:55,3441
1/25/2023 15:56,3654
1/25/2023 15:56,3613
1/25/2023 15:57,3471
1/25/2023 15:57,3563
1/25/2023 15:58,3672
1/25/2023 15:58,3596
1/25/2023 15:59,3604
1/25/2023 15:59,3487
1/25/2023 16:00,3577
1/25/2023 16:00,3601
1/25/2023 16:01,3455
1/25/2023 16:01,3218
1/25/2023 16:02,3743
1/25/2023 16:02,3546
1/25/2023 16:03,3448
1/25/2023 16:03,3520
1/25/2023 16:04,3745
1/25/2023 16:04,3681
1/25/2023 16:05,3829
1/25/2023 16:05,3716
1/25/2023 16:06,3760
1/25/2023 16:06,3681
1/25/2023 16:07,3628
1/25/2023 16:07,3884
1/25/2023 16:08,3611
1/25/2023 16:08,3764
1/25/2023 16:09,3604
1/25/2023 16:09,3768
1/25/2023 16:10,3776
1/25/2023 16:10,3587
1/25/2023 16:11,3487
1/25/2023 16:12,3604
1/25/2023 16:12,3874
1/25/2023 16:13,3678
1/25/2023 16:13,3679
1/25/2023 16:14,3696
1/25/2023 16:14,3429
1/25/2023 16:15,3504
1/25/2023 16:15,3544
1/25/2023 16:16,3365
1/25/2023 16:16,3660
1/25/2023 16:17,3546
1/25/2023 16:17,3679
1/25/2023 16:18,3553
1/25/2023 16:18,3706
1/25/2023 16:19,3654
1/25/2023 16:19,3504
1/25/2023 16:20,3580
1/25/2023 16:20,3445
1/25/2023 16:21,3497
1/25/2023 16:21,3681
1/25/2023 16:22,3365
1/25/2023 16:22,3601
1/25/2023 16:23,3645
1/25/2023 16:23,3679
1/25/2023 16:24,3776
1/25/2023 16:24,3654
1/25/2023 16:25,3674
1/25/2023 16:25,3714
1/25/2023 16:26,3714
1/25/2023 16:26,3664
1/25/2023 16:27,3662
1/25/2023 16:27,3645
1/25/2023 16:28,3689
1/25/2023 16:28,3580
1/25/2023 16:29,3537
1/25/2023 16:29,3635
1/25/2023 16:30,3654
1/25/2023 16:30,3637
1/25/2023 16:31,3487
1/25/2023 16:31,3714
1/25/2023 16:32,3793
1/25/2023 16:32,3689
1/25/2023 16:33,3556
1/25/2023 16:33,3544
1/25/2023 16:34,3783
1/25/2023 16:34,3677
1/25/2023 16:35,3563
1/25/2023 16:35,3358
1/25/2023 16:36,3704
1/25/2023 16:36,3621
1/25/2023 16:37,3604
1/25/2023 16:37,3404
1/25/2023 16:38,3613
1/25/2023 16:39,3604
1/25/2023 16:39,3483
1/25/2023 16:40,3731
1/25/2023 16:40,3679
1/25/2023 16:41,3829
1/25/2023 16:41,3436
1/25/2023 16:42,3537
1/25/2023 16:42,3349
1/25/2023 16:43,3413
1/25/2023 16:43,3425
1/25/2023 16:44,3432
1/25/2023 16:44,3758
1/25/2023 16:45,3381
1/25/2023 16:45,3731
1/25/2023 16:46,3390
1/25/2023 16:46,3630
1/25/2023 16:47,3687
1/25/2023 16:47,3656
1/25/2023 16:48,3758
1/25/2023 16:48,3459
1/25/2023 16:49,3776
1/25/2023 16:49,3672
1/25/2023 16:50,3553
1/25/2023 16:50,3587
1/25/2023 16:51,3544
1/25/2023 16:51,3487
1/25/2023 16:52,3416
1/25/2023 16:52,3530
1/25/2023 16:53,3723
1/25/2023 16:53,3563
1/25/2023 16:54,3587
1/25/2023 16:54,3689
1/25/2023 16:55,3556
1/25/2023 16:55,3594
1/25/2023 16:56,3704
1/25/2023 16:56,3811
1/25/2023 16:57,3721
1/25/2023 16:57,3563
1/25/2023 16:58,3455
1/25/2023 16:58,3487
1/25/2023 16:59,3520
1/25/2023 16:59,3563
1/25/2023 17:00,3460
1/25/2023 17:00,3464
1/25/2023 17:01,3819
1/25/2023 17:01,3513
1/25/2023 17:02,3429
1/25/2023 17:02,3416
1/25/2023 17:03,3267
1/25/2023 17:03,3689
1/25/2023 17:04,3481
1/25/2023 17:04,3544
1/25/2023 17:05,3785
1/25/2023 17:06,3518
1/25/2023 17:06,3741
1/25/2023 17:07,3604
1/25/2023 17:07,3819
1/25/2023 17:08,3630
1/25/2023 17:08,3604
1/25/2023 17:09,3674
1/25/2023 17:09,3750
1/25/2023 17:10,3483
1/25/2023 17:10,3774
1/25/2023 17:11,3570
1/25/2023 17:11,3662
1/25/2023 17:12,3748
1/25/2023 17:12,3637
1/25/2023 17:13,3464
1/25/2023 17:13,3718
1/25/2023 17:14,3455
1/25/2023 17:14,3628
1/25/2023 17:15,3416
1/25/2023 17:15,3358
1/25/2023 17:16,3511
1/25/2023 17:16,3395
1/25/2023 17:17,3750
1/25/2023 17:17,3274
1/25/2023 17:18,3506
1/25/2023 17:18,3530
1/25/2023 17:19,3681
1/25/2023 17:19,3613
1/25/2023 17:20,3416
1/25/2023 17:20,3785
1/25/2023 17:21,3704
1/25/2023 17:21,3654
1/25/2023 17:22,3776
1/25/2023 17:22,3487
1/25/2023 17:23,3731
1/25/2023 17:23,3296
1/25/2023 17:24,3487
1/25/2023 17:24,3400
1/25/2023 17:25,3621
1/25/2023 17:25,3497
1/25/2023 17:26,3258
1/25/2023 17:26,3664
1/25/2023 17:27,3723
1/25/2023 17:27,3803
1/25/2023 17:28,3575
1/25/2023 17:28,3483
1/25/2023 17:29,3441
1/25/2023 17:29,3733
1/25/2023 17:30,3657
1/25/2023 17:30,3754
1/25/2023 17:31,3530
1/25/2023 17:31,3487
1/25/2023 17:32,3783
1/25/2023 17:33,3776
1/25/2023 17:33,3490
1/25/2023 17:34,3471
1/25/2023 17:34,3534
1/25/2023 17:35,3490
1/25/2023 17:35,3766
1/25/2023 17:36,3657
1/25/2023 17:36,3793
1/25/2023 17:37,3630
1/25/2023 17:37,3416
1/25/2023 17:38,3604
1/25/2023 17:38,3733
1/25/2023 17:39,3716
1/25/2023 17:39,3596
1/25/2023 17:40,3553
1/25/2023 17:40,3570
1/25/2023 17:41,3743
1/25/2023 17:41,3768
1/25/2023 17:42,3811
1/25/2023 17:42,3511
1/25/2023 17:43,3572
1/25/2023 17:43,3494
1/25/2023 17:44,3679
1/25/2023 17:44,3439
1/25/2023 17:45,3546
1/25/2023 17:45,3580
1/25/2023 17:46,3432
1/25/2023 17:46,3277
1/25/2023 17:47,3448
1/25/2023 17:47,3803
1/25/2023 17:48,3327
1/25/2023 17:48,3580
1/25/2023 17:49,3672
1/25/2023 17:49,3471
1/25/2023 17:50,3518
1/25/2023 17:50,3803
1/25/2023 17:51,3955
1/25/2023 17:51,3464
1/25/2023 17:52,3384
1/25/2023 17:52,3594
1/25/2023 17:53,3537
1/25/2023 17:53,3856
1/25/2023 17:54,3613
1/25/2023 17:54,3439
1/25/2023 17:55,3577
1/25/2023 17:55,3696
1/25/2023 17:56,3615
1/25/2023 17:56,3630
1/25/2023 17:57,3630
1/25/2023 17:57,3635
1/25/2023 17:58,3898
1/25/2023 17:58,3448
1/25/2023 17:59,3411
1/25/2023 18:00,3556
1/25/2023 18:00,3708
1/25/2023 18:01,3530
1/25/2023 18:01,3553
1/25/2023 18:02,3561
1/25/2023 18:02,3621
1/25/2023 18:03,3546
1/25/2023 18:03,3581
1/25/2023 18:04,3504
1/25/2023 18:04,3336
1/25/2023 18:05,3305
1/25/2023 18:05,3779
1/25/2023 18:06,3785
1/25/2023 18:06,3537
1/25/2023 18:07,3464
1/25/2023 18:07,3390
1/25/2023 18:08,3393
1/25/2023 18:08,3783
1/25/2023 18:09,3758
1/25/2023 18:09,3355
1/25/2023 18:10,3750
1/25/2023 18:10,3377
1/25/2023 18:11,3553
1/25/2023 18:11,3716
1/25/2023 18:12,3620
1/25/2023 18:12,3764
1/25/2023 18:13,3480
1/25/2023 18:13,3672
1/25/2023 18:14,3563
1/25/2023 18:14,3723
1/25/2023 18:15,3848
1/25/2023 18:15,3829
1/25/2023 18:16,3563
1/25/2023 18:16,3793
1/25/2023 18:17,3267
1/25/2023 18:17,3654
1/25/2023 18:18,3546
1/25/2023 18:18,3735
1/25/2023 18:19,3785
1/25/2023 18:19,3432
1/25/2023 18:20,3504
1/25/2023 18:20,3544
1/25/2023 18:21,3596
1/25/2023 18:21,3546
1/25/2023 18:22,3723
1/25/2023 18:22,3487
1/25/2023 18:23,3467
1/25/2023 18:23,3487
1/25/2023 18:24,3623
1/25/2023 18:24,3723
1/25/2023 18:25,3741
1/25/2023 18:26,3733
1/25/2023 18:26,3553
1/25/2023 18:27,3654
1/25/2023 18:27,3657
1/25/2023 18:28,3416
1/25/2023 18:28,3558
1/25/2023 18:29,3464
1/25/2023 18:29,3674
1/25/2023 18:30,3716
1/25/2023 18:30,3587
1/25/2023 18:31,3487
1/25/2023 18:31,3575
1/25/2023 18:32,3846
1/25/2023 18:32,3520
1/25/2023 18:33,3632
1/25/2023 18:33,3758
1/25/2023 18:34,3352
1/25/2023 18:34,3750
1/25/2023 18:35,3606
1/25/2023 18:35,3733
1/25/2023 18:36,3679
1/25/2023 18:36,3497
1/25/2023 18:37,3776
1/25/2023 18:37,3249
1/25/2023 18:38,3679
1/25/2023 18:38,3621
1/25/2023 18:39,3580
1/25/2023 18:39,3432
1/25/2023 18:40,3551
1/25/2023 18:40,3546
1/25/2023 18:41,3594
1/25/2023 18:41,3523
1/25/2023 18:42,3689
1/25/2023 18:42,3791
1/25/2023 18:43,3643
1/25/2023 18:43,3935
1/25/2023 18:44,3464
1/25/2023 18:44,3494
1/25/2023 18:45,3838
1/25/2023 18:45,3539
1/25/2023 18:46,3821
1/25/2023 18:46,3520
1/25/2023 18:47,3716
1/25/2023 18:47,3741
1/25/2023 18:48,3760
1/25/2023 18:48,3758
1/25/2023 18:49,3606
1/25/2023 18:49,3783
1/25/2023 18:50,3497
1/25/2023 18:50,3821
1/25/2023 18:51,3534
1/25/2023 18:51,3494
1/25/2023 18:52,3604
1/25/2023 18:53,3604
1/25/2023 18:53,3668
1/25/2023 18:54,3862
1/25/2023 18:54,3777
1/25/2023 18:55,3601
1/25/2023 18:55,3681
1/25/2023 18:56,3965
1/25/2023 18:56,3714
1/25/2023 18:57,3587
1/25/2023 18:57,3750
1/25/2023 18:58,3504
1/25/2023 18:58,3656
1/25/2023 18:59,3527
1/25/2023 18:59,3432
1/25/2023 19:00,3681
1/25/2023 19:00,3640
1/25/2023 19:01,3716
1/25/2023 19:01,3625
1/25/2023 19:02,3758
1/25/2023 19:02,3874
1/25/2023 19:03,3480
1/25/2023 19:03,3464
1/25/2023 19:04,3801
1/25/2023 19:04,3361
1/25/2023 19:05,3580
1/25/2023 19:05,3384
1/25/2023 19:06,3384
1/25/2023 19:06,3464
1/25/2023 19:07,3464
1/25/2023 19:07,3664
1/25/2023 19:08,3613
1/25/2023 19:08,3596
1/25/2023 19:09,3821
1/25/2023 19:09,3557
1/25/2023 19:10,3305
1/25/2023 19:10,3570
1/25/2023 19:11,3819
1/25/2023 19:11,3723
1/25/2023 19:12,3723
1/25/2023 19:12,3679
1/25/2023 19:13,3628
1/25/2023 19:13,3570
1/25/2023 19:14,3838
1/25/2023 19:14,3803
1/25/2023 19:15,3637
1/25/2023 19:15,3783
1/25/2023 19:16,3480
1/25/2023 19:16,3490
1/25/2023 19:17,3432
1/25/2023 19:17,3721
1/25/2023 19:18,3803
1/25/2023 19:18,3570
1/25/2023 19:19,3283
1/25/2023 19:20,3537
1/25/2023 19:20,3837
1/25/2023 19:21,3563
1/25/2023 19:21,3572
1/25/2023 19:22,3721
1/25/2023 19:22,3829
1/25/2023 19:23,3723
1/25/2023 19:23,3785
1/25/2023 19:24,3580
1/25/2023 19:24,3613
1/25/2023 19:25,3374
1/25/2023 19:25,3582
1/25/2023 19:26,3520
1/25/2023 19:26,3480
1/25/2023 19:27,3594
1/25/2023 19:27,3544
1/25/2023 19:28,3741
1/25/2023 19:28,3587
1/25/2023 19:29,3791
1/25/2023 19:29,3783
1/25/2023 19:30,3546
1/25/2023 19:30,3681
1/25/2023 19:31,3537
1/25/2023 19:31,3523
1/25/2023 19:32,3546
1/25/2023 19:32,3770
1/25/2023 19:33,3587
1/25/2023 19:33,3854
1/25/2023 19:34,3582
1/25/2023 19:34,3416
1/25/2023 19:35,3406
1/25/2023 19:35,3716
1/25/2023 19:36,3553
1/25/2023 19:36,3513
1/25/2023 19:37,3803
1/25/2023 19:37,3731
1/25/2023 19:38,3741
1/25/2023 19:38,3490
1/25/2023 19:39,3264
1/25/2023 19:39,3628
1/25/2023 19:40,3553
1/25/2023 19:40,3525
1/25/2023 19:41,3785
1/25/2023 19:41,3777
1/25/2023 19:42,3523
1/25/2023 19:42,3748
1/25/2023 19:43,3647
1/25/2023 19:43,3511
1/25/2023 19:44,3487
1/25/2023 19:44,3485
1/25/2023 19:45,3487
1/25/2023 19:45,3577
1/25/2023 19:46,3589
1/25/2023 19:47,3478
1/25/2023 19:47,3390
1/25/2023 19:48,3723
1/25/2023 19:48,3400
1/25/2023 19:49,3599
1/25/2023 19:49,3506
1/25/2023 19:50,3402
1/25/2023 19:50,3572
1/25/2023 19:51,3563
1/25/2023 19:51,3336
1/25/2023 19:52,3425
1/25/2023 19:52,3589
1/25/2023 19:53,3497
1/25/2023 19:53,3606
1/25/2023 19:54,3580
1/25/2023 19:54,3467
1/25/2023 19:55,3703
1/25/2023 19:55,3455
1/25/2023 19:56,3625
1/25/2023 19:56,3750
1/25/2023 19:57,3544
1/25/2023 19:57,3787
1/25/2023 19:58,3785
1/25/2023 19:58,3623
1/25/2023 19:59,3563
1/25/2023 19:59,3594
1/25/2023 20:00,3733
1/25/2023 20:00,3580
1/25/2023 20:01,3558
1/25/2023 20:01,3892
1/25/2023 20:02,3400
1/25/2023 20:02,3615
1/25/2023 20:03,3706
1/25/2023 20:03,3520
1/25/2023 20:04,3499
1/25/2023 20:04,3803
1/25/2023 20:05,3716
1/25/2023 20:05,3432
1/25/2023 20:06,3572
1/25/2023 20:06,3393
1/25/2023 20:07,3572
1/25/2023 20:07,3748
1/25/2023 20:08,3580
1/25/2023 20:08,3681
1/25/2023 20:09,3546
1/25/2023 20:09,3230
1/25/2023 20:10,3483
1/25/2023 20:10,3474
1/25/2023 20:11,3920
1/25/2023 20:11,3776
1/25/2023 20:12,3563
1/25/2023 20:12,3986
1/25/2023 20:13,3546
1/25/2023 20:14,3589
1/25/2023 20:14,3674
1/25/2023 20:15,3497
1/25/2023 20:15,3698
1/25/2023 20:16,3556
1/25/2023 20:16,3537
1/25/2023 20:17,3689
1/25/2023 20:17,3589
1/25/2023 20:18,3774
1/25/2023 20:18,3866
1/25/2023 20:19,3766
1/25/2023 20:19,3464
1/25/2023 20:20,3874
1/25/2023 20:20,3556
1/25/2023 20:21,3464
1/25/2023 20:21,3787
1/25/2023 20:22,3393
1/25/2023 20:22,3530
1/25/2023 20:23,3750
1/25/2023 20:23,3513
1/25/2023 20:24,3513
1/25/2023 20:24,3693
1/25/2023 20:25,3474
1/25/2023 20:25,3731
1/25/2023 20:26,3224
1/25/2023 20:26,3741
1/25/2023 20:27,3416
1/25/2023 20:27,3733
1/25/2023 20:28,3544
1/25/2023 20:28,3589
1/25/2023 20:29,3811
1/25/2023 20:29,3370
1/25/2023 20:30,3760
1/25/2023 20:30,3846
1/25/2023 20:31,3270
1/25/2023 20:31,3506
1/25/2023 20:32,3530
1/25/2023 20:32,3596
1/25/2023 20:33,3480
1/25/2023 20:33,3513
1/25/2023 20:34,3474
1/25/2023 20:34,3630
1/25/2023 20:35,3546
1/25/2023 20:35,3343
1/25/2023 20:36,3530
1/25/2023 20:36,3664
1/25/2023 20:37,3623
1/25/2023 20:37,3513
1/25/2023 20:38,3561
1/25/2023 20:38,3487
1/25/2023 20:39,3441
1/25/2023 20:40,3785
1/25/2023 20:40,3563
1/25/2023 20:41,3613
1/25/2023 20:41,3743
1/25/2023 20:42,3572
1/25/2023 20:42,3618
1/25/2023 20:43,3687
1/25/2023 20:43,3520
1/25/2023 20:44,3654
1/25/2023 20:44,3606
1/25/2023 20:45,3572
1/25/2023 20:45,3523
1/25/2023 20:46,3530
1/25/2023 20:46,3760
1/25/2023 20:47,3596
1/25/2023 20:47,3768
1/25/2023 20:48,3645
1/25/2023 20:48,3582
1/25/2023 20:49,3582
1/25/2023 20:49,3664
1/25/2023 20:50,3546
1/25/2023 20:50,3758
1/25/2023 20:51,3928
1/25/2023 20:51,3626
1/25/2023 20:52,3400
1/25/2023 20:52,3532
1/25/2023 20:53,3691
1/25/2023 20:53,3725
1/25/2023 20:54,3471
1/25/2023 20:54,3416
1/25/2023 20:55,3537
1/25/2023 20:55,3711
1/25/2023 20:56,3803
1/25/2023 20:56,3813
1/25/2023 20:57,3487
1/25/2023 20:57,3520
1/25/2023 20:58,3640
1/25/2023 20:58,3647
1/25/2023 20:59,3977
1/25/2023 20:59,3476
1/25/2023 21:00,3626
1/25/2023 21:00,3700
1/25/2023 21:01,3783
1/25/2023 21:01,3603
1/25/2023 21:02,3539
1/25/2023 21:02,3716
1/25/2023 21:03,3596
1/25/2023 21:03,3725
1/25/2023 21:04,3613
1/25/2023 21:04,3628
1/25/2023 21:05,3758
1/25/2023 21:05,3766
1/25/2023 21:06,3689
1/25/2023 21:07,3537
1/25/2023 21:07,3561
1/25/2023 21:08,3374
1/25/2023 21:08,3776
1/25/2023 21:09,3537
1/25/2023 21:09,3546
1/25/2023 21:10,3666
1/25/2023 21:10,3506
1/25/2023 21:11,3494
1/25/2023 21:11,3647
1/25/2023 21:12,3390
1/25/2023 21:12,3741
1/25/2023 21:13,3596
1/25/2023 21:13,3611
1/25/2023 21:14,3504
1/25/2023 21:14,3662
1/25/2023 21:15,3758
1/25/2023 21:15,3645
1/25/2023 21:16,3822
1/25/2023 21:16,3546
1/25/2023 21:17,3478
1/25/2023 21:17,3464
1/25/2023 21:18,3674
1/25/2023 21:18,3656
1/25/2023 21:19,3480
1/25/2023 21:19,3478
1/25/2023 21:20,3474
1/25/2023 21:20,3776
1/25/2023 21:21,3829
1/25/2023 21:21,3723
1/25/2023 21:22,3561
1/25/2023 21:22,3580
1/25/2023 21:23,3630
1/25/2023 21:23,3698
1/25/2023 21:24,3838
1/25/2023 21:24,3821
1/25/2023 21:25,3416
1/25/2023 21:25,3750
1/25/2023 21:26,3537
1/25/2023 21:26,3955
1/25/2023 21:27,3689
1/25/2023 21:27,3801
1/25/2023 21:28,3946
1/25/2023 21:28,3409
1/25/2023 21:29,3580
1/25/2023 21:29,3750
1/25/2023 21:30,3811
1/25/2023 21:30,3656
1/25/2023 21:31,3768
1/25/2023 21:31,3546
1/25/2023 21:32,3654
1/25/2023 21:32,3704
1/25/2023 21:33,3572
1/25/2023 21:34,3358
1/25/2023 21:34,3706
1/25/2023 21:35,3735
1/25/2023 21:35,3928
1/25/2023 21:36,3768
1/25/2023 21:36,3520
1/25/2023 21:37,3539
1/25/2023 21:37,3920
1/25/2023 21:38,3497
1/25/2023 21:38,3606
1/25/2023 21:39,3561
1/25/2023 21:39,3549
1/25/2023 21:40,3572
1/25/2023 21:40,3504
1/25/2023 21:41,3803
1/25/2023 21:41,3743
1/25/2023 21:42,3666
1/25/2023 21:42,3480
1/25/2023 21:43,3248
1/25/2023 21:43,3457
1/25/2023 21:44,3480
1/25/2023 21:44,3553
1/25/2023 21:45,3544
1/25/2023 21:45,3856
1/25/2023 21:46,3606
1/25/2023 21:46,3615
1/25/2023 21:47,3594
1/25/2023 21:47,3811
1/25/2023 21:48,3315
1/25/2023 21:48,3513
1/25/2023 21:49,3570
1/25/2023 21:49,3606
1/25/2023 21:50,3580
1/25/2023 21:50,3752
1/25/2023 21:51,3691
1/25/2023 21:51,3615
1/25/2023 21:52,3723
1/25/2023 21:52,3621
1/25/2023 21:53,3660
1/25/2023 21:53,3368
1/25/2023 21:54,3384
1/25/2023 21:54,4027
1/25/2023 21:55,3440
1/25/2023 21:55,3743
1/25/2023 21:56,3546
1/25/2023 21:56,3572
1/25/2023 21:57,3623
1/25/2023 21:57,3698
1/25/2023 21:58,3691
1/25/2023 21:58,3793
1/25/2023 21:59,3654
1/25/2023 21:59,3537
1/25/2023 22:00,3766
1/25/2023 22:01,3563
1/25/2023 22:01,3480
1/25/2023 22:02,3471
1/25/2023 22:02,3352
1/25/2023 22:03,3630
1/25/2023 22:03,3582
1/25/2023 22:04,3681
1/25/2023 22:04,3785
1/25/2023 22:05,3781
1/25/2023 22:05,3647
1/25/2023 22:06,3795
1/25/2023 22:06,3696
1/25/2023 22:07,3530
1/25/2023 22:07,3662
1/25/2023 22:08,3683
1/25/2023 22:08,3572
1/25/2023 22:09,3422
1/25/2023 22:09,3587
1/25/2023 22:10,3613
1/25/2023 22:10,3594
1/25/2023 22:11,3819
1/25/2023 22:11,3604
1/25/2023 22:12,3506
1/25/2023 22:12,3666
1/25/2023 22:13,3721
1/25/2023 22:13,3681
1/25/2023 22:14,3596
1/25/2023 22:14,3811
1/25/2023 22:15,3936
1/25/2023 22:15,3594
1/25/2023 22:16,3864
1/25/2023 22:16,3623
1/25/2023 22:17,3390
1/25/2023 22:17,3748
1/25/2023 22:18,3487
1/25/2023 22:18,3242
1/25/2023 22:19,3497
1/25/2023 22:19,3504
1/25/2023 22:20,3829
1/25/2023 22:20,3723
1/25/2023 22:21,3748
1/25/2023 22:21,3606
1/25/2023 22:22,3681
1/25/2023 22:22,3716
1/25/2023 22:23,3572
1/25/2023 22:23,3546
1/25/2023 22:24,3748
1/25/2023 22:24,3846
1/25/2023 22:25,3480
1/25/2023 22:25,3801
1/25/2023 22:26,3480
1/25/2023 22:26,3504
1/25/2023 22:27,3689
1/25/2023 22:28,3654
1/25/2023 22:28,3756
1/25/2023 22:29,3422
1/25/2023 22:29,3606
1/25/2023 22:30,3892
1/25/2023 22:30,3258
1/25/2023 22:31,3487
1/25/2023 22:31,3623
1/25/2023 22:32,3731
1/25/2023 22:32,3630
1/25/2023 22:33,3422
1/25/2023 22:33,3647
1/25/2023 22:34,3725
1/25/2023 22:34,3561
1/25/2023 22:35,3689
1/25/2023 22:35,3785
1/25/2023 22:36,3587
1/25/2023 22:36,3570
1/25/2023 22:37,3530
1/25/2023 22:37,3783
1/25/2023 22:38,3882
1/25/2023 22:38,3793
1/25/2023 22:39,3900
1/25/2023 22:39,3776
1/25/2023 22:40,3672
1/25/2023 22:40,3811
1/25/2023 22:41,3679
1/25/2023 22:41,3819
1/25/2023 22:42,3829
1/25/2023 22:42,3645
1/25/2023 22:43,3723
1/25/2023 22:43,3821
1/25/2023 22:44,3698
1/25/2023 22:44,3587
1/25/2023 22:45,3267
1/25/2023 22:45,3664
1/25/2023 22:46,3801
1/25/2023 22:46,3846
1/25/2023 22:47,3854
1/25/2023 22:47,3880
1/25/2023 22:48,3748
1/25/2023 22:48,3615
1/25/2023 22:49,3838
1/25/2023 22:49,3645
1/25/2023 22:50,3716
1/25/2023 22:50,3546
1/25/2023 22:51,3894
1/25/2023 22:51,3719
1/25/2023 22:52,3544
1/25/2023 22:52,3572
1/25/2023 22:53,3563
1/25/2023 22:54,3606
1/25/2023 22:54,3546
1/25/2023 22:55,3858
1/25/2023 22:55,3803
1/25/2023 22:56,3632
1/25/2023 22:56,3596
1/25/2023 22:57,3768
1/25/2023 22:57,3733
1/25/2023 22:58,3576
1/25/2023 22:58,3570
1/25/2023 22:59,3490
1/25/2023 22:59,3821
1/25/2023 23:00,3869
1/25/2023 23:00,3672
1/25/2023 23:01,3490
1/25/2023 23:01,3856
1/25/2023 23:02,3589
1/25/2023 23:02,3589
1/25/2023 23:03,3664
1/25/2023 23:03,3689
1/25/2023 23:04,3827
1/25/2023 23:04,3766
1/25/2023 23:05,3803
1/25/2023 23:05,3549
1/25/2023 23:06,3520
1/25/2023 23:06,3464
1/25/2023 23:07,3527
1/25/2023 23:07,3556
1/25/2023 23:08,3777
1/25/2023 23:08,3698
1/25/2023 23:09,3497
1/25/2023 23:09,3739
1/25/2023 23:10,3478
1/25/2023 23:10,3803
1/25/2023 23:11,3838
1/25/2023 23:11,3596
1/25/2023 23:12,3795
1/25/2023 23:12,3596
1/25/2023 23:13,3556
1/25/2023 23:13,3532
1/25/2023 23:14,3811
1/25/2023 23:14,3698
1/25/2023 23:15,3556
1/25/2023 23:15,3580
1/25/2023 23:16,3777
1/25/2023 23:16,3478
1/25/2023 23:17,3409
1/25/2023 23:17,3243
1/25/2023 23:18,3613
1/25/2023 23:18,3838
1/25/2023 23:19,3654
1/25/2023 23:19,3429
1/25/2023 23:20,3723
1/25/2023 23:21,3361
1/25/2023 23:21,3570
1/25/2023 23:22,3506
1/25/2023 23:22,3785
1/25/2023 23:23,3530
1/25/2023 23:23,3625
1/25/2023 23:24,3596
1/25/2023 23:24,3727
1/25/2023 23:25,3448
1/25/2023 23:25,3846
1/25/2023 23:26,3441
1/25/2023 23:26,3777
1/25/2023 23:27,3580
1/25/2023 23:27,3642
1/25/2023 23:28,3793
1/25/2023 23:28,3556
1/25/2023 23:29,3821
1/25/2023 23:29,3703
1/25/2023 23:30,3647
1/25/2023 23:30,3803
1/25/2023 23:31,3546
1/25/2023 23:31,3649
1/25/2023 23:32,3846
1/25/2023 23:32,3480
1/25/2023 23:33,3556
1/25/2023 23:33,3674
1/25/2023 23:34,3928
1/25/2023 23:34,3490
1/25/2023 23:35,3587
1/25/2023 23:35,3918
1/25/2023 23:36,3596
1/25/2023 23:36,3589
1/25/2023 23:37,3298
1/25/2023 23:37,3776
1/25/2023 23:38,3563
1/25/2023 23:38,3570
1/25/2023 23:39,3589
1/25/2023 23:39,3928
1/25/2023 23:40,3674
1/25/2023 23:40,3596
1/25/2023 23:41,3973
1/25/2023 23:41,3570
1/25/2023 23:42,3556
1/25/2023 23:42,3314
1/25/2023 23:43,3460
1/25/2023 23:43,3795
1/25/2023 23:44,3760
1/25/2023 23:44,3840
1/25/2023 23:45,3544
1/25/2023 23:45,3758
1/25/2023 23:46,3539
1/25/2023 23:46,3467
1/25/2023 23:47,3264
1/25/2023 23:48,3406
1/25/2023 23:48,3546
1/25/2023 23:49,3384
1/25/2023 23:49,3587
1/25/2023 23:50,3530
1/25/2023 23:50,3973
1/25/2023 23:51,3580
1/25/2023 23:51,3874
1/25/2023 23:52,3708
1/25/2023 23:52,3589
1/25/2023 23:53,3556
1/25/2023 23:53,3725
1/25/2023 23:54,3487
1/25/2023 23:54,3681
1/25/2023 23:55,3563
1/25/2023 23:55,3320
1/25/2023 23:56,3530
1/25/2023 23:56,3464
1/25/2023 23:57,3621
1/25/2023 23:57,3549
1/25/2023 23:58,3441
1/25/2023 23:58,3283
1/25/2023 23:59,3556
1/25/2023 23:59,3546
1/26/2023 0:00,3811
1/26/2023 0:00,3523
1/26/2023 0:01,3689
1/26/2023 0:01,3882
1/26/2023 0:02,3928
1/26/2023 0:02,3283
1/26/2023 0:03,3608
1/26/2023 0:03,3314
1/26/2023 0:04,3587
1/26/2023 0:04,3546
1/26/2023 0:05,3506
1/26/2023 0:05,3683
1/26/2023 0:06,3448
1/26/2023 0:06,3654
1/26/2023 0:07,3480
1/26/2023 0:07,3252
1/26/2023 0:08,3563
1/26/2023 0:08,3541
1/26/2023 0:09,3480
1/26/2023 0:09,3575
1/26/2023 0:10,3948
1/26/2023 0:10,3532
1/26/2023 0:11,3434
1/26/2023 0:11,3599
1/26/2023 0:12,3485
1/26/2023 0:12,3565
1/26/2023 0:13,3206
1/26/2023 0:13,3910
1/26/2023 0:14,3546
1/26/2023 0:15,3819
1/26/2023 0:15,3523
1/26/2023 0:16,3448
1/26/2023 0:16,3467
1/26/2023 0:17,3345
1/26/2023 0:17,3654
1/26/2023 0:18,3483
1/26/2023 0:18,3900
1/26/2023 0:19,3370
1/26/2023 0:19,3640
1/26/2023 0:20,3829
1/26/2023 0:20,3672
1/26/2023 0:21,3243
1/26/2023 0:21,3230
1/26/2023 0:22,3380
1/26/2023 0:22,3467
1/26/2023 0:23,3716
1/26/2023 0:23,3716
1/26/2023 0:24,3793
1/26/2023 0:24,3476
1/26/2023 0:25,3252
1/26/2023 0:25,3236
1/26/2023 0:26,3476
1/26/2023 0:26,3599
1/26/2023 0:27,3490
1/26/2023 0:27,3563
1/26/2023 0:28,3298
1/26/2023 0:28,3339
1/26/2023 0:29,3434
1/26/2023 0:29,3830
1/26/2023 0:30,3580
1/26/2023 0:30,3735
1/26/2023 0:31,3409
1/26/2023 0:31,3556
1/26/2023 0:32,3777
1/26/2023 0:32,3628
1/26/2023 0:33,3314
1/26/2023 0:33,3361
1/26/2023 0:34,3516
1/26/2023 0:34,3819
1/26/2023 0:35,3474
1/26/2023 0:35,3639
1/26/2023 0:36,3432
1/26/2023 0:36,3900
1/26/2023 0:37,3830
1/26/2023 0:37,3758
1/26/2023 0:38,3664
1/26/2023 0:38,3539
1/26/2023 0:39,3623
1/26/2023 0:39,3434
1/26/2023 0:40,3637
1/26/2023 0:40,3422
1/26/2023 0:41,3628
1/26/2023 0:42,3474
1/26/2023 0:42,3889
1/26/2023 0:43,4009
1/26/2023 0:43,3188
1/26/2023 0:44,3481
1/26/2023 0:44,3432
1/26/2023 0:45,3811
1/26/2023 0:45,3520
1/26/2023 0:46,3737
1/26/2023 0:46,3539
1/26/2023 0:47,3439
1/26/2023 0:47,3357
1/26/2023 0:48,3384
1/26/2023 0:48,3409
1/26/2023 0:49,3425
1/26/2023 0:49,3556
1/26/2023 0:50,3474
1/26/2023 0:50,3439
1/26/2023 0:51,3748
1/26/2023 0:51,3530
1/26/2023 0:52,3490
1/26/2023 0:52,3377
1/26/2023 0:53,3570
1/26/2023 0:53,3615
1/26/2023 0:54,3258
1/26/2023 0:54,3397
1/26/2023 0:55,3487
1/26/2023 0:55,3694
1/26/2023 0:56,3630
1/26/2023 0:56,3352
1/26/2023 0:57,3289
1/26/2023 0:57,3621
1/26/2023 0:58,3441
1/26/2023 0:58,3464
1/26/2023 0:59,3613
1/26/2023 0:59,3509
1/26/2023 1:00,3480
1/26/2023 1:00,3487
1/26/2023 1:01,3725
1/26/2023 1:01,3377
1/26/2023 1:02,3546
1/26/2023 1:02,3245
1/26/2023 1:03,3425
1/26/2023 1:03,3411
1/26/2023 1:04,3630
1/26/2023 1:04,3768
1/26/2023 1:05,3723
1/26/2023 1:05,3821
1/26/2023 1:06,3227
1/26/2023 1:06,3563
1/26/2023 1:07,3264
1/26/2023 1:08,3731
1/26/2023 1:08,3448
1/26/2023 1:09,3674
1/26/2023 1:09,3506
1/26/2023 1:10,3580
1/26/2023 1:10,3527
1/26/2023 1:11,3439
1/26/2023 1:11,3444
1/26/2023 1:12,3374
1/26/2023 1:12,3621
1/26/2023 1:13,3539
1/26/2023 1:13,3520
1/26/2023 1:14,3511
1/26/2023 1:14,3537
1/26/2023 1:15,3846
1/26/2023 1:15,3464
1/26/2023 1:16,3455
1/26/2023 1:16,3577
1/26/2023 1:17,3406
1/26/2023 1:17,3801
1/26/2023 1:18,3544
1/26/2023 1:18,3556
1/26/2023 1:19,3298
1/26/2023 1:19,3506
1/26/2023 1:20,3768
1/26/2023 1:20,3513
1/26/2023 1:21,3630
1/26/2023 1:21,3630
1/26/2023 1:22,3580
1/26/2023 1:22,3487
1/26/2023 1:23,3448
1/26/2023 1:23,3518
1/26/2023 1:24,3811
1/26/2023 1:24,3271
1/26/2023 1:25,3946
1/26/2023 1:25,3801
1/26/2023 1:26,3652
1/26/2023 1:26,3580
1/26/2023 1:27,3854
1/26/2023 1:27,3604
1/26/2023 1:28,3811
1/26/2023 1:28,3530
1/26/2023 1:29,3621
1/26/2023 1:29,3439
1/26/2023 1:30,3400
1/26/2023 1:30,3556
1/26/2023 1:31,3783
1/26/2023 1:31,3527
1/26/2023 1:32,3679
1/26/2023 1:32,3829
1/26/2023 1:33,3563
1/26/2023 1:33,3439
1/26/2023 1:34,3212
1/26/2023 1:35,3221
1/26/2023 1:35,3243
1/26/2023 1:36,3455
1/26/2023 1:36,3289
1/26/2023 1:37,3494
1/26/2023 1:37,3425
1/26/2023 1:38,3679
1/26/2023 1:38,3695
1/26/2023 1:39,3704
1/26/2023 1:39,3480
1/26/2023 1:40,3151
1/26/2023 1:40,3406
1/26/2023 1:41,3388
1/26/2023 1:41,3791
1/26/2023 1:42,3209
1/26/2023 1:42,3480
1/26/2023 1:43,3530
1/26/2023 1:43,3862
1/26/2023 1:44,3083
1/26/2023 1:44,3637
1/26/2023 1:45,3464
1/26/2023 1:45,3758
1/26/2023 1:46,3594
1/26/2023 1:46,3377
1/26/2023 1:47,3506
1/26/2023 1:47,3654
1/26/2023 1:48,3274
1/26/2023 1:48,3587
1/26/2023 1:49,3513
1/26/2023 1:49,3793
1/26/2023 1:50,3785
1/26/2023 1:50,3819
1/26/2023 1:51,3758
1/26/2023 1:51,3513
1/26/2023 1:52,3556
1/26/2023 1:52,3471
1/26/2023 1:53,3672
1/26/2023 1:53,3497
1/26/2023 1:54,3714
1/26/2023 1:54,3594
1/26/2023 1:55,3352
1/26/2023 1:55,3427
1/26/2023 1:56,3487
1/26/2023 1:56,3654
1/26/2023 1:57,3637
1/26/2023 1:57,3654
1/26/2023 1:58,3497
1/26/2023 1:58,3822
1/26/2023 1:59,3416
1/26/2023 1:59,3687
1/26/2023 2:00,3450
1/26/2023 2:00,3862
1/26/2023 2:01,3448
1/26/2023 2:02,3721
1/26/2023 2:02,3594
1/26/2023 2:03,3874
1/26/2023 2:03,3706
1/26/2023 2:04,3955
1/26/2023 2:04,3899
1/26/2023 2:05,3459
1/26/2023 2:05,3513
1/26/2023 2:06,3706
1/26/2023 2:06,3495
1/26/2023 2:07,3504
1/26/2023 2:07,3837
1/26/2023 2:08,3302
1/26/2023 2:08,3513
1/26/2023 2:09,3691
1/26/2023 2:09,3772
1/26/2023 2:10,3791
1/26/2023 2:10,3218
1/26/2023 2:11,3582
1/26/2023 2:11,3864
1/26/2023 2:12,3445
1/26/2023 2:12,3882
1/26/2023 2:13,3807
1/26/2023 2:13,3520
1/26/2023 2:14,3679
1/26/2023 2:14,3664
1/26/2023 2:15,3480
1/26/2023 2:15,3525
1/26/2023 2:16,3801
1/26/2023 2:16,3856
1/26/2023 2:17,3544
1/26/2023 2:17,3343
1/26/2023 2:18,3714
1/26/2023 2:18,3570
1/26/2023 2:19,3584
1/26/2023 2:19,3594
1/26/2023 2:20,3577
1/26/2023 2:20,3570
1/26/2023 2:21,3448
1/26/2023 2:21,3647
1/26/2023 2:22,3231
1/26/2023 2:22,3286
1/26/2023 2:23,3733
1/26/2023 2:23,3553
1/26/2023 2:24,3758
1/26/2023 2:24,3704
1/26/2023 2:25,3756
1/26/2023 2:25,3754
1/26/2023 2:26,3381
1/26/2023 2:26,3163
1/26/2023 2:27,3594
1/26/2023 2:27,3899
1/26/2023 2:28,3587
1/26/2023 2:29,3689
1/26/2023 2:29,3793
1/26/2023 2:30,3689
1/26/2023 2:30,3369
1/26/2023 2:31,3596
1/26/2023 2:31,3464
1/26/2023 2:32,3587
1/26/2023 2:32,3640
1/26/2023 2:33,3611
1/26/2023 2:33,3530
1/26/2023 2:34,3741
1/26/2023 2:34,3464
1/26/2023 2:35,3471
1/26/2023 2:35,3544
1/26/2023 2:36,3374
1/26/2023 2:36,3553
1/26/2023 2:37,3664
1/26/2023 2:37,3637
1/26/2023 2:38,3513
1/26/2023 2:38,3799
1/26/2023 2:39,3112
1/26/2023 2:39,3390
1/26/2023 2:40,3469
1/26/2023 2:40,3750
1/26/2023 2:41,3714
1/26/2023 2:41,3580
1/26/2023 2:42,3422
1/26/2023 2:42,3390
1/26/2023 2:43,3497
1/26/2023 2:43,3611
1/26/2023 2:44,3827
1/26/2023 2:44,3858
1/26/2023 2:45,3203
1/26/2023 2:45,3504
1/26/2023 2:46,3416
1/26/2023 2:46,3478
1/26/2023 2:47,3723
1/26/2023 2:47,3390
1/26/2023 2:48,3218
1/26/2023 2:48,3390
1/26/2023 2:49,3563
1/26/2023 2:49,3485
1/26/2023 2:50,3530
1/26/2023 2:50,3429
1/26/2023 2:51,3604
1/26/2023 2:51,3527
1/26/2023 2:52,3684
1/26/2023 2:52,3487
1/26/2023 2:53,3604
1/26/2023 2:53,3388
1/26/2023 2:54,3384
1/26/2023 2:54,3400
1/26/2023 2:55,3223
1/26/2023 2:56,3234
1/26/2023 2:56,3333
1/26/2023 2:57,3487
1/26/2023 2:57,3445
1/26/2023 2:58,3819
1/26/2023 2:58,3845
1/26/2023 2:59,3613
1/26/2023 2:59,3397
1/26/2023 3:00,3679
1/26/2023 3:00,3406
1/26/2023 3:01,3897
1/26/2023 3:01,3358
1/26/2023 3:02,3589
1/26/2023 3:02,3197
1/26/2023 3:03,3628
1/26/2023 3:03,3474
1/26/2023 3:04,3880
1/26/2023 3:04,3537
1/26/2023 3:05,3413
1/26/2023 3:05,3471
1/26/2023 3:06,3455
1/26/2023 3:06,3604
1/26/2023 3:07,3669
1/26/2023 3:07,3544
1/26/2023 3:08,3365
1/26/2023 3:08,3660
1/26/2023 3:09,3766
1/26/2023 3:09,3645
1/26/2023 3:10,3234
1/26/2023 3:10,3774
1/26/2023 3:11,3739
1/26/2023 3:11,3546
1/26/2023 3:12,3413
1/26/2023 3:12,3446
1/26/2023 3:13,3577
1/26/2023 3:13,3827
1/26/2023 3:14,3587
1/26/2023 3:14,3756
1/26/2023 3:15,3511
1/26/2023 3:15,3420
1/26/2023 3:16,3501
1/26/2023 3:16,3413
1/26/2023 3:17,3361
1/26/2023 3:17,3677
1/26/2023 3:18,3356
1/26/2023 3:18,3455
1/26/2023 3:19,3397
1/26/2023 3:19,3464
1/26/2023 3:20,3731
1/26/2023 3:20,3179
1/26/2023 3:21,3917
1/26/2023 3:21,3654
1/26/2023 3:22,3445
1/26/2023 3:23,3455
1/26/2023 3:23,3783
1/26/2023 3:24,3480
1/26/2023 3:24,3537
1/26/2023 3:25,3436
1/26/2023 3:25,3527
1/26/2023 3:26,3714
1/26/2023 3:26,3234
1/26/2023 3:27,3733
1/26/2023 3:27,3432
1/26/2023 3:28,3340
1/26/2023 3:28,3613
1/26/2023 3:29,3462
1/26/2023 3:29,3487
1/26/2023 3:30,3271
1/26/2023 3:30,3922
1/26/2023 3:31,3754
1/26/2023 3:31,3880
1/26/2023 3:32,3601
1/26/2023 3:32,3280
1/26/2023 3:33,3568
1/26/2023 3:33,3689
1/26/2023 3:34,3308
1/26/2023 3:34,3572
1/26/2023 3:35,3801
1/26/2023 3:35,3776
1/26/2023 3:36,3527
1/26/2023 3:36,3723
1/26/2023 3:37,3511
1/26/2023 3:37,3381
1/26/2023 3:38,3553
1/26/2023 3:38,3637
1/26/2023 3:39,3520
1/26/2023 3:39,3618
1/26/2023 3:40,3381
1/26/2023 3:40,3234
1/26/2023 3:41,3462
1/26/2023 3:41,3585
1/26/2023 3:42,3504
1/26/2023 3:42,3669
1/26/2023 3:43,3494
1/26/2023 3:43,3635
1/26/2023 3:44,3495
1/26/2023 3:44,3760
1/26/2023 3:45,3504
1/26/2023 3:45,3678
1/26/2023 3:46,3302
1/26/2023 3:46,3621
1/26/2023 3:47,3240
1/26/2023 3:47,3537
1/26/2023 3:48,3854
1/26/2023 3:48,3490
1/26/2023 3:49,3448
1/26/2023 3:50,3445
1/26/2023 3:50,3621
1/26/2023 3:51,3349
1/26/2023 3:51,3927
1/26/2023 3:52,3421
1/26/2023 3:52,3390
1/26/2023 3:53,3962
1/26/2023 3:53,3694
1/26/2023 3:54,3561
1/26/2023 3:54,3760
1/26/2023 3:55,3406
1/26/2023 3:55,3296
1/26/2023 3:56,3637
1/26/2023 3:56,3381
1/26/2023 3:57,3774
1/26/2023 3:57,3731
1/26/2023 3:58,3819
1/26/2023 3:58,3480
1/26/2023 3:59,3537
1/26/2023 3:59,3462
1/26/2023 4:00,3404
1/26/2023 4:00,3872
1/26/2023 4:01,3439
1/26/2023 4:01,3662
1/26/2023 4:02,3837
1/26/2023 4:02,3811
1/26/2023 4:03,3760
1/26/2023 4:03,3487
1/26/2023 4:04,3604
1/26/2023 4:04,3527
1/26/2023 4:05,3621
1/26/2023 4:05,3368
1/26/2023 4:06,3455
1/26/2023 4:06,3413
1/26/2023 4:07,3801
1/26/2023 4:07,3838
1/26/2023 4:08,3504
1/26/2023 4:08,3809
1/26/2023 4:09,3534
1/26/2023 4:09,3494
1/26/2023 4:10,3231
1/26/2023 4:10,3621
1/26/2023 4:11,3687
1/26/2023 4:11,3731
1/26/2023 4:12,3494
1/26/2023 4:12,3618
1/26/2023 4:13,3384
1/26/2023 4:13,3843
1/26/2023 4:14,3662
1/26/2023 4:14,3508
1/26/2023 4:15,3781
1/26/2023 4:15,3553
1/26/2023 4:16,3471
1/26/2023 4:17,3520
1/26/2023 4:17,3958
1/26/2023 4:18,3748
1/26/2023 4:18,3786
1/26/2023 4:19,3696
1/26/2023 4:19,3585
1/26/2023 4:20,3534
1/26/2023 4:20,3401
1/26/2023 4:21,3487
1/26/2023 4:21,3504
1/26/2023 4:22,3774
1/26/2023 4:22,3296
1/26/2023 4:23,3525
1/26/2023 4:23,3471
1/26/2023 4:24,3381
1/26/2023 4:24,3487
1/26/2023 4:25,3596
1/26/2023 4:25,3497
1/26/2023 4:26,3696
1/26/2023 4:26,3628
1/26/2023 4:27,3388
1/26/2023 4:27,3660
1/26/2023 4:28,3611
1/26/2023 4:28,3645
1/26/2023 4:29,3714
1/26/2023 4:29,3570
1/26/2023 4:30,3764
1/26/2023 4:30,3664
1/26/2023 4:31,3764
1/26/2023 4:31,3714
1/26/2023 4:32,3635
1/26/2023 4:32,3793
1/26/2023 4:33,3635
1/26/2023 4:33,3594
1/26/2023 4:34,3255
1/26/2023 4:34,3340
1/26/2023 4:35,3766
1/26/2023 4:35,3506
1/26/2023 4:36,3318
1/26/2023 4:36,3628
1/26/2023 4:37,3551
1/26/2023 4:37,3434
1/26/2023 4:38,3845
1/26/2023 4:38,3439
1/26/2023 4:39,3672
1/26/2023 4:39,3845
1/26/2023 4:40,3471
1/26/2023 4:40,3439
1/26/2023 4:41,3801
1/26/2023 4:41,3356
1/26/2023 4:42,3809
1/26/2023 4:43,3621
1/26/2023 4:43,3374
1/26/2023 4:44,3917
1/26/2023 4:44,3286
1/26/2023 4:45,3520
1/26/2023 4:45,3587
1/26/2023 4:46,3854
1/26/2023 4:46,3568
1/26/2023 4:47,3582
1/26/2023 4:47,3889
1/26/2023 4:48,3568
1/26/2023 4:48,3271
1/26/2023 4:49,3570
1/26/2023 4:49,3817
1/26/2023 4:50,3783
1/26/2023 4:50,3381
1/26/2023 4:51,3296
1/26/2023 4:51,3679
1/26/2023 4:52,3628
1/26/2023 4:52,3286
1/26/2023 4:53,3764
1/26/2023 4:53,3185
1/26/2023 4:54,3772
1/26/2023 4:54,3645
1/26/2023 4:55,3504
1/26/2023 4:55,3390
1/26/2023 4:56,3561
1/26/2023 4:56,3679
1/26/2023 4:57,3286
1/26/2023 4:57,3626
1/26/2023 4:58,3561
1/26/2023 4:58,3741
1/26/2023 4:59,3255
1/26/2023 4:59,3384
1/26/2023 5:00,3200
1/26/2023 5:00,3972
1/26/2023 5:01,3592
1/26/2023 5:01,3637
1/26/2023 5:02,3462
1/26/2023 5:02,3494
1/26/2023 5:03,3677
1/26/2023 5:03,3464
1/26/2023 5:04,3781
1/26/2023 5:04,3429
1/26/2023 5:05,3148
1/26/2023 5:05,3549
1/26/2023 5:06,3827
1/26/2023 5:06,3790
1/26/2023 5:07,3179
1/26/2023 5:07,3575
1/26/2023 5:08,3520
1/26/2023 5:08,3471
1/26/2023 5:09,3537
1/26/2023 5:10,3485
1/26/2023 5:10,3549
1/26/2023 5:11,3594
1/26/2023 5:11,3553
1/26/2023 5:12,3302
1/26/2023 5:12,3525
1/26/2023 5:13,3501
1/26/2023 5:13,3594
1/26/2023 5:14,3194
1/26/2023 5:14,3691
1/26/2023 5:15,3594
1/26/2023 5:15,3972
1/26/2023 5:16,3525
1/26/2023 5:16,3495
1/26/2023 5:17,3561
1/26/2023 5:17,3544
1/26/2023 5:18,3731
1/26/2023 5:18,3173
1/26/2023 5:19,3793
1/26/2023 5:19,3625
1/26/2023 5:20,3511
1/26/2023 5:20,3654
1/26/2023 5:21,3264
1/26/2023 5:21,3478
1/26/2023 5:22,4000
1/26/2023 5:22,3476
1/26/2023 5:23,3416
1/26/2023 5:23,3741
1/26/2023 5:24,3948
1/26/2023 5:24,3698
1/26/2023 5:25,3527
1/26/2023 5:25,3471
1/26/2023 5:26,3365
1/26/2023 5:26,3534
1/26/2023 5:27,3660
1/26/2023 5:27,3302
1/26/2023 5:28,3420
1/26/2023 5:28,3520
1/26/2023 5:29,3497
1/26/2023 5:29,3561
1/26/2023 5:30,3570
1/26/2023 5:30,3577
1/26/2023 5:31,3530
1/26/2023 5:31,3388
1/26/2023 5:32,3621
1/26/2023 5:32,3445
1/26/2023 5:33,3746
1/26/2023 5:33,3511
1/26/2023 5:34,3604
1/26/2023 5:34,3845
1/26/2023 5:35,3609
1/26/2023 5:35,3408
1/26/2023 5:36,3592
1/26/2023 5:37,3439
1/26/2023 5:37,3845
1/26/2023 5:38,3357
1/26/2023 5:38,3604
1/26/2023 5:39,3677
1/26/2023 5:39,3427
1/26/2023 5:40,3553
1/26/2023 5:40,3487
1/26/2023 5:41,3553
1/26/2023 5:41,3675
1/26/2023 5:42,3527
1/26/2023 5:42,3866
1/26/2023 5:43,3393
1/26/2023 5:43,3992
1/26/2023 5:44,3962
1/26/2023 5:44,3513
1/26/2023 5:45,3469
1/26/2023 5:45,3910
1/26/2023 5:46,3721
1/26/2023 5:46,3466
1/26/2023 5:47,3501
1/26/2023 5:47,3504
1/26/2023 5:48,3443
1/26/2023 5:48,3637
1/26/2023 5:49,3286
1/26/2023 5:49,3511
1/26/2023 5:50,3756
1/26/2023 5:50,3413
1/26/2023 5:51,3485
1/26/2023 5:51,3249
1/26/2023 5:52,3809
1/26/2023 5:52,3154
1/26/2023 5:53,3672
1/26/2023 5:53,3390
1/26/2023 5:54,3551
1/26/2023 5:54,3862
1/26/2023 5:55,3439
1/26/2023 5:55,3809
1/26/2023 5:56,3618
1/26/2023 5:56,3672
1/26/2023 5:57,3809
1/26/2023 5:57,3817
1/26/2023 5:58,3422
1/26/2023 5:58,3862
1/26/2023 5:59,3520
1/26/2023 5:59,3611
1/26/2023 6:00,3737
1/26/2023 6:00,3459
1/26/2023 6:01,3568
1/26/2023 6:01,3511
1/26/2023 6:02,3817
1/26/2023 6:02,3343
1/26/2023 6:03,3691
1/26/2023 6:04,3880
1/26/2023 6:04,3478
1/26/2023 6:05,3799
1/26/2023 6:05,3218
1/26/2023 6:06,3518
1/26/2023 6:06,3318
1/26/2023 6:07,3490
1/26/2023 6:07,3809
1/26/2023 6:08,3179
1/26/2023 6:08,3585
1/26/2023 6:09,3469
1/26/2023 6:09,3436
1/26/2023 6:10,3511
1/26/2023 6:10,3811
1/26/2023 6:11,3393
1/26/2023 6:11,3871
1/26/2023 6:12,3485
1/26/2023 6:12,3628
1/26/2023 6:13,3748
1/26/2023 6:13,3501
1/26/2023 6:14,3518
1/26/2023 6:14,3871
1/26/2023 6:15,3685
1/26/2023 6:15,3525
1/26/2023 6:16,3714
1/26/2023 6:16,3591
1/26/2023 6:17,3635
1/26/2023 6:17,3685
1/26/2023 6:18,3439
1/26/2023 6:18,3611
1/26/2023 6:19,3534
1/26/2023 6:19,3504
1/26/2023 6:20,3501
1/26/2023 6:20,3793
1/26/2023 6:21,3626
1/26/2023 6:21,3443
1/26/2023 6:22,3754
1/26/2023 6:22,3445
1/26/2023 6:23,3504
1/26/2023 6:23,3781
1/26/2023 6:24,3356
1/26/2023 6:24,3487
1/26/2023 6:25,3462
1/26/2023 6:25,3525
1/26/2023 6:26,3501
1/26/2023 6:26,3618
1/26/2023 6:27,3687
1/26/2023 6:27,3791
1/26/2023 6:28,3381
1/26/2023 6:28,3577
1/26/2023 6:29,3633
1/26/2023 6:29,3542
1/26/2023 6:30,3511
1/26/2023 6:31,3853
1/26/2023 6:31,3537
1/26/2023 6:32,3445
1/26/2023 6:32,3577
1/26/2023 6:33,3511
1/26/2023 6:33,3729
1/26/2023 6:34,3372
1/26/2023 6:34,3628
1/26/2023 6:35,3582
1/26/2023 6:35,3570
1/26/2023 6:36,3628
1/26/2023 6:36,3494
1/26/2023 6:37,3570
1/26/2023 6:37,3611
1/26/2023 6:38,3864
1/26/2023 6:38,3397
1/26/2023 6:39,3525
1/26/2023 6:39,3594
1/26/2023 6:40,3551
1/26/2023 6:40,3853
1/26/2023 6:41,3694
1/26/2023 6:41,3561
1/26/2023 6:42,3277
1/26/2023 6:42,3349
1/26/2023 6:43,3637
1/26/2023 6:43,3628
1/26/2023 6:44,3621
1/26/2023 6:44,3679
1/26/2023 6:45,3525
1/26/2023 6:45,3476
1/26/2023 6:46,3660
1/26/2023 6:46,3739
1/26/2023 6:47,3660
1/26/2023 6:47,3696
1/26/2023 6:48,3637
1/26/2023 6:48,3704
1/26/2023 6:49,3566
1/26/2023 6:49,3568
1/26/2023 6:50,3577
1/26/2023 6:50,3679
1/26/2023 6:51,3511
1/26/2023 6:51,3549
1/26/2023 6:52,3660
1/26/2023 6:52,3615
1/26/2023 6:53,3271
1/26/2023 6:53,3723
1/26/2023 6:54,3621
1/26/2023 6:54,3635
1/26/2023 6:55,3963
1/26/2023 6:55,3637
1/26/2023 6:56,3721
1/26/2023 6:56,3542
1/26/2023 6:57,3628
1/26/2023 6:58,3621
1/26/2023 6:58,3721
1/26/2023 6:59,3585
1/26/2023 6:59,3525
1/26/2023 7:00,3980
1/26/2023 7:00,3575
1/26/2023 7:01,3669
1/26/2023 7:01,3687
1/26/2023 7:02,3601
1/26/2023 7:02,3587
1/26/2023 7:03,3853
1/26/2023 7:03,3662
1/26/2023 7:04,3791
1/26/2023 7:04,3601
1/26/2023 7:05,3652
1/26/2023 7:05,3714
1/26/2023 7:06,3501
1/26/2023 7:06,3687
1/26/2023 7:07,3756
1/26/2023 7:07,3776
1/26/2023 7:08,3621
1/26/2023 7:08,3611
1/26/2023 7:09,3706
1/26/2023 7:09,3637
1/26/2023 7:10,3662
1/26/2023 7:10,3527
1/26/2023 7:11,3553
1/26/2023 7:11,3628
1/26/2023 7:12,3766
1/26/2023 7:12,3672
1/26/2023 7:13,3819
1/26/2023 7:13,3714
1/26/2023 7:14,3791
1/26/2023 7:14,3714
1/26/2023 7:15,3558
1/26/2023 7:15,3561
1/26/2023 7:16,3654
1/26/2023 7:16,3721
1/26/2023 7:17,3511
1/26/2023 7:17,3766
1/26/2023 7:18,3628
1/26/2023 7:18,3553
1/26/2023 7:19,3731
1/26/2023 7:19,3628
1/26/2023 7:20,3556
1/26/2023 7:20,3525
1/26/2023 7:21,3645
1/26/2023 7:21,3731
1/26/2023 7:22,3478
1/26/2023 7:22,3819
1/26/2023 7:23,3570
1/26/2023 7:23,3654
1/26/2023 7:24,3706
1/26/2023 7:25,3637
1/26/2023 7:25,3365
1/26/2023 7:26,3577
1/26/2023 7:26,3669
1/26/2023 7:27,3714
1/26/2023 7:27,3809
1/26/2023 7:28,3672
1/26/2023 7:28,3731
1/26/2023 7:29,3696
1/26/2023 7:29,3712
1/26/2023 7:30,3329
1/26/2023 7:30,3723
1/26/2023 7:31,3594
1/26/2023 7:31,3716
1/26/2023 7:32,3669
1/26/2023 7:32,3654
1/26/2023 7:33,3689
1/26/2023 7:33,3801
1/26/2023 7:34,3748
1/26/2023 7:34,3577
1/26/2023 7:35,3774
1/26/2023 7:35,3685
1/26/2023 7:36,3635
1/26/2023 7:36,3580
1/26/2023 7:37,3936
1/26/2023 7:37,3793
1/26/2023 7:38,3594
1/26/2023 7:38,3561
1/26/2023 7:39,3890
1/26/2023 7:39,3506
1/26/2023 7:40,3518
1/26/2023 7:40,3756
1/26/2023 7:41,3681
1/26/2023 7:41,3793
1/26/2023 7:42,3604
1/26/2023 7:42,3674
1/26/2023 7:43,3758
1/26/2023 7:43,3811
1/26/2023 7:44,3854
1/26/2023 7:44,3327
1/26/2023 7:45,3630
1/26/2023 7:45,3527
1/26/2023 7:46,3551
1/26/2023 7:46,3568
1/26/2023 7:47,3599
1/26/2023 7:47,3504
1/26/2023 7:48,3791
1/26/2023 7:48,3708
1/26/2023 7:49,3604
1/26/2023 7:49,3513
1/26/2023 7:50,3511
1/26/2023 7:50,3474
1/26/2023 7:51,3577
1/26/2023 7:52,3819
1/26/2023 7:52,3645
1/26/2023 7:53,3801
1/26/2023 7:53,3561
1/26/2023 7:54,3621
1/26/2023 7:54,3679
1/26/2023 7:55,3635
1/26/2023 7:55,3819
1/26/2023 7:56,3621
1/26/2023 7:56,3801
1/26/2023 7:57,3689
1/26/2023 7:57,3766
1/26/2023 7:58,3504
1/26/2023 7:58,3679
1/26/2023 7:59,3890
1/26/2023 7:59,3561
1/26/2023 8:00,3774
1/26/2023 8:00,3641
1/26/2023 8:01,3723
1/26/2023 8:01,3570
1/26/2023 8:02,3714
1/26/2023 8:02,3681
1/26/2023 8:03,3733
1/26/2023 8:03,3523
1/26/2023 8:04,3672
1/26/2023 8:04,3604
1/26/2023 8:05,3580
1/26/2023 8:05,3577
1/26/2023 8:06,3553
1/26/2023 8:06,3596
1/26/2023 8:07,3640
1/26/2023 8:07,3604
1/26/2023 8:08,3452
1/26/2023 8:08,3406
1/26/2023 8:09,3733
1/26/2023 8:09,3626
1/26/2023 8:10,3551
1/26/2023 8:10,3739
1/26/2023 8:11,3899
1/26/2023 8:11,3846
1/26/2023 8:12,3628
1/26/2023 8:12,3758
1/26/2023 8:13,3714
1/26/2023 8:13,3587
1/26/2023 8:14,3534
1/26/2023 8:14,3689
1/26/2023 8:15,3537
1/26/2023 8:15,3783
1/26/2023 8:16,3768
1/26/2023 8:16,3374
1/26/2023 8:17,3696
1/26/2023 8:18,3741
1/26/2023 8:18,3696
1/26/2023 8:19,3480
1/26/2023 8:19,3698
1/26/2023 8:20,3692
1/26/2023 8:20,3706
1/26/2023 8:21,3587
1/26/2023 8:21,3445
1/26/2023 8:22,3837
1/26/2023 8:22,3821
1/26/2023 8:23,3819
1/26/2023 8:23,3793
1/26/2023 8:24,3630
1/26/2023 8:24,3497
1/26/2023 8:25,3637
1/26/2023 8:25,3654
1/26/2023 8:26,3801
1/26/2023 8:26,3594
1/26/2023 8:27,3664
1/26/2023 8:27,3539
1/26/2023 8:28,3662
1/26/2023 8:28,3480
1/26/2023 8:29,3758
1/26/2023 8:29,3511
1/26/2023 8:30,3409
1/26/2023 8:30,3445
1/26/2023 8:31,3645
1/26/2023 8:31,3856
1/26/2023 8:32,3504
1/26/2023 8:32,3698
1/26/2023 8:33,3846
1/26/2023 8:33,3801
1/26/2023 8:34,3570
1/26/2023 8:34,3716
1/26/2023 8:35,3561
1/26/2023 8:35,3487
1/26/2023 8:36,3575
1/26/2023 8:36,3811
1/26/2023 8:37,3544
1/26/2023 8:37,3721
1/26/2023 8:38,3580
1/26/2023 8:38,3455
1/26/2023 8:39,3613
1/26/2023 8:39,3785
1/26/2023 8:40,3596
1/26/2023 8:40,3570
1/26/2023 8:41,3890
1/26/2023 8:41,3774
1/26/2023 8:42,3480
1/26/2023 8:42,3587
1/26/2023 8:43,3748
1/26/2023 8:43,3561
1/26/2023 8:44,3580
1/26/2023 8:45,3635
1/26/2023 8:45,3596
1/26/2023 8:46,3758
1/26/2023 8:46,3537
1/26/2023 8:47,3556
1/26/2023 8:47,3756
1/26/2023 8:48,3487
1/26/2023 8:48,3504
1/26/2023 8:49,3589
1/26/2023 8:49,3352
1/26/2023 8:50,3504
1/26/2023 8:50,3791
1/26/2023 8:51,3553
1/26/2023 8:51,3741
1/26/2023 8:52,3580
1/26/2023 8:52,3628
1/26/2023 8:53,3704
1/26/2023 8:53,3218
1/26/2023 8:54,3558
1/26/2023 8:54,3580
1/26/2023 8:55,3696
1/26/2023 8:55,3563
1/26/2023 8:56,3837
1/26/2023 8:56,3621
1/26/2023 8:57,3698
1/26/2023 8:57,3637
1/26/2023 8:58,3471
1/26/2023 8:58,3760
1/26/2023 8:59,3716
1/26/2023 8:59,3687
1/26/2023 9:00,3589
1/26/2023 9:00,3723
1/26/2023 9:01,3393
1/26/2023 9:01,3723
1/26/2023 9:02,3811
1/26/2023 9:02,3372
1/26/2023 9:03,3657
1/26/2023 9:03,3716
1/26/2023 9:04,3731
1/26/2023 9:04,3781
1/26/2023 9:05,3716
1/26/2023 9:05,3846
1/26/2023 9:06,3795
1/26/2023 9:06,3716
1/26/2023 9:07,3487
1/26/2023 9:07,3795
1/26/2023 9:08,3689
1/26/2023 9:08,3640
1/26/2023 9:09,3446
1/26/2023 9:09,3452
1/26/2023 9:10,3674
1/26/2023 9:10,3580
1/26/2023 9:11,3613
1/26/2023 9:12,3811
1/26/2023 9:12,3647
1/26/2023 9:13,3587
1/26/2023 9:13,3803
1/26/2023 9:14,3494
1/26/2023 9:14,3793
1/26/2023 9:15,3467
1/26/2023 9:15,3469
1/26/2023 9:16,3672
1/26/2023 9:16,3418
1/26/2023 9:17,3466
1/26/2023 9:17,3596
1/26/2023 9:18,3296
1/26/2023 9:18,3551
1/26/2023 9:19,3645
1/26/2023 9:19,3384
1/26/2023 9:20,3647
1/26/2023 9:20,3378
1/26/2023 9:21,3537
1/26/2023 9:21,3546
1/26/2023 9:22,3640
1/26/2023 9:22,3613
1/26/2023 9:23,3801
1/26/2023 9:23,3556
1/26/2023 9:24,3674
1/26/2023 9:24,3234
1/26/2023 9:25,3513
1/26/2023 9:25,3336
1/26/2023 9:26,3587
1/26/2023 9:26,3696
1/26/2023 9:27,3525
1/26/2023 9:27,3674
1/26/2023 9:28,3666
1/26/2023 9:28,3748
1/26/2023 9:29,3537
1/26/2023 9:29,3497
1/26/2023 9:30,3494
1/26/2023 9:30,3681
1/26/2023 9:31,3723
1/26/2023 9:31,3716
1/26/2023 9:32,3630
1/26/2023 9:32,3681
1/26/2023 9:33,3604
1/26/2023 9:33,3845
1/26/2023 9:34,3523
1/26/2023 9:34,3821
1/26/2023 9:35,3632
1/26/2023 9:35,3864
1/26/2023 9:36,3647
1/26/2023 9:36,3580
1/26/2023 9:37,3464
1/26/2023 9:37,3506
1/26/2023 9:38,3606
1/26/2023 9:39,3497
1/26/2023 9:39,3544
1/26/2023 9:40,3672
1/26/2023 9:40,3506
1/26/2023 9:41,3572
1/26/2023 9:41,3563
1/26/2023 9:42,3674
1/26/2023 9:42,3768
1/26/2023 9:43,3596
1/26/2023 9:43,3395
1/26/2023 9:44,3768
1/26/2023 9:44,3664
1/26/2023 9:45,3681
1/26/2023 9:45,3776
1/26/2023 9:46,3577
1/26/2023 9:46,3390
1/26/2023 9:47,3733
1/26/2023 9:47,3647
1/26/2023 9:48,3640
1/26/2023 9:48,3846
1/26/2023 9:49,3327
1/26/2023 9:49,3553
1/26/2023 9:50,3596
1/26/2023 9:50,3577
1/26/2023 9:51,3554
1/26/2023 9:51,3882
1/26/2023 9:52,3580
1/26/2023 9:52,3630
1/26/2023 9:53,3563
1/26/2023 9:53,3640
1/26/2023 9:54,3698
1/26/2023 9:54,3352
1/26/2023 9:55,3553
1/26/2023 9:55,3478
1/26/2023 9:56,3727
1/26/2023 9:56,3785
1/26/2023 9:57,3613
1/26/2023 9:57,3674
1/26/2023 9:58,3523
1/26/2023 9:58,3491
1/26/2023 9:59,3596
1/26/2023 9:59,3563
1/26/2023 10:00,3657
1/26/2023 10:00,3681
1/26/2023 10:01,3623
1/26/2023 10:01,3606
1/26/2023 10:02,3691
1/26/2023 10:02,3630
1/26/2023 10:03,3513
1/26/2023 10:03,3785
1/26/2023 10:04,3698
1/26/2023 10:04,3647
1/26/2023 10:05,3596
1/26/2023 10:06,3652
1/26/2023 10:06,3838
1/26/2023 10:07,3400
1/26/2023 10:07,3563
1/26/2023 10:08,3647
1/26/2023 10:08,3568
1/26/2023 10:09,3657
1/26/2023 10:09,3741
1/26/2023 10:10,3752
1/26/2023 10:10,3572
1/26/2023 10:11,3577
1/26/2023 10:11,3805
1/26/2023 10:12,3683
1/26/2023 10:12,3696
1/26/2023 10:13,3654
1/26/2023 10:13,3596
1/26/2023 10:14,3445
1/26/2023 10:14,3537
1/26/2023 10:15,3596
1/26/2023 10:15,3654
1/26/2023 10:16,3400
1/26/2023 10:16,3856
1/26/2023 10:17,3480
1/26/2023 10:17,3448
1/26/2023 10:18,3838
1/26/2023 10:18,3530
1/26/2023 10:19,3483
1/26/2023 10:19,3449
1/26/2023 10:20,3621
1/26/2023 10:20,3553
1/26/2023 10:21,3776
1/26/2023 10:21,3561
1/26/2023 10:22,3418
1/26/2023 10:22,3539
1/26/2023 10:23,3384
1/26/2023 10:23,3716
1/26/2023 10:24,3637
1/26/2023 10:24,3551
1/26/2023 10:25,3513
1/26/2023 10:25,3621
1/26/2023 10:26,3523
1/26/2023 10:26,3604
1/26/2023 10:27,3666
1/26/2023 10:27,3632
1/26/2023 10:28,3601
1/26/2023 10:28,3672
1/26/2023 10:29,3464
1/26/2023 10:29,3448
1/26/2023 10:30,3497
1/26/2023 10:30,3377
1/26/2023 10:31,3561
1/26/2023 10:31,3698
1/26/2023 10:32,3289
1/26/2023 10:33,3630
1/26/2023 10:33,3700
1/26/2023 10:34,3485
1/26/2023 10:34,3358
1/26/2023 10:35,3572
1/26/2023 10:35,3243
1/26/2023 10:36,3647
1/26/2023 10:36,3607
1/26/2023 10:37,3776
1/26/2023 10:37,3374
1/26/2023 10:38,3706
1/26/2023 10:38,3657
1/26/2023 10:39,3214
1/26/2023 10:39,3596
1/26/2023 10:40,3513
1/26/2023 10:40,3497
1/26/2023 10:41,3549
1/26/2023 10:41,3613
1/26/2023 10:42,3439
1/26/2023 10:42,3696
1/26/2023 10:43,3384
1/26/2023 10:43,3439
1/26/2023 10:44,3243
1/26/2023 10:44,3689
1/26/2023 10:45,3854
1/26/2023 10:45,3544
1/26/2023 10:46,3633
1/26/2023 10:46,3647
1/26/2023 10:47,3377
1/26/2023 10:47,3735
1/26/2023 10:48,3530
1/26/2023 10:48,3481
1/26/2023 10:49,3166
1/26/2023 10:49,3416
1/26/2023 10:50,3395
1/26/2023 10:50,3525
1/26/2023 10:51,3706
1/26/2023 10:51,3698
1/26/2023 10:52,3302
1/26/2023 10:52,3642
1/26/2023 10:53,3556
1/26/2023 10:53,3716
1/26/2023 10:54,3864
1/26/2023 10:54,3441
1/26/2023 10:55,3681
1/26/2023 10:55,3544
1/26/2023 10:56,3679
1/26/2023 10:56,3647
1/26/2023 10:57,3320
1/26/2023 10:57,3664
1/26/2023 10:58,3480
1/26/2023 10:59,3920
1/26/2023 10:59,3572
1/26/2023 11:00,3599
1/26/2023 11:00,3642
1/26/2023 11:01,3513
1/26/2023 11:01,3393
1/26/2023 11:02,3393
1/26/2023 11:02,3411
1/26/2023 11:03,3572
1/26/2023 11:03,3425
1/26/2023 11:04,3513
1/26/2023 11:04,3599
1/26/2023 11:05,3637
1/26/2023 11:05,3339
1/26/2023 11:06,3448
1/26/2023 11:06,3618
1/26/2023 11:07,3572
1/26/2023 11:07,3577
1/26/2023 11:08,3523
1/26/2023 11:08,3352
1/26/2023 11:09,3441
1/26/2023 11:09,3689
1/26/2023 11:10,3647
1/26/2023 11:10,3314
1/26/2023 11:11,3494
1/26/2023 11:11,3553
1/26/2023 11:12,3556
1/26/2023 11:12,3604
1/26/2023 11:13,3487
1/26/2023 11:13,3320
1/26/2023 11:14,3748
1/26/2023 11:14,3497
1/26/2023 11:15,3628
1/26/2023 11:15,3634
1/26/2023 11:16,3563
1/26/2023 11:16,3411
1/26/2023 11:17,3520
1/26/2023 11:17,3577
1/26/2023 11:18,3478
1/26/2023 11:18,3464
1/26/2023 11:19,3511
1/26/2023 11:19,3252
1/26/2023 11:20,3506
1/26/2023 11:20,3490
1/26/2023 11:21,3613
1/26/2023 11:21,3546
1/26/2023 11:22,3480
1/26/2023 11:22,3445
1/26/2023 11:23,3776
1/26/2023 11:23,3157
1/26/2023 11:24,3637
1/26/2023 11:24,3696
1/26/2023 11:25,3640
1/26/2023 11:26,3689
1/26/2023 11:26,3637
1/26/2023 11:27,3400
1/26/2023 11:27,3406
1/26/2023 11:28,3615
1/26/2023 11:28,3504
1/26/2023 11:29,3698
1/26/2023 11:29,3733
1/26/2023 11:30,3768
1/26/2023 11:30,3544
1/26/2023 11:31,3829
1/26/2023 11:31,3735
1/26/2023 11:32,3604
1/26/2023 11:32,3563
1/26/2023 11:33,3546
1/26/2023 11:33,3400
1/26/2023 11:34,3409
1/26/2023 11:34,3628
1/26/2023 11:35,3664
1/26/2023 11:35,3752
1/26/2023 11:36,3448
1/26/2023 11:36,3457
1/26/2023 11:37,3487
1/26/2023 11:37,3580
1/26/2023 11:38,3556
1/26/2023 11:38,3604
1/26/2023 11:39,3320
1/26/2023 11:39,3506
1/26/2023 11:40,3681
1/26/2023 11:40,3520
1/26/2023 11:41,3405
1/26/2023 11:41,3523
1/26/2023 11:42,3527
1/26/2023 11:42,3418
1/26/2023 11:43,3551
1/26/2023 11:43,3657
1/26/2023 11:44,3480
1/26/2023 11:44,3563
1/26/2023 11:45,3495
1/26/2023 11:45,3530
1/26/2023 11:46,3374
1/26/2023 11:46,3613
1/26/2023 11:47,4020
1/26/2023 11:47,3406
1/26/2023 11:48,3664
1/26/2023 11:48,3693
1/26/2023 11:49,3563
1/26/2023 11:49,3664
1/26/2023 11:50,3826
1/26/2023 11:50,3264
1/26/2023 11:51,3743
1/26/2023 11:51,3623
1/26/2023 11:52,3613
1/26/2023 11:53,3678
1/26/2023 11:53,3691
1/26/2023 11:54,3613
1/26/2023 11:54,3439
1/26/2023 11:55,3776
1/26/2023 11:55,3506
1/26/2023 11:56,3553
1/26/2023 11:56,3647
1/26/2023 11:57,3563
1/26/2023 11:57,3422
1/26/2023 11:58,3674
1/26/2023 11:58,3523
1/26/2023 11:59,3530
1/26/2023 11:59,3457
1/26/2023 12:00,3760
1/26/2023 12:00,3393
1/26/2023 12:01,3691
1/26/2023 12:01,3596
1/26/2023 12:02,3546
1/26/2023 12:02,3623
1/26/2023 12:03,3556
1/26/2023 12:03,3741
1/26/2023 12:04,3565
1/26/2023 12:04,3674
1/26/2023 12:05,3570
1/26/2023 12:05,3480
1/26/2023 12:06,3530
1/26/2023 12:06,3599
1/26/2023 12:07,3409
1/26/2023 12:07,3393
1/26/2023 12:08,3630
1/26/2023 12:08,3604
1/26/2023 12:09,3556
1/26/2023 12:09,3553
1/26/2023 12:10,3432
1/26/2023 12:10,3708
1/26/2023 12:11,3708
1/26/2023 12:11,3490
1/26/2023 12:12,3483
1/26/2023 12:12,3467
1/26/2023 12:13,3434
1/26/2023 12:13,3606
1/26/2023 12:14,3803
1/26/2023 12:14,3596
1/26/2023 12:15,3441
1/26/2023 12:15,3596
1/26/2023 12:16,3599
1/26/2023 12:16,3606
1/26/2023 12:17,3606
1/26/2023 12:17,3654
1/26/2023 12:18,3606
1/26/2023 12:18,3640
1/26/2023 12:19,3632
1/26/2023 12:20,3530
1/26/2023 12:20,3777
1/26/2023 12:21,3577
1/26/2023 12:21,3409
1/26/2023 12:22,3511
1/26/2023 12:22,3779
1/26/2023 12:23,3480
1/26/2023 12:23,3402
1/26/2023 12:24,3599
1/26/2023 12:24,3497
1/26/2023 12:25,3406
1/26/2023 12:25,3274
1/26/2023 12:26,3544
1/26/2023 12:26,3743
1/26/2023 12:27,3670
1/26/2023 12:27,3474
1/26/2023 12:28,3606
1/26/2023 12:28,3416
1/26/2023 12:29,3513
1/26/2023 12:29,3400
1/26/2023 12:30,3777
1/26/2023 12:30,3743
1/26/2023 12:31,3497
1/26/2023 12:31,3490
1/26/2023 12:32,3679
1/26/2023 12:32,3776
1/26/2023 12:33,3613
1/26/2023 12:33,3487
1/26/2023 12:34,3400
1/26/2023 12:34,3565
1/26/2023 12:35,3596
1/26/2023 12:35,3674
1/26/2023 12:36,3613
1/26/2023 12:36,3390
1/26/2023 12:37,3599
1/26/2023 12:37,3240
1/26/2023 12:38,3448
1/26/2023 12:38,3678
1/26/2023 12:39,3406
1/26/2023 12:39,3464
1/26/2023 12:40,3368
1/26/2023 12:40,3563
1/26/2023 12:41,3702
1/26/2023 12:41,3513
1/26/2023 12:42,3706
1/26/2023 12:42,3249
1/26/2023 12:43,3575
1/26/2023 12:43,3570
1/26/2023 12:44,3649
1/26/2023 12:44,3563
1/26/2023 12:45,3667
1/26/2023 12:45,3530
1/26/2023 12:46,3305
1/26/2023 12:47,3587
1/26/2023 12:47,3887
1/26/2023 12:48,3777
1/26/2023 12:48,3563
1/26/2023 12:49,3530
1/26/2023 12:49,3672
1/26/2023 12:50,3166
1/26/2023 12:50,3657
1/26/2023 12:51,3343
1/26/2023 12:51,3497
1/26/2023 12:52,3425
1/26/2023 12:52,3596
1/26/2023 12:53,3723
1/26/2023 12:53,3647
1/26/2023 12:54,3743
1/26/2023 12:54,3361
1/26/2023 12:55,3471
1/26/2023 12:55,3432
1/26/2023 12:56,3708
1/26/2023 12:56,3777
1/26/2023 12:57,3589
1/26/2023 12:57,3530
1/26/2023 12:58,3563
1/26/2023 12:58,3596
1/26/2023 12:59,3647
1/26/2023 12:59,3553
1/26/2023 13:00,3546
1/26/2023 13:00,3729
1/26/2023 13:01,3785
1/26/2023 13:01,3563
1/26/2023 13:02,3582
1/26/2023 13:02,3599
1/26/2023 13:03,3549
1/26/2023 13:03,3591
1/26/2023 13:04,3708
1/26/2023 13:04,3506
1/26/2023 13:05,3716
1/26/2023 13:05,3565
1/26/2023 13:06,3504
1/26/2023 13:06,3733
1/26/2023 13:07,3361
1/26/2023 13:07,3657
1/26/2023 13:08,3249
1/26/2023 13:08,3527
1/26/2023 13:09,3649
1/26/2023 13:09,3649
1/26/2023 13:10,3637
1/26/2023 13:10,3613
1/26/2023 13:11,3733
1/26/2023 13:11,3664
1/26/2023 13:12,3613
1/26/2023 13:13,3674
1/26/2023 13:13,3497
1/26/2023 13:14,3418
1/26/2023 13:14,3589
1/26/2023 13:15,3441
1/26/2023 13:15,3400
1/26/2023 13:16,3432
1/26/2023 13:16,3243
1/26/2023 13:17,3623
1/26/2023 13:17,3698
1/26/2023 13:18,3532
1/26/2023 13:18,3197
1/26/2023 13:19,3361
1/26/2023 13:19,3549
1/26/2023 13:20,3539
1/26/2023 13:20,3406
1/26/2023 13:21,3384
1/26/2023 13:21,3632
1/26/2023 13:22,3497
1/26/2023 13:22,3637
1/26/2023 13:23,3513
1/26/2023 13:23,3848
1/26/2023 13:24,3441
1/26/2023 13:24,3420
1/26/2023 13:25,3563
1/26/2023 13:25,3530
1/26/2023 13:26,3416
1/26/2023 13:26,3803
1/26/2023 13:27,3513
1/26/2023 13:27,3441
1/26/2023 13:28,3733
1/26/2023 13:28,3647
1/26/2023 13:29,3630
1/26/2023 13:29,3499
1/26/2023 13:30,3450
1/26/2023 13:30,3355
1/26/2023 13:31,3464
1/26/2023 13:31,3352
1/26/2023 13:32,3450
1/26/2023 13:32,3691
1/26/2023 13:33,3822
1/26/2023 13:33,3464
1/26/2023 13:34,3708
1/26/2023 13:34,3664
1/26/2023 13:35,3621
1/26/2023 13:35,3457
1/26/2023 13:36,3575
1/26/2023 13:36,3575
1/26/2023 13:37,3606
1/26/2023 13:37,3476
1/26/2023 13:38,3434
1/26/2023 13:38,3261
1/26/2023 13:39,3384
1/26/2023 13:40,3647
1/26/2023 13:40,3589
1/26/2023 13:41,3425
1/26/2023 13:41,3741
1/26/2023 13:42,3646
1/26/2023 13:42,3601
1/26/2023 13:43,3506
1/26/2023 13:43,3596
1/26/2023 13:44,3727
1/26/2023 13:44,3506
1/26/2023 13:45,3647
1/26/2023 13:45,3490
1/26/2023 13:46,3320
1/26/2023 13:46,3599
1/26/2023 13:47,3647
1/26/2023 13:47,3725
1/26/2023 13:48,3623
1/26/2023 13:48,3513
1/26/2023 13:49,3471
1/26/2023 13:49,3556
1/26/2023 13:50,3409
1/26/2023 13:50,3532
1/26/2023 13:51,3708
1/26/2023 13:51,3681
1/26/2023 13:52,3368
1/26/2023 13:52,3630
1/26/2023 13:53,3621
1/26/2023 13:53,3596
1/26/2023 13:54,3599
1/26/2023 13:54,3664
1/26/2023 13:55,3681
1/26/2023 13:55,3504
1/26/2023 13:56,3640
1/26/2023 13:56,3589
1/26/2023 13:57,3735
1/26/2023 13:57,3448
1/26/2023 13:58,3497
1/26/2023 13:58,3725
1/26/2023 13:59,3539
1/26/2023 13:59,3348
1/26/2023 14:00,3803
1/26/2023 14:00,3474
1/26/2023 14:01,3504
1/26/2023 14:01,3480
1/26/2023 14:02,3483
1/26/2023 14:02,3640
1/26/2023 14:03,3541
1/26/2023 14:03,3409
1/26/2023 14:04,3623
1/26/2023 14:04,3664
1/26/2023 14:05,3683
1/26/2023 14:05,3589
1/26/2023 14:06,3664
1/26/2023 14:07,3700
1/26/2023 14:07,3783
1/26/2023 14:08,3370
1/26/2023 14:08,3589
1/26/2023 14:09,3599
1/26/2023 14:09,3674
1/26/2023 14:10,3733
1/26/2023 14:10,3668
1/26/2023 14:11,3580
1/26/2023 14:11,3768
1/26/2023 14:12,3727
1/26/2023 14:12,3582
1/26/2023 14:13,3330
1/26/2023 14:13,3704
1/26/2023 14:14,3572
1/26/2023 14:14,3580
1/26/2023 14:15,3563
1/26/2023 14:15,3821
1/26/2023 14:16,3556
1/26/2023 14:16,3582
1/26/2023 14:17,3474
1/26/2023 14:17,3368
1/26/2023 14:18,3513
1/26/2023 14:18,3689
1/26/2023 14:19,3674
1/26/2023 14:19,3457
1/26/2023 14:20,3813
1/26/2023 14:20,3708
1/26/2023 14:21,3589
1/26/2023 14:21,3589
1/26/2023 14:22,3546
1/26/2023 14:22,3549
1/26/2023 14:23,3523
1/26/2023 14:23,3525
1/26/2023 14:24,3589
1/26/2023 14:24,3546
1/26/2023 14:25,3743
1/26/2023 14:25,3499
1/26/2023 14:26,3474
1/26/2023 14:26,3640
1/26/2023 14:27,3776
1/26/2023 14:27,3725
1/26/2023 14:28,3572
1/26/2023 14:28,3457
1/26/2023 14:29,3499
1/26/2023 14:29,3613
1/26/2023 14:30,3700
1/26/2023 14:30,3706
1/26/2023 14:31,3434
1/26/2023 14:31,3591
1/26/2023 14:32,3700
1/26/2023 14:32,3591
1/26/2023 14:33,3731
1/26/2023 14:34,3615
1/26/2023 14:34,3838
1/26/2023 14:35,3432
1/26/2023 14:35,3606
1/26/2023 14:36,3596
1/26/2023 14:36,3447
1/26/2023 14:37,3572
1/26/2023 14:37,3787
1/26/2023 14:38,3513
1/26/2023 14:38,3716
1/26/2023 14:39,3563
1/26/2023 14:39,3570
1/26/2023 14:40,3647
1/26/2023 14:40,3720
1/26/2023 14:41,3563
1/26/2023 14:41,3464
1/26/2023 14:42,3708
1/26/2023 14:42,3516
1/26/2023 14:43,3606
1/26/2023 14:43,3530
1/26/2023 14:44,3460
1/26/2023 14:44,3657
1/26/2023 14:45,3516
1/26/2023 14:45,3651
1/26/2023 14:46,3596
1/26/2023 14:46,3289
1/26/2023 14:47,3691
1/26/2023 14:47,3813
1/26/2023 14:48,3606
1/26/2023 14:48,3733
1/26/2023 14:49,3589
1/26/2023 14:49,3674
1/26/2023 14:50,3483
1/26/2023 14:50,3397
1/26/2023 14:51,3580
1/26/2023 14:51,3567
1/26/2023 14:52,3516
1/26/2023 14:52,3520
1/26/2023 14:53,3637
1/26/2023 14:53,3368
1/26/2023 14:54,3563
1/26/2023 14:54,3674
1/26/2023 14:55,3497
1/26/2023 14:55,3649
1/26/2023 14:56,3546
1/26/2023 14:56,3394
1/26/2023 14:57,3629
1/26/2023 14:57,3727
1/26/2023 14:58,3716
1/26/2023 14:58,3716
1/26/2023 14:59,3506
1/26/2023 15:00,3657
1/26/2023 15:00,3615
1/26/2023 15:01,3556
1/26/2023 15:01,3556
1/26/2023 15:02,3674
1/26/2023 15:02,3330
1/26/2023 15:03,3549
1/26/2023 15:03,3615
1/26/2023 15:04,3215
1/26/2023 15:04,3630
1/26/2023 15:05,3523
1/26/2023 15:05,3779
1/26/2023 15:06,3377
1/26/2023 15:06,3516
1/26/2023 15:07,3630
1/26/2023 15:07,3618
1/26/2023 15:08,3464
1/26/2023 15:08,3549
1/26/2023 15:09,3384
1/26/2023 15:09,3647
1/26/2023 15:10,3605
1/26/2023 15:10,3572
1/26/2023 15:11,3409
1/26/2023 15:11,3615
1/26/2023 15:12,3490
1/26/2023 15:12,3532
1/26/2023 15:13,3596
1/26/2023 15:13,3676
1/26/2023 15:14,3632
1/26/2023 15:14,3490
1/26/2023 15:15,3664
1/26/2023 15:15,3497
1/26/2023 15:16,3716
1/26/2023 15:16,3483
1/26/2023 15:17,3733
1/26/2023 15:17,3596
1/26/2023 15:18,3743
1/26/2023 15:18,3700
1/26/2023 15:19,3403
1/26/2023 15:19,3657
1/26/2023 15:20,3418
1/26/2023 15:20,3430
1/26/2023 15:21,3411
1/26/2023 15:21,3402
1/26/2023 15:22,3615
1/26/2023 15:22,3499
1/26/2023 15:23,3723
1/26/2023 15:23,3582
1/26/2023 15:24,3483
1/26/2023 15:24,3497
1/26/2023 15:25,3565
1/26/2023 15:25,3666
1/26/2023 15:26,3532
1/26/2023 15:27,3361
1/26/2023 15:27,3453
1/26/2023 15:28,3549
1/26/2023 15:28,3386
1/26/2023 15:29,3437
1/26/2023 15:29,3377
1/26/2023 15:30,3623
1/26/2023 15:30,3606
1/26/2023 15:31,3352
1/26/2023 15:31,3700
1/26/2023 15:32,3314
1/26/2023 15:32,3632
1/26/2023 15:33,3606
1/26/2023 15:33,3743
1/26/2023 15:34,3572
1/26/2023 15:34,3716
1/26/2023 15:35,3175
1/26/2023 15:35,3645
1/26/2023 15:36,3572
1/26/2023 15:36,3463
1/26/2023 15:37,3492
1/26/2023 15:37,4935
1/26/2023 15:38,3563
1/26/2023 15:38,3640
1/26/2023 15:39,3642
1/26/2023 15:39,3672
1/26/2023 15:40,6688
1/26/2023 15:40,3900
1/26/2023 15:41,3674
1/26/2023 15:41,3603
1/26/2023 15:42,3623
1/26/2023 15:42,3464
1/26/2023 15:43,3604
1/26/2023 15:43,3723
1/26/2023 15:44,3572
1/26/2023 15:44,3708
1/26/2023 15:45,3758
1/26/2023 15:45,3768
1/26/2023 15:46,3336
1/26/2023 15:46,3432
1/26/2023 15:47,3613
1/26/2023 15:47,3716
1/26/2023 15:48,3580
1/26/2023 15:48,3587
1/26/2023 15:49,3377
1/26/2023 15:49,3520
1/26/2023 15:50,3698
1/26/2023 15:50,3506
1/26/2023 15:51,3464
1/26/2023 15:51,3760
1/26/2023 15:52,3772
1/26/2023 15:52,3649
1/26/2023 15:53,3706
1/26/2023 15:54,3418
1/26/2023 15:54,3666
1/26/2023 15:55,3464
1/26/2023 15:55,3539
1/26/2023 15:56,3793
1/26/2023 15:56,3628
1/26/2023 15:57,3691
1/26/2023 15:57,3432
1/26/2023 15:58,3416
1/26/2023 15:58,3630
1/26/2023 15:59,3596
1/26/2023 15:59,3613
1/26/2023 16:00,3639
1/26/2023 16:00,3760
1/26/2023 16:01,3368
1/26/2023 16:01,3635
1/26/2023 16:02,3733
1/26/2023 16:02,3589
1/26/2023 16:03,3850
1/26/2023 16:03,3640
1/26/2023 16:04,3787
1/26/2023 16:04,3733
1/26/2023 16:05,3681
1/26/2023 16:05,3743
1/26/2023 16:06,3384
1/26/2023 16:06,3647
1/26/2023 16:07,3474
1/26/2023 16:07,3537
1/26/2023 16:08,3499
1/26/2023 16:08,3606
1/26/2023 16:09,3723
1/26/2023 16:09,3439
1/26/2023 16:10,3457
1/26/2023 16:10,3594
1/26/2023 16:11,3698
1/26/2023 16:11,3589
1/26/2023 16:12,3568
1/26/2023 16:12,3416
1/26/2023 16:13,3336
1/26/2023 16:13,3494
1/26/2023 16:14,3523
1/26/2023 16:14,3361
1/26/2023 16:15,3657
1/26/2023 16:15,3480
1/26/2023 16:16,3750
1/26/2023 16:16,3640
1/26/2023 16:17,3758
1/26/2023 16:17,3487
1/26/2023 16:18,3613
1/26/2023 16:18,3596
1/26/2023 16:19,3613
1/26/2023 16:19,3716
1/26/2023 16:20,3735
1/26/2023 16:21,3748
1/26/2023 16:21,3546
1/26/2023 16:22,3664
1/26/2023 16:22,3406
1/26/2023 16:23,3647
1/26/2023 16:23,3537
1/26/2023 16:24,3654
1/26/2023 16:24,3654
1/26/2023 16:25,3508
1/26/2023 16:25,3723
1/26/2023 16:26,3604
1/26/2023 16:26,3630
1/26/2023 16:27,3803
1/26/2023 16:27,3662
1/26/2023 16:28,3589
1/26/2023 16:28,3698
1/26/2023 16:29,3618
1/26/2023 16:29,3497
1/26/2023 16:30,3356
1/26/2023 16:30,3630
1/26/2023 16:31,3632
1/26/2023 16:31,3621
1/26/2023 16:32,3596
1/26/2023 16:32,3785
1/26/2023 16:33,3645
1/26/2023 16:33,3621
1/26/2023 16:34,3439
1/26/2023 16:34,3523
1/26/2023 16:35,3662
1/26/2023 16:35,3546
1/26/2023 16:36,3534
1/26/2023 16:36,3604
1/26/2023 16:37,3766
1/26/2023 16:37,3689
1/26/2023 16:38,3698
1/26/2023 16:38,3563
1/26/2023 16:39,3561
1/26/2023 16:39,3621
1/26/2023 16:40,3628
1/26/2023 16:40,3553
1/26/2023 16:41,3861
1/26/2023 16:41,3560
1/26/2023 16:42,3556
1/26/2023 16:42,3723
1/26/2023 16:43,3672
1/26/2023 16:43,3613
1/26/2023 16:44,3534
1/26/2023 16:44,3374
1/26/2023 16:45,3801
1/26/2023 16:45,3462
1/26/2023 16:46,3599
1/26/2023 16:47,3455
1/26/2023 16:47,3577
1/26/2023 16:48,3795
1/26/2023 16:48,3604
1/26/2023 16:49,3716
1/26/2023 16:49,3504
1/26/2023 16:50,3741
1/26/2023 16:50,3706
1/26/2023 16:51,3698
1/26/2023 16:51,3723
1/26/2023 16:52,3801
1/26/2023 16:52,3743
1/26/2023 16:53,3563
1/26/2023 16:53,3471
1/26/2023 16:54,3448
1/26/2023 16:54,3406
1/26/2023 16:55,3302
1/26/2023 16:55,3572
1/26/2023 16:56,3402
1/26/2023 16:56,3302
1/26/2023 16:57,3471
1/26/2023 16:57,3490
1/26/2023 16:58,3572
1/26/2023 16:58,3513
1/26/2023 16:59,3487
1/26/2023 16:59,3455
1/26/2023 17:00,3604
1/26/2023 17:00,3497
1/26/2023 17:01,3541
1/26/2023 17:01,3539
1/26/2023 17:02,3580
1/26/2023 17:02,3471
1/26/2023 17:03,3413
1/26/2023 17:03,3553
1/26/2023 17:04,3589
1/26/2023 17:04,3384
1/26/2023 17:05,3728
1/26/2023 17:05,3568
1/26/2023 17:06,3218
1/26/2023 17:06,3669
1/26/2023 17:07,3666
1/26/2023 17:07,3471
1/26/2023 17:08,3336
1/26/2023 17:08,3182
1/26/2023 17:09,3471
1/26/2023 17:09,3448
1/26/2023 17:10,3546
1/26/2023 17:10,3497
1/26/2023 17:11,3448
1/26/2023 17:11,3448
1/26/2023 17:12,3381
1/26/2023 17:12,3400
1/26/2023 17:13,3425
1/26/2023 17:14,3490
1/26/2023 17:14,3623
1/26/2023 17:15,3378
1/26/2023 17:15,3623
1/26/2023 17:16,3604
1/26/2023 17:16,3563
1/26/2023 17:17,3654
1/26/2023 17:17,3821
1/26/2023 17:18,3645
1/26/2023 17:18,3635
1/26/2023 17:19,3623
1/26/2023 17:19,3554
1/26/2023 17:20,3425
1/26/2023 17:20,3556
1/26/2023 17:21,3758
1/26/2023 17:21,3681
1/26/2023 17:22,3448
1/26/2023 17:22,3604
1/26/2023 17:23,3422
1/26/2023 17:23,3664
1/26/2023 17:24,3506
1/26/2023 17:24,3457
1/26/2023 17:25,3440
1/26/2023 17:25,3374
1/26/2023 17:26,3563
1/26/2023 17:26,3679
1/26/2023 17:27,3679
1/26/2023 17:27,3613
1/26/2023 17:28,3546
1/26/2023 17:28,3720
1/26/2023 17:29,3255
1/26/2023 17:29,3674
1/26/2023 17:30,3513
1/26/2023 17:30,3628
1/26/2023 17:31,3200
1/26/2023 17:31,3733
1/26/2023 17:32,3246
1/26/2023 17:32,3446
1/26/2023 17:33,3563
1/26/2023 17:33,3544
1/26/2023 17:34,3378
1/26/2023 17:34,3716
1/26/2023 17:35,3741
1/26/2023 17:35,3596
1/26/2023 17:36,3723
1/26/2023 17:36,3513
1/26/2023 17:37,3511
1/26/2023 17:37,3698
1/26/2023 17:38,3698
1/26/2023 17:38,3406
1/26/2023 17:39,3520
1/26/2023 17:39,3845
1/26/2023 17:40,3349
1/26/2023 17:41,3462
1/26/2023 17:41,3390
1/26/2023 17:42,3783
1/26/2023 17:42,3698
1/26/2023 17:43,3613
1/26/2023 17:43,3679
1/26/2023 17:44,3750
1/26/2023 17:44,3520
1/26/2023 17:45,3708
1/26/2023 17:45,3811
1/26/2023 17:46,3706
1/26/2023 17:46,3621
1/26/2023 17:47,3343
1/26/2023 17:47,3358
1/26/2023 17:48,3513
1/26/2023 17:48,3623
1/26/2023 17:49,3327
1/26/2023 17:49,3589
1/26/2023 17:50,3613
1/26/2023 17:50,3674
1/26/2023 17:51,3621
1/26/2023 17:51,3532
1/26/2023 17:52,3596
1/26/2023 17:52,3696
1/26/2023 17:53,3406
1/26/2023 17:53,3572
1/26/2023 17:54,3497
1/26/2023 17:54,3706
1/26/2023 17:55,3497
1/26/2023 17:55,3432
1/26/2023 17:56,3570
1/26/2023 17:56,3777
1/26/2023 17:57,3679
1/26/2023 17:57,3483
1/26/2023 17:58,3645
1/26/2023 17:58,3467
1/26/2023 17:59,3206
1/26/2023 17:59,3504
1/26/2023 18:00,3679
1/26/2023 18:00,3750
1/26/2023 18:01,3530
1/26/2023 18:01,3714
1/26/2023 18:02,3580
1/26/2023 18:02,3758
1/26/2023 18:03,3776
1/26/2023 18:03,3525
1/26/2023 18:04,3662
1/26/2023 18:04,3733
1/26/2023 18:05,3553
1/26/2023 18:05,3657
1/26/2023 18:06,3575
1/26/2023 18:06,3577
1/26/2023 18:07,3509
1/26/2023 18:08,3630
1/26/2023 18:08,3494
1/26/2023 18:09,3546
1/26/2023 18:09,3298
1/26/2023 18:10,3467
1/26/2023 18:10,3330
1/26/2023 18:11,3352
1/26/2023 18:11,3416
1/26/2023 18:12,3537
1/26/2023 18:12,3604
1/26/2023 18:13,3464
1/26/2023 18:13,3793
1/26/2023 18:14,3497
1/26/2023 18:14,3672
1/26/2023 18:15,3723
1/26/2023 18:15,3563
1/26/2023 18:16,3572
1/26/2023 18:16,3457
1/26/2023 18:17,3352
1/26/2023 18:17,3546
1/26/2023 18:18,3416
1/26/2023 18:18,3698
1/26/2023 18:19,3582
1/26/2023 18:19,3691
1/26/2023 18:20,3490
1/26/2023 18:20,3752
1/26/2023 18:21,3523
1/26/2023 18:21,3691
1/26/2023 18:22,3283
1/26/2023 18:22,3615
1/26/2023 18:23,3352
1/26/2023 18:23,3361
1/26/2023 18:24,3959
1/26/2023 18:24,3506
1/26/2023 18:25,3497
1/26/2023 18:25,3630
1/26/2023 18:26,3311
1/26/2023 18:26,3623
1/26/2023 18:27,3422
1/26/2023 18:27,3425
1/26/2023 18:28,3683
1/26/2023 18:28,3393
1/26/2023 18:29,3681
1/26/2023 18:29,3811
1/26/2023 18:30,3813
1/26/2023 18:30,3685
1/26/2023 18:31,3580
1/26/2023 18:31,3850
1/26/2023 18:32,3640
1/26/2023 18:32,3604
1/26/2023 18:33,3664
1/26/2023 18:33,3776
1/26/2023 18:34,3409
1/26/2023 18:35,3243
1/26/2023 18:35,3629
1/26/2023 18:36,3601
1/26/2023 18:36,3480
1/26/2023 18:37,3416
1/26/2023 18:37,3637
1/26/2023 18:38,3497
1/26/2023 18:38,3681
1/26/2023 18:39,3494
1/26/2023 18:39,3582
1/26/2023 18:40,3664
1/26/2023 18:40,3768
1/26/2023 18:41,3741
1/26/2023 18:41,3527
1/26/2023 18:42,3733
1/26/2023 18:42,3596
1/26/2023 18:43,3530
1/26/2023 18:43,3390
1/26/2023 18:44,3539
1/26/2023 18:44,3471
1/26/2023 18:45,3330
1/26/2023 18:45,3336
1/26/2023 18:46,3305
1/26/2023 18:46,3358
1/26/2023 18:47,3674
1/26/2023 18:47,3570
1/26/2023 18:48,3464
1/26/2023 18:48,3743
1/26/2023 18:49,3706
1/26/2023 18:49,3647
1/26/2023 18:50,3628
1/26/2023 18:50,3640
1/26/2023 18:51,3632
1/26/2023 18:51,3490
1/26/2023 18:52,3480
1/26/2023 18:52,3497
1/26/2023 18:53,3666
1/26/2023 18:53,3803
1/26/2023 18:54,3735
1/26/2023 18:54,3613
1/26/2023 18:55,3572
1/26/2023 18:55,3490
1/26/2023 18:56,3591
1/26/2023 18:56,3582
1/26/2023 18:57,3630
1/26/2023 18:57,3657
1/26/2023 18:58,3613
1/26/2023 18:58,3640
1/26/2023 18:59,3615
1/26/2023 18:59,3691
1/26/2023 19:00,3681
1/26/2023 19:01,3698
1/26/2023 19:01,3708
1/26/2023 19:02,3821
1/26/2023 19:02,3704
1/26/2023 19:03,3664
1/26/2023 19:03,3777
1/26/2023 19:04,3642
1/26/2023 19:04,3657
1/26/2023 19:05,3441
1/26/2023 19:05,3613
1/26/2023 19:06,3716
1/26/2023 19:06,3520
1/26/2023 19:07,3708
1/26/2023 19:07,3464
1/26/2023 19:08,3698
1/26/2023 19:08,3652
1/26/2023 19:09,3640
1/26/2023 19:09,3733
1/26/2023 19:10,3768
1/26/2023 19:10,3654
1/26/2023 19:11,3480
1/26/2023 19:11,3748
1/26/2023 19:12,3733
1/26/2023 19:12,3525
1/26/2023 19:13,3352
1/26/2023 19:13,3694
1/26/2023 19:14,3760
1/26/2023 19:14,3572
1/26/2023 19:15,3760
1/26/2023 19:15,3666
1/26/2023 19:16,3556
1/26/2023 19:16,3698
1/26/2023 19:17,3603
1/26/2023 19:17,3783
1/26/2023 19:18,3664
1/26/2023 19:18,3589
1/26/2023 19:19,3822
1/26/2023 19:19,3563
1/26/2023 19:20,3384
1/26/2023 19:20,3821
1/26/2023 19:21,3606
1/26/2023 19:21,3596
1/26/2023 19:22,3520
1/26/2023 19:22,3659
1/26/2023 19:23,3606
1/26/2023 19:23,3821
1/26/2023 19:24,3378
1/26/2023 19:24,3582
1/26/2023 19:25,3314
1/26/2023 19:25,3418
1/26/2023 19:26,3497
1/26/2023 19:26,3306
1/26/2023 19:27,3621
1/26/2023 19:28,3657
1/26/2023 19:28,3640
1/26/2023 19:29,3649
1/26/2023 19:29,3582
1/26/2023 19:30,3623
1/26/2023 19:30,3892
1/26/2023 19:31,3444
1/26/2023 19:31,3762
1/26/2023 19:32,3696
1/26/2023 19:32,3803
1/26/2023 19:33,3674
1/26/2023 19:33,3649
1/26/2023 19:34,3432
1/26/2023 19:34,3642
1/26/2023 19:35,3563
1/26/2023 19:35,3483
1/26/2023 19:36,3563
1/26/2023 19:36,3639
1/26/2023 19:37,3664
1/26/2023 19:37,3317
1/26/2023 19:38,3348
1/26/2023 19:38,3409
1/26/2023 19:39,3460
1/26/2023 19:39,3384
1/26/2023 19:40,3532
1/26/2023 19:40,3456
1/26/2023 19:41,3546
1/26/2023 19:41,3632
1/26/2023 19:42,3563
1/26/2023 19:42,3563
1/26/2023 19:43,3541
1/26/2023 19:43,3640
1/26/2023 19:44,3594
1/26/2023 19:44,3314
1/26/2023 19:45,3743
1/26/2023 19:45,3714
1/26/2023 19:46,3725
1/26/2023 19:46,3674
1/26/2023 19:47,3632
1/26/2023 19:47,3735
1/26/2023 19:48,3803
1/26/2023 19:48,3575
1/26/2023 19:49,3698
1/26/2023 19:49,3632
1/26/2023 19:50,3549
1/26/2023 19:50,3483
1/26/2023 19:51,3623
1/26/2023 19:51,3827
1/26/2023 19:52,3672
1/26/2023 19:52,3523
1/26/2023 19:53,3589
1/26/2023 19:53,3700
1/26/2023 19:54,3504
1/26/2023 19:55,3821
1/26/2023 19:55,3710
1/26/2023 19:56,3640
1/26/2023 19:56,3623
1/26/2023 19:57,3434
1/26/2023 19:57,3632
1/26/2023 19:58,3830
1/26/2023 19:58,3830
1/26/2023 19:59,3604
1/26/2023 19:59,3523
1/26/2023 20:00,3481
1/26/2023 20:00,3441
1/26/2023 20:01,3323
1/26/2023 20:01,3649
1/26/2023 20:02,3499
1/26/2023 20:02,3652
1/26/2023 20:03,3497
1/26/2023 20:03,3795
1/26/2023 20:04,3457
1/26/2023 20:04,3733
1/26/2023 20:05,3497
1/26/2023 20:05,3649
1/26/2023 20:06,3813
1/26/2023 20:06,3556
1/26/2023 20:07,3615
1/26/2023 20:07,3700
1/26/2023 20:08,3532
1/26/2023 20:08,3441
1/26/2023 20:09,3770
1/26/2023 20:09,3640
1/26/2023 20:10,3787
1/26/2023 20:10,3632
1/26/2023 20:11,3733
1/26/2023 20:11,3523
1/26/2023 20:12,3683
1/26/2023 20:12,3546
1/26/2023 20:13,3647
1/26/2023 20:13,3511
1/26/2023 20:14,3483
1/26/2023 20:14,3455
1/26/2023 20:15,3565
1/26/2023 20:15,3245
1/26/2023 20:16,3674
1/26/2023 20:16,3674
1/26/2023 20:17,3358
1/26/2023 20:17,3691
1/26/2023 20:18,3760
1/26/2023 20:18,3469
1/26/2023 20:19,3725
1/26/2023 20:19,3467
1/26/2023 20:20,3506
1/26/2023 20:20,3664
1/26/2023 20:21,3649
1/26/2023 20:22,3457
1/26/2023 20:22,3457
1/26/2023 20:23,3587
1/26/2023 20:23,3425
1/26/2023 20:24,3776
1/26/2023 20:24,3613
1/26/2023 20:25,3589
1/26/2023 20:25,3716
1/26/2023 20:26,3361
1/26/2023 20:26,3821
1/26/2023 20:27,3422
1/26/2023 20:27,3584
1/26/2023 20:28,3553
1/26/2023 20:28,3480
1/26/2023 20:29,3464
1/26/2023 20:29,3432
1/26/2023 20:30,3580
1/26/2023 20:30,3803
1/26/2023 20:31,3733
1/26/2023 20:31,3666
1/26/2023 20:32,3718
1/26/2023 20:32,3513
1/26/2023 20:33,3622
1/26/2023 20:33,3777
1/26/2023 20:34,3457
1/26/2023 20:34,3834
1/26/2023 20:35,3582
1/26/2023 20:35,3725
1/26/2023 20:36,3647
1/26/2023 20:36,3596
1/26/2023 20:37,3570
1/26/2023 20:37,3565
1/26/2023 20:38,3776
1/26/2023 20:38,3499
1/26/2023 20:39,3721
1/26/2023 20:39,3393
1/26/2023 20:40,3741
1/26/2023 20:40,3785
1/26/2023 20:41,3345
1/26/2023 20:41,3606
1/26/2023 20:42,3741
1/26/2023 20:42,3549
1/26/2023 20:43,3613
1/26/2023 20:43,3295
1/26/2023 20:44,3645
1/26/2023 20:44,3546
1/26/2023 20:45,3821
1/26/2023 20:45,3708
1/26/2023 20:46,3589
1/26/2023 20:46,3490
1/26/2023 20:47,3556
1/26/2023 20:48,3361
1/26/2023 20:48,3613
1/26/2023 20:49,3752
1/26/2023 20:49,3795
1/26/2023 20:50,3725
1/26/2023 20:50,3549
1/26/2023 20:51,3700
1/26/2023 20:51,3657
1/26/2023 20:52,3621
1/26/2023 20:52,3604
1/26/2023 20:53,3770
1/26/2023 20:53,3457
1/26/2023 20:54,3795
1/26/2023 20:54,3481
1/26/2023 20:55,3777
1/26/2023 20:55,3450
1/26/2023 20:56,3323
1/26/2023 20:56,3403
1/26/2023 20:57,3760
1/26/2023 20:57,3649
1/26/2023 20:58,3623
1/26/2023 20:58,3591
1/26/2023 20:59,3516
1/26/2023 20:59,3506
1/26/2023 21:00,3770
1/26/2023 21:00,3441
1/26/2023 21:01,3787
1/26/2023 21:01,3314
1/26/2023 21:02,3307
1/26/2023 21:02,3480
1/26/2023 21:03,3457
1/26/2023 21:03,3474
1/26/2023 21:04,3566
1/26/2023 21:04,3623
1/26/2023 21:05,3683
1/26/2023 21:05,3596
1/26/2023 21:06,3377
1/26/2023 21:06,3768
1/26/2023 21:07,3416
1/26/2023 21:07,3693
1/26/2023 21:08,3821
1/26/2023 21:08,3779
1/26/2023 21:09,3856
1/26/2023 21:09,3657
1/26/2023 21:10,3649
1/26/2023 21:10,3483
1/26/2023 21:11,3676
1/26/2023 21:11,3546
1/26/2023 21:12,3813
1/26/2023 21:12,3683
1/26/2023 21:13,3691
1/26/2023 21:13,3483
1/26/2023 21:14,3497
1/26/2023 21:15,3393
1/26/2023 21:15,3785
1/26/2023 21:16,3743
1/26/2023 21:16,3777
1/26/2023 21:17,3787
1/26/2023 21:17,3642
1/26/2023 21:18,3409
1/26/2023 21:18,3892
1/26/2023 21:19,3735
1/26/2023 21:19,3589
1/26/2023 21:20,3718
1/26/2023 21:20,3632
1/26/2023 21:21,3813
1/26/2023 21:21,3716
1/26/2023 21:22,3666
1/26/2023 21:22,3558
1/26/2023 21:23,3760
1/26/2023 21:23,3509
1/26/2023 21:24,3370
1/26/2023 21:24,3797
1/26/2023 21:25,3506
1/26/2023 21:25,3485
1/26/2023 21:26,3499
1/26/2023 21:26,3632
1/26/2023 21:27,3613
1/26/2023 21:27,3787
1/26/2023 21:28,3623
1/26/2023 21:28,3589
1/26/2023 21:29,3606
1/26/2023 21:29,3572
1/26/2023 21:30,3615
1/26/2023 21:30,3582
1/26/2023 21:31,3523
1/26/2023 21:31,3570
1/26/2023 21:32,3700
1/26/2023 21:32,3684
1/26/2023 21:33,3750
1/26/2023 21:33,3556
1/26/2023 21:34,3716
1/26/2023 21:34,3965
1/26/2023 21:35,3464
1/26/2023 21:35,3623
1/26/2023 21:36,3509
1/26/2023 21:36,3323
1/26/2023 21:37,3813
1/26/2023 21:37,3516
1/26/2023 21:38,3691
1/26/2023 21:38,3710
1/26/2023 21:39,3737
1/26/2023 21:39,3572
1/26/2023 21:40,3702
1/26/2023 21:40,3348
1/26/2023 21:41,3813
1/26/2023 21:42,3292
1/26/2023 21:42,3840
1/26/2023 21:43,3411
1/26/2023 21:43,3777
1/26/2023 21:44,3525
1/26/2023 21:44,3752
1/26/2023 21:45,3389
1/26/2023 21:45,3748
1/26/2023 21:46,3666
1/26/2023 21:46,3483
1/26/2023 21:47,3490
1/26/2023 21:47,3355
1/26/2023 21:48,3467
1/26/2023 21:48,3822
1/26/2023 21:49,3733
1/26/2023 21:49,3649
1/26/2023 21:50,3575
1/26/2023 21:50,3681
1/26/2023 21:51,3580
1/26/2023 21:51,3618
1/26/2023 21:52,3787
1/26/2023 21:52,3483
1/26/2023 21:53,3606
1/26/2023 21:53,3716
1/26/2023 21:54,3708
1/26/2023 21:54,3541
1/26/2023 21:55,3532
1/26/2023 21:55,3625
1/26/2023 21:56,3615
1/26/2023 21:56,3743
1/26/2023 21:57,3762
1/26/2023 21:57,3832
1/26/2023 21:58,3632
1/26/2023 21:58,3725
1/26/2023 21:59,3483
1/26/2023 21:59,3822
1/26/2023 22:00,3725
1/26/2023 22:00,3632
1/26/2023 22:01,3727
1/26/2023 22:01,3777
1/26/2023 22:02,3693
1/26/2023 22:02,3797
1/26/2023 22:03,3735
1/26/2023 22:03,3745
1/26/2023 22:04,3902
1/26/2023 22:04,3892
1/26/2023 22:05,3856
1/26/2023 22:05,3886
1/26/2023 22:06,3676
1/26/2023 22:06,3647
1/26/2023 22:07,3725
1/26/2023 22:07,3779
1/26/2023 22:08,3848
1/26/2023 22:09,3601
1/26/2023 22:09,3539
1/26/2023 22:10,3902
1/26/2023 22:10,3471
1/26/2023 22:11,3848
1/26/2023 22:11,3723
1/26/2023 22:12,3615
1/26/2023 22:12,3467
1/26/2023 22:13,3674
1/26/2023 22:13,3643
1/26/2023 22:14,3330
1/26/2023 22:14,3760
1/26/2023 22:15,3683
1/26/2023 22:15,3683
1/26/2023 22:16,3497
1/26/2023 22:16,3848
1/26/2023 22:17,3606
1/26/2023 22:17,3509
1/26/2023 22:18,3725
1/26/2023 22:18,3795
1/26/2023 22:19,3805
1/26/2023 22:19,3700
1/26/2023 22:20,3565
1/26/2023 22:20,3920
1/26/2023 22:21,3805
1/26/2023 22:21,3781
1/26/2023 22:22,3672
1/26/2023 22:22,3884
1/26/2023 22:23,3783
1/26/2023 22:23,3606
1/26/2023 22:24,3640
1/26/2023 22:24,3457
1/26/2023 22:25,3681
1/26/2023 22:25,3563
1/26/2023 22:26,3539
1/26/2023 22:26,3708
1/26/2023 22:27,3768
1/26/2023 22:27,3708
1/26/2023 22:28,3516
1/26/2023 22:28,3874
1/26/2023 22:29,3630
1/26/2023 22:29,3457
1/26/2023 22:30,3393
1/26/2023 22:30,3982
1/26/2023 22:31,3563
1/26/2023 22:31,3480
1/26/2023 22:32,3651
1/26/2023 22:32,3497
1/26/2023 22:33,3330
1/26/2023 22:33,3480
1/26/2023 22:34,3681
1/26/2023 22:35,3561
1/26/2023 22:35,3587
1/26/2023 22:36,3674
1/26/2023 22:36,3289
1/26/2023 22:37,3664
1/26/2023 22:37,3599
1/26/2023 22:38,3955
1/26/2023 22:38,3892
1/26/2023 22:39,3546
1/26/2023 22:39,3243
1/26/2023 22:40,3474
1/26/2023 22:40,3274
1/26/2023 22:41,3327
1/26/2023 22:41,3384
1/26/2023 22:42,3520
1/26/2023 22:42,3611
1/26/2023 22:43,3599
1/26/2023 22:43,3474
1/26/2023 22:44,3504
1/26/2023 22:44,3844
1/26/2023 22:45,3946
1/26/2023 22:45,3330
1/26/2023 22:46,3352
1/26/2023 22:46,3439
1/26/2023 22:47,3513
1/26/2023 22:47,3758
1/26/2023 22:48,3718
1/26/2023 22:48,3632
1/26/2023 22:49,3546
1/26/2023 22:49,3523
1/26/2023 22:50,3422
1/26/2023 22:50,3596
1/26/2023 22:51,3506
1/26/2023 22:51,3327
1/26/2023 22:52,3506
1/26/2023 22:52,3403
1/26/2023 22:53,3236
1/26/2023 22:53,3530
1/26/2023 22:54,3766
1/26/2023 22:54,3623
1/26/2023 22:55,3460
1/26/2023 22:55,3603
1/26/2023 22:56,3801
1/26/2023 22:56,3637
1/26/2023 22:57,3393
1/26/2023 22:57,3509
1/26/2023 22:58,3580
1/26/2023 22:58,3795
1/26/2023 22:59,3623
1/26/2023 22:59,3448
1/26/2023 23:00,3691
1/26/2023 23:00,3723
1/26/2023 23:01,3632
1/26/2023 23:02,3580
1/26/2023 23:02,3677
1/26/2023 23:03,3395
1/26/2023 23:03,3330
1/26/2023 23:04,3681
1/26/2023 23:04,3358
1/26/2023 23:05,3856
1/26/2023 23:05,3572
1/26/2023 23:06,3681
1/26/2023 23:06,3848
1/26/2023 23:07,3391
1/26/2023 23:07,3606
1/26/2023 23:08,3606
1/26/2023 23:08,3582
1/26/2023 23:09,3474
1/26/2023 23:09,3330
1/26/2023 23:10,3649
1/26/2023 23:10,3549
1/26/2023 23:11,3567
1/26/2023 23:11,3610
1/26/2023 23:12,3803
1/26/2023 23:12,3698
1/26/2023 23:13,3946
1/26/2023 23:13,3532
1/26/2023 23:14,3599
1/26/2023 23:14,3714
1/26/2023 23:15,3645
1/26/2023 23:15,3599
1/26/2023 23:16,3698
1/26/2023 23:16,3716
1/26/2023 23:17,3708
1/26/2023 23:17,3546
1/26/2023 23:18,3474
1/26/2023 23:18,3662
1/26/2023 23:19,3274
1/26/2023 23:19,3409
1/26/2023 23:20,3480
1/26/2023 23:20,3621
1/26/2023 23:21,3474
1/26/2023 23:21,3355
1/26/2023 23:22,3572
1/26/2023 23:22,3402
1/26/2023 23:23,3664
1/26/2023 23:23,3525
1/26/2023 23:24,3819
1/26/2023 23:24,3876
1/26/2023 23:25,3506
1/26/2023 23:25,3546
1/26/2023 23:26,3539
1/26/2023 23:26,3876
1/26/2023 23:27,3741
1/26/2023 23:27,3462
1/26/2023 23:28,3795
1/26/2023 23:29,3760
1/26/2023 23:29,3803
1/26/2023 23:30,3556
1/26/2023 23:30,3696
1/26/2023 23:31,3589
1/26/2023 23:31,3698
1/26/2023 23:32,3785
1/26/2023 23:32,3556
1/26/2023 23:33,3434
1/26/2023 23:33,3735
1/26/2023 23:34,3448
1/26/2023 23:34,3698
1/26/2023 23:35,3632
1/26/2023 23:35,3657
1/26/2023 23:36,3714
1/26/2023 23:36,3700
1/26/2023 23:37,3352
1/26/2023 23:37,3474
1/26/2023 23:38,3267
1/26/2023 23:38,3553
1/26/2023 23:39,3546
1/26/2023 23:39,3718
1/26/2023 23:40,3532
1/26/2023 23:40,3539
1/26/2023 23:41,3549
1/26/2023 23:41,3623
1/26/2023 23:42,3649
1/26/2023 23:42,3599
1/26/2023 23:43,3596
1/26/2023 23:43,3750
1/26/2023 23:44,3565
1/26/2023 23:44,3580
1/26/2023 23:45,3623
1/26/2023 23:45,3725
1/26/2023 23:46,3589
1/26/2023 23:46,3582
1/26/2023 23:47,3596
1/26/2023 23:47,3679
1/26/2023 23:48,3483
1/26/2023 23:48,3697
1/26/2023 23:49,3384
1/26/2023 23:49,3613
1/26/2023 23:50,3589
1/26/2023 23:50,3305
1/26/2023 23:51,3418
1/26/2023 23:51,3589
1/26/2023 23:52,3637
1/26/2023 23:52,3613
1/26/2023 23:53,3501
1/26/2023 23:53,3520
1/26/2023 23:54,3613
1/26/2023 23:54,3447
1/26/2023 23:55,3546
1/26/2023 23:56,3776
1/26/2023 23:56,3743
1/26/2023 23:57,3795
1/26/2023 23:57,3716
1/26/2023 23:58,3565
1/26/2023 23:58,3772
1/26/2023 23:59,3691
1/26/2023 23:59,3497
1/27/2023 0:00,3474
1/27/2023 0:00,3448
1/27/2023 0:01,3647
1/27/2023 0:01,3653
1/27/2023 0:02,3766
1/27/2023 0:02,3623
1/27/2023 0:03,3397
1/27/2023 0:03,3480
1/27/2023 0:04,3681
1/27/2023 0:04,3613
1/27/2023 0:05,4079
1/27/2023 0:05,3596
1/27/2023 0:06,3613
1/27/2023 0:06,3654
1/27/2023 0:07,3290
1/27/2023 0:07,3681
1/27/2023 0:08,3330
1/27/2023 0:08,3487
1/27/2023 0:09,3589
1/27/2023 0:09,3813
1/27/2023 0:10,3768
1/27/2023 0:10,3264
1/27/2023 0:11,3613
1/27/2023 0:11,3604
1/27/2023 0:12,3416
1/27/2023 0:12,3258
1/27/2023 0:13,3801
1/27/2023 0:13,3589
1/27/2023 0:14,3525
1/27/2023 0:14,3539
1/27/2023 0:15,3900
1/27/2023 0:15,3432
1/27/2023 0:16,3243
1/27/2023 0:16,3305
1/27/2023 0:17,3587
1/27/2023 0:17,3718
1/27/2023 0:18,3716
1/27/2023 0:18,3741
1/27/2023 0:19,3779
1/27/2023 0:19,3604
1/27/2023 0:20,3530
1/27/2023 0:20,3577
1/27/2023 0:21,3570
1/27/2023 0:22,3856
1/27/2023 0:22,3936
1/27/2023 0:23,3766
1/27/2023 0:23,3513
1/27/2023 0:24,3681
1/27/2023 0:24,3829
1/27/2023 0:25,3723
1/27/2023 0:25,3374
1/27/2023 0:26,3842
1/27/2023 0:26,3637
1/27/2023 0:27,3546
1/27/2023 0:27,3645
1/27/2023 0:28,3604
1/27/2023 0:28,3563
1/27/2023 0:29,3674
1/27/2023 0:29,3628
1/27/2023 0:30,3563
1/27/2023 0:30,3785
1/27/2023 0:31,3580
1/27/2023 0:31,3766
1/27/2023 0:32,3662
1/27/2023 0:32,3416
1/27/2023 0:33,3698
1/27/2023 0:33,3530
1/27/2023 0:34,3801
1/27/2023 0:34,3587
1/27/2023 0:35,3570
1/27/2023 0:35,3530
1/27/2023 0:36,3846
1/27/2023 0:36,3687
1/27/2023 0:37,3490
1/27/2023 0:37,3445
1/27/2023 0:38,3563
1/27/2023 0:38,3785
1/27/2023 0:39,3556
1/27/2023 0:39,3758
1/27/2023 0:40,3741
1/27/2023 0:40,3448
1/27/2023 0:41,3698
1/27/2023 0:41,3397
1/27/2023 0:42,3572
1/27/2023 0:42,3432
1/27/2023 0:43,3667
1/27/2023 0:43,3425
1/27/2023 0:44,3520
1/27/2023 0:44,3384
1/27/2023 0:45,3494
1/27/2023 0:45,3681
1/27/2023 0:46,3587
1/27/2023 0:46,3480
1/27/2023 0:47,3654
1/27/2023 0:47,3471
1/27/2023 0:48,4010
1/27/2023 0:49,3558
1/27/2023 0:49,3723
1/27/2023 0:50,3637
1/27/2023 0:50,3621
1/27/2023 0:51,3243
1/27/2023 0:51,3537
1/27/2023 0:52,3846
1/27/2023 0:52,3518
1/27/2023 0:53,3793
1/27/2023 0:53,3570
1/27/2023 0:54,3750
1/27/2023 0:54,3497
1/27/2023 0:55,3621
1/27/2023 0:55,3890
1/27/2023 0:56,3637
1/27/2023 0:56,3501
1/27/2023 0:57,3741
1/27/2023 0:57,3908
1/27/2023 0:58,3822
1/27/2023 0:58,3689
1/27/2023 0:59,3439
1/27/2023 0:59,3570
1/27/2023 1:00,3890
1/27/2023 1:00,3640
1/27/2023 1:01,3799
1/27/2023 1:01,3637
1/27/2023 1:02,3464
1/27/2023 1:02,3497
1/27/2023 1:03,3882
1/27/2023 1:03,3397
1/27/2023 1:04,3604
1/27/2023 1:04,3830
1/27/2023 1:05,3596
1/27/2023 1:05,3471
1/27/2023 1:06,3621
1/27/2023 1:06,3594
1/27/2023 1:07,3628
1/27/2023 1:07,3758
1/27/2023 1:08,3511
1/27/2023 1:08,3627
1/27/2023 1:09,3768
1/27/2023 1:09,3374
1/27/2023 1:10,3645
1/27/2023 1:10,3811
1/27/2023 1:11,3546
1/27/2023 1:11,3513
1/27/2023 1:12,3845
1/27/2023 1:12,3544
1/27/2023 1:13,3589
1/27/2023 1:13,3553
1/27/2023 1:14,3546
1/27/2023 1:14,3640
1/27/2023 1:15,3613
1/27/2023 1:16,3811
1/27/2023 1:16,3621
1/27/2023 1:17,3662
1/27/2023 1:17,3520
1/27/2023 1:18,3397
1/27/2023 1:18,3829
1/27/2023 1:19,3741
1/27/2023 1:19,3819
1/27/2023 1:20,3296
1/27/2023 1:20,3563
1/27/2023 1:21,3596
1/27/2023 1:21,3727
1/27/2023 1:22,3596
1/27/2023 1:22,3758
1/27/2023 1:23,3380
1/27/2023 1:23,3587
1/27/2023 1:24,3809
1/27/2023 1:24,3811
1/27/2023 1:25,3679
1/27/2023 1:25,3687
1/27/2023 1:26,3494
1/27/2023 1:26,3669
1/27/2023 1:27,3654
1/27/2023 1:27,3566
1/27/2023 1:28,3570
1/27/2023 1:28,3872
1/27/2023 1:29,3368
1/27/2023 1:29,3764
1/27/2023 1:30,3406
1/27/2023 1:30,3413
1/27/2023 1:31,3613
1/27/2023 1:31,3397
1/27/2023 1:32,3900
1/27/2023 1:32,3594
1/27/2023 1:33,3587
1/27/2023 1:33,3604
1/27/2023 1:34,3485
1/27/2023 1:34,3664
1/27/2023 1:35,3570
1/27/2023 1:35,3872
1/27/2023 1:36,3691
1/27/2023 1:36,3647
1/27/2023 1:37,3803
1/27/2023 1:37,3495
1/27/2023 1:38,3478
1/27/2023 1:38,3854
1/27/2023 1:39,3892
1/27/2023 1:39,3596
1/27/2023 1:40,3654
1/27/2023 1:40,3513
1/27/2023 1:41,3527
1/27/2023 1:41,3563
1/27/2023 1:42,3706
1/27/2023 1:43,3445
1/27/2023 1:43,3748
1/27/2023 1:44,3441
1/27/2023 1:44,3445
1/27/2023 1:45,3811
1/27/2023 1:45,3549
1/27/2023 1:46,3716
1/27/2023 1:46,3487
1/27/2023 1:47,3819
1/27/2023 1:47,3791
1/27/2023 1:48,3783
1/27/2023 1:48,3785
1/27/2023 1:49,3601
1/27/2023 1:49,3504
1/27/2023 1:50,3594
1/27/2023 1:50,3513
1/27/2023 1:51,3403
1/27/2023 1:51,3445
1/27/2023 1:52,3731
1/27/2023 1:52,3637
1/27/2023 1:53,3390
1/27/2023 1:53,3340
1/27/2023 1:54,3610
1/27/2023 1:54,3733
1/27/2023 1:55,3739
1/27/2023 1:55,3487
1/27/2023 1:56,3587
1/27/2023 1:56,3821
1/27/2023 1:57,3621
1/27/2023 1:57,3464
1/27/2023 1:58,3776
1/27/2023 1:58,3594
1/27/2023 1:59,3621
1/27/2023 1:59,3672
1/27/2023 2:00,3706
1/27/2023 2:00,3570
1/27/2023 2:01,3580
1/27/2023 2:01,3527
1/27/2023 2:02,3628
1/27/2023 2:02,3679
1/27/2023 2:03,3397
1/27/2023 2:03,3785
1/27/2023 2:04,3594
1/27/2023 2:04,3635
1/27/2023 2:05,3621
1/27/2023 2:05,3621
1/27/2023 2:06,3553
1/27/2023 2:06,3568
1/27/2023 2:07,3318
1/27/2023 2:07,3620
1/27/2023 2:08,3664
1/27/2023 2:08,3689
1/27/2023 2:09,3689
1/27/2023 2:10,3594
1/27/2023 2:10,3854
1/27/2023 2:11,3361
1/27/2023 2:11,3654
1/27/2023 2:12,3801
1/27/2023 2:12,3513
1/27/2023 2:13,3706
1/27/2023 2:13,3580
1/27/2023 2:14,3679
1/27/2023 2:14,3809
1/27/2023 2:15,3679
1/27/2023 2:15,3527
1/27/2023 2:16,3799
1/27/2023 2:16,3594
1/27/2023 2:17,3563
1/27/2023 2:17,3731
1/27/2023 2:18,3706
1/27/2023 2:18,3628
1/27/2023 2:19,3679
1/27/2023 2:19,3741
1/27/2023 2:20,3599
1/27/2023 2:20,3572
1/27/2023 2:21,3556
1/27/2023 2:21,3854
1/27/2023 2:22,3654
1/27/2023 2:22,3455
1/27/2023 2:23,3962
1/27/2023 2:23,3791
1/27/2023 2:24,3660
1/27/2023 2:24,3537
1/27/2023 2:25,3471
1/27/2023 2:25,3553
1/27/2023 2:26,3645
1/27/2023 2:26,3758
1/27/2023 2:27,3327
1/27/2023 2:27,3628
1/27/2023 2:28,3637
1/27/2023 2:28,3589
1/27/2023 2:29,3721
1/27/2023 2:29,3714
1/27/2023 2:30,3635
1/27/2023 2:30,3766
1/27/2023 2:31,3731
1/27/2023 2:31,3546
1/27/2023 2:32,3864
1/27/2023 2:32,3462
1/27/2023 2:33,3406
1/27/2023 2:33,3628
1/27/2023 2:34,3973
1/27/2023 2:34,3613
1/27/2023 2:35,3525
1/27/2023 2:35,3776
1/27/2023 2:36,3689
1/27/2023 2:37,3748
1/27/2023 2:37,3594
1/27/2023 2:38,3728
1/27/2023 2:38,3741
1/27/2023 2:39,3783
1/27/2023 2:39,3462
1/27/2023 2:40,3594
1/27/2023 2:40,3704
1/27/2023 2:41,3464
1/27/2023 2:41,3298
1/27/2023 2:42,3525
1/27/2023 2:42,3445
1/27/2023 2:43,3609
1/27/2023 2:43,3518
1/27/2023 2:44,3704
1/27/2023 2:44,3748
1/27/2023 2:45,3776
1/27/2023 2:45,3731
1/27/2023 2:46,3664
1/27/2023 2:46,3464
1/27/2023 2:47,3696
1/27/2023 2:47,3796
1/27/2023 2:48,3404
1/27/2023 2:48,3645
1/27/2023 2:49,3577
1/27/2023 2:49,3587
1/27/2023 2:50,3827
1/27/2023 2:50,3846
1/27/2023 2:51,3811
1/27/2023 2:51,3845
1/27/2023 2:52,3741
1/27/2023 2:52,3762
1/27/2023 2:53,3504
1/27/2023 2:53,3439
1/27/2023 2:54,3801
1/27/2023 2:54,3611
1/27/2023 2:55,3645
1/27/2023 2:55,3599
1/27/2023 2:56,3637
1/27/2023 2:56,3696
1/27/2023 2:57,3774
1/27/2023 2:57,3546
1/27/2023 2:58,3471
1/27/2023 2:58,3537
1/27/2023 2:59,3791
1/27/2023 2:59,3594
1/27/2023 3:00,3681
1/27/2023 3:00,3504
1/27/2023 3:01,3835
1/27/2023 3:01,3647
1/27/2023 3:02,3874
1/27/2023 3:02,3696
1/27/2023 3:03,3511
1/27/2023 3:04,3731
1/27/2023 3:04,3520
1/27/2023 3:05,3729
1/27/2023 3:05,3672
1/27/2023 3:06,3585
1/27/2023 3:06,3618
1/27/2023 3:07,3936
1/27/2023 3:07,3609
1/27/2023 3:08,3551
1/27/2023 3:08,3662
1/27/2023 3:09,3809
1/27/2023 3:09,3917
1/27/2023 3:10,3637
1/27/2023 3:10,3518
1/27/2023 3:11,3696
1/27/2023 3:11,3809
1/27/2023 3:12,3799
1/27/2023 3:12,3714
1/27/2023 3:13,3637
1/27/2023 3:13,3872
1/27/2023 3:14,3628
1/27/2023 3:14,3652
1/27/2023 3:15,3527
1/27/2023 3:15,3544
1/27/2023 3:16,3439
1/27/2023 3:16,3618
1/27/2023 3:17,3637
1/27/2023 3:17,3783
1/27/2023 3:18,3577
1/27/2023 3:18,3872
1/27/2023 3:19,3675
1/27/2023 3:19,3756
1/27/2023 3:20,3492
1/27/2023 3:20,3127
1/27/2023 3:21,3714
1/27/2023 3:21,3492
1/27/2023 3:22,3725
1/27/2023 3:22,3662
1/27/2023 3:23,3664
1/27/2023 3:23,3829
1/27/2023 3:24,3647
1/27/2023 3:24,3731
1/27/2023 3:25,3585
1/27/2023 3:25,3706
1/27/2023 3:26,3457
1/27/2023 3:26,3764
1/27/2023 3:27,3633
1/27/2023 3:27,3853
1/27/2023 3:28,3587
1/27/2023 3:28,3643
1/27/2023 3:29,3672
1/27/2023 3:30,3825
1/27/2023 3:30,3401
1/27/2023 3:31,3672
1/27/2023 3:31,3827
1/27/2023 3:32,3801
1/27/2023 3:32,3838
1/27/2023 3:33,3666
1/27/2023 3:33,3570
1/27/2023 3:34,3672
1/27/2023 3:34,3835
1/27/2023 3:35,3900
1/27/2023 3:35,3662
1/27/2023 3:36,3768
1/27/2023 3:36,3570
1/27/2023 3:37,3455
1/27/2023 3:37,3585
1/27/2023 3:38,3478
1/27/2023 3:38,3635
1/27/2023 3:39,3570
1/27/2023 3:39,3669
1/27/2023 3:40,3774
1/27/2023 3:40,3672
1/27/2023 3:41,3549
1/27/2023 3:41,3255
1/27/2023 3:42,3737
1/27/2023 3:42,3485
1/27/2023 3:43,3654
1/27/2023 3:43,3679
1/27/2023 3:44,3791
1/27/2023 3:44,3587
1/27/2023 3:45,3645
1/27/2023 3:45,3530
1/27/2023 3:46,3527
1/27/2023 3:46,3520
1/27/2023 3:47,3801
1/27/2023 3:47,3764
1/27/2023 3:48,3687
1/27/2023 3:48,3704
1/27/2023 3:49,3357
1/27/2023 3:49,3611
1/27/2023 3:50,3558
1/27/2023 3:50,3452
1/27/2023 3:51,3511
1/27/2023 3:51,3546
1/27/2023 3:52,3318
1/27/2023 3:52,3544
1/27/2023 3:53,3714
1/27/2023 3:53,3324
1/27/2023 3:54,3714
1/27/2023 3:54,3606
1/27/2023 3:55,3645
1/27/2023 3:55,3721
1/27/2023 3:56,3811
1/27/2023 3:57,3662
1/27/2023 3:57,3766
1/27/2023 3:58,3635
1/27/2023 3:58,3635
1/27/2023 3:59,3654
1/27/2023 3:59,3696
1/27/2023 4:00,3518
1/27/2023 4:00,3837
1/27/2023 4:01,3611
1/27/2023 4:01,3776
1/27/2023 4:02,3673
1/27/2023 4:02,3630
1/27/2023 4:03,3609
1/27/2023 4:03,3525
1/27/2023 4:04,3404
1/27/2023 4:04,3845
1/27/2023 4:05,3664
1/27/2023 4:05,3827
1/27/2023 4:06,3882
1/27/2023 4:06,3459
1/27/2023 4:07,3714
1/27/2023 4:07,3662
1/27/2023 4:08,3596
1/27/2023 4:08,3687
1/27/2023 4:09,3835
1/27/2023 4:09,3492
1/27/2023 4:10,3801
1/27/2023 4:10,3758
1/27/2023 4:11,3511
1/27/2023 4:11,3527
1/27/2023 4:12,3764
1/27/2023 4:12,3694
1/27/2023 4:13,3628
1/27/2023 4:13,3760
1/27/2023 4:14,3645
1/27/2023 4:14,3973
1/27/2023 4:15,3679
1/27/2023 4:15,3704
1/27/2023 4:16,3645
1/27/2023 4:16,3750
1/27/2023 4:17,3561
1/27/2023 4:17,3760
1/27/2023 4:18,3890
1/27/2023 4:18,3853
1/27/2023 4:19,3714
1/27/2023 4:19,3706
1/27/2023 4:20,3630
1/27/2023 4:20,3592
1/27/2023 4:21,3672
1/27/2023 4:21,3669
1/27/2023 4:22,3585
1/27/2023 4:22,3889
1/27/2023 4:23,3516
1/27/2023 4:24,3577
1/27/2023 4:24,3837
1/27/2023 4:25,3685
1/27/2023 4:25,3518
1/27/2023 4:26,3539
1/27/2023 4:26,3801
1/27/2023 4:27,3635
1/27/2023 4:27,3404
1/27/2023 4:28,3791
1/27/2023 4:28,3739
1/27/2023 4:29,3628
1/27/2023 4:29,3561
1/27/2023 4:30,3637
1/27/2023 4:30,3723
1/27/2023 4:31,3827
1/27/2023 4:31,3662
1/27/2023 4:32,3585
1/27/2023 4:32,3654
1/27/2023 4:33,3539
1/27/2023 4:33,3585
1/27/2023 4:34,3628
1/27/2023 4:34,3760
1/27/2023 4:35,3429
1/27/2023 4:35,3783
1/27/2023 4:36,3390
1/27/2023 4:36,3687
1/27/2023 4:37,3635
1/27/2023 4:37,3626
1/27/2023 4:38,3876
1/27/2023 4:38,3776
1/27/2023 4:39,3654
1/27/2023 4:39,3669
1/27/2023 4:40,3628
1/27/2023 4:40,3696
1/27/2023 4:41,3621
1/27/2023 4:41,3485
1/27/2023 4:42,3829
1/27/2023 4:42,3645
1/27/2023 4:43,3630
1/27/2023 4:43,3397
1/27/2023 4:44,3781
1/27/2023 4:44,3537
1/27/2023 4:45,3791
1/27/2023 4:45,3764
1/27/2023 4:46,3607
1/27/2023 4:46,3537
1/27/2023 4:47,3604
1/27/2023 4:47,3546
1/27/2023 4:48,3462
1/27/2023 4:48,3553
1/27/2023 4:49,3704
1/27/2023 4:49,3445
1/27/2023 4:50,3845
1/27/2023 4:51,3862
1/27/2023 4:51,3592
1/27/2023 4:52,3819
1/27/2023 4:52,3594
1/27/2023 4:53,3662
1/27/2023 4:53,3501
1/27/2023 4:54,3478
1/27/2023 4:54,3853
1/27/2023 4:55,3702
1/27/2023 4:55,3511
1/27/2023 4:56,3706
1/27/2023 4:56,3781
1/27/2023 4:57,3534
1/27/2023 4:57,3780
1/27/2023 4:58,3537
1/27/2023 4:58,3813
1/27/2023 4:59,3687
1/27/2023 4:59,3694
1/27/2023 5:00,3706
1/27/2023 5:00,3618
1/27/2023 5:01,3789
1/27/2023 5:01,3702
1/27/2023 5:02,3349
1/27/2023 5:02,3781
1/27/2023 5:03,3721
1/27/2023 5:03,3645
1/27/2023 5:04,3748
1/27/2023 5:04,3679
1/27/2023 5:05,3551
1/27/2023 5:05,3609
1/27/2023 5:06,3478
1/27/2023 5:06,3783
1/27/2023 5:07,3633
1/27/2023 5:07,3807
1/27/2023 5:08,3652
1/27/2023 5:08,3652
1/27/2023 5:09,3729
1/27/2023 5:09,3537
1/27/2023 5:10,3689
1/27/2023 5:10,3388
1/27/2023 5:11,3746
1/27/2023 5:11,3534
1/27/2023 5:12,3803
1/27/2023 5:12,3494
1/27/2023 5:13,3696
1/27/2023 5:13,3739
1/27/2023 5:14,3845
1/27/2023 5:14,3776
1/27/2023 5:15,3511
1/27/2023 5:15,3799
1/27/2023 5:16,3527
1/27/2023 5:16,3819
1/27/2023 5:17,3669
1/27/2023 5:18,3582
1/27/2023 5:18,3506
1/27/2023 5:19,3853
1/27/2023 5:19,3628
1/27/2023 5:20,3494
1/27/2023 5:20,3469
1/27/2023 5:21,3501
1/27/2023 5:21,3696
1/27/2023 5:22,3645
1/27/2023 5:22,3714
1/27/2023 5:23,3739
1/27/2023 5:23,3302
1/27/2023 5:24,3652
1/27/2023 5:24,3990
1/27/2023 5:25,3594
1/27/2023 5:25,3760
1/27/2023 5:26,3494
1/27/2023 5:26,3837
1/27/2023 5:27,3766
1/27/2023 5:27,3983
1/27/2023 5:28,3645
1/27/2023 5:28,3748
1/27/2023 5:29,3585
1/27/2023 5:29,3721
1/27/2023 5:30,3662
1/27/2023 5:30,3551
1/27/2023 5:31,3621
1/27/2023 5:31,3618
1/27/2023 5:32,3537
1/27/2023 5:32,3687
1/27/2023 5:33,3551
1/27/2023 5:33,3801
1/27/2023 5:34,3731
1/27/2023 5:34,3561
1/27/2023 5:35,3635
1/27/2023 5:35,3706
1/27/2023 5:36,3704
1/27/2023 5:36,3774
1/27/2023 5:37,3611
1/27/2023 5:37,3635
1/27/2023 5:38,3485
1/27/2023 5:38,3731
1/27/2023 5:39,3846
1/27/2023 5:39,3685
1/27/2023 5:40,3397
1/27/2023 5:40,3845
1/27/2023 5:41,3694
1/27/2023 5:41,3845
1/27/2023 5:42,3783
1/27/2023 5:42,3349
1/27/2023 5:43,3748
1/27/2023 5:43,3669
1/27/2023 5:44,3594
1/27/2023 5:45,3890
1/27/2023 5:45,3764
1/27/2023 5:46,3544
1/27/2023 5:46,3829
1/27/2023 5:47,3696
1/27/2023 5:47,3518
1/27/2023 5:48,3677
1/27/2023 5:48,3789
1/27/2023 5:49,3862
1/27/2023 5:49,3494
1/27/2023 5:50,3696
1/27/2023 5:50,3611
1/27/2023 5:51,3731
1/27/2023 5:51,3585
1/27/2023 5:52,3776
1/27/2023 5:52,3459
1/27/2023 5:53,3618
1/27/2023 5:53,3689
1/27/2023 5:54,3551
1/27/2023 5:54,3637
1/27/2023 5:55,3318
1/27/2023 5:55,3652
1/27/2023 5:56,3854
1/27/2023 5:56,3731
1/27/2023 5:57,3527
1/27/2023 5:57,3365
1/27/2023 5:58,3758
1/27/2023 5:58,3756
1/27/2023 5:59,3485
1/27/2023 5:59,3679
1/27/2023 6:00,3590
1/27/2023 6:00,3388
1/27/2023 6:01,3647
1/27/2023 6:01,3783
1/27/2023 6:02,3845
1/27/2023 6:02,3997
1/27/2023 6:03,3689
1/27/2023 6:03,3542
1/27/2023 6:04,3692
1/27/2023 6:04,3776
1/27/2023 6:05,3791
1/27/2023 6:05,3561
1/27/2023 6:06,3731
1/27/2023 6:06,3637
1/27/2023 6:07,3890
1/27/2023 6:07,3616
1/27/2023 6:08,3429
1/27/2023 6:08,3660
1/27/2023 6:09,3899
1/27/2023 6:09,3925
1/27/2023 6:10,3594
1/27/2023 6:10,3746
1/27/2023 6:11,3721
1/27/2023 6:12,3746
1/27/2023 6:12,3397
1/27/2023 6:13,3687
1/27/2023 6:13,3739
1/27/2023 6:14,3889
1/27/2023 6:14,3817
1/27/2023 6:15,3846
1/27/2023 6:15,3807
1/27/2023 6:16,3397
1/27/2023 6:16,3862
1/27/2023 6:17,3714
1/27/2023 6:17,3729
1/27/2023 6:18,3774
1/27/2023 6:18,3845
1/27/2023 6:19,3799
1/27/2023 6:19,3664
1/27/2023 6:20,3568
1/27/2023 6:20,3568
1/27/2023 6:21,3803
1/27/2023 6:21,3677
1/27/2023 6:22,3618
1/27/2023 6:22,3837
1/27/2023 6:23,3494
1/27/2023 6:23,3662
1/27/2023 6:24,3643
1/27/2023 6:24,3776
1/27/2023 6:25,3687
1/27/2023 6:25,3643
1/27/2023 6:26,3854
1/27/2023 6:26,3628
1/27/2023 6:27,3561
1/27/2023 6:27,3672
1/27/2023 6:28,3672
1/27/2023 6:28,3501
1/27/2023 6:29,3772
1/27/2023 6:29,3692
1/27/2023 6:30,3714
1/27/2023 6:30,3420
1/27/2023 6:31,3817
1/27/2023 6:31,3630
1/27/2023 6:32,3672
1/27/2023 6:32,3766
1/27/2023 6:33,3694
1/27/2023 6:33,3837
1/27/2023 6:34,3764
1/27/2023 6:34,3706
1/27/2023 6:35,3561
1/27/2023 6:35,3696
1/27/2023 6:36,3817
1/27/2023 6:36,3544
1/27/2023 6:37,3721
1/27/2023 6:37,3861
1/27/2023 6:38,3652
1/27/2023 6:39,3862
1/27/2023 6:39,3615
1/27/2023 6:40,3660
1/27/2023 6:40,3654
1/27/2023 6:41,3962
1/27/2023 6:41,3819
1/27/2023 6:42,3756
1/27/2023 6:42,3819
1/27/2023 6:43,3837
1/27/2023 6:43,3801
1/27/2023 6:44,3932
1/27/2023 6:44,3760
1/27/2023 6:45,3907
1/27/2023 6:45,3854
1/27/2023 6:46,3551
1/27/2023 6:46,3508
1/27/2023 6:47,3799
1/27/2023 6:47,3880
1/27/2023 6:48,3641
1/27/2023 6:48,3835
1/27/2023 6:49,3696
1/27/2023 6:49,3575
1/27/2023 6:50,3669
1/27/2023 6:50,3615
1/27/2023 6:51,3915
1/27/2023 6:51,3712
1/27/2023 6:52,3618
1/27/2023 6:52,4017
1/27/2023 6:53,3827
1/27/2023 6:53,3845
1/27/2023 6:54,3741
1/27/2023 6:54,3853
1/27/2023 6:55,3819
1/27/2023 6:55,3643
1/27/2023 6:56,3764
1/27/2023 6:56,3492
1/27/2023 6:57,3558
1/27/2023 6:57,3525
1/27/2023 6:58,3669
1/27/2023 6:58,3566
1/27/2023 6:59,3748
1/27/2023 6:59,3872
1/27/2023 7:00,3568
1/27/2023 7:00,3789
1/27/2023 7:01,3672
1/27/2023 7:01,3604
1/27/2023 7:02,3809
1/27/2023 7:02,3793
1/27/2023 7:03,3719
1/27/2023 7:03,3704
1/27/2023 7:04,3854
1/27/2023 7:04,3756
1/27/2023 7:05,3817
1/27/2023 7:06,3635
1/27/2023 7:06,3862
1/27/2023 7:07,3825
1/27/2023 7:07,3662
1/27/2023 7:08,3764
1/27/2023 7:08,3817
1/27/2023 7:09,3662
1/27/2023 7:09,3829
1/27/2023 7:10,3662
1/27/2023 7:10,3687
1/27/2023 7:11,3714
1/27/2023 7:11,3817
1/27/2023 7:12,3687
1/27/2023 7:12,3783
1/27/2023 7:13,3494
1/27/2023 7:13,3827
1/27/2023 7:14,3635
1/27/2023 7:14,3568
1/27/2023 7:15,3845
1/27/2023 7:15,3594
1/27/2023 7:16,3889
1/27/2023 7:16,3819
1/27/2023 7:17,3397
1/27/2023 7:17,3809
1/27/2023 7:18,3756
1/27/2023 7:18,3752
1/27/2023 7:19,3835
1/27/2023 7:19,3829
1/27/2023 7:20,3696
1/27/2023 7:20,3872
1/27/2023 7:21,3890
1/27/2023 7:21,3790
1/27/2023 7:22,3781
1/27/2023 7:22,3679
1/27/2023 7:23,3793
1/27/2023 7:23,3662
1/27/2023 7:24,3630
1/27/2023 7:24,3801
1/27/2023 7:25,3739
1/27/2023 7:25,3570
1/27/2023 7:26,3714
1/27/2023 7:26,3827
1/27/2023 7:27,3689
1/27/2023 7:27,3611
1/27/2023 7:28,3723
1/27/2023 7:28,3404
1/27/2023 7:29,3445
1/27/2023 7:29,3714
1/27/2023 7:30,3635
1/27/2023 7:30,3829
1/27/2023 7:31,3471
1/27/2023 7:31,3801
1/27/2023 7:32,3587
1/27/2023 7:33,3733
1/27/2023 7:33,3698
1/27/2023 7:34,3731
1/27/2023 7:34,3783
1/27/2023 7:35,3864
1/27/2023 7:35,3837
1/27/2023 7:36,3573
1/27/2023 7:36,3511
1/27/2023 7:37,3654
1/27/2023 7:37,3662
1/27/2023 7:38,3791
1/27/2023 7:38,3645
1/27/2023 7:39,3577
1/27/2023 7:39,3645
1/27/2023 7:40,3679
1/27/2023 7:40,3662
1/27/2023 7:41,3880
1/27/2023 7:41,3827
1/27/2023 7:42,3721
1/27/2023 7:42,3741
1/27/2023 7:43,3945
1/27/2023 7:43,3972
1/27/2023 7:44,3918
1/27/2023 7:44,3872
1/27/2023 7:45,3731
1/27/2023 7:46,3908
1/27/2023 7:46,3854
1/27/2023 7:47,3819
1/27/2023 7:47,3741
1/27/2023 7:48,3811
1/27/2023 7:48,3621
1/27/2023 7:49,3672
1/27/2023 7:49,3829
1/27/2023 7:50,3871
1/27/2023 7:50,3801
1/27/2023 7:51,3731
1/27/2023 7:51,3748
1/27/2023 7:52,3662
1/27/2023 7:52,3696
1/27/2023 7:53,3801
1/27/2023 7:53,3768
1/27/2023 7:54,3731
1/27/2023 7:54,3927
1/27/2023 7:55,3494
1/27/2023 7:55,3702
1/27/2023 7:56,3677
1/27/2023 7:56,4000
1/27/2023 7:57,3862
1/27/2023 7:57,3774
1/27/2023 7:58,3613
1/27/2023 7:59,3864
1/27/2023 7:59,3520
1/27/2023 8:00,3566
1/27/2023 8:00,3783
1/27/2023 8:01,3594
1/27/2023 8:01,3714
1/27/2023 8:02,3604
1/27/2023 8:02,3666
1/27/2023 8:03,3662
1/27/2023 8:03,3429
1/27/2023 8:04,3672
1/27/2023 8:04,3577
1/27/2023 8:05,3760
1/27/2023 8:05,3669
1/27/2023 8:06,3652
1/27/2023 8:06,3497
1/27/2023 8:07,3478
1/27/2023 8:07,3714
1/27/2023 8:08,3708
1/27/2023 8:08,3696
1/27/2023 8:09,3594
1/27/2023 8:09,3628
1/27/2023 8:10,3748
1/27/2023 8:10,3706
1/27/2023 8:11,3596
1/27/2023 8:11,3677
1/27/2023 8:12,3645
1/27/2023 8:12,3554
1/27/2023 8:13,3821
1/27/2023 8:13,3570
1/27/2023 8:14,3854
1/27/2023 8:14,3647
1/27/2023 8:15,3621
1/27/2023 8:15,3829
1/27/2023 8:16,3404
1/27/2023 8:16,3758
1/27/2023 8:17,3838
1/27/2023 8:17,3596
1/27/2023 8:18,3748
1/27/2023 8:18,3776
1/27/2023 8:19,3664
1/27/2023 8:19,3657
1/27/2023 8:20,3681
1/27/2023 8:20,3553
1/27/2023 8:21,3647
1/27/2023 8:21,3708
1/27/2023 8:22,3645
1/27/2023 8:22,3689
1/27/2023 8:23,3455
1/27/2023 8:23,3681
1/27/2023 8:24,3568
1/27/2023 8:25,3563
1/27/2023 8:25,3758
1/27/2023 8:26,3647
1/27/2023 8:26,3556
1/27/2023 8:27,3553
1/27/2023 8:27,3813
1/27/2023 8:28,3829
1/27/2023 8:28,3811
1/27/2023 8:29,3698
1/27/2023 8:29,3691
1/27/2023 8:30,3910
1/27/2023 8:30,3551
1/27/2023 8:31,3829
1/27/2023 8:31,3623
1/27/2023 8:32,3563
1/27/2023 8:32,3497
1/27/2023 8:33,3900
1/27/2023 8:33,3848
1/27/2023 8:34,3768
1/27/2023 8:34,3785
1/27/2023 8:35,3455
1/27/2023 8:35,3716
1/27/2023 8:36,3580
1/27/2023 8:36,3737
1/27/2023 8:37,3672
1/27/2023 8:37,3435
1/27/2023 8:38,3733
1/27/2023 8:38,4029
1/27/2023 8:39,3674
1/27/2023 8:39,3803
1/27/2023 8:40,3829
1/27/2023 8:40,3480
1/27/2023 8:41,3274
1/27/2023 8:41,3580
1/27/2023 8:42,3478
1/27/2023 8:42,3546
1/27/2023 8:43,3416
1/27/2023 8:43,3530
1/27/2023 8:44,3846
1/27/2023 8:44,3708
1/27/2023 8:45,3750
1/27/2023 8:45,3900
1/27/2023 8:46,3400
1/27/2023 8:46,3628
1/27/2023 8:47,3830
1/27/2023 8:47,3846
1/27/2023 8:48,3733
1/27/2023 8:48,3822
1/27/2023 8:49,3698
1/27/2023 8:49,3666
1/27/2023 8:50,3874
1/27/2023 8:50,3813
1/27/2023 8:51,3572
1/27/2023 8:52,3685
1/27/2023 8:52,3864
1/27/2023 8:53,3589
1/27/2023 8:53,3640
1/27/2023 8:54,3752
1/27/2023 8:54,3630
1/27/2023 8:55,3664
1/27/2023 8:55,3691
1/27/2023 8:56,3613
1/27/2023 8:56,3716
1/27/2023 8:57,3621
1/27/2023 8:57,3563
1/27/2023 8:58,3599
1/27/2023 8:58,3725
1/27/2023 8:59,3858
1/27/2023 8:59,3813
1/27/2023 9:00,3681
1/27/2023 9:00,3672
1/27/2023 9:01,3698
1/27/2023 9:01,3657
1/27/2023 9:02,3716
1/27/2023 9:02,3925
1/27/2023 9:03,3621
1/27/2023 9:03,3448
1/27/2023 9:04,3471
1/27/2023 9:04,3776
1/27/2023 9:05,3657
1/27/2023 9:05,3654
1/27/2023 9:06,3513
1/27/2023 9:06,3783
1/27/2023 9:07,3956
1/27/2023 9:07,3725
1/27/2023 9:08,3530
1/27/2023 9:08,3698
1/27/2023 9:09,3666
1/27/2023 9:09,3441
1/27/2023 9:10,3783
1/27/2023 9:10,3582
1/27/2023 9:11,3409
1/27/2023 9:11,3793
1/27/2023 9:12,3735
1/27/2023 9:12,3580
1/27/2023 9:13,3448
1/27/2023 9:13,3664
1/27/2023 9:14,3725
1/27/2023 9:14,3706
1/27/2023 9:15,3910
1/27/2023 9:15,3672
1/27/2023 9:16,3565
1/27/2023 9:16,3779
1/27/2023 9:17,3852
1/27/2023 9:17,3613
1/27/2023 9:18,3664
1/27/2023 9:19,3716
1/27/2023 9:19,3681
1/27/2023 9:20,3689
1/27/2023 9:20,3657
1/27/2023 9:21,3830
1/27/2023 9:21,3666
1/27/2023 9:22,3733
1/27/2023 9:22,3910
1/27/2023 9:23,3630
1/27/2023 9:23,3698
1/27/2023 9:24,3669
1/27/2023 9:24,3480
1/27/2023 9:25,3630
1/27/2023 9:25,3683
1/27/2023 9:26,3553
1/27/2023 9:26,3537
1/27/2023 9:27,3425
1/27/2023 9:27,3551
1/27/2023 9:28,3676
1/27/2023 9:28,3795
1/27/2023 9:29,3920
1/27/2023 9:29,3575
1/27/2023 9:30,3400
1/27/2023 9:30,3647
1/27/2023 9:31,3539
1/27/2023 9:31,3551
1/27/2023 9:32,3735
1/27/2023 9:32,3563
1/27/2023 9:33,3750
1/27/2023 9:33,3632
1/27/2023 9:34,3666
1/27/2023 9:34,3743
1/27/2023 9:35,3698
1/27/2023 9:35,4095
1/27/2023 9:36,3681
1/27/2023 9:36,3497
1/27/2023 9:37,3698
1/27/2023 9:37,3741
1/27/2023 9:38,3615
1/27/2023 9:38,3710
1/27/2023 9:39,3789
1/27/2023 9:39,3596
1/27/2023 9:40,3813
1/27/2023 9:40,3760
1/27/2023 9:41,3807
1/27/2023 9:41,3803
1/27/2023 9:42,3733
1/27/2023 9:42,3606
1/27/2023 9:43,3632
1/27/2023 9:43,3672
1/27/2023 9:44,3589
1/27/2023 9:44,3640
1/27/2023 9:45,3762
1/27/2023 9:46,3676
1/27/2023 9:46,3615
1/27/2023 9:47,3752
1/27/2023 9:47,3735
1/27/2023 9:48,3832
1/27/2023 9:48,3606
1/27/2023 9:49,3813
1/27/2023 9:49,3691
1/27/2023 9:50,3274
1/27/2023 9:50,3700
1/27/2023 9:51,3700
1/27/2023 9:51,3572
1/27/2023 9:52,3386
1/27/2023 9:52,3848
1/27/2023 9:53,3735
1/27/2023 9:53,3803
1/27/2023 9:54,3411
1/27/2023 9:54,3589
1/27/2023 9:55,3948
1/27/2023 9:55,3660
1/27/2023 9:56,3649
1/27/2023 9:56,3683
1/27/2023 9:57,3676
1/27/2023 9:57,3743
1/27/2023 9:58,3876
1/27/2023 9:58,3492
1/27/2023 9:59,3708
1/27/2023 9:59,3480
1/27/2023 10:00,3649
1/27/2023 10:00,3803
1/27/2023 10:01,3910
1/27/2023 10:01,3700
1/27/2023 10:02,3640
1/27/2023 10:02,3735
1/27/2023 10:03,3752
1/27/2023 10:03,3770
1/27/2023 10:04,3718
1/27/2023 10:04,3848
1/27/2023 10:05,3666
1/27/2023 10:05,3567
1/27/2023 10:06,3698
1/27/2023 10:06,3858
1/27/2023 10:07,3860
1/27/2023 10:07,3632
1/27/2023 10:08,3642
1/27/2023 10:08,3795
1/27/2023 10:09,3858
1/27/2023 10:09,3735
1/27/2023 10:10,3793
1/27/2023 10:10,3848
1/27/2023 10:11,3606
1/27/2023 10:11,3681
1/27/2023 10:12,3666
1/27/2023 10:13,3702
1/27/2023 10:13,3572
1/27/2023 10:14,3623
1/27/2023 10:14,3848
1/27/2023 10:15,3640
1/27/2023 10:15,3795
1/27/2023 10:16,3840
1/27/2023 10:16,3777
1/27/2023 10:17,3821
1/27/2023 10:17,3793
1/27/2023 10:18,3866
1/27/2023 10:18,3762
1/27/2023 10:19,3956
1/27/2023 10:19,3649
1/27/2023 10:20,3572
1/27/2023 10:20,3884
1/27/2023 10:21,3787
1/27/2023 10:21,3781
1/27/2023 10:22,3752
1/27/2023 10:22,3700
1/27/2023 10:23,3876
1/27/2023 10:23,3832
1/27/2023 10:24,3418
1/27/2023 10:24,3955
1/27/2023 10:25,3698
1/27/2023 10:25,3795
1/27/2023 10:26,3467
1/27/2023 10:26,3760
1/27/2023 10:27,3693
1/27/2023 10:27,3632
1/27/2023 10:28,3803
1/27/2023 10:28,3770
1/27/2023 10:29,3760
1/27/2023 10:29,3770
1/27/2023 10:30,3693
1/27/2023 10:30,3691
1/27/2023 10:31,3674
1/27/2023 10:31,3718
1/27/2023 10:32,3615
1/27/2023 10:32,3928
1/27/2023 10:33,3691
1/27/2023 10:33,3556
1/27/2023 10:34,3613
1/27/2023 10:34,3664
1/27/2023 10:35,3710
1/27/2023 10:35,3787
1/27/2023 10:36,3813
1/27/2023 10:36,3618
1/27/2023 10:37,3787
1/27/2023 10:37,3700
1/27/2023 10:38,3902
1/27/2023 10:39,3716
1/27/2023 10:39,3664
1/27/2023 10:40,3649
1/27/2023 10:40,3698
1/27/2023 10:41,3805
1/27/2023 10:41,3506
1/27/2023 10:42,3760
1/27/2023 10:42,3741
1/27/2023 10:43,3876
1/27/2023 10:43,3464
1/27/2023 10:44,3797
1/27/2023 10:44,3640
1/27/2023 10:45,3674
1/27/2023 10:45,3760
1/27/2023 10:46,3876
1/27/2023 10:46,3544
1/27/2023 10:47,3805
1/27/2023 10:47,3848
1/27/2023 10:48,3756
1/27/2023 10:48,3785
1/27/2023 10:49,3714
1/27/2023 10:49,3785
1/27/2023 10:50,3811
1/27/2023 10:50,3718
1/27/2023 10:51,3948
1/27/2023 10:51,3556
1/27/2023 10:52,3917
1/27/2023 10:52,3700
1/27/2023 10:53,3640
1/27/2023 10:53,3539
1/27/2023 10:54,3910
1/27/2023 10:54,3752
1/27/2023 10:55,3803
1/27/2023 10:55,3758
1/27/2023 10:56,3856
1/27/2023 10:56,3856
1/27/2023 10:57,3613
1/27/2023 10:57,3735
1/27/2023 10:58,3750
1/27/2023 10:58,3760
1/27/2023 10:59,3894
1/27/2023 10:59,3874
1/27/2023 11:00,3882
1/27/2023 11:00,3910
1/27/2023 11:01,3727
1/27/2023 11:01,3965
1/27/2023 11:02,3700
1/27/2023 11:02,3795
1/27/2023 11:03,3803
1/27/2023 11:03,3725
1/27/2023 11:04,3735
1/27/2023 11:04,3803
1/27/2023 11:05,3856
1/27/2023 11:06,3760
1/27/2023 11:06,3674
1/27/2023 11:07,3664
1/27/2023 11:07,3902
1/27/2023 11:08,3439
1/27/2023 11:08,3830
1/27/2023 11:09,3965
1/27/2023 11:09,3813
1/27/2023 11:10,3668
1/27/2023 11:10,3811
1/27/2023 11:11,3490
1/27/2023 11:11,3691
1/27/2023 11:12,3448
1/27/2023 11:12,3718
1/27/2023 11:13,3946
1/27/2023 11:13,3883
1/27/2023 11:14,3716
1/27/2023 11:14,3678
1/27/2023 11:15,3787
1/27/2023 11:15,3760
1/27/2023 11:16,3587
1/27/2023 11:16,3822
1/27/2023 11:17,3884
1/27/2023 11:17,3674
1/27/2023 11:18,3864
1/27/2023 11:18,3902
1/27/2023 11:19,3768
1/27/2023 11:19,3530
1/27/2023 11:20,3733
1/27/2023 11:20,3700
1/27/2023 11:21,3910
1/27/2023 11:21,3343
1/27/2023 11:22,3884
1/27/2023 11:22,3811
1/27/2023 11:23,3838
1/27/2023 11:23,3613
1/27/2023 11:24,3856
1/27/2023 11:24,3762
1/27/2023 11:25,3623
1/27/2023 11:25,3556
1/27/2023 11:26,3821
1/27/2023 11:26,3407
1/27/2023 11:27,3783
1/27/2023 11:27,3743
1/27/2023 11:28,3718
1/27/2023 11:28,3884
1/27/2023 11:29,3822
1/27/2023 11:29,3760
1/27/2023 11:30,3606
1/27/2023 11:30,3523
1/27/2023 11:31,3930
1/27/2023 11:31,3905
1/27/2023 11:32,3733
1/27/2023 11:33,3848
1/27/2023 11:33,3752
1/27/2023 11:34,3787
1/27/2023 11:34,3768
1/27/2023 11:35,3892
1/27/2023 11:35,3795
1/27/2023 11:36,3654
1/27/2023 11:36,3725
1/27/2023 11:37,3777
1/27/2023 11:37,3608
1/27/2023 11:38,3813
1/27/2023 11:38,3938
1/27/2023 11:39,3846
1/27/2023 11:39,3674
1/27/2023 11:40,3840
1/27/2023 11:40,3691
1/27/2023 11:41,3956
1/27/2023 11:41,3856
1/27/2023 11:42,3647
1/27/2023 11:42,3760
1/27/2023 11:43,3805
1/27/2023 11:43,3793
1/27/2023 11:44,3902
1/27/2023 11:44,3777
1/27/2023 11:45,3770
1/27/2023 11:45,3830
1/27/2023 11:46,3647
1/27/2023 11:46,3731
1/27/2023 11:47,3613
1/27/2023 11:47,3725
1/27/2023 11:48,3776
1/27/2023 11:48,3613
1/27/2023 11:49,3882
1/27/2023 11:49,3795
1/27/2023 11:50,3795
1/27/2023 11:50,3878
1/27/2023 11:51,3681
1/27/2023 11:51,3664
1/27/2023 11:52,3838
1/27/2023 11:52,3716
1/27/2023 11:53,3795
1/27/2023 11:53,3733
1/27/2023 11:54,3777
1/27/2023 11:54,3992
1/27/2023 11:55,3662
1/27/2023 11:55,3413
1/27/2023 11:56,3553
1/27/2023 11:56,3846
1/27/2023 11:57,3706
1/27/2023 11:57,3856
1/27/2023 11:58,3785
1/27/2023 11:58,3811
1/27/2023 11:59,3768
1/27/2023 12:00,3596
1/27/2023 12:00,3698
1/27/2023 12:01,3716
1/27/2023 12:01,3762
1/27/2023 12:02,3758
1/27/2023 12:02,3874
1/27/2023 12:03,3882
1/27/2023 12:03,3840
1/27/2023 12:04,3553
1/27/2023 12:04,3741
1/27/2023 12:05,3750
1/27/2023 12:05,3725
1/27/2023 12:06,3884
1/27/2023 12:06,3704
1/27/2023 12:07,3866
1/27/2023 12:07,3556
1/27/2023 12:08,3777
1/27/2023 12:08,3993
1/27/2023 12:09,3785
1/27/2023 12:09,3647
1/27/2023 12:10,3556
1/27/2023 12:10,3813
1/27/2023 12:11,3777
1/27/2023 12:11,3830
1/27/2023 12:12,3513
1/27/2023 12:12,3884
1/27/2023 12:13,3829
1/27/2023 12:13,3572
1/27/2023 12:14,3785
1/27/2023 12:14,3497
1/27/2023 12:15,3830
1/27/2023 12:15,3856
1/27/2023 12:16,3821
1/27/2023 12:16,3783
1/27/2023 12:17,3604
1/27/2023 12:17,3674
1/27/2023 12:18,3874
1/27/2023 12:18,3632
1/27/2023 12:19,3689
1/27/2023 12:19,3589
1/27/2023 12:20,3894
1/27/2023 12:20,3613
1/27/2023 12:21,3760
1/27/2023 12:21,3640
1/27/2023 12:22,3777
1/27/2023 12:22,3681
1/27/2023 12:23,3830
1/27/2023 12:23,3637
1/27/2023 12:24,3838
1/27/2023 12:24,3716
1/27/2023 12:25,3821
1/27/2023 12:26,3956
1/27/2023 12:26,3848
1/27/2023 12:27,3787
1/27/2023 12:27,3770
1/27/2023 12:28,3821
1/27/2023 12:28,3752
1/27/2023 12:29,3666
1/27/2023 12:29,3544
1/27/2023 12:30,3725
1/27/2023 12:30,3910
1/27/2023 12:31,3902
1/27/2023 12:31,3805
1/27/2023 12:32,3900
1/27/2023 12:32,3750
1/27/2023 12:33,3518
1/27/2023 12:33,3580
1/27/2023 12:34,3718
1/27/2023 12:34,3768
1/27/2023 12:35,3652
1/27/2023 12:35,3666
1/27/2023 12:36,3700
1/27/2023 12:36,3725
1/27/2023 12:37,3716
1/27/2023 12:37,3777
1/27/2023 12:38,3884
1/27/2023 12:38,3884
1/27/2023 12:39,3822
1/27/2023 12:39,3691
1/27/2023 12:40,3876
1/27/2023 12:40,3866
1/27/2023 12:41,3572
1/27/2023 12:41,3768
1/27/2023 12:42,3691
1/27/2023 12:42,3604
1/27/2023 12:43,3785
1/27/2023 12:43,3776
1/27/2023 12:44,3700
1/27/2023 12:44,3698
1/27/2023 12:45,3785
1/27/2023 12:45,3965
1/27/2023 12:46,3718
1/27/2023 12:46,3718
1/27/2023 12:47,3689
1/27/2023 12:47,3708
1/27/2023 12:48,3902
1/27/2023 12:48,3563
1/27/2023 12:49,3910
1/27/2023 12:49,3907
1/27/2023 12:50,3427
1/27/2023 12:50,3965
1/27/2023 12:51,3700
1/27/2023 12:51,3457
1/27/2023 12:52,3549
1/27/2023 12:53,3544
1/27/2023 12:53,3793
1/27/2023 12:54,3657
1/27/2023 12:54,3556
1/27/2023 12:55,3797
1/27/2023 12:55,3902
1/27/2023 12:56,3649
1/27/2023 12:56,4011
1/27/2023 12:57,3513
1/27/2023 12:57,3683
1/27/2023 12:58,3764
1/27/2023 12:58,3803
1/27/2023 12:59,3760
1/27/2023 12:59,3708
1/27/2023 13:00,3936
1/27/2023 13:00,3716
1/27/2023 13:01,3956
1/27/2023 13:01,3743
1/27/2023 13:02,3553
1/27/2023 13:02,3752
1/27/2023 13:03,3821
1/27/2023 13:03,3874
1/27/2023 13:04,3589
1/27/2023 13:04,3572
1/27/2023 13:05,3760
1/27/2023 13:05,3795
1/27/2023 13:06,3735
1/27/2023 13:06,3770
1/27/2023 13:07,3795
1/27/2023 13:07,3725
1/27/2023 13:08,3813
1/27/2023 13:08,3630
1/27/2023 13:09,3448
1/27/2023 13:09,3829
1/27/2023 13:10,3902
1/27/2023 13:10,3803
1/27/2023 13:11,3725
1/27/2023 13:11,3787
1/27/2023 13:12,3549
1/27/2023 13:12,3912
1/27/2023 13:13,3848
1/27/2023 13:13,3674
1/27/2023 13:14,3768
1/27/2023 13:14,3563
1/27/2023 13:15,3525
1/27/2023 13:15,3741
1/27/2023 13:16,3721
1/27/2023 13:16,4020
1/27/2023 13:17,3546
1/27/2023 13:17,3563
1/27/2023 13:18,3897
1/27/2023 13:18,3725
1/27/2023 13:19,3570
1/27/2023 13:20,3698
1/27/2023 13:20,3938
1/27/2023 13:21,3630
1/27/2023 13:21,3733
1/27/2023 13:22,3681
1/27/2023 13:22,3892
1/27/2023 13:23,3874
1/27/2023 13:23,3890
1/27/2023 13:24,3894
1/27/2023 13:24,3402
1/27/2023 13:25,3920
1/27/2023 13:25,3647
1/27/2023 13:26,3582
1/27/2023 13:26,3642
1/27/2023 13:27,3530
1/27/2023 13:27,3733
1/27/2023 13:28,3506
1/27/2023 13:28,3657
1/27/2023 13:29,3666
1/27/2023 13:29,3657
1/27/2023 13:30,3725
1/27/2023 13:30,3760
1/27/2023 13:31,3683
1/27/2023 13:31,3928
1/27/2023 13:32,3556
1/27/2023 13:32,3691
1/27/2023 13:33,3920
1/27/2023 13:33,3830
1/27/2023 13:34,3803
1/27/2023 13:34,3480
1/27/2023 13:35,3830
1/27/2023 13:35,3892
1/27/2023 13:36,3776
1/27/2023 13:36,3708
1/27/2023 13:37,3874
1/27/2023 13:37,3874
1/27/2023 13:38,3902
1/27/2023 13:38,3884
1/27/2023 13:39,3813
1/27/2023 13:39,3572
1/27/2023 13:40,3866
1/27/2023 13:40,3760
1/27/2023 13:41,3657
1/27/2023 13:41,3900
1/27/2023 13:42,3710
1/27/2023 13:42,3822
1/27/2023 13:43,3721
1/27/2023 13:43,3556
1/27/2023 13:44,3945
1/27/2023 13:44,3647
1/27/2023 13:45,3582
1/27/2023 13:45,3570
1/27/2023 13:46,3821
1/27/2023 13:47,3956
1/27/2023 13:47,3917
1/27/2023 13:48,3708
1/27/2023 13:48,3848
1/27/2023 13:49,3647
1/27/2023 13:49,3795
1/27/2023 13:50,3779
1/27/2023 13:50,3768
1/27/2023 13:51,3872
1/27/2023 13:51,3830
1/27/2023 13:52,3955
1/27/2023 13:52,3691
1/27/2023 13:53,3632
1/27/2023 13:53,3902
1/27/2023 13:54,3777
1/27/2023 13:54,3572
1/27/2023 13:55,3811
1/27/2023 13:55,3785
1/27/2023 13:56,3946
1/27/2023 13:56,3623
1/27/2023 13:57,3685
1/27/2023 13:57,3811
1/27/2023 13:58,3760
1/27/2023 13:58,3768
1/27/2023 13:59,3846
1/27/2023 13:59,3693
1/27/2023 14:00,3866
1/27/2023 14:00,3691
1/27/2023 14:01,3700
1/27/2023 14:01,3708
1/27/2023 14:02,3637
1/27/2023 14:02,3848
1/27/2023 14:03,3760
1/27/2023 14:03,3556
1/27/2023 14:04,3556
1/27/2023 14:04,3776
1/27/2023 14:05,3733
1/27/2023 14:05,3912
1/27/2023 14:06,3758
1/27/2023 14:06,3748
1/27/2023 14:07,3580
1/27/2023 14:07,3902
1/27/2023 14:08,3700
1/27/2023 14:08,3681
1/27/2023 14:09,3813
1/27/2023 14:09,3570
1/27/2023 14:10,3599
1/27/2023 14:10,3718
1/27/2023 14:11,3819
1/27/2023 14:11,3858
1/27/2023 14:12,3725
1/27/2023 14:12,3866
1/27/2023 14:13,3795
1/27/2023 14:14,3710
1/27/2023 14:14,4020
1/27/2023 14:15,3758
1/27/2023 14:15,3523
1/27/2023 14:16,3441
1/27/2023 14:16,3838
1/27/2023 14:17,3768
1/27/2023 14:17,3725
1/27/2023 14:18,3884
1/27/2023 14:18,3441
1/27/2023 14:19,3716
1/27/2023 14:19,3659
1/27/2023 14:20,3623
1/27/2023 14:20,3795
1/27/2023 14:21,3659
1/27/2023 14:21,3750
1/27/2023 14:22,3674
1/27/2023 14:22,3725
1/27/2023 14:23,3866
1/27/2023 14:23,3252
1/27/2023 14:24,3558
1/27/2023 14:24,3684
1/27/2023 14:25,3460
1/27/2023 14:25,3708
1/27/2023 14:26,3776
1/27/2023 14:26,3750
1/27/2023 14:27,3647
1/27/2023 14:27,3556
1/27/2023 14:28,3813
1/27/2023 14:28,3674
1/27/2023 14:29,3516
1/27/2023 14:29,3803
1/27/2023 14:30,3876
1/27/2023 14:30,3708
1/27/2023 14:31,3758
1/27/2023 14:31,3772
1/27/2023 14:32,3735
1/27/2023 14:32,3814
1/27/2023 14:33,3657
1/27/2023 14:33,3563
1/27/2023 14:34,3716
1/27/2023 14:34,3813
1/27/2023 14:35,3649
1/27/2023 14:35,3733
1/27/2023 14:36,3776
1/27/2023 14:36,3946
1/27/2023 14:37,3621
1/27/2023 14:37,3723
1/27/2023 14:38,3750
1/27/2023 14:38,3813
1/27/2023 14:39,3733
1/27/2023 14:40,3821
1/27/2023 14:40,3657
1/27/2023 14:41,3876
1/27/2023 14:41,3708
1/27/2023 14:42,3691
1/27/2023 14:42,3787
1/27/2023 14:43,3640
1/27/2023 14:43,3654
1/27/2023 14:44,3760
1/27/2023 14:44,3813
1/27/2023 14:45,3698
1/27/2023 14:45,4114
1/27/2023 14:46,3683
1/27/2023 14:46,3698
1/27/2023 14:47,3785
1/27/2023 14:47,3830
1/27/2023 14:48,3691
1/27/2023 14:48,3693
1/27/2023 14:49,3848
1/27/2023 14:49,3902
1/27/2023 14:50,3902
1/27/2023 14:50,3821
1/27/2023 14:51,3589
1/27/2023 14:51,3691
1/27/2023 14:52,3840
1/27/2023 14:52,3632
1/27/2023 14:53,3657
1/27/2023 14:53,4013
1/27/2023 14:54,3814
1/27/2023 14:54,3787
1/27/2023 14:55,3813
1/27/2023 14:55,3819
1/27/2023 14:56,3706
1/27/2023 14:56,3760
1/27/2023 14:57,3838
1/27/2023 14:57,3506
1/27/2023 14:58,3866
1/27/2023 14:58,3829
1/27/2023 14:59,3613
1/27/2023 14:59,3640
1/27/2023 15:00,3918
1/27/2023 15:00,3837
1/27/2023 15:01,3527
1/27/2023 15:01,3640
1/27/2023 15:02,3733
1/27/2023 15:02,3432
1/27/2023 15:03,3785
1/27/2023 15:03,3948
1/27/2023 15:04,3813
1/27/2023 15:04,3750
1/27/2023 15:05,3803
1/27/2023 15:05,3866
1/27/2023 15:06,3623
1/27/2023 15:07,3813
1/27/2023 15:07,4030
1/27/2023 15:08,3910
1/27/2023 15:08,3700
1/27/2023 15:09,3866
1/27/2023 15:09,3795
1/27/2023 15:10,3750
1/27/2023 15:10,3681
1/27/2023 15:11,3630
1/27/2023 15:11,3965
1/27/2023 15:12,3840
1/27/2023 15:12,3866
1/27/2023 15:13,3649
1/27/2023 15:13,3874
1/27/2023 15:14,3830
1/27/2023 15:14,3785
1/27/2023 15:15,3777
1/27/2023 15:15,3683
1/27/2023 15:16,3848
1/27/2023 15:16,3948
1/27/2023 15:17,3623
1/27/2023 15:17,3666
1/27/2023 15:18,3963
1/27/2023 15:18,3785
1/27/2023 15:19,3777
1/27/2023 15:19,3864
1/27/2023 15:20,3920
1/27/2023 15:20,3750
1/27/2023 15:21,3985
1/27/2023 15:21,3689
1/27/2023 15:22,3830
1/27/2023 15:22,3946
1/27/2023 15:23,3830
1/27/2023 15:23,3874
1/27/2023 15:24,3666
1/27/2023 15:24,3966
1/27/2023 15:25,3708
1/27/2023 15:25,3725
1/27/2023 15:26,3777
1/27/2023 15:26,3864
1/27/2023 15:27,3777
1/27/2023 15:27,3768
1/27/2023 15:28,3902
1/27/2023 15:28,3657
1/27/2023 15:29,3920
1/27/2023 15:29,3691
1/27/2023 15:30,3848
1/27/2023 15:30,3606
1/27/2023 15:31,3613
1/27/2023 15:31,3848
1/27/2023 15:32,3640
1/27/2023 15:32,3866
1/27/2023 15:33,3632
1/27/2023 15:34,3902
1/27/2023 15:34,3920
1/27/2023 15:35,3760
1/27/2023 15:35,3758
1/27/2023 15:36,3894
1/27/2023 15:36,3892
1/27/2023 15:37,3848
1/27/2023 15:37,3630
1/27/2023 15:38,3649
1/27/2023 15:38,3623
1/27/2023 15:39,3795
1/27/2023 15:39,3884
1/27/2023 15:40,3750
1/27/2023 15:40,3976
1/27/2023 15:41,3516
1/27/2023 15:41,3791
1/27/2023 15:42,3718
1/27/2023 15:42,3894
1/27/2023 15:43,3691
1/27/2023 15:43,3840
1/27/2023 15:44,3912
1/27/2023 15:44,3735
1/27/2023 15:45,3795
1/27/2023 15:45,3976
1/27/2023 15:46,4057
1/27/2023 15:46,3827
1/27/2023 15:47,3912
1/27/2023 15:47,3882
1/27/2023 15:48,3910
1/27/2023 15:48,3647
1/27/2023 15:49,3813
1/27/2023 15:49,3664
1/27/2023 15:50,3768
1/27/2023 15:50,3785
1/27/2023 15:51,3777
1/27/2023 15:51,3691
1/27/2023 15:52,3876
1/27/2023 15:52,3760
1/27/2023 15:53,3797
1/27/2023 15:53,3976
1/27/2023 15:54,3854
1/27/2023 15:54,3858
1/27/2023 15:55,3892
1/27/2023 15:55,3918
1/27/2023 15:56,3506
1/27/2023 15:56,3848
1/27/2023 15:57,3596
1/27/2023 15:57,3698
1/27/2023 15:58,3640
1/27/2023 15:58,3647
1/27/2023 15:59,3691
1/27/2023 15:59,3956
1/27/2023 16:00,3613
1/27/2023 16:01,3770
1/27/2023 16:01,3630
1/27/2023 16:02,3779
1/27/2023 16:02,3698
1/27/2023 16:03,3838
1/27/2023 16:03,3856
1/27/2023 16:04,3884
1/27/2023 16:04,3844
1/27/2023 16:05,3553
1/27/2023 16:05,3892
1/27/2023 16:06,3587
1/27/2023 16:06,3637
1/27/2023 16:07,3716
1/27/2023 16:07,3731
1/27/2023 16:08,3681
1/27/2023 16:08,3813
1/27/2023 16:09,3691
1/27/2023 16:09,3946
1/27/2023 16:10,3696
1/27/2023 16:10,3928
1/27/2023 16:11,3647
1/27/2023 16:11,3704
1/27/2023 16:12,3750
1/27/2023 16:12,3654
1/27/2023 16:13,3848
1/27/2023 16:13,4057
1/27/2023 16:14,4013
1/27/2023 16:14,3882
1/27/2023 16:15,3464
1/27/2023 16:15,3965
1/27/2023 16:16,3575
1/27/2023 16:16,3900
1/27/2023 16:17,3882
1/27/2023 16:17,3698
1/27/2023 16:18,3610
1/27/2023 16:18,3497
1/27/2023 16:19,3591
1/27/2023 16:19,3606
1/27/2023 16:20,3537
1/27/2023 16:20,3474
1/27/2023 16:21,3457
1/27/2023 16:21,4049
1/27/2023 16:22,3775
1/27/2023 16:22,3840
1/27/2023 16:23,3572
1/27/2023 16:23,3900
1/27/2023 16:24,3882
1/27/2023 16:24,3733
1/27/2023 16:25,3691
1/27/2023 16:25,3946
1/27/2023 16:26,3793
1/27/2023 16:26,3716
1/27/2023 16:27,3572
1/27/2023 16:28,3920
1/27/2023 16:28,3838
1/27/2023 16:29,3856
1/27/2023 16:29,3752
1/27/2023 16:30,3813
1/27/2023 16:30,3487
1/27/2023 16:31,3649
1/27/2023 16:31,3674
1/27/2023 16:32,3745
1/27/2023 16:32,3623
1/27/2023 16:33,3606
1/27/2023 16:33,3750
1/27/2023 16:34,3733
1/27/2023 16:34,3735
1/27/2023 16:35,3894
1/27/2023 16:35,3783
1/27/2023 16:36,3608
1/27/2023 16:36,3716
1/27/2023 16:37,3623
1/27/2023 16:37,3632
1/27/2023 16:38,3758
1/27/2023 16:38,3892
1/27/2023 16:39,3664
1/27/2023 16:39,3770
1/27/2023 16:40,3768
1/27/2023 16:40,3644
1/27/2023 16:41,3894
1/27/2023 16:41,3785
1/27/2023 16:42,3594
1/27/2023 16:42,3764
1/27/2023 16:43,3666
1/27/2023 16:43,3928
1/27/2023 16:44,3920
1/27/2023 16:44,3768
1/27/2023 16:45,3848
1/27/2023 16:45,3791
1/27/2023 16:46,3946
1/27/2023 16:46,3649
1/27/2023 16:47,3968
1/27/2023 16:47,3797
1/27/2023 16:48,3785
1/27/2023 16:48,3647
1/27/2023 16:49,3813
1/27/2023 16:49,3768
1/27/2023 16:50,3910
1/27/2023 16:50,3708
1/27/2023 16:51,3762
1/27/2023 16:51,3716
1/27/2023 16:52,3674
1/27/2023 16:52,3762
1/27/2023 16:53,3613
1/27/2023 16:54,3572
1/27/2023 16:54,3674
1/27/2023 16:55,3856
1/27/2023 16:55,3884
1/27/2023 16:56,3920
1/27/2023 16:56,3785
1/27/2023 16:57,3718
1/27/2023 16:57,3687
1/27/2023 16:58,3930
1/27/2023 16:58,3698
1/27/2023 16:59,3698
1/27/2023 16:59,3768
1/27/2023 17:00,3700
1/27/2023 17:00,3848
1/27/2023 17:01,3795
1/27/2023 17:01,3758
1/27/2023 17:02,3813
1/27/2023 17:02,3728
1/27/2023 17:03,3760
1/27/2023 17:03,3750
1/27/2023 17:04,3532
1/27/2023 17:04,3674
1/27/2023 17:05,3714
1/27/2023 17:05,3700
1/27/2023 17:06,3572
1/27/2023 17:06,3698
1/27/2023 17:07,3787
1/27/2023 17:07,3691
1/27/2023 17:08,3848
1/27/2023 17:08,3777
1/27/2023 17:09,3787
1/27/2023 17:09,3787
1/27/2023 17:10,3830
1/27/2023 17:10,3830
1/27/2023 17:11,3743
1/27/2023 17:11,3838
1/27/2023 17:12,3829
1/27/2023 17:12,4001
1/27/2023 17:13,3563
1/27/2023 17:13,3768
1/27/2023 17:14,3640
1/27/2023 17:14,3821
1/27/2023 17:15,3681
1/27/2023 17:15,3613
1/27/2023 17:16,3946
1/27/2023 17:16,3708
1/27/2023 17:17,3735
1/27/2023 17:17,3532
1/27/2023 17:18,3743
1/27/2023 17:18,3760
1/27/2023 17:19,3640
1/27/2023 17:19,3811
1/27/2023 17:20,3556
1/27/2023 17:21,3938
1/27/2023 17:21,3698
1/27/2023 17:22,4095
1/27/2023 17:22,3938
1/27/2023 17:23,3797
1/27/2023 17:23,3884
1/27/2023 17:24,4086
1/27/2023 17:24,3630
1/27/2023 17:25,3676
1/27/2023 17:25,3830
1/27/2023 17:26,3920
1/27/2023 17:26,3822
1/27/2023 17:27,3770
1/27/2023 17:27,3892
1/27/2023 17:28,3623
1/27/2023 17:28,3674
1/27/2023 17:29,3714
1/27/2023 17:29,4067
1/27/2023 17:30,3910
1/27/2023 17:30,3725
1/27/2023 17:31,3674
1/27/2023 17:31,3813
1/27/2023 17:32,3813
1/27/2023 17:32,3821
1/27/2023 17:33,3900
1/27/2023 17:33,3845
1/27/2023 17:34,3917
1/27/2023 17:34,3797
1/27/2023 17:35,3930
1/27/2023 17:35,4003
1/27/2023 17:36,3783
1/27/2023 17:36,3737
1/27/2023 17:37,3733
1/27/2023 17:37,3894
1/27/2023 17:38,3840
1/27/2023 17:38,3965
1/27/2023 17:39,3525
1/27/2023 17:39,3829
1/27/2023 17:40,3700
1/27/2023 17:40,3822
1/27/2023 17:41,3965
1/27/2023 17:41,4029
1/27/2023 17:42,3776
1/27/2023 17:42,3733
1/27/2023 17:43,3910
1/27/2023 17:43,3689
1/27/2023 17:44,3589
1/27/2023 17:44,3871
1/27/2023 17:45,3743
1/27/2023 17:45,3640
1/27/2023 17:46,3743
1/27/2023 17:46,3803
1/27/2023 17:47,3657
1/27/2023 17:48,3874
1/27/2023 17:48,4001
1/27/2023 17:49,3864
1/27/2023 17:49,3596
1/27/2023 17:50,3530
1/27/2023 17:50,3647
1/27/2023 17:51,3803
1/27/2023 17:51,3733
1/27/2023 17:52,3928
1/27/2023 17:52,3725
1/27/2023 17:53,3956
1/27/2023 17:53,3760
1/27/2023 17:54,3882
1/27/2023 17:54,3750
1/27/2023 17:55,3928
1/27/2023 17:55,3936
1/27/2023 17:56,3856
1/27/2023 17:56,3787
1/27/2023 17:57,3821
1/27/2023 17:57,4095
1/27/2023 17:58,3664
1/27/2023 17:58,3876
1/27/2023 17:59,3623
1/27/2023 17:59,4010
1/27/2023 18:00,3936
1/27/2023 18:00,3892
1/27/2023 18:01,3910
1/27/2023 18:01,3770
1/27/2023 18:02,3750
1/27/2023 18:02,3918
1/27/2023 18:03,3716
1/27/2023 18:03,3830
1/27/2023 18:04,4011
1/27/2023 18:04,4057
1/27/2023 18:05,3570
1/27/2023 18:05,3637
1/27/2023 18:06,3760
1/27/2023 18:06,3892
1/27/2023 18:07,3741
1/27/2023 18:07,3691
1/27/2023 18:08,4047
1/27/2023 18:08,3681
1/27/2023 18:09,3723
1/27/2023 18:09,3864
1/27/2023 18:10,3956
1/27/2023 18:10,3563
1/27/2023 18:11,3955
1/27/2023 18:11,3787
1/27/2023 18:12,3805
1/27/2023 18:12,3760
1/27/2023 18:13,3910
1/27/2023 18:13,3908
1/27/2023 18:14,3766
1/27/2023 18:15,3838
1/27/2023 18:15,3672
1/27/2023 18:16,3791
1/27/2023 18:16,3733
1/27/2023 18:17,4010
1/27/2023 18:17,3821
1/27/2023 18:18,4000
1/27/2023 18:18,4020
1/27/2023 18:19,3892
1/27/2023 18:19,4010
1/27/2023 18:20,4143
1/27/2023 18:20,4133
1/27/2023 18:21,4010
1/27/2023 18:21,4039
1/27/2023 18:22,3912
1/27/2023 18:22,4076
1/27/2023 18:23,3768
1/27/2023 18:23,4020
1/27/2023 18:24,3735
1/27/2023 18:24,3813
1/27/2023 18:25,3866
1/27/2023 18:25,3809
1/27/2023 18:26,3750
1/27/2023 18:26,3768
1/27/2023 18:27,4049
1/27/2023 18:27,3664
1/27/2023 18:28,3768
1/27/2023 18:28,3972
1/27/2023 18:29,3830
1/27/2023 18:29,3880
1/27/2023 18:30,3975
1/27/2023 18:30,3910
1/27/2023 18:31,3880
1/27/2023 18:31,4004
1/27/2023 18:32,3779
1/27/2023 18:32,3956
1/27/2023 18:33,3664
1/27/2023 18:33,3785
1/27/2023 18:34,4123
1/27/2023 18:34,3803
1/27/2023 18:35,4001
1/27/2023 18:35,3698
1/27/2023 18:36,3858
1/27/2023 18:36,3848
1/27/2023 18:37,3674
1/27/2023 18:37,3938
1/27/2023 18:38,3731
1/27/2023 18:38,3856
1/27/2023 18:39,3928
1/27/2023 18:39,3741
1/27/2023 18:40,4161
1/27/2023 18:40,3716
1/27/2023 18:41,3973
1/27/2023 18:42,3910
1/27/2023 18:42,4057
1/27/2023 18:43,3777
1/27/2023 18:43,3983
1/27/2023 18:44,4001
1/27/2023 18:44,4075
1/27/2023 18:45,3813
1/27/2023 18:45,3821
1/27/2023 18:46,3662
1/27/2023 18:46,3723
1/27/2023 18:47,3938
1/27/2023 18:47,3848
1/27/2023 18:48,3846
1/27/2023 18:48,3803
1/27/2023 18:49,3821
1/27/2023 18:49,3848
1/27/2023 18:50,3754
1/27/2023 18:50,3900
1/27/2023 18:51,3813
1/27/2023 18:51,3777
1/27/2023 18:52,3848
1/27/2023 18:52,3856
1/27/2023 18:53,3983
1/27/2023 18:53,3785
1/27/2023 18:54,4001
1/27/2023 18:54,3803
1/27/2023 18:55,3838
1/27/2023 18:55,3838
1/27/2023 18:56,3539
1/27/2023 18:56,3710
1/27/2023 18:57,3516
1/27/2023 18:57,3760
1/27/2023 18:58,3866
1/27/2023 18:58,3819
1/27/2023 18:59,4189
1/27/2023 18:59,3866
1/27/2023 19:00,3892
1/27/2023 19:00,3725
1/27/2023 19:01,4114
1/27/2023 19:01,3803
1/27/2023 19:02,3892
1/27/2023 19:02,4094
1/27/2023 19:03,3840
1/27/2023 19:03,3785
1/27/2023 19:04,3956
1/27/2023 19:04,3910
1/27/2023 19:05,4001
1/27/2023 19:05,3760
1/27/2023 19:06,4095
1/27/2023 19:06,3819
1/27/2023 19:07,3733
1/27/2023 19:08,3822
1/27/2023 19:08,3874
1/27/2023 19:09,3918
1/27/2023 19:09,3613
1/27/2023 19:10,3674
1/27/2023 19:10,3892
1/27/2023 19:11,4095
1/27/2023 19:11,3928
1/27/2023 19:12,3497
1/27/2023 19:12,3606
1/27/2023 19:13,3785
1/27/2023 19:13,3582
1/27/2023 19:14,4047
1/27/2023 19:14,3856
1/27/2023 19:15,3760
1/27/2023 19:15,3716
1/27/2023 19:16,3920
1/27/2023 19:16,4003
1/27/2023 19:17,4011
1/27/2023 19:17,3838
1/27/2023 19:18,3902
1/27/2023 19:18,3850
1/27/2023 19:19,3777
1/27/2023 19:19,3664
1/27/2023 19:20,3760
1/27/2023 19:20,3838
1/27/2023 19:21,3681
1/27/2023 19:21,3856
1/27/2023 19:22,3830
1/27/2023 19:22,3866
1/27/2023 19:23,3884
1/27/2023 19:23,4020
1/27/2023 19:24,3946
1/27/2023 19:24,3830
1/27/2023 19:25,3928
1/27/2023 19:25,3752
1/27/2023 19:26,3803
1/27/2023 19:26,3821
1/27/2023 19:27,3946
1/27/2023 19:27,3938
1/27/2023 19:28,3750
1/27/2023 19:28,4077
1/27/2023 19:29,3983
1/27/2023 19:29,3894
1/27/2023 19:30,4133
1/27/2023 19:30,3777
1/27/2023 19:31,3938
1/27/2023 19:31,3785
1/27/2023 19:32,3785
1/27/2023 19:32,3750
1/27/2023 19:33,4060
1/27/2023 19:33,3615
1/27/2023 19:34,3764
1/27/2023 19:35,3975
1/27/2023 19:35,3840
1/27/2023 19:36,3992
1/27/2023 19:36,3691
1/27/2023 19:37,3965
1/27/2023 19:37,3649
1/27/2023 19:38,3992
1/27/2023 19:38,3983
1/27/2023 19:39,4102
1/27/2023 19:39,3902
1/27/2023 19:40,3854
1/27/2023 19:40,4020
1/27/2023 19:41,3813
1/27/2023 19:41,3530
1/27/2023 19:42,3760
1/27/2023 19:42,3866
1/27/2023 19:43,4077
1/27/2023 19:43,3813
1/27/2023 19:44,3940
1/27/2023 19:44,4001
1/27/2023 19:45,3664
1/27/2023 19:45,3623
1/27/2023 19:46,3910
1/27/2023 19:46,3795
1/27/2023 19:47,3866
1/27/2023 19:47,3856
1/27/2023 19:48,3946
1/27/2023 19:48,3768
1/27/2023 19:49,3868
1/27/2023 19:49,3930
1/27/2023 19:50,3892
1/27/2023 19:50,3892
1/27/2023 19:51,3640
1/27/2023 19:51,3674
1/27/2023 19:52,3993
1/27/2023 19:52,3830
1/27/2023 19:53,3848
1/27/2023 19:53,3902
1/27/2023 19:54,3654
1/27/2023 19:54,3630
1/27/2023 19:55,3513
1/27/2023 19:55,4020
1/27/2023 19:56,3917
1/27/2023 19:56,3783
1/27/2023 19:57,3814
1/27/2023 19:57,3813
1/27/2023 19:58,3945
1/27/2023 19:58,4037
1/27/2023 19:59,3983
1/27/2023 19:59,3779
1/27/2023 20:00,3848
1/27/2023 20:00,3621
1/27/2023 20:01,3821
1/27/2023 20:02,3874
1/27/2023 20:02,3760
1/27/2023 20:03,3830
1/27/2023 20:03,4114
1/27/2023 20:04,3910
1/27/2023 20:04,3838
1/27/2023 20:05,3575
1/27/2023 20:05,3572
1/27/2023 20:06,4039
1/27/2023 20:06,3666
1/27/2023 20:07,3785
1/27/2023 20:07,3876
1/27/2023 20:08,4124
1/27/2023 20:08,4114
1/27/2023 20:09,4001
1/27/2023 20:09,3830
1/27/2023 20:10,3848
1/27/2023 20:10,3640
1/27/2023 20:11,3750
1/27/2023 20:11,3805
1/27/2023 20:12,3683
1/27/2023 20:12,4104
1/27/2023 20:13,3760
1/27/2023 20:13,3838
1/27/2023 20:14,3985
1/27/2023 20:14,3716
1/27/2023 20:15,3733
1/27/2023 20:15,3558
1/27/2023 20:16,3830
1/27/2023 20:16,4162
1/27/2023 20:17,3716
1/27/2023 20:17,4030
1/27/2023 20:18,3946
1/27/2023 20:18,4056
1/27/2023 20:19,3725
1/27/2023 20:19,3900
1/27/2023 20:20,3637
1/27/2023 20:20,3760
1/27/2023 20:21,3735
1/27/2023 20:21,3894
1/27/2023 20:22,4200
1/27/2023 20:22,3565
1/27/2023 20:23,3708
1/27/2023 20:23,3985
1/27/2023 20:24,3894
1/27/2023 20:24,3868
1/27/2023 20:25,3894
1/27/2023 20:25,3787
1/27/2023 20:26,3708
1/27/2023 20:26,4057
1/27/2023 20:27,4030
1/27/2023 20:27,3698
1/27/2023 20:28,3760
1/27/2023 20:29,4020
1/27/2023 20:29,3848
1/27/2023 20:30,3876
1/27/2023 20:30,3884
1/27/2023 20:31,4066
1/27/2023 20:31,4105
1/27/2023 20:32,3973
1/27/2023 20:32,3681
1/27/2023 20:33,3752
1/27/2023 20:33,3720
1/27/2023 20:34,3824
1/27/2023 20:34,3725
1/27/2023 20:35,4065
1/27/2023 20:35,3902
1/27/2023 20:36,3777
1/27/2023 20:36,3866
1/27/2023 20:37,4023
1/27/2023 20:37,3860
1/27/2023 20:38,3779
1/27/2023 20:38,3858
1/27/2023 20:39,3760
1/27/2023 20:39,3553
1/27/2023 20:40,4076
1/27/2023 20:40,3822
1/27/2023 20:41,3822
1/27/2023 20:41,3813
1/27/2023 20:42,3718
1/27/2023 20:42,3611
1/27/2023 20:43,3725
1/27/2023 20:43,4075
1/27/2023 20:44,4057
1/27/2023 20:44,4057
1/27/2023 20:45,3840
1/27/2023 20:45,3803
1/27/2023 20:46,3822
1/27/2023 20:46,3975
1/27/2023 20:47,3894
1/27/2023 20:47,3774
1/27/2023 20:48,3708
1/27/2023 20:48,3813
1/27/2023 20:49,3869
1/27/2023 20:49,3938
1/27/2023 20:50,3902
1/27/2023 20:50,3689
1/27/2023 20:51,3948
1/27/2023 20:51,3858
1/27/2023 20:52,3920
1/27/2023 20:52,3530
1/27/2023 20:53,3497
1/27/2023 20:53,3795
1/27/2023 20:54,3752
1/27/2023 20:54,3948
1/27/2023 20:55,3956
1/27/2023 20:56,4114
1/27/2023 20:56,3868
1/27/2023 20:57,3951
1/27/2023 20:57,4102
1/27/2023 20:58,3850
1/27/2023 20:58,3768
1/27/2023 20:59,4104
1/27/2023 20:59,3874
1/27/2023 21:00,4059
1/27/2023 21:00,3920
1/27/2023 21:01,3777
1/27/2023 21:01,4097
1/27/2023 21:02,3956
1/27/2023 21:02,3948
1/27/2023 21:03,4001
1/27/2023 21:03,3930
1/27/2023 21:04,3700
1/27/2023 21:04,3874
1/27/2023 21:05,3938
1/27/2023 21:05,3691
1/27/2023 21:06,3756
1/27/2023 21:06,3894
1/27/2023 21:07,3902
1/27/2023 21:07,3789
1/27/2023 21:08,3928
1/27/2023 21:08,3822
1/27/2023 21:09,3848
1/27/2023 21:09,3834
1/27/2023 21:10,3760
1/27/2023 21:10,3946
1/27/2023 21:11,4020
1/27/2023 21:11,3838
1/27/2023 21:12,3848
1/27/2023 21:12,3866
1/27/2023 21:13,3846
1/27/2023 21:13,3741
1/27/2023 21:14,3993
1/27/2023 21:14,4115
1/27/2023 21:15,4181
1/27/2023 21:15,4049
1/27/2023 21:16,4040
1/27/2023 21:16,3995
1/27/2023 21:17,3858
1/27/2023 21:17,3718
1/27/2023 21:18,3838
1/27/2023 21:18,3959
1/27/2023 21:19,3733
1/27/2023 21:19,3777
1/27/2023 21:20,3894
1/27/2023 21:20,3840
1/27/2023 21:21,3708
1/27/2023 21:22,4020
1/27/2023 21:22,3846
1/27/2023 21:23,4057
1/27/2023 21:23,4181
1/27/2023 21:24,3866
1/27/2023 21:24,3830
1/27/2023 21:25,3938
1/27/2023 21:25,4143
1/27/2023 21:26,4039
1/27/2023 21:26,3832
1/27/2023 21:27,3693
1/27/2023 21:27,4039
1/27/2023 21:28,3930
1/27/2023 21:28,3813
1/27/2023 21:29,4030
1/27/2023 21:29,4086
1/27/2023 21:30,3632
1/27/2023 21:30,3572
1/27/2023 21:31,4124
1/27/2023 21:31,3948
1/27/2023 21:32,3868
1/27/2023 21:32,3813
1/27/2023 21:33,3795
1/27/2023 21:33,4049
1/27/2023 21:34,3813
1/27/2023 21:34,4001
1/27/2023 21:35,3805
1/27/2023 21:35,3700
1/27/2023 21:36,3777
1/27/2023 21:36,4114
1/27/2023 21:37,3955
1/27/2023 21:37,3975
1/27/2023 21:38,3912
1/27/2023 21:38,3760
1/27/2023 21:39,3993
1/27/2023 21:39,3821
1/27/2023 21:40,3948
1/27/2023 21:40,3647
1/27/2023 21:41,4134
1/27/2023 21:41,3938
1/27/2023 21:42,4086
1/27/2023 21:42,3866
1/27/2023 21:43,4031
1/27/2023 21:43,3912
1/27/2023 21:44,3848
1/27/2023 21:44,3821
1/27/2023 21:45,4104
1/27/2023 21:45,4153
1/27/2023 21:46,3902
1/27/2023 21:46,3830
1/27/2023 21:47,3876
1/27/2023 21:47,3805
1/27/2023 21:48,4144
1/27/2023 21:49,3795
1/27/2023 21:49,4049
1/27/2023 21:50,4095
1/27/2023 21:50,3993
1/27/2023 21:51,3846
1/27/2023 21:51,3920
1/27/2023 21:52,4220
1/27/2023 21:52,4067
1/27/2023 21:53,3884
1/27/2023 21:53,3956
1/27/2023 21:54,4114
1/27/2023 21:54,4191
1/27/2023 21:55,3876
1/27/2023 21:55,3956
1/27/2023 21:56,3666
1/27/2023 21:56,3902
1/27/2023 21:57,3858
1/27/2023 21:57,3948
1/27/2023 21:58,4211
1/27/2023 21:58,3760
1/27/2023 21:59,3912
1/27/2023 21:59,4239
1/27/2023 22:00,4067
1/27/2023 22:00,3856
1/27/2023 22:01,3993
1/27/2023 22:01,4026
1/27/2023 22:02,3920
1/27/2023 22:02,3930
1/27/2023 22:03,4172
1/27/2023 22:03,3884
1/27/2023 22:04,3993
1/27/2023 22:04,4080
1/27/2023 22:05,4039
1/27/2023 22:05,4152
1/27/2023 22:06,4081
1/27/2023 22:06,3822
1/27/2023 22:07,4124
1/27/2023 22:07,4040
1/27/2023 22:08,3918
1/27/2023 22:08,3948
1/27/2023 22:09,3805
1/27/2023 22:09,3884
1/27/2023 22:10,3920
1/27/2023 22:10,3797
1/27/2023 22:11,4162
1/27/2023 22:11,3708
1/27/2023 22:12,4030
1/27/2023 22:12,4151
1/27/2023 22:13,4059
1/27/2023 22:13,3822
1/27/2023 22:14,4153
1/27/2023 22:14,3795
1/27/2023 22:15,3822
1/27/2023 22:16,3779
1/27/2023 22:16,3776
1/27/2023 22:17,3803
1/27/2023 22:17,3805
1/27/2023 22:18,4001
1/27/2023 22:18,3813
1/27/2023 22:19,3975
1/27/2023 22:19,3904
1/27/2023 22:20,4003
1/27/2023 22:20,3912
1/27/2023 22:21,4001
1/27/2023 22:21,4020
1/27/2023 22:22,4030
1/27/2023 22:22,3902
1/27/2023 22:23,3840
1/27/2023 22:23,3902
1/27/2023 22:24,4096
1/27/2023 22:24,3993
1/27/2023 22:25,3813
1/27/2023 22:25,3948
1/27/2023 22:26,4029
1/27/2023 22:26,3858
1/27/2023 22:27,4049
1/27/2023 22:27,4040
1/27/2023 22:28,4001
1/27/2023 22:28,4030
1/27/2023 22:29,3985
1/27/2023 22:29,4134
1/27/2023 22:30,4059
1/27/2023 22:30,3727
1/27/2023 22:31,4095
1/27/2023 22:31,3930
1/27/2023 22:32,3956
1/27/2023 22:32,3623
1/27/2023 22:33,3965
1/27/2023 22:33,4077
1/27/2023 22:34,4020
1/27/2023 22:34,3910
1/27/2023 22:35,4030
1/27/2023 22:35,3787
1/27/2023 22:36,3822
1/27/2023 22:36,3958
1/27/2023 22:37,3912
1/27/2023 22:37,3884
1/27/2023 22:38,3848
1/27/2023 22:38,3856
1/27/2023 22:39,3930
1/27/2023 22:39,3910
1/27/2023 22:40,3858
1/27/2023 22:40,4086
1/27/2023 22:41,3821
1/27/2023 22:41,3743
1/27/2023 22:42,3884
1/27/2023 22:43,3743
1/27/2023 22:43,4021
1/27/2023 22:44,3856
1/27/2023 22:44,3821
1/27/2023 22:45,4200
1/27/2023 22:45,4125
1/27/2023 22:46,4114
1/27/2023 22:46,3956
1/27/2023 22:47,4030
1/27/2023 22:47,3652
1/27/2023 22:48,3848
1/27/2023 22:48,3892
1/27/2023 22:49,4021
1/27/2023 22:49,4049
1/27/2023 22:50,4096
1/27/2023 22:50,3735
1/27/2023 22:51,3993
1/27/2023 22:51,3966
1/27/2023 22:52,3966
1/27/2023 22:52,3858
1/27/2023 22:53,3966
1/27/2023 22:53,4162
1/27/2023 22:54,4003
1/27/2023 22:54,3813
1/27/2023 22:55,3948
1/27/2023 22:55,4077
1/27/2023 22:56,3876
1/27/2023 22:56,3975
1/27/2023 22:57,4153
1/27/2023 22:57,3920
1/27/2023 22:58,3920
1/27/2023 22:58,3894
1/27/2023 22:59,4086
1/27/2023 22:59,3922
1/27/2023 23:00,3787
1/27/2023 23:00,3760
1/27/2023 23:01,4076
1/27/2023 23:01,3838
1/27/2023 23:02,3691
1/27/2023 23:02,3902
1/27/2023 23:03,3995
1/27/2023 23:03,3858
1/27/2023 23:04,3674
1/27/2023 23:04,3506
1/27/2023 23:05,3904
1/27/2023 23:05,4020
1/27/2023 23:06,3993
1/27/2023 23:06,3993
1/27/2023 23:07,3824
1/27/2023 23:07,4133
1/27/2023 23:08,4076
1/27/2023 23:09,3894
1/27/2023 23:09,4136
1/27/2023 23:10,4270
1/27/2023 23:10,3805
1/27/2023 23:11,4095
1/27/2023 23:11,3647
1/27/2023 23:12,3928
1/27/2023 23:12,3936
1/27/2023 23:13,4259
1/27/2023 23:13,3803
1/27/2023 23:14,4056
1/27/2023 23:14,4020
1/27/2023 23:15,4021
1/27/2023 23:15,3856
1/27/2023 23:16,3861
1/27/2023 23:16,4077
1/27/2023 23:17,3993
1/27/2023 23:17,3813
1/27/2023 23:18,4003
1/27/2023 23:18,3966
1/27/2023 23:19,4040
1/27/2023 23:19,4030
1/27/2023 23:20,3868
1/27/2023 23:20,3735
1/27/2023 23:21,3874
1/27/2023 23:21,3920
1/27/2023 23:22,3966
1/27/2023 23:22,3822
1/27/2023 23:23,4076
1/27/2023 23:23,3799
1/27/2023 23:24,3995
1/27/2023 23:24,4115
1/27/2023 23:25,3892
1/27/2023 23:25,4003
1/27/2023 23:26,3822
1/27/2023 23:26,3922
1/27/2023 23:27,3814
1/27/2023 23:27,4067
1/27/2023 23:28,3858
1/27/2023 23:28,3876
1/27/2023 23:29,3599
1/27/2023 23:29,3632
1/27/2023 23:30,4105
1/27/2023 23:30,3866
1/27/2023 23:31,3930
1/27/2023 23:31,3876
1/27/2023 23:32,3819
1/27/2023 23:32,3975
1/27/2023 23:33,4086
1/27/2023 23:33,3840
1/27/2023 23:34,4040
1/27/2023 23:34,4153
1/27/2023 23:35,3922
1/27/2023 23:36,3928
1/27/2023 23:36,4133
1/27/2023 23:37,4190
1/27/2023 23:37,3904
1/27/2023 23:38,4211
1/27/2023 23:38,3902
1/27/2023 23:39,3642
1/27/2023 23:39,4057
1/27/2023 23:40,4040
1/27/2023 23:40,4050
1/27/2023 23:41,3902
1/27/2023 23:41,3840
1/27/2023 23:42,3884
1/27/2023 23:42,3850
1/27/2023 23:43,3884
1/27/2023 23:43,3968
1/27/2023 23:44,4268
1/27/2023 23:44,3968
1/27/2023 23:45,3795
1/27/2023 23:45,3606
1/27/2023 23:46,3777
1/27/2023 23:46,3884
1/27/2023 23:47,4040
1/27/2023 23:47,4021
1/27/2023 23:48,4067
1/27/2023 23:48,3874
1/27/2023 23:49,4105
1/27/2023 23:49,3920
1/27/2023 23:50,3958
1/27/2023 23:50,3858
1/27/2023 23:51,3956
1/27/2023 23:51,4033
1/27/2023 23:52,3930
1/27/2023 23:52,3958
1/27/2023 23:53,3902
1/27/2023 23:53,3866
1/27/2023 23:54,4133
1/27/2023 23:54,3894
1/27/2023 23:55,3777
1/27/2023 23:55,4021
1/27/2023 23:56,3632
1/27/2023 23:56,3813
1/27/2023 23:57,3983
1/27/2023 23:57,3912
1/27/2023 23:58,3920
1/27/2023 23:58,3958
1/27/2023 23:59,3777
1/27/2023 23:59,3968
1/28/2023 0:00,4172
1/28/2023 0:00,3837
1/28/2023 0:01,4057
1/28/2023 0:01,3649
1/28/2023 0:02,3879
1/28/2023 0:03,3805
1/28/2023 0:03,3978
1/28/2023 0:04,3894
1/28/2023 0:04,4057
1/28/2023 0:05,4049
1/28/2023 0:05,3876
1/28/2023 0:06,3743
1/28/2023 0:06,4011
1/28/2023 0:07,3760
1/28/2023 0:07,3930
1/28/2023 0:08,3912
1/28/2023 0:08,4124
1/28/2023 0:09,4036
1/28/2023 0:09,3983
1/28/2023 0:10,4030
1/28/2023 0:10,4049
1/28/2023 0:11,4182
1/28/2023 0:11,3813
1/28/2023 0:12,3876
1/28/2023 0:12,3809
1/28/2023 0:13,3894
1/28/2023 0:13,4039
1/28/2023 0:14,3850
1/28/2023 0:14,4003
1/28/2023 0:15,3856
1/28/2023 0:15,3777
1/28/2023 0:16,4019
1/28/2023 0:16,3966
1/28/2023 0:17,3963
1/28/2023 0:17,4059
1/28/2023 0:18,3894
1/28/2023 0:18,4067
1/28/2023 0:19,3966
1/28/2023 0:19,3930
1/28/2023 0:20,3922
1/28/2023 0:20,4003
1/28/2023 0:21,3646
1/28/2023 0:21,3905
1/28/2023 0:22,3876
1/28/2023 0:22,3884
1/28/2023 0:23,4100
1/28/2023 0:23,3840
1/28/2023 0:24,3968
1/28/2023 0:24,4030
1/28/2023 0:25,3928
1/28/2023 0:25,4096
1/28/2023 0:26,4057
1/28/2023 0:26,3733
1/28/2023 0:27,3884
1/28/2023 0:27,3940
1/28/2023 0:28,3993
1/28/2023 0:28,3634
1/28/2023 0:29,3866
1/28/2023 0:30,3723
1/28/2023 0:30,3821
1/28/2023 0:31,3848
1/28/2023 0:31,3866
1/28/2023 0:32,4180
1/28/2023 0:32,3956
1/28/2023 0:33,3876
1/28/2023 0:33,4190
1/28/2023 0:34,3866
1/28/2023 0:34,3785
1/28/2023 0:35,3995
1/28/2023 0:35,3956
1/28/2023 0:36,3656
1/28/2023 0:36,3830
1/28/2023 0:37,3889
1/28/2023 0:37,3743
1/28/2023 0:38,4076
1/28/2023 0:38,3821
1/28/2023 0:39,3752
1/28/2023 0:39,3876
1/28/2023 0:40,3973
1/28/2023 0:40,3797
1/28/2023 0:41,3948
1/28/2023 0:41,3858
1/28/2023 0:42,3805
1/28/2023 0:42,3930
1/28/2023 0:43,3928
1/28/2023 0:43,4000
1/28/2023 0:44,3956
1/28/2023 0:44,3858
1/28/2023 0:45,3892
1/28/2023 0:45,3948
1/28/2023 0:46,3848
1/28/2023 0:46,3864
1/28/2023 0:47,3985
1/28/2023 0:47,4095
1/28/2023 0:48,4104
1/28/2023 0:48,3920
1/28/2023 0:49,3864
1/28/2023 0:49,3902
1/28/2023 0:50,3856
1/28/2023 0:50,4229
1/28/2023 0:51,4029
1/28/2023 0:51,3813
1/28/2023 0:52,4057
1/28/2023 0:52,3546
1/28/2023 0:53,3623
1/28/2023 0:53,3983
1/28/2023 0:54,3955
1/28/2023 0:54,3946
1/28/2023 0:55,3858
1/28/2023 0:55,3596
1/28/2023 0:56,3813
1/28/2023 0:57,3912
1/28/2023 0:57,3838
1/28/2023 0:58,3779
1/28/2023 0:58,3874
1/28/2023 0:59,4134
1/28/2023 0:59,4171
1/28/2023 1:00,3976
1/28/2023 1:00,3811
1/28/2023 1:01,4020
1/28/2023 1:01,3910
1/28/2023 1:02,4076
1/28/2023 1:02,3750
1/28/2023 1:03,3894
1/28/2023 1:03,3894
1/28/2023 1:04,4095
1/28/2023 1:04,4010
1/28/2023 1:05,4067
1/28/2023 1:05,3819
1/28/2023 1:06,3621
1/28/2023 1:06,3698
1/28/2023 1:07,3743
1/28/2023 1:07,4059
1/28/2023 1:08,3604
1/28/2023 1:08,3760
1/28/2023 1:09,3838
1/28/2023 1:09,3946
1/28/2023 1:10,3938
1/28/2023 1:10,4096
1/28/2023 1:11,3910
1/28/2023 1:11,4019
1/28/2023 1:12,3563
1/28/2023 1:12,4001
1/28/2023 1:13,3892
1/28/2023 1:13,4133
1/28/2023 1:14,3592
1/28/2023 1:14,3965
1/28/2023 1:15,3777
1/28/2023 1:15,3874
1/28/2023 1:16,4023
1/28/2023 1:16,3965
1/28/2023 1:17,3975
1/28/2023 1:17,3785
1/28/2023 1:18,3846
1/28/2023 1:18,3868
1/28/2023 1:19,4021
1/28/2023 1:19,3716
1/28/2023 1:20,3946
1/28/2023 1:20,4190
1/28/2023 1:21,3840
1/28/2023 1:21,3936
1/28/2023 1:22,3992
1/28/2023 1:23,3739
1/28/2023 1:23,3793
1/28/2023 1:24,3965
1/28/2023 1:24,3956
1/28/2023 1:25,3848
1/28/2023 1:25,4076
1/28/2023 1:26,3973
1/28/2023 1:26,3570
1/28/2023 1:27,3963
1/28/2023 1:27,4190
1/28/2023 1:28,3848
1/28/2023 1:28,3785
1/28/2023 1:29,3975
1/28/2023 1:29,3856
1/28/2023 1:30,3689
1/28/2023 1:30,3647
1/28/2023 1:31,3787
1/28/2023 1:31,4210
1/28/2023 1:32,3716
1/28/2023 1:32,4130
1/28/2023 1:33,4019
1/28/2023 1:33,4114
1/28/2023 1:34,4010
1/28/2023 1:34,3963
1/28/2023 1:35,4020
1/28/2023 1:35,3733
1/28/2023 1:36,3900
1/28/2023 1:36,4258
1/28/2023 1:37,3928
1/28/2023 1:37,3813
1/28/2023 1:38,4268
1/28/2023 1:38,4197
1/28/2023 1:39,4019
1/28/2023 1:39,3693
1/28/2023 1:40,3768
1/28/2023 1:40,4297
1/28/2023 1:41,3992
1/28/2023 1:41,3822
1/28/2023 1:42,4001
1/28/2023 1:42,3965
1/28/2023 1:43,3811
1/28/2023 1:43,3892
1/28/2023 1:44,3856
1/28/2023 1:44,4161
1/28/2023 1:45,3992
1/28/2023 1:45,3884
1/28/2023 1:46,3892
1/28/2023 1:46,3733
1/28/2023 1:47,4085
1/28/2023 1:47,3936
1/28/2023 1:48,3864
1/28/2023 1:48,4010
1/28/2023 1:49,4190
1/28/2023 1:50,3785
1/28/2023 1:50,3733
1/28/2023 1:51,3750
1/28/2023 1:51,3691
1/28/2023 1:52,3928
1/28/2023 1:52,4142
1/28/2023 1:53,3776
1/28/2023 1:53,3908
1/28/2023 1:54,4180
1/28/2023 1:54,3902
1/28/2023 1:55,4288
1/28/2023 1:55,4378
1/28/2023 1:56,3766
1/28/2023 1:56,3829
1/28/2023 1:57,4152
1/28/2023 1:57,4066
1/28/2023 1:58,3793
1/28/2023 1:58,3900
1/28/2023 1:59,4133
1/28/2023 1:59,3750
1/28/2023 2:00,3589
1/28/2023 2:00,3791
1/28/2023 2:01,3874
1/28/2023 2:01,3900
1/28/2023 2:02,4020
1/28/2023 2:02,4161
1/28/2023 2:03,3803
1/28/2023 2:03,4039
1/28/2023 2:04,3856
1/28/2023 2:04,3698
1/28/2023 2:05,3797
1/28/2023 2:05,3750
1/28/2023 2:06,3917
1/28/2023 2:06,3748
1/28/2023 2:07,4000
1/28/2023 2:07,3882
1/28/2023 2:08,3973
1/28/2023 2:08,3963
1/28/2023 2:09,4151
1/28/2023 2:09,4066
1/28/2023 2:10,3956
1/28/2023 2:10,3874
1/28/2023 2:11,3846
1/28/2023 2:11,3796
1/28/2023 2:12,4009
1/28/2023 2:12,4124
1/28/2023 2:13,3973
1/28/2023 2:13,3883
1/28/2023 2:14,3983
1/28/2023 2:14,4029
1/28/2023 2:15,4001
1/28/2023 2:15,4085
1/28/2023 2:16,3923
1/28/2023 2:17,4151
1/28/2023 2:17,3910
1/28/2023 2:18,3882
1/28/2023 2:18,4065
1/28/2023 2:19,3992
1/28/2023 2:19,3854
1/28/2023 2:20,3813
1/28/2023 2:20,3783
1/28/2023 2:21,3864
1/28/2023 2:21,3910
1/28/2023 2:22,3918
1/28/2023 2:22,3846
1/28/2023 2:23,3884
1/28/2023 2:23,3777
1/28/2023 2:24,4037
1/28/2023 2:24,3793
1/28/2023 2:25,3965
1/28/2023 2:25,3801
1/28/2023 2:26,4104
1/28/2023 2:26,3758
1/28/2023 2:27,4114
1/28/2023 2:27,3793
1/28/2023 2:28,4075
1/28/2023 2:28,3741
1/28/2023 2:29,3975
1/28/2023 2:29,3793
1/28/2023 2:30,4267
1/28/2023 2:30,3908
1/28/2023 2:31,4073
1/28/2023 2:31,4000
1/28/2023 2:32,3955
1/28/2023 2:32,4056
1/28/2023 2:33,4219
1/28/2023 2:33,4199
1/28/2023 2:34,4076
1/28/2023 2:34,3854
1/28/2023 2:35,3892
1/28/2023 2:35,3758
1/28/2023 2:36,4051
1/28/2023 2:36,4152
1/28/2023 2:37,4010
1/28/2023 2:37,3973
1/28/2023 2:38,3696
1/28/2023 2:38,3910
1/28/2023 2:39,4180
1/28/2023 2:39,3983
1/28/2023 2:40,3748
1/28/2023 2:40,4180
1/28/2023 2:41,4096
1/28/2023 2:41,4027
1/28/2023 2:42,4257
1/28/2023 2:42,3965
1/28/2023 2:43,3645
1/28/2023 2:44,4123
1/28/2023 2:44,3966
1/28/2023 2:45,4047
1/28/2023 2:45,3604
1/28/2023 2:46,3992
1/28/2023 2:46,3827
1/28/2023 2:47,4180
1/28/2023 2:47,3856
1/28/2023 2:48,4039
1/28/2023 2:48,3992
1/28/2023 2:49,4029
1/28/2023 2:49,4189
1/28/2023 2:50,3748
1/28/2023 2:50,4408
1/28/2023 2:51,4170
1/28/2023 2:51,4019
1/28/2023 2:52,3933
1/28/2023 2:52,4161
1/28/2023 2:53,3799
1/28/2023 2:53,3746
1/28/2023 2:54,3654
1/28/2023 2:54,4000
1/28/2023 2:55,4170
1/28/2023 2:55,3856
1/28/2023 2:56,3988
1/28/2023 2:56,3910
1/28/2023 2:57,4123
1/28/2023 2:57,3783
1/28/2023 2:58,3813
1/28/2023 2:58,3672
1/28/2023 2:59,3829
1/28/2023 2:59,3973
1/28/2023 3:00,3642
1/28/2023 3:00,3965
1/28/2023 3:01,3900
1/28/2023 3:01,4170
1/28/2023 3:02,4120
1/28/2023 3:02,3874
1/28/2023 3:03,3936
1/28/2023 3:03,3664
1/28/2023 3:04,4258
1/28/2023 3:04,4208
1/28/2023 3:05,4189
1/28/2023 3:05,3931
1/28/2023 3:06,3982
1/28/2023 3:06,4219
1/28/2023 3:07,3983
1/28/2023 3:07,3741
1/28/2023 3:08,4039
1/28/2023 3:08,3982
1/28/2023 3:09,3803
1/28/2023 3:09,4085
1/28/2023 3:10,4020
1/28/2023 3:11,3970
1/28/2023 3:11,3647
1/28/2023 3:12,3917
1/28/2023 3:12,4047
1/28/2023 3:13,3750
1/28/2023 3:13,3868
1/28/2023 3:14,3965
1/28/2023 3:14,3785
1/28/2023 3:15,3837
1/28/2023 3:15,3928
1/28/2023 3:16,4132
1/28/2023 3:16,3927
1/28/2023 3:17,3819
1/28/2023 3:17,3982
1/28/2023 3:18,3965
1/28/2023 3:18,3698
1/28/2023 3:19,3965
1/28/2023 3:19,3721
1/28/2023 3:20,3864
1/28/2023 3:20,3988
1/28/2023 3:21,4297
1/28/2023 3:21,3882
1/28/2023 3:22,4219
1/28/2023 3:22,3935
1/28/2023 3:23,4010
1/28/2023 3:23,3706
1/28/2023 3:24,4210
1/28/2023 3:24,3963
1/28/2023 3:25,3882
1/28/2023 3:25,3965
1/28/2023 3:26,3983
1/28/2023 3:26,3890
1/28/2023 3:27,4029
1/28/2023 3:27,4113
1/28/2023 3:28,4170
1/28/2023 3:28,4046
1/28/2023 3:29,4057
1/28/2023 3:29,3973
1/28/2023 3:30,3801
1/28/2023 3:30,3637
1/28/2023 3:31,3955
1/28/2023 3:31,4160
1/28/2023 3:32,3654
1/28/2023 3:32,3973
1/28/2023 3:33,4021
1/28/2023 3:33,3846
1/28/2023 3:34,3945
1/28/2023 3:34,4133
1/28/2023 3:35,3973
1/28/2023 3:35,4020
1/28/2023 3:36,4056
1/28/2023 3:36,4020
1/28/2023 3:37,3962
1/28/2023 3:38,4125
1/28/2023 3:38,3908
1/28/2023 3:39,3662
1/28/2023 3:39,3918
1/28/2023 3:40,3733
1/28/2023 3:40,3874
1/28/2023 3:41,3992
1/28/2023 3:41,4114
1/28/2023 3:42,4319
1/28/2023 3:42,3936
1/28/2023 3:43,4029
1/28/2023 3:43,3918
1/28/2023 3:44,3992
1/28/2023 3:44,3838
1/28/2023 3:45,4277
1/28/2023 3:45,3963
1/28/2023 3:46,3908
1/28/2023 3:46,3890
1/28/2023 3:47,3741
1/28/2023 3:47,4171
1/28/2023 3:48,4160
1/28/2023 3:48,3910
1/28/2023 3:49,3621
1/28/2023 3:49,4029
1/28/2023 3:50,3955
1/28/2023 3:50,3741
1/28/2023 3:51,3819
1/28/2023 3:51,4104
1/28/2023 3:52,3637
1/28/2023 3:52,3902
1/28/2023 3:53,3963
1/28/2023 3:53,4066
1/28/2023 3:54,3928
1/28/2023 3:54,3902
1/28/2023 3:55,3910
1/28/2023 3:55,3830
1/28/2023 3:56,3872
1/28/2023 3:56,3982
1/28/2023 3:57,3992
1/28/2023 3:57,4208
1/28/2023 3:58,3654
1/28/2023 3:58,3918
1/28/2023 3:59,3915
1/28/2023 3:59,3955
1/28/2023 4:00,4010
1/28/2023 4:00,4065
1/28/2023 4:01,3927
1/28/2023 4:01,3766
1/28/2023 4:02,4356
1/28/2023 4:02,4170
1/28/2023 4:03,3977
1/28/2023 4:03,3982
1/28/2023 4:04,3983
1/28/2023 4:05,4151
1/28/2023 4:05,4258
1/28/2023 4:06,4047
1/28/2023 4:06,4123
1/28/2023 4:07,3664
1/28/2023 4:07,3793
1/28/2023 4:08,4065
1/28/2023 4:08,4170
1/28/2023 4:09,3955
1/28/2023 4:09,4075
1/28/2023 4:10,3927
1/28/2023 4:10,3819
1/28/2023 4:11,3973
1/28/2023 4:11,3975
1/28/2023 4:12,4095
1/28/2023 4:12,3783
1/28/2023 4:13,3955
1/28/2023 4:13,4075
1/28/2023 4:14,4178
1/28/2023 4:14,4085
1/28/2023 4:15,3963
1/28/2023 4:15,3900
1/28/2023 4:16,4247
1/28/2023 4:16,3837
1/28/2023 4:17,3733
1/28/2023 4:17,4161
1/28/2023 4:18,4039
1/28/2023 4:18,4179
1/28/2023 4:19,4075
1/28/2023 4:19,3900
1/28/2023 4:20,4104
1/28/2023 4:20,3982
1/28/2023 4:21,4130
1/28/2023 4:21,4001
1/28/2023 4:22,4057
1/28/2023 4:22,4147
1/28/2023 4:23,4256
1/28/2023 4:23,3739
1/28/2023 4:24,3918
1/28/2023 4:24,4037
1/28/2023 4:25,3918
1/28/2023 4:25,3927
1/28/2023 4:26,4258
1/28/2023 4:26,4296
1/28/2023 4:27,3872
1/28/2023 4:27,4151
1/28/2023 4:28,3908
1/28/2023 4:28,3654
1/28/2023 4:29,4110
1/28/2023 4:29,4083
1/28/2023 4:30,3992
1/28/2023 4:30,3928
1/28/2023 4:31,3946
1/28/2023 4:32,3973
1/28/2023 4:32,3654
1/28/2023 4:33,3980
1/28/2023 4:33,4075
1/28/2023 4:34,3825
1/28/2023 4:34,3811
1/28/2023 4:35,3899
1/28/2023 4:35,3846
1/28/2023 4:36,3845
1/28/2023 4:36,4161
1/28/2023 4:37,3856
1/28/2023 4:37,4247
1/28/2023 4:38,3819
1/28/2023 4:38,3890
1/28/2023 4:39,3882
1/28/2023 4:39,3803
1/28/2023 4:40,4140
1/28/2023 4:40,4094
1/28/2023 4:41,3733
1/28/2023 4:41,4237
1/28/2023 4:42,3691
1/28/2023 4:42,4198
1/28/2023 4:43,3864
1/28/2023 4:43,4468
1/28/2023 4:44,3819
1/28/2023 4:44,3874
1/28/2023 4:45,4191
1/28/2023 4:45,4228
1/28/2023 4:46,4020
1/28/2023 4:46,3704
1/28/2023 4:47,3883
1/28/2023 4:47,4075
1/28/2023 4:48,4000
1/28/2023 4:48,3748
1/28/2023 4:49,4037
1/28/2023 4:49,4009
1/28/2023 4:50,3993
1/28/2023 4:50,4075
1/28/2023 4:51,3897
1/28/2023 4:51,4066
1/28/2023 4:52,3956
1/28/2023 4:52,3689
1/28/2023 4:53,3706
1/28/2023 4:53,3733
1/28/2023 4:54,4189
1/28/2023 4:54,4356
1/28/2023 4:55,4121
1/28/2023 4:55,4000
1/28/2023 4:56,3801
1/28/2023 4:56,4132
1/28/2023 4:57,3992
1/28/2023 4:57,4121
1/28/2023 4:58,4170
1/28/2023 4:59,3783
1/28/2023 4:59,3892
1/28/2023 5:00,3801
1/28/2023 5:00,4180
1/28/2023 5:01,3928
1/28/2023 5:01,4009
1/28/2023 5:02,3908
1/28/2023 5:02,3917
1/28/2023 5:03,3973
1/28/2023 5:03,4111
1/28/2023 5:04,3900
1/28/2023 5:04,4258
1/28/2023 5:05,4278
1/28/2023 5:05,3936
1/28/2023 5:06,3936
1/28/2023 5:06,4219
1/28/2023 5:07,4148
1/28/2023 5:07,4046
1/28/2023 5:08,3963
1/28/2023 5:08,4133
1/28/2023 5:09,3972
1/28/2023 5:09,4189
1/28/2023 5:10,4047
1/28/2023 5:10,3955
1/28/2023 5:11,3970
1/28/2023 5:11,3882
1/28/2023 5:12,3927
1/28/2023 5:12,3795
1/28/2023 5:13,3955
1/28/2023 5:13,4113
1/28/2023 5:14,4326
1/28/2023 5:14,4219
1/28/2023 5:15,4121
1/28/2023 5:15,3811
1/28/2023 5:16,3679
1/28/2023 5:16,4000
1/28/2023 5:17,4228
1/28/2023 5:17,4000
1/28/2023 5:18,3864
1/28/2023 5:18,3827
1/28/2023 5:19,3945
1/28/2023 5:19,3955
1/28/2023 5:20,3943
1/28/2023 5:20,4170
1/28/2023 5:21,3946
1/28/2023 5:21,3972
1/28/2023 5:22,3927
1/28/2023 5:22,4113
1/28/2023 5:23,4180
1/28/2023 5:23,4001
1/28/2023 5:24,4075
1/28/2023 5:24,4237
1/28/2023 5:25,4142
1/28/2023 5:26,3917
1/28/2023 5:26,3733
1/28/2023 5:27,4047
1/28/2023 5:27,4247
1/28/2023 5:28,3955
1/28/2023 5:28,4010
1/28/2023 5:29,4113
1/28/2023 5:29,4039
1/28/2023 5:30,4151
1/28/2023 5:30,3992
1/28/2023 5:31,3927
1/28/2023 5:31,3890
1/28/2023 5:32,3908
1/28/2023 5:32,4336
1/28/2023 5:33,4427
1/28/2023 5:33,4036
1/28/2023 5:34,4188
1/28/2023 5:34,4113
1/28/2023 5:35,3927
1/28/2023 5:35,3955
1/28/2023 5:36,4257
1/28/2023 5:36,3908
1/28/2023 5:37,3819
1/28/2023 5:37,4059
1/28/2023 5:38,3963
1/28/2023 5:38,3819
1/28/2023 5:39,4317
1/28/2023 5:39,4092
1/28/2023 5:40,3837
1/28/2023 5:40,4011
1/28/2023 5:41,4237
1/28/2023 5:41,4102
1/28/2023 5:42,3973
1/28/2023 5:42,4029
1/28/2023 5:43,3946
1/28/2023 5:43,4267
1/28/2023 5:44,4237
1/28/2023 5:44,3892
1/28/2023 5:45,3793
1/28/2023 5:45,4066
1/28/2023 5:46,3973
1/28/2023 5:46,4000
1/28/2023 5:47,4458
1/28/2023 5:47,4267
1/28/2023 5:48,4257
1/28/2023 5:48,4258
1/28/2023 5:49,3992
1/28/2023 5:49,3963
1/28/2023 5:50,4287
1/28/2023 5:50,4000
1/28/2023 5:51,4104
1/28/2023 5:51,4237
1/28/2023 5:52,3856
1/28/2023 5:53,3972
1/28/2023 5:53,3748
1/28/2023 5:54,3973
1/28/2023 5:54,3811
1/28/2023 5:55,4326
1/28/2023 5:55,3973
1/28/2023 5:56,3696
1/28/2023 5:56,3927
1/28/2023 5:57,4029
1/28/2023 5:57,3783
1/28/2023 5:58,3829
1/28/2023 5:58,4132
1/28/2023 5:59,3990
1/28/2023 5:59,4029
1/28/2023 6:00,4307
1/28/2023 6:00,4346
1/28/2023 6:01,3918
1/28/2023 6:01,4396
1/28/2023 6:02,4189
1/28/2023 6:02,4198
1/28/2023 6:03,4075
1/28/2023 6:03,4102
1/28/2023 6:04,4208
1/28/2023 6:04,4102
1/28/2023 6:05,4046
1/28/2023 6:05,3741
1/28/2023 6:06,4056
1/28/2023 6:06,4199
1/28/2023 6:07,3982
1/28/2023 6:07,4065
1/28/2023 6:08,3731
1/28/2023 6:08,4104
1/28/2023 6:09,4036
1/28/2023 6:09,4161
1/28/2023 6:10,3829
1/28/2023 6:10,4047
1/28/2023 6:11,4160
1/28/2023 6:11,4000
1/28/2023 6:12,3882
1/28/2023 6:12,4094
1/28/2023 6:13,3845
1/28/2023 6:13,4056
1/28/2023 6:14,3973
1/28/2023 6:14,4170
1/28/2023 6:15,4065
1/28/2023 6:15,4199
1/28/2023 6:16,4102
1/28/2023 6:16,4257
1/28/2023 6:17,3821
1/28/2023 6:17,4113
1/28/2023 6:18,3955
1/28/2023 6:19,4105
1/28/2023 6:19,4037
1/28/2023 6:20,3913
1/28/2023 6:20,4094
1/28/2023 6:21,3662
1/28/2023 6:21,3992
1/28/2023 6:22,4049
1/28/2023 6:22,4113
1/28/2023 6:23,4017
1/28/2023 6:23,4228
1/28/2023 6:24,4020
1/28/2023 6:24,4200
1/28/2023 6:25,3791
1/28/2023 6:25,4029
1/28/2023 6:26,4238
1/28/2023 6:26,4276
1/28/2023 6:27,4047
1/28/2023 6:27,3977
1/28/2023 6:28,3936
1/28/2023 6:28,4020
1/28/2023 6:29,4019
1/28/2023 6:29,3945
1/28/2023 6:30,3854
1/28/2023 6:30,4132
1/28/2023 6:31,4020
1/28/2023 6:31,3982
1/28/2023 6:32,3995
1/28/2023 6:32,4019
1/28/2023 6:33,3854
1/28/2023 6:33,3731
1/28/2023 6:34,4046
1/28/2023 6:34,3970
1/28/2023 6:35,4044
1/28/2023 6:35,3696
1/28/2023 6:36,3809
1/28/2023 6:36,3955
1/28/2023 6:37,3963
1/28/2023 6:37,3996
1/28/2023 6:38,4179
1/28/2023 6:38,3731
1/28/2023 6:39,4520
1/28/2023 6:39,4277
1/28/2023 6:40,4161
1/28/2023 6:40,4121
1/28/2023 6:41,4113
1/28/2023 6:41,4208
1/28/2023 6:42,4208
1/28/2023 6:42,4246
1/28/2023 6:43,4247
1/28/2023 6:43,4208
1/28/2023 6:44,4151
1/28/2023 6:44,4247
1/28/2023 6:45,4019
1/28/2023 6:46,4237
1/28/2023 6:46,3927
1/28/2023 6:47,4170
1/28/2023 6:47,4277
1/28/2023 6:48,4387
1/28/2023 6:48,3990
1/28/2023 6:49,4218
1/28/2023 6:49,4208
1/28/2023 6:50,3943
1/28/2023 6:50,4246
1/28/2023 6:51,4046
1/28/2023 6:51,4170
1/28/2023 6:52,4149
1/28/2023 6:52,3953
1/28/2023 6:53,4065
1/28/2023 6:53,4366
1/28/2023 6:54,4180
1/28/2023 6:54,4065
1/28/2023 6:55,3972
1/28/2023 6:55,4338
1/28/2023 6:56,4140
1/28/2023 6:56,4237
1/28/2023 6:57,3972
1/28/2023 6:57,4009
1/28/2023 6:58,4092
1/28/2023 6:58,4247
1/28/2023 6:59,3853
1/28/2023 6:59,3990
1/28/2023 7:00,4123
1/28/2023 7:00,4132
1/28/2023 7:01,3945
1/28/2023 7:01,4207
1/28/2023 7:02,4094
1/28/2023 7:02,3935
1/28/2023 7:03,4047
1/28/2023 7:03,4140
1/28/2023 7:04,4179
1/28/2023 7:04,3992
1/28/2023 7:05,4075
1/28/2023 7:05,4027
1/28/2023 7:06,4198
1/28/2023 7:06,3890
1/28/2023 7:07,4113
1/28/2023 7:07,4121
1/28/2023 7:08,3862
1/28/2023 7:08,4287
1/28/2023 7:09,4085
1/28/2023 7:09,4010
1/28/2023 7:10,4065
1/28/2023 7:10,4055
1/28/2023 7:11,3845
1/28/2023 7:11,3962
1/28/2023 7:12,4277
1/28/2023 7:13,3819
1/28/2023 7:13,3781
1/28/2023 7:14,3766
1/28/2023 7:14,3962
1/28/2023 7:15,3990
1/28/2023 7:15,3980
1/28/2023 7:16,4247
1/28/2023 7:16,4029
1/28/2023 7:17,3945
1/28/2023 7:17,4047
1/28/2023 7:18,3918
1/28/2023 7:18,3927
1/28/2023 7:19,3953
1/28/2023 7:19,4102
1/28/2023 7:20,4160
1/28/2023 7:20,4198
1/28/2023 7:21,3899
1/28/2023 7:21,4027
1/28/2023 7:22,4113
1/28/2023 7:22,3927
1/28/2023 7:23,4210
1/28/2023 7:23,4140
1/28/2023 7:24,3928
1/28/2023 7:24,4094
1/28/2023 7:25,4056
1/28/2023 7:25,3973
1/28/2023 7:26,4019
1/28/2023 7:26,4135
1/28/2023 7:27,4171
1/28/2023 7:27,4020
1/28/2023 7:28,4056
1/28/2023 7:28,4065
1/28/2023 7:29,3936
1/28/2023 7:29,3783
1/28/2023 7:30,4009
1/28/2023 7:30,3785
1/28/2023 7:31,4114
1/28/2023 7:31,4056
1/28/2023 7:32,3955
1/28/2023 7:32,4047
1/28/2023 7:33,4170
1/28/2023 7:33,4288
1/28/2023 7:34,4085
1/28/2023 7:34,4458
1/28/2023 7:35,3992
1/28/2023 7:35,3953
1/28/2023 7:36,4075
1/28/2023 7:36,3923
1/28/2023 7:37,3838
1/28/2023 7:37,4142
1/28/2023 7:38,4161
1/28/2023 7:38,4057
1/28/2023 7:39,4180
1/28/2023 7:40,4047
1/28/2023 7:40,3927
1/28/2023 7:41,4057
1/28/2023 7:41,4326
1/28/2023 7:42,3946
1/28/2023 7:42,4219
1/28/2023 7:43,4152
1/28/2023 7:43,4210
1/28/2023 7:44,4075
1/28/2023 7:44,4094
1/28/2023 7:45,4114
1/28/2023 7:45,4085
1/28/2023 7:46,4001
1/28/2023 7:46,3918
1/28/2023 7:47,4124
1/28/2023 7:47,4075
1/28/2023 7:48,3993
1/28/2023 7:48,4219
1/28/2023 7:49,4105
1/28/2023 7:49,3917
1/28/2023 7:50,4210
1/28/2023 7:50,4114
1/28/2023 7:51,4105
1/28/2023 7:51,4269
1/28/2023 7:52,4171
1/28/2023 7:52,3928
1/28/2023 7:53,4057
1/28/2023 7:53,4086
1/28/2023 7:54,4268
1/28/2023 7:54,3956
1/28/2023 7:55,4124
1/28/2023 7:55,4133
1/28/2023 7:56,4152
1/28/2023 7:56,3992
1/28/2023 7:57,4076
1/28/2023 7:57,4040
1/28/2023 7:58,4086
1/28/2023 7:58,4105
1/28/2023 7:59,4020
1/28/2023 7:59,4105
1/28/2023 8:00,4114
1/28/2023 8:00,4001
1/28/2023 8:01,4152
1/28/2023 8:01,3973
1/28/2023 8:02,4066
1/28/2023 8:02,4059
1/28/2023 8:03,4095
1/28/2023 8:03,4229
1/28/2023 8:04,4029
1/28/2023 8:04,4030
1/28/2023 8:05,3821
1/28/2023 8:05,4075
1/28/2023 8:06,4183
1/28/2023 8:07,4087
1/28/2023 8:07,4067
1/28/2023 8:08,4020
1/28/2023 8:08,4049
1/28/2023 8:09,4220
1/28/2023 8:09,4105
1/28/2023 8:10,4154
1/28/2023 8:10,3848
1/28/2023 8:11,4031
1/28/2023 8:11,4047
1/28/2023 8:12,4273
1/28/2023 8:12,4030
1/28/2023 8:13,3884
1/28/2023 8:13,4011
1/28/2023 8:14,4133
1/28/2023 8:14,4105
1/28/2023 8:15,3956
1/28/2023 8:15,3884
1/28/2023 8:16,4144
1/28/2023 8:16,4124
1/28/2023 8:17,4114
1/28/2023 8:17,3866
1/28/2023 8:18,4210
1/28/2023 8:18,4143
1/28/2023 8:19,4210
1/28/2023 8:19,4049
1/28/2023 8:20,4288
1/28/2023 8:20,3787
1/28/2023 8:21,3848
1/28/2023 8:21,3920
1/28/2023 8:22,4239
1/28/2023 8:22,3902
1/28/2023 8:23,3993
1/28/2023 8:23,3872
1/28/2023 8:24,3956
1/28/2023 8:24,4097
1/28/2023 8:25,4170
1/28/2023 8:25,4001
1/28/2023 8:26,4105
1/28/2023 8:26,4011
1/28/2023 8:27,3948
1/28/2023 8:27,4020
1/28/2023 8:28,4049
1/28/2023 8:28,4200
1/28/2023 8:29,4067
1/28/2023 8:29,3858
1/28/2023 8:30,3965
1/28/2023 8:30,3840
1/28/2023 8:31,4152
1/28/2023 8:31,3965
1/28/2023 8:32,3956
1/28/2023 8:32,4001
1/28/2023 8:33,3795
1/28/2023 8:34,4428
1/28/2023 8:34,4077
1/28/2023 8:35,3930
1/28/2023 8:35,3822
1/28/2023 8:36,3866
1/28/2023 8:36,3902
1/28/2023 8:37,3940
1/28/2023 8:37,3776
1/28/2023 8:38,3993
1/28/2023 8:38,3801
1/28/2023 8:39,4115
1/28/2023 8:39,4003
1/28/2023 8:40,4096
1/28/2023 8:40,3830
1/28/2023 8:41,3904
1/28/2023 8:41,4050
1/28/2023 8:42,3946
1/28/2023 8:42,3813
1/28/2023 8:43,3948
1/28/2023 8:43,3985
1/28/2023 8:44,4066
1/28/2023 8:44,3894
1/28/2023 8:45,3938
1/28/2023 8:45,3945
1/28/2023 8:46,4367
1/28/2023 8:46,3985
1/28/2023 8:47,4268
1/28/2023 8:47,3993
1/28/2023 8:48,3805
1/28/2023 8:48,3758
1/28/2023 8:49,3876
1/28/2023 8:49,4239
1/28/2023 8:50,4003
1/28/2023 8:50,4143
1/28/2023 8:51,3727
1/28/2023 8:51,4076
1/28/2023 8:52,3940
1/28/2023 8:52,3813
1/28/2023 8:53,4067
1/28/2023 8:53,3789
1/28/2023 8:54,4040
1/28/2023 8:54,4124
1/28/2023 8:55,3886
1/28/2023 8:55,3940
1/28/2023 8:56,3712
1/28/2023 8:56,4134
1/28/2023 8:57,4398
1/28/2023 8:57,4086
1/28/2023 8:58,3922
1/28/2023 8:58,4067
1/28/2023 8:59,3930
1/28/2023 8:59,3956
1/28/2023 9:00,3805
1/28/2023 9:01,4134
1/28/2023 9:01,3874
1/28/2023 9:02,4013
1/28/2023 9:02,4067
1/28/2023 9:03,4040
1/28/2023 9:03,4124
1/28/2023 9:04,3666
1/28/2023 9:04,4004
1/28/2023 9:05,4031
1/28/2023 9:05,3902
1/28/2023 9:06,3805
1/28/2023 9:06,4172
1/28/2023 9:07,3938
1/28/2023 9:07,3787
1/28/2023 9:08,4171
1/28/2023 9:08,3912
1/28/2023 9:09,3904
1/28/2023 9:09,4069
1/28/2023 9:10,3848
1/28/2023 9:10,3886
1/28/2023 9:11,3725
1/28/2023 9:11,4013
1/28/2023 9:12,4124
1/28/2023 9:12,3895
1/28/2023 9:13,4003
1/28/2023 9:13,4115
1/28/2023 9:14,3735
1/28/2023 9:14,4087
1/28/2023 9:15,4144
1/28/2023 9:15,4030
1/28/2023 9:16,4113
1/28/2023 9:16,3882
1/28/2023 9:17,3822
1/28/2023 9:17,4013
1/28/2023 9:18,4096
1/28/2023 9:18,3940
1/28/2023 9:19,4308
1/28/2023 9:19,3830
1/28/2023 9:20,3986
1/28/2023 9:20,3874
1/28/2023 9:21,3958
1/28/2023 9:21,4259
1/28/2023 9:22,3995
1/28/2023 9:22,3822
1/28/2023 9:23,3760
1/28/2023 9:23,4086
1/28/2023 9:24,4249
1/28/2023 9:24,4134
1/28/2023 9:25,3966
1/28/2023 9:25,3976
1/28/2023 9:26,4163
1/28/2023 9:27,3922
1/28/2023 9:27,4144
1/28/2023 9:28,4106
1/28/2023 9:28,4021
1/28/2023 9:29,3917
1/28/2023 9:29,4057
1/28/2023 9:30,4163
1/28/2023 9:30,4298
1/28/2023 9:31,3985
1/28/2023 9:31,4143
1/28/2023 9:32,3787
1/28/2023 9:32,3850
1/28/2023 9:33,3905
1/28/2023 9:33,4096
1/28/2023 9:34,3956
1/28/2023 9:34,4163
1/28/2023 9:35,4014
1/28/2023 9:35,3938
1/28/2023 9:36,4221
1/28/2023 9:36,4003
1/28/2023 9:37,3958
1/28/2023 9:37,4144
1/28/2023 9:38,4248
1/28/2023 9:38,4077
1/28/2023 9:39,3866
1/28/2023 9:39,4308
1/28/2023 9:40,3986
1/28/2023 9:40,3930
1/28/2023 9:41,4269
1/28/2023 9:41,3993
1/28/2023 9:42,4143
1/28/2023 9:42,4125
1/28/2023 9:43,4031
1/28/2023 9:43,3878
1/28/2023 9:44,3993
1/28/2023 9:44,4134
1/28/2023 9:45,4191
1/28/2023 9:45,4023
1/28/2023 9:46,4059
1/28/2023 9:46,4240
1/28/2023 9:47,4106
1/28/2023 9:47,3832
1/28/2023 9:48,3783
1/28/2023 9:48,4113
1/28/2023 9:49,3797
1/28/2023 9:49,4115
1/28/2023 9:50,4070
1/28/2023 9:50,4143
1/28/2023 9:51,4041
1/28/2023 9:51,4115
1/28/2023 9:52,3995
1/28/2023 9:52,4378
1/28/2023 9:53,3976
1/28/2023 9:54,4153
1/28/2023 9:54,4191
1/28/2023 9:55,4125
1/28/2023 9:55,3956
1/28/2023 9:56,3866
1/28/2023 9:56,4135
1/28/2023 9:57,3930
1/28/2023 9:57,4105
1/28/2023 9:58,4239
1/28/2023 9:58,4067
1/28/2023 9:59,3883
1/28/2023 9:59,3869
1/28/2023 10:00,4106
1/28/2023 10:00,3840
1/28/2023 10:01,4003
1/28/2023 10:01,4021
1/28/2023 10:02,3836
1/28/2023 10:02,3958
1/28/2023 10:03,3850
1/28/2023 10:03,4162
1/28/2023 10:04,4040
1/28/2023 10:04,4299
1/28/2023 10:05,4021
1/28/2023 10:05,4021
1/28/2023 10:06,4288
1/28/2023 10:06,4105
1/28/2023 10:07,4202
1/28/2023 10:07,3938
1/28/2023 10:08,4116
1/28/2023 10:08,4260
1/28/2023 10:09,3840
1/28/2023 10:09,4040
1/28/2023 10:10,4134
1/28/2023 10:10,3822
1/28/2023 10:11,4029
1/28/2023 10:11,3966
1/28/2023 10:12,4135
1/28/2023 10:12,4087
1/28/2023 10:13,3995
1/28/2023 10:13,4115
1/28/2023 10:14,4162
1/28/2023 10:14,4115
1/28/2023 10:15,4105
1/28/2023 10:15,4212
1/28/2023 10:16,4182
1/28/2023 10:16,4105
1/28/2023 10:17,4069
1/28/2023 10:17,3876
1/28/2023 10:18,3850
1/28/2023 10:18,4087
1/28/2023 10:19,4125
1/28/2023 10:19,4260
1/28/2023 10:20,4153
1/28/2023 10:21,4172
1/28/2023 10:21,4194
1/28/2023 10:22,3795
1/28/2023 10:22,4439
1/28/2023 10:23,4086
1/28/2023 10:23,4059
1/28/2023 10:24,4212
1/28/2023 10:24,4077
1/28/2023 10:25,3866
1/28/2023 10:25,3976
1/28/2023 10:26,4329
1/28/2023 10:26,4106
1/28/2023 10:27,4192
1/28/2023 10:27,4221
1/28/2023 10:28,4260
1/28/2023 10:28,3860
1/28/2023 10:29,3930
1/28/2023 10:29,3814
1/28/2023 10:30,4079
1/28/2023 10:30,4230
1/28/2023 10:31,4011
1/28/2023 10:31,4289
1/28/2023 10:32,4308
1/28/2023 10:32,4135
1/28/2023 10:33,4278
1/28/2023 10:33,3904
1/28/2023 10:34,4212
1/28/2023 10:34,3905
1/28/2023 10:35,4003
1/28/2023 10:35,4070
1/28/2023 10:36,3940
1/28/2023 10:36,3950
1/28/2023 10:37,4031
1/28/2023 10:37,4298
1/28/2023 10:38,3912
1/28/2023 10:38,4099
1/28/2023 10:39,4041
1/28/2023 10:39,3850
1/28/2023 10:40,3822
1/28/2023 10:40,4163
1/28/2023 10:41,4202
1/28/2023 10:41,4033
1/28/2023 10:42,4060
1/28/2023 10:42,4329
1/28/2023 10:43,4191
1/28/2023 10:43,4368
1/28/2023 10:44,4040
1/28/2023 10:44,4123
1/28/2023 10:45,3895
1/28/2023 10:45,4145
1/28/2023 10:46,4125
1/28/2023 10:46,4173
1/28/2023 10:47,3922
1/28/2023 10:48,4190
1/28/2023 10:48,4192
1/28/2023 10:49,3958
1/28/2023 10:49,4077
1/28/2023 10:50,4240
1/28/2023 10:50,4106
1/28/2023 10:51,3876
1/28/2023 10:51,4154
1/28/2023 10:52,4050
1/28/2023 10:52,4107
1/28/2023 10:53,4049
1/28/2023 10:53,4023
1/28/2023 10:54,4087
1/28/2023 10:54,4279
1/28/2023 10:55,4125
1/28/2023 10:55,4154
1/28/2023 10:56,4014
1/28/2023 10:56,4279
1/28/2023 10:57,4031
1/28/2023 10:57,4191
1/28/2023 10:58,4051
1/28/2023 10:58,4043
1/28/2023 10:59,4269
1/28/2023 10:59,3995
1/28/2023 11:00,4192
1/28/2023 11:00,3814
1/28/2023 11:01,4182
1/28/2023 11:01,3976
1/28/2023 11:02,4106
1/28/2023 11:02,4163
1/28/2023 11:03,4221
1/28/2023 11:03,4003
1/28/2023 11:04,4134
1/28/2023 11:04,4059
1/28/2023 11:05,4115
1/28/2023 11:05,4231
1/28/2023 11:06,3894
1/28/2023 11:06,4004
1/28/2023 11:07,4173
1/28/2023 11:07,4135
1/28/2023 11:08,3940
1/28/2023 11:08,4040
1/28/2023 11:09,4077
1/28/2023 11:09,4230
1/28/2023 11:10,3627
1/28/2023 11:10,4067
1/28/2023 11:11,4240
1/28/2023 11:11,4299
1/28/2023 11:12,4289
1/28/2023 11:12,4069
1/28/2023 11:13,4144
1/28/2023 11:14,4172
1/28/2023 11:14,4113
1/28/2023 11:15,4097
1/28/2023 11:15,4178
1/28/2023 11:16,4076
1/28/2023 11:16,4087
1/28/2023 11:17,4043
1/28/2023 11:17,4230
1/28/2023 11:18,4076
1/28/2023 11:18,4013
1/28/2023 11:19,4144
1/28/2023 11:19,4269
1/28/2023 11:20,4154
1/28/2023 11:20,4299
1/28/2023 11:21,4051
1/28/2023 11:21,3976
1/28/2023 11:22,4249
1/28/2023 11:22,3895
1/28/2023 11:23,4418
1/28/2023 11:23,4134
1/28/2023 11:24,4059
1/28/2023 11:24,4309
1/28/2023 11:25,4192
1/28/2023 11:25,4004
1/28/2023 11:26,4240
1/28/2023 11:26,4418
1/28/2023 11:27,4172
1/28/2023 11:27,3904
1/28/2023 11:28,4202
1/28/2023 11:28,4145
1/28/2023 11:29,3922
1/28/2023 11:29,4259
1/28/2023 11:30,3966
1/28/2023 11:30,4279
1/28/2023 11:31,4212
1/28/2023 11:31,4182
1/28/2023 11:32,4021
1/28/2023 11:32,4163
1/28/2023 11:33,3966
1/28/2023 11:33,4172
1/28/2023 11:34,4134
1/28/2023 11:34,4368
1/28/2023 11:35,3858
1/28/2023 11:35,4095
1/28/2023 11:36,3752
1/28/2023 11:36,3938
1/28/2023 11:37,4221
1/28/2023 11:37,4190
1/28/2023 11:38,4134
1/28/2023 11:38,4230
1/28/2023 11:39,4077
1/28/2023 11:39,4039
1/28/2023 11:40,4079
1/28/2023 11:41,4163
1/28/2023 11:41,4134
1/28/2023 11:42,4021
1/28/2023 11:42,3868
1/28/2023 11:43,4021
1/28/2023 11:43,3762
1/28/2023 11:44,4031
1/28/2023 11:44,3976
1/28/2023 11:45,4021
1/28/2023 11:45,4116
1/28/2023 11:46,4260
1/28/2023 11:46,4211
1/28/2023 11:47,4250
1/28/2023 11:47,4050
1/28/2023 11:48,3842
1/28/2023 11:48,4033
1/28/2023 11:49,4134
1/28/2023 11:49,4086
1/28/2023 11:50,3950
1/28/2023 11:50,4153
1/28/2023 11:51,4134
1/28/2023 11:51,4077
1/28/2023 11:52,4125
1/28/2023 11:52,4260
1/28/2023 11:53,4348
1/28/2023 11:53,4106
1/28/2023 11:54,4125
1/28/2023 11:54,4319
1/28/2023 11:55,4308
1/28/2023 11:55,4181
1/28/2023 11:56,4299
1/28/2023 11:56,4220
1/28/2023 11:57,4086
1/28/2023 11:57,3968
1/28/2023 11:58,4398
1/28/2023 11:58,4211
1/28/2023 11:59,4191
1/28/2023 11:59,3985
1/28/2023 12:00,4031
1/28/2023 12:00,4096
1/28/2023 12:01,4152
1/28/2023 12:01,4172
1/28/2023 12:02,3985
1/28/2023 12:02,4134
1/28/2023 12:03,4171
1/28/2023 12:03,4358
1/28/2023 12:04,4115
1/28/2023 12:04,4021
1/28/2023 12:05,4181
1/28/2023 12:05,4057
1/28/2023 12:06,4153
1/28/2023 12:06,4238
1/28/2023 12:07,3910
1/28/2023 12:08,4113
1/28/2023 12:08,3965
1/28/2023 12:09,3892
1/28/2023 12:09,3912
1/28/2023 12:10,4172
1/28/2023 12:10,4086
1/28/2023 12:11,4001
1/28/2023 12:11,4367
1/28/2023 12:12,3920
1/28/2023 12:12,3938
1/28/2023 12:13,4190
1/28/2023 12:13,4387
1/28/2023 12:14,4202
1/28/2023 12:14,3864
1/28/2023 12:15,4288
1/28/2023 12:15,4228
1/28/2023 12:16,4200
1/28/2023 12:16,3930
1/28/2023 12:17,3975
1/28/2023 12:17,4229
1/28/2023 12:18,4181
1/28/2023 12:18,4104
1/28/2023 12:19,4222
1/28/2023 12:19,4039
1/28/2023 12:20,3920
1/28/2023 12:20,4040
1/28/2023 12:21,3983
1/28/2023 12:21,4289
1/28/2023 12:22,3864
1/28/2023 12:22,4210
1/28/2023 12:23,4133
1/28/2023 12:23,4030
1/28/2023 12:24,4023
1/28/2023 12:24,4172
1/28/2023 12:25,4020
1/28/2023 12:25,4106
1/28/2023 12:26,4073
1/28/2023 12:26,4348
1/28/2023 12:27,3904
1/28/2023 12:27,4067
1/28/2023 12:28,4348
1/28/2023 12:28,3931
1/28/2023 12:29,3760
1/28/2023 12:29,4086
1/28/2023 12:30,4378
1/28/2023 12:30,4218
1/28/2023 12:31,4181
1/28/2023 12:31,4163
1/28/2023 12:32,4418
1/28/2023 12:32,4067
1/28/2023 12:33,4220
1/28/2023 12:33,4163
1/28/2023 12:34,4239
1/28/2023 12:35,3956
1/28/2023 12:35,4115
1/28/2023 12:36,4249
1/28/2023 12:36,3946
1/28/2023 12:37,4105
1/28/2023 12:37,4319
1/28/2023 12:38,4143
1/28/2023 12:38,4211
1/28/2023 12:39,4181
1/28/2023 12:39,4021
1/28/2023 12:40,4249
1/28/2023 12:40,4003
1/28/2023 12:41,4239
1/28/2023 12:41,3983
1/28/2023 12:42,4153
1/28/2023 12:42,4096
1/28/2023 12:43,4030
1/28/2023 12:43,3904
1/28/2023 12:44,3797
1/28/2023 12:44,3948
1/28/2023 12:45,4211
1/28/2023 12:45,3946
1/28/2023 12:46,3995
1/28/2023 12:46,4172
1/28/2023 12:47,4144
1/28/2023 12:47,4191
1/28/2023 12:48,4077
1/28/2023 12:48,4086
1/28/2023 12:49,4106
1/28/2023 12:49,4200
1/28/2023 12:50,4125
1/28/2023 12:50,4080
1/28/2023 12:51,4030
1/28/2023 12:51,4273
1/28/2023 12:52,3959
1/28/2023 12:52,4190
1/28/2023 12:53,4318
1/28/2023 12:53,4289
1/28/2023 12:54,4134
1/28/2023 12:54,4308
1/28/2023 12:55,4144
1/28/2023 12:55,4202
1/28/2023 12:56,4165
1/28/2023 12:56,3777
1/28/2023 12:57,4378
1/28/2023 12:57,4125
1/28/2023 12:58,4258
1/28/2023 12:58,3956
1/28/2023 12:59,3845
1/28/2023 12:59,4388
1/28/2023 13:00,3912
1/28/2023 13:01,4259
1/28/2023 13:01,4069
1/28/2023 13:02,4309
1/28/2023 13:02,4278
1/28/2023 13:03,4087
1/28/2023 13:03,3931
1/28/2023 13:04,4259
1/28/2023 13:04,3985
1/28/2023 13:05,4259
1/28/2023 13:05,3958
1/28/2023 13:06,3920
1/28/2023 13:06,4003
1/28/2023 13:07,4067
1/28/2023 13:07,4124
1/28/2023 13:08,4076
1/28/2023 13:08,4230
1/28/2023 13:09,4021
1/28/2023 13:09,4059
1/28/2023 13:10,3876
1/28/2023 13:10,4164
1/28/2023 13:11,4067
1/28/2023 13:11,4230
1/28/2023 13:12,4181
1/28/2023 13:12,4211
1/28/2023 13:13,4181
1/28/2023 13:13,4278
1/28/2023 13:14,4153
1/28/2023 13:14,4191
1/28/2023 13:15,4211
1/28/2023 13:15,4191
1/28/2023 13:16,4191
1/28/2023 13:16,4358
1/28/2023 13:17,4338
1/28/2023 13:17,4040
1/28/2023 13:18,4124
1/28/2023 13:18,3956
1/28/2023 13:19,4240
1/28/2023 13:19,4298
1/28/2023 13:20,4220
1/28/2023 13:20,4134
1/28/2023 13:21,4096
1/28/2023 13:21,4172
1/28/2023 13:22,3956
1/28/2023 13:22,4190
1/28/2023 13:23,3902
1/28/2023 13:23,3918
1/28/2023 13:24,4239
1/28/2023 13:24,4181
1/28/2023 13:25,4040
1/28/2023 13:25,4049
1/28/2023 13:26,4387
1/28/2023 13:26,3992
1/28/2023 13:27,4105
1/28/2023 13:28,4288
1/28/2023 13:28,4079
1/28/2023 13:29,4171
1/28/2023 13:29,4219
1/28/2023 13:30,4039
1/28/2023 13:30,3856
1/28/2023 13:31,4086
1/28/2023 13:31,4105
1/28/2023 13:32,4171
1/28/2023 13:32,3951
1/28/2023 13:33,3848
1/28/2023 13:33,4396
1/28/2023 13:34,4067
1/28/2023 13:34,4132
1/28/2023 13:35,4001
1/28/2023 13:35,3918
1/28/2023 13:36,4162
1/28/2023 13:36,4069
1/28/2023 13:37,4133
1/28/2023 13:37,4021
1/28/2023 13:38,3935
1/28/2023 13:38,4143
1/28/2023 13:39,4067
1/28/2023 13:39,4124
1/28/2023 13:40,4308
1/28/2023 13:40,4171
1/28/2023 13:41,3830
1/28/2023 13:41,4153
1/28/2023 13:42,3983
1/28/2023 13:42,4348
1/28/2023 13:43,4105
1/28/2023 13:43,4238
1/28/2023 13:44,3995
1/28/2023 13:44,4181
1/28/2023 13:45,4229
1/28/2023 13:45,3884
1/28/2023 13:46,4133
1/28/2023 13:46,4297
1/28/2023 13:47,4142
1/28/2023 13:47,4049
1/28/2023 13:48,4096
1/28/2023 13:48,4095
1/28/2023 13:49,4115
1/28/2023 13:49,3928
1/28/2023 13:50,3993
1/28/2023 13:50,4173
1/28/2023 13:51,3920
1/28/2023 13:51,4096
1/28/2023 13:52,3993
1/28/2023 13:52,4338
1/28/2023 13:53,4427
1/28/2023 13:53,4367
1/28/2023 13:54,4021
1/28/2023 13:55,3951
1/28/2023 13:55,3983
1/28/2023 13:56,4259
1/28/2023 13:56,4259
1/28/2023 13:57,4189
1/28/2023 13:57,4095
1/28/2023 13:58,4367
1/28/2023 13:58,4172
1/28/2023 13:59,4021
1/28/2023 13:59,4181
1/28/2023 14:00,4220
1/28/2023 14:00,3928
1/28/2023 14:01,4106
1/28/2023 14:01,4229
1/28/2023 14:02,3993
1/28/2023 14:02,3886
1/28/2023 14:03,3956
1/28/2023 14:03,4162
1/28/2023 14:04,4057
1/28/2023 14:04,3912
1/28/2023 14:05,4105
1/28/2023 14:05,3965
1/28/2023 14:06,4367
1/28/2023 14:06,4059
1/28/2023 14:07,4258
1/28/2023 14:07,4172
1/28/2023 14:08,4249
1/28/2023 14:08,4191
1/28/2023 14:09,4162
1/28/2023 14:09,3976
1/28/2023 14:10,4259
1/28/2023 14:10,3866
1/28/2023 14:11,4249
1/28/2023 14:11,4182
1/28/2023 14:12,4349
1/28/2023 14:12,4077
1/28/2023 14:13,4105
1/28/2023 14:13,4220
1/28/2023 14:14,4230
1/28/2023 14:14,4469
1/28/2023 14:15,4191
1/28/2023 14:15,4388
1/28/2023 14:16,4190
1/28/2023 14:16,4125
1/28/2023 14:17,4239
1/28/2023 14:17,4040
1/28/2023 14:18,4230
1/28/2023 14:18,4115
1/28/2023 14:19,4200
1/28/2023 14:19,3938
1/28/2023 14:20,4328
1/28/2023 14:20,3966
1/28/2023 14:21,4021
1/28/2023 14:22,4449
1/28/2023 14:22,4230
1/28/2023 14:23,4096
1/28/2023 14:23,3884
1/28/2023 14:24,4324
1/28/2023 14:24,3772
1/28/2023 14:25,4230
1/28/2023 14:25,4067
1/28/2023 14:26,4106
1/28/2023 14:26,3876
1/28/2023 14:27,4231
1/28/2023 14:27,4259
1/28/2023 14:28,4367
1/28/2023 14:28,4279
1/28/2023 14:29,4289
1/28/2023 14:29,4049
1/28/2023 14:30,4368
1/28/2023 14:30,4079
1/28/2023 14:31,4338
1/28/2023 14:31,4230
1/28/2023 14:32,4368
1/28/2023 14:32,4067
1/28/2023 14:33,3779
1/28/2023 14:33,3928
1/28/2023 14:34,4124
1/28/2023 14:34,4030
1/28/2023 14:35,4289
1/28/2023 14:35,4328
1/28/2023 14:36,4125
1/28/2023 14:36,4259
1/28/2023 14:37,3876
1/28/2023 14:37,4077
1/28/2023 14:38,4181
1/28/2023 14:38,4087
1/28/2023 14:39,4077
1/28/2023 14:39,4172
1/28/2023 14:40,4087
1/28/2023 14:40,4153
1/28/2023 14:41,4230
1/28/2023 14:41,4191
1/28/2023 14:42,4040
1/28/2023 14:42,4231
1/28/2023 14:43,4096
1/28/2023 14:43,4181
1/28/2023 14:44,4105
1/28/2023 14:44,4249
1/28/2023 14:45,4240
1/28/2023 14:45,4059
1/28/2023 14:46,4308
1/28/2023 14:46,4105
1/28/2023 14:47,4059
1/28/2023 14:47,4212
1/28/2023 14:48,4327
1/28/2023 14:49,4200
1/28/2023 14:49,4289
1/28/2023 14:50,4309
1/28/2023 14:50,4289
1/28/2023 14:51,4239
1/28/2023 14:51,4116
1/28/2023 14:52,4247
1/28/2023 14:52,4021
1/28/2023 14:53,4202
1/28/2023 14:53,4096
1/28/2023 14:54,4021
1/28/2023 14:54,4021
1/28/2023 14:55,4308
1/28/2023 14:55,3904
1/28/2023 14:56,4378
1/28/2023 14:56,4172
1/28/2023 14:57,4211
1/28/2023 14:57,3902
1/28/2023 14:58,4172
1/28/2023 14:58,4021
1/28/2023 14:59,4143
1/28/2023 14:59,4059
1/28/2023 15:00,4003
1/28/2023 15:00,4269
1/28/2023 15:01,4520
1/28/2023 15:01,4125
1/28/2023 15:02,4269
1/28/2023 15:02,4211
1/28/2023 15:03,4211
1/28/2023 15:03,4230
1/28/2023 15:04,4134
1/28/2023 15:04,4259
1/28/2023 15:05,4114
1/28/2023 15:05,4191
1/28/2023 15:06,4181
1/28/2023 15:06,4115
1/28/2023 15:07,4449
1/28/2023 15:07,3993
1/28/2023 15:08,4230
1/28/2023 15:08,4248
1/28/2023 15:09,4448
1/28/2023 15:09,4308
1/28/2023 15:10,4087
1/28/2023 15:10,3902
1/28/2023 15:11,3938
1/28/2023 15:11,4163
1/28/2023 15:12,4231
1/28/2023 15:12,4318
1/28/2023 15:13,4278
1/28/2023 15:13,4252
1/28/2023 15:14,4346
1/28/2023 15:15,4240
1/28/2023 15:15,4086
1/28/2023 15:16,4172
1/28/2023 15:16,4269
1/28/2023 15:17,4172
1/28/2023 15:17,3912
1/28/2023 15:18,4211
1/28/2023 15:18,4211
1/28/2023 15:19,4327
1/28/2023 15:19,4220
1/28/2023 15:20,4200
1/28/2023 15:20,3965
1/28/2023 15:21,3750
1/28/2023 15:21,4210
1/28/2023 15:22,3938
1/28/2023 15:22,4171
1/28/2023 15:23,4189
1/28/2023 15:23,4318
1/28/2023 15:24,4113
1/28/2023 15:24,3956
1/28/2023 15:25,4531
1/28/2023 15:25,4086
1/28/2023 15:26,4162
1/28/2023 15:26,4171
1/28/2023 15:27,4152
1/28/2023 15:27,4249
1/28/2023 15:28,4240
1/28/2023 15:28,3975
1/28/2023 15:29,3938
1/28/2023 15:29,4448
1/28/2023 15:30,4298
1/28/2023 15:30,4356
1/28/2023 15:31,4049
1/28/2023 15:31,4250
1/28/2023 15:32,4398
1/28/2023 15:32,4289
1/28/2023 15:33,4358
1/28/2023 15:33,4143
1/28/2023 15:34,4153
1/28/2023 15:34,3931
1/28/2023 15:35,4541
1/28/2023 15:35,4469
1/28/2023 15:36,4583
1/28/2023 15:36,4199
1/28/2023 15:37,4152
1/28/2023 15:37,4011
1/28/2023 15:38,4020
1/28/2023 15:38,4250
1/28/2023 15:39,4428
1/28/2023 15:39,4124
1/28/2023 15:40,4317
1/28/2023 15:40,4428
1/28/2023 15:41,4210
1/28/2023 15:42,4172
1/28/2023 15:42,4398
1/28/2023 15:43,4010
1/28/2023 15:43,3917
1/28/2023 15:44,4278
1/28/2023 15:44,4114
1/28/2023 15:45,4289
1/28/2023 15:45,4105
1/28/2023 15:46,4428
1/28/2023 15:46,4095
1/28/2023 15:47,4520
1/28/2023 15:47,4210
1/28/2023 15:48,4123
1/28/2023 15:48,4200
1/28/2023 15:49,3936
1/28/2023 15:49,4238
1/28/2023 15:50,4427
1/28/2023 15:50,3956
1/28/2023 15:51,4230
1/28/2023 15:51,4090
1/28/2023 15:52,4114
1/28/2023 15:52,4162
1/28/2023 15:53,4123
1/28/2023 15:53,4298
1/28/2023 15:54,4278
1/28/2023 15:54,4143
1/28/2023 15:55,3918
1/28/2023 15:55,3940
1/28/2023 15:56,4162
1/28/2023 15:56,4338
1/28/2023 15:57,4309
1/28/2023 15:57,4378
1/28/2023 15:58,4238
1/28/2023 15:58,4358
1/28/2023 15:59,4001
1/28/2023 15:59,4459
1/28/2023 16:00,3935
1/28/2023 16:00,4479
1/28/2023 16:01,4059
1/28/2023 16:01,4134
1/28/2023 16:02,4124
1/28/2023 16:02,4104
1/28/2023 16:03,4327
1/28/2023 16:03,4191
1/28/2023 16:04,4163
1/28/2023 16:04,4220
1/28/2023 16:05,3899
1/28/2023 16:05,4289
1/28/2023 16:06,3993
1/28/2023 16:06,4249
1/28/2023 16:07,4387
1/28/2023 16:07,3930
1/28/2023 16:08,3910
1/28/2023 16:09,4428
1/28/2023 16:09,4319
1/28/2023 16:10,4153
1/28/2023 16:10,4289
1/28/2023 16:11,4211
1/28/2023 16:11,4459
1/28/2023 16:12,3993
1/28/2023 16:12,4230
1/28/2023 16:13,4348
1/28/2023 16:13,4172
1/28/2023 16:14,4134
1/28/2023 16:14,4030
1/28/2023 16:15,4327
1/28/2023 16:15,3966
1/28/2023 16:16,4162
1/28/2023 16:16,4049
1/28/2023 16:17,4419
1/28/2023 16:17,4249
1/28/2023 16:18,4021
1/28/2023 16:18,4220
1/28/2023 16:19,4086
1/28/2023 16:19,3876
1/28/2023 16:20,4059
1/28/2023 16:20,4239
1/28/2023 16:21,4220
1/28/2023 16:21,4349
1/28/2023 16:22,3965
1/28/2023 16:22,4182
1/28/2023 16:23,4299
1/28/2023 16:23,4259
1/28/2023 16:24,4230
1/28/2023 16:24,4270
1/28/2023 16:25,4011
1/28/2023 16:25,4221
1/28/2023 16:26,4319
1/28/2023 16:26,4134
1/28/2023 16:27,4406
1/28/2023 16:27,4289
1/28/2023 16:28,4260
1/28/2023 16:28,4328
1/28/2023 16:29,4153
1/28/2023 16:29,4230
1/28/2023 16:30,4136
1/28/2023 16:30,4199
1/28/2023 16:31,4307
1/28/2023 16:31,4220
1/28/2023 16:32,4299
1/28/2023 16:32,4260
1/28/2023 16:33,4541
1/28/2023 16:33,4328
1/28/2023 16:34,4290
1/28/2023 16:34,4279
1/28/2023 16:35,4191
1/28/2023 16:36,3985
1/28/2023 16:36,4338
1/28/2023 16:37,4318
1/28/2023 16:37,4171
1/28/2023 16:38,4239
1/28/2023 16:38,4106
1/28/2023 16:39,4388
1/28/2023 16:39,4124
1/28/2023 16:40,4067
1/28/2023 16:40,4050
1/28/2023 16:41,4368
1/28/2023 16:41,4300
1/28/2023 16:42,3976
1/28/2023 16:42,4182
1/28/2023 16:43,4459
1/28/2023 16:43,4154
1/28/2023 16:44,4328
1/28/2023 16:44,4211
1/28/2023 16:45,4163
1/28/2023 16:45,4202
1/28/2023 16:46,3913
1/28/2023 16:46,4636
1/28/2023 16:47,4040
1/28/2023 16:47,3975
1/28/2023 16:48,4163
1/28/2023 16:48,4318
1/28/2023 16:49,4348
1/28/2023 16:49,4125
1/28/2023 16:50,4240
1/28/2023 16:50,4240
1/28/2023 16:51,4124
1/28/2023 16:51,4328
1/28/2023 16:52,4229
1/28/2023 16:52,4096
1/28/2023 16:53,4182
1/28/2023 16:53,4296
1/28/2023 16:54,4249
1/28/2023 16:54,4039
1/28/2023 16:55,4013
1/28/2023 16:55,4115
1/28/2023 16:56,4060
1/28/2023 16:56,4192
1/28/2023 16:57,4279
1/28/2023 16:57,4409
1/28/2023 16:58,4221
1/28/2023 16:58,4200
1/28/2023 16:59,4134
1/28/2023 16:59,4229
1/28/2023 17:00,4270
1/28/2023 17:00,4190
1/28/2023 17:01,4086
1/28/2023 17:01,4172
1/28/2023 17:02,4310
1/28/2023 17:03,4181
1/28/2023 17:03,3848
1/28/2023 17:04,4418
1/28/2023 17:04,4003
1/28/2023 17:05,4469
1/28/2023 17:05,4059
1/28/2023 17:06,4031
1/28/2023 17:06,4181
1/28/2023 17:07,4449
1/28/2023 17:07,4021
1/28/2023 17:08,4289
1/28/2023 17:08,4134
1/28/2023 17:09,4031
1/28/2023 17:09,4189
1/28/2023 17:10,4358
1/28/2023 17:10,4182
1/28/2023 17:11,4318
1/28/2023 17:11,4268
1/28/2023 17:12,4202
1/28/2023 17:12,4040
1/28/2023 17:13,4003
1/28/2023 17:13,4163
1/28/2023 17:14,4260
1/28/2023 17:14,4398
1/28/2023 17:15,4182
1/28/2023 17:15,4358
1/28/2023 17:16,4389
1/28/2023 17:16,4134
1/28/2023 17:17,4338
1/28/2023 17:17,4105
1/28/2023 17:18,4369
1/28/2023 17:18,4172
1/28/2023 17:19,4161
1/28/2023 17:19,4512
1/28/2023 17:20,4479
1/28/2023 17:20,4328
1/28/2023 17:21,4124
1/28/2023 17:21,3858
1/28/2023 17:22,3948
1/28/2023 17:22,4520
1/28/2023 17:23,4134
1/28/2023 17:23,4211
1/28/2023 17:24,4221
1/28/2023 17:24,4212
1/28/2023 17:25,4520
1/28/2023 17:25,4480
1/28/2023 17:26,4163
1/28/2023 17:26,3886
1/28/2023 17:27,4388
1/28/2023 17:27,4438
1/28/2023 17:28,4144
1/28/2023 17:29,4368
1/28/2023 17:29,4135
1/28/2023 17:30,4172
1/28/2023 17:30,4593
1/28/2023 17:31,4269
1/28/2023 17:31,4594
1/28/2023 17:32,4338
1/28/2023 17:32,4307
1/28/2023 17:33,4249
1/28/2023 17:33,4248
1/28/2023 17:34,4358
1/28/2023 17:34,4183
1/28/2023 17:35,4338
1/28/2023 17:35,4040
1/28/2023 17:36,4050
1/28/2023 17:36,4115
1/28/2023 17:37,4134
1/28/2023 17:37,4531
1/28/2023 17:38,4172
1/28/2023 17:38,4096
1/28/2023 17:39,4269
1/28/2023 17:39,4308
1/28/2023 17:40,4077
1/28/2023 17:40,4220
1/28/2023 17:41,4259
1/28/2023 17:41,4153
1/28/2023 17:42,4358
1/28/2023 17:42,4319
1/28/2023 17:43,4367
1/28/2023 17:43,4200
1/28/2023 17:44,4289
1/28/2023 17:44,4239
1/28/2023 17:45,4249
1/28/2023 17:45,4278
1/28/2023 17:46,4260
1/28/2023 17:46,4220
1/28/2023 17:47,4479
1/28/2023 17:47,4307
1/28/2023 17:48,4368
1/28/2023 17:48,4021
1/28/2023 17:49,4269
1/28/2023 17:49,4163
1/28/2023 17:50,4259
1/28/2023 17:50,4511
1/28/2023 17:51,4249
1/28/2023 17:51,4230
1/28/2023 17:52,4398
1/28/2023 17:52,4298
1/28/2023 17:53,4087
1/28/2023 17:53,4453
1/28/2023 17:54,4182
1/28/2023 17:54,4269
1/28/2023 17:55,4319
1/28/2023 17:56,4338
1/28/2023 17:56,4191
1/28/2023 17:57,4163
1/28/2023 17:57,4260
1/28/2023 17:58,4260
1/28/2023 17:58,4239
1/28/2023 17:59,3977
1/28/2023 17:59,4268
1/28/2023 18:00,4221
1/28/2023 18:00,4278
1/28/2023 18:01,4172
1/28/2023 18:01,4003
1/28/2023 18:02,4115
1/28/2023 18:02,4089
1/28/2023 18:03,4104
1/28/2023 18:03,4040
1/28/2023 18:04,4069
1/28/2023 18:04,4040
1/28/2023 18:05,4230
1/28/2023 18:05,4368
1/28/2023 18:06,4192
1/28/2023 18:06,4408
1/28/2023 18:07,4398
1/28/2023 18:07,4172
1/28/2023 18:08,4031
1/28/2023 18:08,4220
1/28/2023 18:09,4191
1/28/2023 18:09,4182
1/28/2023 18:10,4279
1/28/2023 18:10,4163
1/28/2023 18:11,3948
1/28/2023 18:11,4552
1/28/2023 18:12,4278
1/28/2023 18:12,4358
1/28/2023 18:13,4240
1/28/2023 18:13,4318
1/28/2023 18:14,4289
1/28/2023 18:14,4212
1/28/2023 18:15,4259
1/28/2023 18:15,4050
1/28/2023 18:16,4308
1/28/2023 18:16,4459
1/28/2023 18:17,4279
1/28/2023 18:17,3995
1/28/2023 18:18,4269
1/28/2023 18:18,4269
1/28/2023 18:19,4428
1/28/2023 18:19,4153
1/28/2023 18:20,4152
1/28/2023 18:20,4448
1/28/2023 18:21,4299
1/28/2023 18:21,4500
1/28/2023 18:22,4428
1/28/2023 18:23,4347
1/28/2023 18:23,4408
1/28/2023 18:24,4134
1/28/2023 18:24,4358
1/28/2023 18:25,4220
1/28/2023 18:25,4469
1/28/2023 18:26,4287
1/28/2023 18:26,4500
1/28/2023 18:27,4318
1/28/2023 18:27,4319
1/28/2023 18:28,4460
1/28/2023 18:28,4398
1/28/2023 18:29,4378
1/28/2023 18:29,4040
1/28/2023 18:30,4604
1/28/2023 18:30,4067
1/28/2023 18:31,4115
1/28/2023 18:31,4319
1/28/2023 18:32,4205
1/28/2023 18:32,4418
1/28/2023 18:33,4299
1/28/2023 18:33,4479
1/28/2023 18:34,4260
1/28/2023 18:34,4013
1/28/2023 18:35,4173
1/28/2023 18:35,4049
1/28/2023 18:36,4299
1/28/2023 18:36,4003
1/28/2023 18:37,4220
1/28/2023 18:37,4249
1/28/2023 18:38,4051
1/28/2023 18:38,4260
1/28/2023 18:39,4249
1/28/2023 18:39,4220
1/28/2023 18:40,4428
1/28/2023 18:40,4279
1/28/2023 18:41,4318
1/28/2023 18:41,4134
1/28/2023 18:42,4552
1/28/2023 18:42,4510
1/28/2023 18:43,4059
1/28/2023 18:43,4318
1/28/2023 18:44,4211
1/28/2023 18:44,4319
1/28/2023 18:45,4013
1/28/2023 18:45,4212
1/28/2023 18:46,4428
1/28/2023 18:46,3985
1/28/2023 18:47,4020
1/28/2023 18:47,4162
1/28/2023 18:48,4211
1/28/2023 18:48,4279
1/28/2023 18:49,4338
1/28/2023 18:50,4030
1/28/2023 18:50,4573
1/28/2023 18:51,4240
1/28/2023 18:51,4191
1/28/2023 18:52,4105
1/28/2023 18:52,4164
1/28/2023 18:53,4163
1/28/2023 18:53,4249
1/28/2023 18:54,4387
1/28/2023 18:54,4182
1/28/2023 18:55,4182
1/28/2023 18:55,4230
1/28/2023 18:56,4069
1/28/2023 18:56,4077
1/28/2023 18:57,4241
1/28/2023 18:57,4250
1/28/2023 18:58,4272
1/28/2023 18:58,4348
1/28/2023 18:59,3995
1/28/2023 18:59,4240
1/28/2023 19:00,4490
1/28/2023 19:00,4001
1/28/2023 19:01,4510
1/28/2023 19:01,4021
1/28/2023 19:02,3995
1/28/2023 19:02,4059
1/28/2023 19:03,4594
1/28/2023 19:03,4299
1/28/2023 19:04,4239
1/28/2023 19:04,4398
1/28/2023 19:05,4172
1/28/2023 19:05,4338
1/28/2023 19:06,4378
1/28/2023 19:06,4021
1/28/2023 19:07,4250
1/28/2023 19:07,4250
1/28/2023 19:08,4211
1/28/2023 19:08,4107
1/28/2023 19:09,4319
1/28/2023 19:09,4077
1/28/2023 19:10,4319
1/28/2023 19:10,4221
1/28/2023 19:11,4469
1/28/2023 19:11,4378
1/28/2023 19:12,3868
1/28/2023 19:12,3985
1/28/2023 19:13,4625
1/28/2023 19:13,4087
1/28/2023 19:14,4230
1/28/2023 19:14,4260
1/28/2023 19:15,4182
1/28/2023 19:16,4348
1/28/2023 19:16,4428
1/28/2023 19:17,4348
1/28/2023 19:17,4077
1/28/2023 19:18,4260
1/28/2023 19:18,4183
1/28/2023 19:19,4552
1/28/2023 19:19,4409
1/28/2023 19:20,4448
1/28/2023 19:20,4299
1/28/2023 19:21,4308
1/28/2023 19:21,4418
1/28/2023 19:22,4388
1/28/2023 19:22,4030
1/28/2023 19:23,4552
1/28/2023 19:23,4094
1/28/2023 19:24,4388
1/28/2023 19:24,4249
1/28/2023 19:25,4398
1/28/2023 19:25,4573
1/28/2023 19:26,4096
1/28/2023 19:26,4319
1/28/2023 19:27,4202
1/28/2023 19:27,4069
1/28/2023 19:28,4327
1/28/2023 19:28,4269
1/28/2023 19:29,4449
1/28/2023 19:29,4551
1/28/2023 19:30,4200
1/28/2023 19:30,4368
1/28/2023 19:31,4268
1/28/2023 19:31,4248
1/28/2023 19:32,4328
1/28/2023 19:32,4279
1/28/2023 19:33,4260
1/28/2023 19:33,4153
1/28/2023 19:34,4143
1/28/2023 19:34,4328
1/28/2023 19:35,4299
1/28/2023 19:35,4328
1/28/2023 19:36,4398
1/28/2023 19:36,4181
1/28/2023 19:37,4308
1/28/2023 19:37,4308
1/28/2023 19:38,4594
1/28/2023 19:38,4289
1/28/2023 19:39,4030
1/28/2023 19:39,4192
1/28/2023 19:40,4087
1/28/2023 19:40,4298
1/28/2023 19:41,4249
1/28/2023 19:41,4230
1/28/2023 19:42,4144
1/28/2023 19:43,4298
1/28/2023 19:43,4319
1/28/2023 19:44,4459
1/28/2023 19:44,4400
1/28/2023 19:45,4318
1/28/2023 19:45,4409
1/28/2023 19:46,4191
1/28/2023 19:46,4162
1/28/2023 19:47,4220
1/28/2023 19:47,4338
1/28/2023 19:48,4308
1/28/2023 19:48,4073
1/28/2023 19:49,4096
1/28/2023 19:49,4269
1/28/2023 19:50,4319
1/28/2023 19:50,4480
1/28/2023 19:51,4086
1/28/2023 19:51,4328
1/28/2023 19:52,4059
1/28/2023 19:52,4135
1/28/2023 19:53,4326
1/28/2023 19:53,4249
1/28/2023 19:54,4115
1/28/2023 19:54,4289
1/28/2023 19:55,4358
1/28/2023 19:55,4261
1/28/2023 19:56,4776
1/28/2023 19:56,4050
1/28/2023 19:57,4059
1/28/2023 19:57,4096
1/28/2023 19:58,4087
1/28/2023 19:58,4050
1/28/2023 19:59,4134
1/28/2023 19:59,4172
1/28/2023 20:00,4521
1/28/2023 20:00,4358
1/28/2023 20:01,4469
1/28/2023 20:01,4526
1/28/2023 20:02,4531
1/28/2023 20:02,4211
1/28/2023 20:03,4604
1/28/2023 20:03,4069
1/28/2023 20:04,4124
1/28/2023 20:04,4269
1/28/2023 20:05,4221
1/28/2023 20:05,4439
1/28/2023 20:06,4230
1/28/2023 20:06,3946
1/28/2023 20:07,4049
1/28/2023 20:07,4163
1/28/2023 20:08,4230
1/28/2023 20:08,4438
1/28/2023 20:09,4249
1/28/2023 20:10,4202
1/28/2023 20:10,4338
1/28/2023 20:11,4096
1/28/2023 20:11,4469
1/28/2023 20:12,4358
1/28/2023 20:12,4309
1/28/2023 20:13,4398
1/28/2023 20:13,4562
1/28/2023 20:14,4449
1/28/2023 20:14,4378
1/28/2023 20:15,4348
1/28/2023 20:15,4182
1/28/2023 20:16,4408
1/28/2023 20:16,4031
1/28/2023 20:17,4348
1/28/2023 20:17,4134
1/28/2023 20:18,4319
1/28/2023 20:18,4230
1/28/2023 20:19,4182
1/28/2023 20:19,4191
1/28/2023 20:20,4369
1/28/2023 20:20,4636
1/28/2023 20:21,4240
1/28/2023 20:21,4378
1/28/2023 20:22,4279
1/28/2023 20:22,4378
1/28/2023 20:23,4531
1/28/2023 20:23,4408
1/28/2023 20:24,4059
1/28/2023 20:24,4154
1/28/2023 20:25,4124
1/28/2023 20:25,4309
1/28/2023 20:26,4329
1/28/2023 20:26,4668
1/28/2023 20:27,4428
1/28/2023 20:27,4258
1/28/2023 20:28,4562
1/28/2023 20:28,4469
1/28/2023 20:29,4668
1/28/2023 20:29,4604
1/28/2023 20:30,4289
1/28/2023 20:30,4389
1/28/2023 20:31,4594
1/28/2023 20:31,4398
1/28/2023 20:32,4625
1/28/2023 20:32,4625
1/28/2023 20:33,4269
1/28/2023 20:33,4668
1/28/2023 20:34,4069
1/28/2023 20:34,4125
1/28/2023 20:35,4280
1/28/2023 20:35,4087
1/28/2023 20:36,4260
1/28/2023 20:37,4319
1/28/2023 20:37,4594
1/28/2023 20:38,4269
1/28/2023 20:38,4379
1/28/2023 20:39,4348
1/28/2023 20:39,4289
1/28/2023 20:40,4298
1/28/2023 20:40,4439
1/28/2023 20:41,4387
1/28/2023 20:41,4308
1/28/2023 20:42,4408
1/28/2023 20:42,4378
1/28/2023 20:43,4358
1/28/2023 20:43,4389
1/28/2023 20:44,4531
1/28/2023 20:44,4500
1/28/2023 20:45,4144
1/28/2023 20:45,4279
1/28/2023 20:46,4003
1/28/2023 20:46,4280
1/28/2023 20:47,4077
1/28/2023 20:47,4191
1/28/2023 20:48,4087
1/28/2023 20:48,4230
1/28/2023 20:49,4419
1/28/2023 20:49,3940
1/28/2023 20:50,4689
1/28/2023 20:50,4636
1/28/2023 20:51,4449
1/28/2023 20:51,4260
1/28/2023 20:52,4408
1/28/2023 20:52,4398
1/28/2023 20:53,4542
1/28/2023 20:53,4077
1/28/2023 20:54,4378
1/28/2023 20:54,4346
1/28/2023 20:55,4490
1/28/2023 20:55,4678
1/28/2023 20:56,4076
1/28/2023 20:56,4449
1/28/2023 20:57,4408
1/28/2023 20:57,4239
1/28/2023 20:58,4202
1/28/2023 20:58,4615
1/28/2023 20:59,4809
1/28/2023 20:59,4572
1/28/2023 21:00,4541
1/28/2023 21:00,4583
1/28/2023 21:01,4378
1/28/2023 21:01,4004
1/28/2023 21:02,4001
1/28/2023 21:02,4668
1/28/2023 21:03,4348
1/28/2023 21:04,4449
1/28/2023 21:04,4289
1/28/2023 21:05,4300
1/28/2023 21:05,4191
1/28/2023 21:06,4604
1/28/2023 21:06,4260
1/28/2023 21:07,4625
1/28/2023 21:07,4398
1/28/2023 21:08,4144
1/28/2023 21:08,4173
1/28/2023 21:09,4299
1/28/2023 21:09,3995
1/28/2023 21:10,4408
1/28/2023 21:10,4369
1/28/2023 21:11,4277
1/28/2023 21:11,4329
1/28/2023 21:12,4191
1/28/2023 21:12,4754
1/28/2023 21:13,4163
1/28/2023 21:13,4490
1/28/2023 21:14,4135
1/28/2023 21:14,4211
1/28/2023 21:15,4231
1/28/2023 21:15,4348
1/28/2023 21:16,4460
1/28/2023 21:16,4490
1/28/2023 21:17,4657
1/28/2023 21:17,4398
1/28/2023 21:18,4711
1/28/2023 21:18,4573
1/28/2023 21:19,4202
1/28/2023 21:19,4172
1/28/2023 21:20,4319
1/28/2023 21:20,4163
1/28/2023 21:21,4249
1/28/2023 21:21,4541
1/28/2023 21:22,4531
1/28/2023 21:22,4143
1/28/2023 21:23,4358
1/28/2023 21:23,4145
1/28/2023 21:24,4490
1/28/2023 21:24,4439
1/28/2023 21:25,4358
1/28/2023 21:25,4338
1/28/2023 21:26,4388
1/28/2023 21:26,4358
1/28/2023 21:27,4459
1/28/2023 21:27,4490
1/28/2023 21:28,4470
1/28/2023 21:28,4604
1/28/2023 21:29,4299
1/28/2023 21:30,4388
1/28/2023 21:30,4230
1/28/2023 21:31,4259
1/28/2023 21:31,4429
1/28/2023 21:32,4329
1/28/2023 21:32,4490
1/28/2023 21:33,4144
1/28/2023 21:33,4389
1/28/2023 21:34,4486
1/28/2023 21:34,4191
1/28/2023 21:35,4594
1/28/2023 21:35,4431
1/28/2023 21:36,4679
1/28/2023 21:36,4172
1/28/2023 21:37,4668
1/28/2023 21:37,4438
1/28/2023 21:38,4615
1/28/2023 21:38,4368
1/28/2023 21:39,4490
1/28/2023 21:39,4552
1/28/2023 21:40,4449
1/28/2023 21:40,4398
1/28/2023 21:41,4154
1/28/2023 21:41,4115
1/28/2023 21:42,4722
1/28/2023 21:42,4657
1/28/2023 21:43,4408
1/28/2023 21:43,4173
1/28/2023 21:44,4379
1/28/2023 21:44,4459
1/28/2023 21:45,4388
1/28/2023 21:45,4398
1/28/2023 21:46,4542
1/28/2023 21:46,4711
1/28/2023 21:47,4615
1/28/2023 21:47,4679
1/28/2023 21:48,4163
1/28/2023 21:48,4510
1/28/2023 21:49,4754
1/28/2023 21:49,4182
1/28/2023 21:50,4408
1/28/2023 21:50,4439
1/28/2023 21:51,4319
1/28/2023 21:51,4700
1/28/2023 21:52,4552
1/28/2023 21:52,4418
1/28/2023 21:53,4625
1/28/2023 21:53,4732
1/28/2023 21:54,4481
1/28/2023 21:54,4615
1/28/2023 21:55,4202
1/28/2023 21:55,4279
1/28/2023 21:56,4364
1/28/2023 21:57,4531
1/28/2023 21:57,4172
1/28/2023 21:58,4398
1/28/2023 21:58,4604
1/28/2023 21:59,4134
1/28/2023 21:59,4449
1/28/2023 22:00,4480
1/28/2023 22:00,4594
1/28/2023 22:01,4369
1/28/2023 22:01,4743
1/28/2023 22:02,4541
1/28/2023 22:02,4409
1/28/2023 22:03,4450
1/28/2023 22:03,4368
1/28/2023 22:04,4732
1/28/2023 22:04,4646
1/28/2023 22:05,4378
1/28/2023 22:05,4348
1/28/2023 22:06,4240
1/28/2023 22:06,4605
1/28/2023 22:07,4711
1/28/2023 22:07,4521
1/28/2023 22:08,4309
1/28/2023 22:08,4439
1/28/2023 22:09,4135
1/28/2023 22:09,4418
1/28/2023 22:10,4221
1/28/2023 22:10,4511
1/28/2023 22:11,4439
1/28/2023 22:11,4480
1/28/2023 22:12,4125
1/28/2023 22:12,4290
1/28/2023 22:13,4511
1/28/2023 22:13,4115
1/28/2023 22:14,4722
1/28/2023 22:14,4625
1/28/2023 22:15,4583
1/28/2023 22:15,4470
1/28/2023 22:16,4192
1/28/2023 22:16,4163
1/28/2023 22:17,4379
1/28/2023 22:17,4700
1/28/2023 22:18,4470
1/28/2023 22:18,4583
1/28/2023 22:19,4511
1/28/2023 22:19,4490
1/28/2023 22:20,4604
1/28/2023 22:20,4309
1/28/2023 22:21,4378
1/28/2023 22:21,4389
1/28/2023 22:22,4260
1/28/2023 22:22,4192
1/28/2023 22:23,4249
1/28/2023 22:24,4222
1/28/2023 22:24,4584
1/28/2023 22:25,4679
1/28/2023 22:25,4231
1/28/2023 22:26,4480
1/28/2023 22:26,4470
1/28/2023 22:27,4722
1/28/2023 22:27,4490
1/28/2023 22:28,4552
1/28/2023 22:28,4531
1/28/2023 22:29,4700
1/28/2023 22:29,4408
1/28/2023 22:30,4398
1/28/2023 22:30,4369
1/28/2023 22:31,4500
1/28/2023 22:31,4470
1/28/2023 22:32,4531
1/28/2023 22:32,4754
1/28/2023 22:33,4221
1/28/2023 22:33,4430
1/28/2023 22:34,4318
1/28/2023 22:34,4563
1/28/2023 22:35,4500
1/28/2023 22:35,4521
1/28/2023 22:36,4500
1/28/2023 22:36,4521
1/28/2023 22:37,4398
1/28/2023 22:37,4288
1/28/2023 22:38,4490
1/28/2023 22:38,4428
1/28/2023 22:39,4439
1/28/2023 22:39,4976
1/28/2023 22:40,4308
1/28/2023 22:40,4202
1/28/2023 22:41,4240
1/28/2023 22:41,4722
1/28/2023 22:42,4389
1/28/2023 22:42,4231
1/28/2023 22:43,4765
1/28/2023 22:43,4636
1/28/2023 22:44,4668
1/28/2023 22:44,4594
1/28/2023 22:45,4419
1/28/2023 22:45,4573
1/28/2023 22:46,4500
1/28/2023 22:46,4798
1/28/2023 22:47,4409
1/28/2023 22:47,4594
1/28/2023 22:48,4328
1/28/2023 22:48,4349
1/28/2023 22:49,4230
1/28/2023 22:49,4338
1/28/2023 22:50,4409
1/28/2023 22:51,4221
1/28/2023 22:51,4409
1/28/2023 22:52,4501
1/28/2023 22:52,4398
1/28/2023 22:53,4531
1/28/2023 22:53,4512
1/28/2023 22:54,4500
1/28/2023 22:54,4798
1/28/2023 22:55,4820
1/28/2023 22:55,4531
1/28/2023 22:56,4511
1/28/2023 22:56,4743
1/28/2023 22:57,4250
1/28/2023 22:57,4251
1/28/2023 22:58,4419
1/28/2023 22:58,4319
1/28/2023 22:59,4776
1/28/2023 22:59,4501
1/28/2023 23:00,4636
1/28/2023 23:00,4449
1/28/2023 23:01,4583
1/28/2023 23:01,4500
1/28/2023 23:02,4480
1/28/2023 23:02,4604
1/28/2023 23:03,4491
1/28/2023 23:03,4358
1/28/2023 23:04,4625
1/28/2023 23:04,4552
1/28/2023 23:05,4583
1/28/2023 23:05,4319
1/28/2023 23:06,4573
1/28/2023 23:06,4398
1/28/2023 23:07,4260
1/28/2023 23:07,4202
1/28/2023 23:08,4300
1/28/2023 23:08,4319
1/28/2023 23:09,4449
1/28/2023 23:09,4173
1/28/2023 23:10,4212
1/28/2023 23:10,4583
1/28/2023 23:11,4711
1/28/2023 23:11,4531
1/28/2023 23:12,4594
1/28/2023 23:12,4290
1/28/2023 23:13,4389
1/28/2023 23:13,4625
1/28/2023 23:14,4319
1/28/2023 23:14,4399
1/28/2023 23:15,4636
1/28/2023 23:15,4604
1/28/2023 23:16,4470
1/28/2023 23:17,4604
1/28/2023 23:17,4679
1/28/2023 23:18,4573
1/28/2023 23:18,4470
1/28/2023 23:19,4459
1/28/2023 23:19,4531
1/28/2023 23:20,4615
1/28/2023 23:20,4409
1/28/2023 23:21,4842
1/28/2023 23:21,4428
1/28/2023 23:22,4776
1/28/2023 23:22,4309
1/28/2023 23:23,4647
1/28/2023 23:23,4470
1/28/2023 23:24,4604
1/28/2023 23:24,4647
1/28/2023 23:25,4491
1/28/2023 23:25,4732
1/28/2023 23:26,4480
1/28/2023 23:26,4636
1/28/2023 23:27,4605
1/28/2023 23:27,4459
1/28/2023 23:28,4269
1/28/2023 23:28,4521
1/28/2023 23:29,4172
1/28/2023 23:29,4798
1/28/2023 23:30,4521
1/28/2023 23:30,4542
1/28/2023 23:31,4328
1/28/2023 23:31,4700
1/28/2023 23:32,4542
1/28/2023 23:32,4522
1/28/2023 23:33,4221
1/28/2023 23:33,4359
1/28/2023 23:34,4542
1/28/2023 23:34,4511
1/28/2023 23:35,4439
1/28/2023 23:35,4319
1/28/2023 23:36,4378
1/28/2023 23:36,4521
1/28/2023 23:37,4594
1/28/2023 23:37,4429
1/28/2023 23:38,4270
1/28/2023 23:38,4398
1/28/2023 23:39,4787
1/28/2023 23:39,4531
1/28/2023 23:40,4329
1/28/2023 23:40,4563
1/28/2023 23:41,4562
1/28/2023 23:41,4765
1/28/2023 23:42,4573
1/28/2023 23:42,4329
1/28/2023 23:43,4711
1/28/2023 23:44,4329
1/28/2023 23:44,4711
1/28/2023 23:45,4480
1/28/2023 23:45,4398
1/28/2023 23:46,4563
1/28/2023 23:46,4542
1/28/2023 23:47,4820
1/28/2023 23:47,4349
1/28/2023 23:48,4352
1/28/2023 23:48,4492
1/28/2023 23:49,4711
1/28/2023 23:49,4594
1/28/2023 23:50,4479
1/28/2023 23:50,4439
1/28/2023 23:51,4563
1/28/2023 23:51,4329
1/28/2023 23:52,4615
1/28/2023 23:52,4358
1/28/2023 23:53,4573
1/28/2023 23:53,4439
1/28/2023 23:54,4776
1/28/2023 23:54,4319
1/28/2023 23:55,4787
1/28/2023 23:55,4531
1/28/2023 23:56,4352
1/28/2023 23:56,4711
1/28/2023 23:57,4594
1/28/2023 23:57,4668
1/28/2023 23:58,4521
1/28/2023 23:58,4338
1/28/2023 23:59,4419
1/28/2023 23:59,4270
1/29/2023 0:00,4636
1/29/2023 0:00,4852
1/29/2023 0:01,4552
1/29/2023 0:01,4542
1/29/2023 0:02,4309
1/29/2023 0:02,5127
1/29/2023 0:03,4842
1/29/2023 0:03,4954
1/29/2023 0:04,4573
1/29/2023 0:04,4329
1/29/2023 0:05,4479
1/29/2023 0:05,4521
1/29/2023 0:06,4647
1/29/2023 0:06,4732
1/29/2023 0:07,4369
1/29/2023 0:07,4711
1/29/2023 0:08,4626
1/29/2023 0:08,4408
1/29/2023 0:09,4776
1/29/2023 0:09,4338
1/29/2023 0:10,4754
1/29/2023 0:11,4573
1/29/2023 0:11,4439
1/29/2023 0:12,4358
1/29/2023 0:12,4358
1/29/2023 0:13,4657
1/29/2023 0:13,4754
1/29/2023 0:14,4319
1/29/2023 0:14,4646
1/29/2023 0:15,4657
1/29/2023 0:15,4657
1/29/2023 0:16,4429
1/29/2023 0:16,4299
1/29/2023 0:17,4787
1/29/2023 0:17,4231
1/29/2023 0:18,4909
1/29/2023 0:18,4469
1/29/2023 0:19,4647
1/29/2023 0:19,4668
1/29/2023 0:20,4552
1/29/2023 0:20,4309
1/29/2023 0:21,4765
1/29/2023 0:21,4510
1/29/2023 0:22,4329
1/29/2023 0:22,4679
1/29/2023 0:23,4449
1/29/2023 0:23,4615
1/29/2023 0:24,4584
1/29/2023 0:24,4776
1/29/2023 0:25,4378
1/29/2023 0:25,4221
1/29/2023 0:26,4886
1/29/2023 0:26,4338
1/29/2023 0:27,4279
1/29/2023 0:27,4542
1/29/2023 0:28,4636
1/29/2023 0:28,4240
1/29/2023 0:29,4931
1/29/2023 0:29,4250
1/29/2023 0:30,4470
1/29/2023 0:30,4378
1/29/2023 0:31,4668
1/29/2023 0:31,4290
1/29/2023 0:32,4798
1/29/2023 0:32,4700
1/29/2023 0:33,4308
1/29/2023 0:33,4338
1/29/2023 0:34,4657
1/29/2023 0:34,4647
1/29/2023 0:35,4636
1/29/2023 0:35,4212
1/29/2023 0:36,4308
1/29/2023 0:36,4459
1/29/2023 0:37,4532
1/29/2023 0:38,4388
1/29/2023 0:38,4831
1/29/2023 0:39,4542
1/29/2023 0:39,4319
1/29/2023 0:40,4809
1/29/2023 0:40,4583
1/29/2023 0:41,4920
1/29/2023 0:41,4268
1/29/2023 0:42,4552
1/29/2023 0:42,4469
1/29/2023 0:43,4480
1/29/2023 0:43,4853
1/29/2023 0:44,4480
1/29/2023 0:44,4163
1/29/2023 0:45,4954
1/29/2023 0:45,4636
1/29/2023 0:46,4711
1/29/2023 0:46,4552
1/29/2023 0:47,4428
1/29/2023 0:47,4700
1/29/2023 0:48,4153
1/29/2023 0:48,4480
1/29/2023 0:49,4668
1/29/2023 0:49,4700
1/29/2023 0:50,4776
1/29/2023 0:50,4679
1/29/2023 0:51,4500
1/29/2023 0:51,4679
1/29/2023 0:52,4625
1/29/2023 0:52,4689
1/29/2023 0:53,4573
1/29/2023 0:53,4510
1/29/2023 0:54,4469
1/29/2023 0:54,4270
1/29/2023 0:55,4269
1/29/2023 0:55,4583
1/29/2023 0:56,4689
1/29/2023 0:56,4842
1/29/2023 0:57,4722
1/29/2023 0:57,4510
1/29/2023 0:58,4776
1/29/2023 0:58,4636
1/29/2023 0:59,4657
1/29/2023 0:59,4842
1/29/2023 1:00,4318
1/29/2023 1:00,4328
1/29/2023 1:01,4470
1/29/2023 1:01,4398
1/29/2023 1:02,4428
1/29/2023 1:02,4510
1/29/2023 1:03,4510
1/29/2023 1:04,4776
1/29/2023 1:04,4308
1/29/2023 1:05,4657
1/29/2023 1:05,4552
1/29/2023 1:06,4552
1/29/2023 1:06,4593
1/29/2023 1:07,4787
1/29/2023 1:07,4329
1/29/2023 1:08,4754
1/29/2023 1:08,4583
1/29/2023 1:09,4776
1/29/2023 1:09,4408
1/29/2023 1:10,4977
1/29/2023 1:10,4700
1/29/2023 1:11,4573
1/29/2023 1:11,4438
1/29/2023 1:12,4700
1/29/2023 1:12,4615
1/29/2023 1:13,4531
1/29/2023 1:13,4876
1/29/2023 1:14,4369
1/29/2023 1:14,4249
1/29/2023 1:15,4328
1/29/2023 1:15,4408
1/29/2023 1:16,4490
1/29/2023 1:16,4388
1/29/2023 1:17,4562
1/29/2023 1:17,4668
1/29/2023 1:18,4469
1/29/2023 1:18,4249
1/29/2023 1:19,4398
1/29/2023 1:19,4657
1/29/2023 1:20,4562
1/29/2023 1:20,4428
1/29/2023 1:21,4289
1/29/2023 1:21,4299
1/29/2023 1:22,4657
1/29/2023 1:22,4932
1/29/2023 1:23,4798
1/29/2023 1:23,4732
1/29/2023 1:24,4647
1/29/2023 1:24,4909
1/29/2023 1:25,4542
1/29/2023 1:25,4388
1/29/2023 1:26,4636
1/29/2023 1:26,4743
1/29/2023 1:27,4479
1/29/2023 1:27,4955
1/29/2023 1:28,4279
1/29/2023 1:28,4787
1/29/2023 1:29,4776
1/29/2023 1:29,4820
1/29/2023 1:30,4689
1/29/2023 1:31,4542
1/29/2023 1:31,4954
1/29/2023 1:32,4500
1/29/2023 1:32,4647
1/29/2023 1:33,4428
1/29/2023 1:33,4510
1/29/2023 1:34,4636
1/29/2023 1:34,4469
1/29/2023 1:35,4657
1/29/2023 1:35,4743
1/29/2023 1:36,4909
1/29/2023 1:36,4604
1/29/2023 1:37,4428
1/29/2023 1:37,4700
1/29/2023 1:38,4965
1/29/2023 1:38,4700
1/29/2023 1:39,4520
1/29/2023 1:39,4679
1/29/2023 1:40,4318
1/29/2023 1:40,4510
1/29/2023 1:41,4562
1/29/2023 1:41,4520
1/29/2023 1:42,4318
1/29/2023 1:42,4679
1/29/2023 1:43,4449
1/29/2023 1:43,4657
1/29/2023 1:44,4743
1/29/2023 1:44,4711
1/29/2023 1:45,4521
1/29/2023 1:45,4732
1/29/2023 1:46,4615
1/29/2023 1:46,4798
1/29/2023 1:47,4531
1/29/2023 1:47,4358
1/29/2023 1:48,4510
1/29/2023 1:48,4787
1/29/2023 1:49,4298
1/29/2023 1:49,4887
1/29/2023 1:50,4754
1/29/2023 1:50,4348
1/29/2023 1:51,4864
1/29/2023 1:51,4583
1/29/2023 1:52,4898
1/29/2023 1:52,4520
1/29/2023 1:53,4583
1/29/2023 1:53,4278
1/29/2023 1:54,4909
1/29/2023 1:54,4625
1/29/2023 1:55,4898
1/29/2023 1:55,4308
1/29/2023 1:56,4552
1/29/2023 1:56,4657
1/29/2023 1:57,4625
1/29/2023 1:58,4573
1/29/2023 1:58,4625
1/29/2023 1:59,4668
1/29/2023 1:59,4809
1/29/2023 2:00,4583
1/29/2023 2:00,4732
1/29/2023 2:01,4465
1/29/2023 2:01,4541
1/29/2023 2:02,4594
1/29/2023 2:02,4842
1/29/2023 2:03,4583
1/29/2023 2:03,4594
1/29/2023 2:04,4499
1/29/2023 2:04,4520
1/29/2023 2:05,4469
1/29/2023 2:05,4531
1/29/2023 2:06,4449
1/29/2023 2:06,4318
1/29/2023 2:07,4510
1/29/2023 2:07,4988
1/29/2023 2:08,4388
1/29/2023 2:08,5105
1/29/2023 2:09,4510
1/29/2023 2:09,5080
1/29/2023 2:10,4798
1/29/2023 2:10,4347
1/29/2023 2:11,4700
1/29/2023 2:11,4594
1/29/2023 2:12,4520
1/29/2023 2:12,4605
1/29/2023 2:13,4531
1/29/2023 2:13,4678
1/29/2023 2:14,4552
1/29/2023 2:14,4743
1/29/2023 2:15,4732
1/29/2023 2:15,4469
1/29/2023 2:16,4408
1/29/2023 2:16,4531
1/29/2023 2:17,4583
1/29/2023 2:17,4551
1/29/2023 2:18,4977
1/29/2023 2:18,4573
1/29/2023 2:19,4776
1/29/2023 2:19,4885
1/29/2023 2:20,4842
1/29/2023 2:20,4700
1/29/2023 2:21,4368
1/29/2023 2:21,4594
1/29/2023 2:22,4722
1/29/2023 2:22,4417
1/29/2023 2:23,4328
1/29/2023 2:23,5370
1/29/2023 2:24,4932
1/29/2023 2:25,4909
1/29/2023 2:25,4776
1/29/2023 2:26,4387
1/29/2023 2:26,4932
1/29/2023 2:27,4668
1/29/2023 2:27,4668
1/29/2023 2:28,4678
1/29/2023 2:28,4711
1/29/2023 2:29,4689
1/29/2023 2:29,4646
1/29/2023 2:30,4615
1/29/2023 2:30,4572
1/29/2023 2:31,4510
1/29/2023 2:31,4765
1/29/2023 2:32,4229
1/29/2023 2:32,4646
1/29/2023 2:33,4798
1/29/2023 2:33,5036
1/29/2023 2:34,4448
1/29/2023 2:34,4552
1/29/2023 2:35,4500
1/29/2023 2:35,5104
1/29/2023 2:36,4700
1/29/2023 2:36,4765
1/29/2023 2:37,4932
1/29/2023 2:37,4732
1/29/2023 2:38,4820
1/29/2023 2:38,4961
1/29/2023 2:39,4921
1/29/2023 2:39,4809
1/29/2023 2:40,4679
1/29/2023 2:40,4954
1/29/2023 2:41,4448
1/29/2023 2:41,5047
1/29/2023 2:42,4562
1/29/2023 2:42,4978
1/29/2023 2:43,4732
1/29/2023 2:43,4732
1/29/2023 2:44,4368
1/29/2023 2:44,4989
1/29/2023 2:45,4722
1/29/2023 2:45,4542
1/29/2023 2:46,4625
1/29/2023 2:46,4531
1/29/2023 2:47,4754
1/29/2023 2:47,4615
1/29/2023 2:48,4541
1/29/2023 2:48,4459
1/29/2023 2:49,4711
1/29/2023 2:49,4875
1/29/2023 2:50,4428
1/29/2023 2:50,4520
1/29/2023 2:51,4636
1/29/2023 2:52,4711
1/29/2023 2:52,4646
1/29/2023 2:53,4594
1/29/2023 2:53,4510
1/29/2023 2:54,4921
1/29/2023 2:54,4500
1/29/2023 2:55,4820
1/29/2023 2:55,4479
1/29/2023 2:56,4700
1/29/2023 2:56,4657
1/29/2023 2:57,4469
1/29/2023 2:57,4572
1/29/2023 2:58,4573
1/29/2023 2:58,4510
1/29/2023 2:59,4966
1/29/2023 2:59,4678
1/29/2023 3:00,4510
1/29/2023 3:00,4531
1/29/2023 3:01,4636
1/29/2023 3:01,4248
1/29/2023 3:02,4754
1/29/2023 3:02,4754
1/29/2023 3:03,5187
1/29/2023 3:03,4552
1/29/2023 3:04,4520
1/29/2023 3:04,4449
1/29/2023 3:05,4625
1/29/2023 3:05,4551
1/29/2023 3:06,4722
1/29/2023 3:06,4743
1/29/2023 3:07,4542
1/29/2023 3:07,4679
1/29/2023 3:08,5001
1/29/2023 3:08,4583
1/29/2023 3:09,4909
1/29/2023 3:09,4288
1/29/2023 3:10,4689
1/29/2023 3:10,4754
1/29/2023 3:11,4842
1/29/2023 3:11,4358
1/29/2023 3:12,4531
1/29/2023 3:12,4821
1/29/2023 3:13,4798
1/29/2023 3:13,4646
1/29/2023 3:14,4469
1/29/2023 3:14,4408
1/29/2023 3:15,4520
1/29/2023 3:15,4657
1/29/2023 3:16,4776
1/29/2023 3:16,4636
1/29/2023 3:17,4743
1/29/2023 3:17,4551
1/29/2023 3:18,4668
1/29/2023 3:19,4700
1/29/2023 3:19,4572
1/29/2023 3:20,4562
1/29/2023 3:20,4754
1/29/2023 3:21,4646
1/29/2023 3:21,4346
1/29/2023 3:22,4646
1/29/2023 3:22,4318
1/29/2023 3:23,4388
1/29/2023 3:23,4408
1/29/2023 3:24,4318
1/29/2023 3:24,4437
1/29/2023 3:25,4678
1/29/2023 3:25,4604
1/29/2023 3:26,5001
1/29/2023 3:26,4689
1/29/2023 3:27,4636
1/29/2023 3:27,4594
1/29/2023 3:28,4552
1/29/2023 3:28,5070
1/29/2023 3:29,4989
1/29/2023 3:29,4689
1/29/2023 3:30,4460
1/29/2023 3:30,4743
1/29/2023 3:31,4469
1/29/2023 3:31,4479
1/29/2023 3:32,4853
1/29/2023 3:32,4573
1/29/2023 3:33,4700
1/29/2023 3:33,4636
1/29/2023 3:34,4510
1/29/2023 3:34,4604
1/29/2023 3:35,4439
1/29/2023 3:35,4583
1/29/2023 3:36,4711
1/29/2023 3:36,4593
1/29/2023 3:37,4615
1/29/2023 3:37,4876
1/29/2023 3:38,4910
1/29/2023 3:38,4831
1/29/2023 3:39,4520
1/29/2023 3:39,4689
1/29/2023 3:40,4808
1/29/2023 3:40,4657
1/29/2023 3:41,4583
1/29/2023 3:41,4943
1/29/2023 3:42,4909
1/29/2023 3:42,4955
1/29/2023 3:43,4531
1/29/2023 3:43,4842
1/29/2023 3:44,4499
1/29/2023 3:45,5000
1/29/2023 3:45,4754
1/29/2023 3:46,4646
1/29/2023 3:46,4520
1/29/2023 3:47,4898
1/29/2023 3:47,4646
1/29/2023 3:48,5081
1/29/2023 3:48,5070
1/29/2023 3:49,4787
1/29/2023 3:49,4615
1/29/2023 3:50,4820
1/29/2023 3:50,4887
1/29/2023 3:51,4646
1/29/2023 3:51,4831
1/29/2023 3:52,4593
1/29/2023 3:52,4954
1/29/2023 3:53,4448
1/29/2023 3:53,4679
1/29/2023 3:54,5094
1/29/2023 3:54,4689
1/29/2023 3:55,4732
1/29/2023 3:55,4776
1/29/2023 3:56,4909
1/29/2023 3:56,4798
1/29/2023 3:57,4367
1/29/2023 3:57,4448
1/29/2023 3:58,5176
1/29/2023 3:58,4700
1/29/2023 3:59,4358
1/29/2023 3:59,4520
1/29/2023 4:00,4469
1/29/2023 4:00,4678
1/29/2023 4:01,4657
1/29/2023 4:01,4887
1/29/2023 4:02,4615
1/29/2023 4:02,5058
1/29/2023 4:03,4898
1/29/2023 4:03,4668
1/29/2023 4:04,4909
1/29/2023 4:04,4657
1/29/2023 4:05,4865
1/29/2023 4:05,4865
1/29/2023 4:06,4583
1/29/2023 4:06,4625
1/29/2023 4:07,4678
1/29/2023 4:07,4722
1/29/2023 4:08,4909
1/29/2023 4:08,5011
1/29/2023 4:09,5093
1/29/2023 4:09,4572
1/29/2023 4:10,4469
1/29/2023 4:10,4732
1/29/2023 4:11,5059
1/29/2023 4:12,4921
1/29/2023 4:12,4966
1/29/2023 4:13,4604
1/29/2023 4:13,4689
1/29/2023 4:14,4743
1/29/2023 4:14,4520
1/29/2023 4:15,4509
1/29/2023 4:15,4700
1/29/2023 4:16,4562
1/29/2023 4:16,4887
1/29/2023 4:17,4722
1/29/2023 4:17,4754
1/29/2023 4:18,4668
1/29/2023 4:18,4899
1/29/2023 4:19,5047
1/29/2023 4:19,4625
1/29/2023 4:20,5024
1/29/2023 4:20,4636
1/29/2023 4:21,4378
1/29/2023 4:21,4732
1/29/2023 4:22,4899
1/29/2023 4:22,4689
1/29/2023 4:23,4820
1/29/2023 4:23,4876
1/29/2023 4:24,4943
1/29/2023 4:24,4932
1/29/2023 4:25,4593
1/29/2023 4:25,4377
1/29/2023 4:26,4541
1/29/2023 4:26,4551
1/29/2023 4:27,4831
1/29/2023 4:27,4809
1/29/2023 4:28,4531
1/29/2023 4:28,4646
1/29/2023 4:29,4604
1/29/2023 4:29,4711
1/29/2023 4:30,4657
1/29/2023 4:30,4615
1/29/2023 4:31,4944
1/29/2023 4:31,4700
1/29/2023 4:32,4678
1/29/2023 4:32,4732
1/29/2023 4:33,5068
1/29/2023 4:33,4765
1/29/2023 4:34,4367
1/29/2023 4:34,4551
1/29/2023 4:35,4887
1/29/2023 4:35,4700
1/29/2023 4:36,4700
1/29/2023 4:36,4572
1/29/2023 4:37,4551
1/29/2023 4:37,4678
1/29/2023 4:38,4657
1/29/2023 4:39,4842
1/29/2023 4:39,4978
1/29/2023 4:40,5012
1/29/2023 4:40,5047
1/29/2023 4:41,4636
1/29/2023 4:41,4754
1/29/2023 4:42,4955
1/29/2023 4:42,4978
1/29/2023 4:43,4865
1/29/2023 4:43,4427
1/29/2023 4:44,4562
1/29/2023 4:44,4887
1/29/2023 4:45,4646
1/29/2023 4:45,4776
1/29/2023 4:46,4700
1/29/2023 4:46,4541
1/29/2023 4:47,4657
1/29/2023 4:47,4711
1/29/2023 4:48,5081
1/29/2023 4:48,5142
1/29/2023 4:49,4954
1/29/2023 4:49,4338
1/29/2023 4:50,4531
1/29/2023 4:50,4765
1/29/2023 4:51,5176
1/29/2023 4:51,4711
1/29/2023 4:52,4388
1/29/2023 4:52,4438
1/29/2023 4:53,4853
1/29/2023 4:53,5013
1/29/2023 4:54,4854
1/29/2023 4:54,4842
1/29/2023 4:55,4732
1/29/2023 4:55,4700
1/29/2023 4:56,4865
1/29/2023 4:56,4887
1/29/2023 4:57,4500
1/29/2023 4:57,5037
1/29/2023 4:58,4776
1/29/2023 4:58,5141
1/29/2023 4:59,5083
1/29/2023 4:59,4646
1/29/2023 5:00,4787
1/29/2023 5:00,4831
1/29/2023 5:01,4809
1/29/2023 5:01,4397
1/29/2023 5:02,4387
1/29/2023 5:02,4732
1/29/2023 5:03,4583
1/29/2023 5:03,4887
1/29/2023 5:04,4689
1/29/2023 5:04,4520
1/29/2023 5:05,4572
1/29/2023 5:06,4888
1/29/2023 5:06,4551
1/29/2023 5:07,4614
1/29/2023 5:07,4615
1/29/2023 5:08,5013
1/29/2023 5:08,4646
1/29/2023 5:09,4510
1/29/2023 5:09,4920
1/29/2023 5:10,4489
1/29/2023 5:10,4615
1/29/2023 5:11,5013
1/29/2023 5:11,4520
1/29/2023 5:12,4743
1/29/2023 5:12,4989
1/29/2023 5:13,4842
1/29/2023 5:13,4614
1/29/2023 5:14,4876
1/29/2023 5:14,4510
1/29/2023 5:15,4809
1/29/2023 5:15,4990
1/29/2023 5:16,4990
1/29/2023 5:16,5047
1/29/2023 5:17,4625
1/29/2023 5:17,5177
1/29/2023 5:18,4722
1/29/2023 5:18,4657
1/29/2023 5:19,4765
1/29/2023 5:19,4572
1/29/2023 5:20,4711
1/29/2023 5:20,5094
1/29/2023 5:21,4583
1/29/2023 5:21,4594
1/29/2023 5:22,4955
1/29/2023 5:22,4743
1/29/2023 5:23,4583
1/29/2023 5:23,4977
1/29/2023 5:24,4876
1/29/2023 5:24,5001
1/29/2023 5:25,4657
1/29/2023 5:25,4711
1/29/2023 5:26,4700
1/29/2023 5:26,4625
1/29/2023 5:27,4809
1/29/2023 5:27,4541
1/29/2023 5:28,4765
1/29/2023 5:28,4469
1/29/2023 5:29,4396
1/29/2023 5:29,4396
1/29/2023 5:30,4427
1/29/2023 5:30,4479
1/29/2023 5:31,4700
1/29/2023 5:31,4754
1/29/2023 5:32,4499
1/29/2023 5:33,4732
1/29/2023 5:33,5106
1/29/2023 5:34,4678
1/29/2023 5:34,4700
1/29/2023 5:35,4876
1/29/2023 5:35,4711
1/29/2023 5:36,5188
1/29/2023 5:36,4787
1/29/2023 5:37,4711
1/29/2023 5:37,5070
1/29/2023 5:38,4636
1/29/2023 5:38,5012
1/29/2023 5:39,4417
1/29/2023 5:39,4531
1/29/2023 5:40,4520
1/29/2023 5:40,5023
1/29/2023 5:41,4842
1/29/2023 5:41,5260
1/29/2023 5:42,4887
1/29/2023 5:42,4583
1/29/2023 5:43,4820
1/29/2023 5:43,4657
1/29/2023 5:44,4887
1/29/2023 5:44,5115
1/29/2023 5:45,4448
1/29/2023 5:45,4530
1/29/2023 5:46,4722
1/29/2023 5:46,4910
1/29/2023 5:47,4787
1/29/2023 5:47,4743
1/29/2023 5:48,4966
1/29/2023 5:48,4732
1/29/2023 5:49,4700
1/29/2023 5:49,4831
1/29/2023 5:50,4999
1/29/2023 5:50,4561
1/29/2023 5:51,5035
1/29/2023 5:51,4898
1/29/2023 5:52,4459
1/29/2023 5:52,5201
1/29/2023 5:53,4722
1/29/2023 5:53,4625
1/29/2023 5:54,4647
1/29/2023 5:54,5152
1/29/2023 5:55,4604
1/29/2023 5:55,4732
1/29/2023 5:56,4489
1/29/2023 5:56,5081
1/29/2023 5:57,4700
1/29/2023 5:57,4876
1/29/2023 5:58,4657
1/29/2023 5:58,4798
1/29/2023 5:59,4711
1/29/2023 6:00,4798
1/29/2023 6:00,4551
1/29/2023 6:01,4657
1/29/2023 6:01,5248
1/29/2023 6:02,4842
1/29/2023 6:02,5129
1/29/2023 6:03,4657
1/29/2023 6:03,4910
1/29/2023 6:04,4743
1/29/2023 6:04,4754
1/29/2023 6:05,4700
1/29/2023 6:05,4614
1/29/2023 6:06,4657
1/29/2023 6:06,5013
1/29/2023 6:07,4583
1/29/2023 6:07,4887
1/29/2023 6:08,4743
1/29/2023 6:08,5141
1/29/2023 6:09,4933
1/29/2023 6:09,4943
1/29/2023 6:10,4520
1/29/2023 6:10,4944
1/29/2023 6:11,4551
1/29/2023 6:11,4700
1/29/2023 6:12,4520
1/29/2023 6:12,4989
1/29/2023 6:13,4668
1/29/2023 6:13,4787
1/29/2023 6:14,4967
1/29/2023 6:14,5024
1/29/2023 6:15,4798
1/29/2023 6:15,4966
1/29/2023 6:16,4842
1/29/2023 6:16,4711
1/29/2023 6:17,5013
1/29/2023 6:17,4668
1/29/2023 6:18,5001
1/29/2023 6:18,4910
1/29/2023 6:19,4765
1/29/2023 6:19,5164
1/29/2023 6:20,4744
1/29/2023 6:20,4978
1/29/2023 6:21,5117
1/29/2023 6:21,5081
1/29/2023 6:22,4776
1/29/2023 6:22,4966
1/29/2023 6:23,4820
1/29/2023 6:23,5152
1/29/2023 6:24,5141
1/29/2023 6:24,4865
1/29/2023 6:25,5117
1/29/2023 6:25,4887
1/29/2023 6:26,4809
1/29/2023 6:27,4469
1/29/2023 6:27,5129
1/29/2023 6:28,4754
1/29/2023 6:28,5023
1/29/2023 6:29,4898
1/29/2023 6:29,5035
1/29/2023 6:30,4551
1/29/2023 6:30,4765
1/29/2023 6:31,4541
1/29/2023 6:31,4743
1/29/2023 6:32,4831
1/29/2023 6:32,5036
1/29/2023 6:33,4932
1/29/2023 6:33,5035
1/29/2023 6:34,4842
1/29/2023 6:34,4604
1/29/2023 6:35,4722
1/29/2023 6:35,5164
1/29/2023 6:36,4489
1/29/2023 6:36,4657
1/29/2023 6:37,4636
1/29/2023 6:37,4932
1/29/2023 6:38,4646
1/29/2023 6:38,4636
1/29/2023 6:39,4732
1/29/2023 6:39,4722
1/29/2023 6:40,5164
1/29/2023 6:40,4932
1/29/2023 6:41,5094
1/29/2023 6:41,4821
1/29/2023 6:42,5070
1/29/2023 6:42,5035
1/29/2023 6:43,4990
1/29/2023 6:43,4865
1/29/2023 6:44,5047
1/29/2023 6:44,4989
1/29/2023 6:45,4821
1/29/2023 6:45,5129
1/29/2023 6:46,5047
1/29/2023 6:46,5059
1/29/2023 6:47,5188
1/29/2023 6:47,4966
1/29/2023 6:48,5001
1/29/2023 6:48,4944
1/29/2023 6:49,4754
1/29/2023 6:49,5260
1/29/2023 6:50,5048
1/29/2023 6:50,5058
1/29/2023 6:51,5048
1/29/2023 6:51,5094
1/29/2023 6:52,5128
1/29/2023 6:52,5023
1/29/2023 6:53,5094
1/29/2023 6:54,5013
1/29/2023 6:54,5094
1/29/2023 6:55,5001
1/29/2023 6:55,5106
1/29/2023 6:56,9400
1/29/2023 6:56,5070
1/29/2023 6:57,5094
1/29/2023 6:57,4865
1/29/2023 6:58,5141
1/29/2023 6:58,4865
1/29/2023 6:59,4921
1/29/2023 6:59,4865
1/29/2023 7:00,4899
1/29/2023 7:00,5001
1/29/2023 7:01,4967
1/29/2023 7:01,5125
1/29/2023 7:02,5047
1/29/2023 7:02,5170
1/29/2023 7:03,4819
1/29/2023 7:03,5104
1/29/2023 7:04,5188
1/29/2023 7:04,5285
1/29/2023 7:05,5164
1/29/2023 7:05,5047
1/29/2023 7:06,5167
1/29/2023 7:06,5128
1/29/2023 7:07,5106
1/29/2023 7:07,4876
1/29/2023 7:08,5141
1/29/2023 7:08,5153
1/29/2023 7:09,5035
1/29/2023 7:09,4910
1/29/2023 7:10,5164
1/29/2023 7:10,5164
1/29/2023 7:11,5070
1/29/2023 7:11,4765
1/29/2023 7:12,4990
1/29/2023 7:12,5070
1/29/2023 7:13,5153
1/29/2023 7:13,4876
1/29/2023 7:14,4820
1/29/2023 7:14,4966
1/29/2023 7:15,5048
1/29/2023 7:15,5141
1/29/2023 7:16,5094
1/29/2023 7:16,4668
1/29/2023 7:17,5200
1/29/2023 7:17,5094
1/29/2023 7:18,5105
1/29/2023 7:18,5001
1/29/2023 7:19,5225
1/29/2023 7:19,5082
1/29/2023 7:20,4820
1/29/2023 7:21,5129
1/29/2023 7:21,4955
1/29/2023 7:22,5176
1/29/2023 7:22,4876
1/29/2023 7:23,5188
1/29/2023 7:23,5105
1/29/2023 7:24,5082
1/29/2023 7:24,5141
1/29/2023 7:25,5094
1/29/2023 7:25,5106
1/29/2023 7:26,4798
1/29/2023 7:26,5117
1/29/2023 7:27,5059
1/29/2023 7:27,5012
1/29/2023 7:28,5001
1/29/2023 7:28,5070
1/29/2023 7:29,4966
1/29/2023 7:29,5013
1/29/2023 7:30,5013
1/29/2023 7:30,5070
1/29/2023 7:31,4990
1/29/2023 7:31,5094
1/29/2023 7:32,4955
1/29/2023 7:32,5141
1/29/2023 7:33,5128
1/29/2023 7:33,5013
1/29/2023 7:34,4765
1/29/2023 7:34,5094
1/29/2023 7:35,5105
1/29/2023 7:35,4842
1/29/2023 7:36,5036
1/29/2023 7:36,5013
1/29/2023 7:37,4921
1/29/2023 7:37,5058
1/29/2023 7:38,5152
1/29/2023 7:38,5013
1/29/2023 7:39,5047
1/29/2023 7:39,4842
1/29/2023 7:40,5094
1/29/2023 7:40,4990
1/29/2023 7:41,5024
1/29/2023 7:41,4955
1/29/2023 7:42,5127
1/29/2023 7:42,5141
1/29/2023 7:43,4990
1/29/2023 7:43,5177
1/29/2023 7:44,4765
1/29/2023 7:44,5036
1/29/2023 7:45,5164
1/29/2023 7:46,5106
1/29/2023 7:47,4732
1/29/2023 7:47,5213
1/29/2023 7:48,4978
1/29/2023 7:48,4944
1/29/2023 7:49,4978
1/29/2023 7:49,4944
1/29/2023 7:50,4932
1/29/2023 7:50,4646
1/29/2023 7:51,4967
1/29/2023 7:51,5421
1/29/2023 7:52,4888
1/29/2023 7:52,5070
1/29/2023 7:53,4733
1/29/2023 7:53,4700
1/29/2023 7:54,5117
1/29/2023 7:54,5048
1/29/2023 7:55,4821
1/29/2023 7:55,4990
1/29/2023 7:56,4944
1/29/2023 7:56,4765
1/29/2023 7:57,5141
1/29/2023 7:57,5058
1/29/2023 7:58,4910
1/29/2023 7:58,5176
1/29/2023 7:59,5176
1/29/2023 7:59,5141
1/29/2023 8:00,4955
1/29/2023 8:00,5024
1/29/2023 8:01,5165
1/29/2023 8:01,5260
1/29/2023 8:02,4999
1/29/2023 8:02,5047
1/29/2023 8:03,5161
1/29/2023 8:03,4978
1/29/2023 8:04,5094
1/29/2023 8:04,5046
1/29/2023 8:05,5047
1/29/2023 8:05,5082
1/29/2023 8:06,5201
1/29/2023 8:06,4842
1/29/2023 8:07,5189
1/29/2023 8:07,5164
1/29/2023 8:08,5142
1/29/2023 8:08,5072
1/29/2023 8:09,5092
1/29/2023 8:09,5105
1/29/2023 8:10,5260
1/29/2023 8:10,4944
1/29/2023 8:11,4976
1/29/2023 8:11,5047
1/29/2023 8:12,5176
1/29/2023 8:12,4910
1/29/2023 8:13,5001
1/29/2023 8:14,5024
1/29/2023 8:14,5013
1/29/2023 8:15,4657
1/29/2023 8:15,5298
1/29/2023 8:16,4865
1/29/2023 8:16,5125
1/29/2023 8:17,5321
1/29/2023 8:17,5023
1/29/2023 8:18,4989
1/29/2023 8:18,4955
1/29/2023 8:19,5248
1/29/2023 8:19,5141
1/29/2023 8:20,4933
1/29/2023 8:20,4765
1/29/2023 8:21,4989
1/29/2023 8:21,5105
1/29/2023 8:22,5059
1/29/2023 8:22,5201
1/29/2023 8:23,4820
1/29/2023 8:23,4831
1/29/2023 8:24,4831
1/29/2023 8:24,5058
1/29/2023 8:25,4989
1/29/2023 8:25,4955
1/29/2023 8:26,5058
1/29/2023 8:26,5117
1/29/2023 8:27,4798
1/29/2023 8:27,4910
1/29/2023 8:28,5223
1/29/2023 8:28,5013
1/29/2023 8:29,5001
1/29/2023 8:29,5236
1/29/2023 8:30,5081
1/29/2023 8:30,4854
1/29/2023 8:31,5036
1/29/2023 8:31,4989
1/29/2023 8:32,4956
1/29/2023 8:32,4520
1/29/2023 8:33,5035
1/29/2023 8:33,5057
1/29/2023 8:34,5036
1/29/2023 8:34,5236
1/29/2023 8:35,4865
1/29/2023 8:35,4910
1/29/2023 8:36,5094
1/29/2023 8:36,4990
1/29/2023 8:37,5105
1/29/2023 8:37,5188
1/29/2023 8:38,5236
1/29/2023 8:38,5117
1/29/2023 8:39,5152
1/29/2023 8:39,5200
1/29/2023 8:40,5212
1/29/2023 8:41,5127
1/29/2023 8:41,5141
1/29/2023 8:42,5094
1/29/2023 8:42,5118
1/29/2023 8:43,5001
1/29/2023 8:43,5081
1/29/2023 8:44,5188
1/29/2023 8:44,5153
1/29/2023 8:45,4887
1/29/2023 8:45,4765
1/29/2023 8:46,5212
1/29/2023 8:46,4842
1/29/2023 8:47,5069
1/29/2023 8:47,5094
1/29/2023 8:48,4955
1/29/2023 8:48,5047
1/29/2023 8:49,5118
1/29/2023 8:49,4921
1/29/2023 8:50,5225
1/29/2023 8:50,5129
1/29/2023 8:51,5059
1/29/2023 8:51,4787
1/29/2023 8:52,4711
1/29/2023 8:52,4978
1/29/2023 8:53,4978
1/29/2023 8:53,4843
1/29/2023 8:54,5215
1/29/2023 8:54,5001
1/29/2023 8:55,5177
1/29/2023 8:55,5141
1/29/2023 8:56,4865
1/29/2023 8:56,4700
1/29/2023 8:57,5237
1/29/2023 8:57,4978
1/29/2023 8:58,4899
1/29/2023 8:58,5188
1/29/2023 8:59,5176
1/29/2023 8:59,4955
1/29/2023 9:00,5059
1/29/2023 9:00,5036
1/29/2023 9:01,4854
1/29/2023 9:01,5201
1/29/2023 9:02,5013
1/29/2023 9:02,5272
1/29/2023 9:03,5176
1/29/2023 9:03,5187
1/29/2023 9:04,5069
1/29/2023 9:04,5129
1/29/2023 9:05,5081
1/29/2023 9:05,5105
1/29/2023 9:06,4944
1/29/2023 9:06,4865
1/29/2023 9:07,4820
1/29/2023 9:08,4887
1/29/2023 9:08,5094
1/29/2023 9:09,5116
1/29/2023 9:09,4831
1/29/2023 9:10,4899
1/29/2023 9:10,4765
1/29/2023 9:11,5164
1/29/2023 9:11,5176
1/29/2023 9:12,4932
1/29/2023 9:12,4955
1/29/2023 9:13,5164
1/29/2023 9:13,5273
1/29/2023 9:14,5396
1/29/2023 9:14,4978
1/29/2023 9:15,4910
1/29/2023 9:15,5164
1/29/2023 9:16,5210
1/29/2023 9:16,5081
1/29/2023 9:17,4842
1/29/2023 9:17,5188
1/29/2023 9:18,4944
1/29/2023 9:18,4990
1/29/2023 9:19,5094
1/29/2023 9:19,5069
1/29/2023 9:20,5129
1/29/2023 9:20,5141
1/29/2023 9:21,5035
1/29/2023 9:21,5001
1/29/2023 9:22,5118
1/29/2023 9:22,5013
1/29/2023 9:23,5000
1/29/2023 9:23,5047
1/29/2023 9:24,5069
1/29/2023 9:24,5164
1/29/2023 9:25,5188
1/29/2023 9:25,5070
1/29/2023 9:26,4944
1/29/2023 9:26,4932
1/29/2023 9:27,4754
1/29/2023 9:27,4966
1/29/2023 9:28,5235
1/29/2023 9:28,5069
1/29/2023 9:29,5072
1/29/2023 9:29,4989
1/29/2023 9:30,4842
1/29/2023 9:30,5081
1/29/2023 9:31,5164
1/29/2023 9:31,4977
1/29/2023 9:32,5094
1/29/2023 9:32,4899
1/29/2023 9:33,4943
1/29/2023 9:33,4933
1/29/2023 9:34,4976
1/29/2023 9:35,4754
1/29/2023 9:35,4853
1/29/2023 9:36,4722
1/29/2023 9:36,4636
1/29/2023 9:37,4689
1/29/2023 9:37,4888
1/29/2023 9:38,4604
1/29/2023 9:38,5012
1/29/2023 9:39,5105
1/29/2023 9:39,4765
1/29/2023 9:40,4754
1/29/2023 9:40,4668
1/29/2023 9:41,4842
1/29/2023 9:41,5106
1/29/2023 9:42,5142
1/29/2023 9:42,4990
1/29/2023 9:43,5154
1/29/2023 9:43,5210
1/29/2023 9:44,4955
1/29/2023 9:44,4865
1/29/2023 9:45,5105
1/29/2023 9:45,4921
1/29/2023 9:46,4865
1/29/2023 9:46,5070
1/29/2023 9:47,5456
1/29/2023 9:47,5106
1/29/2023 9:48,5141
1/29/2023 9:48,5116
1/29/2023 9:49,5024
1/29/2023 9:49,5201
1/29/2023 9:50,5118
1/29/2023 9:50,4979
1/29/2023 9:51,4990
1/29/2023 9:51,4732
1/29/2023 9:52,5408
1/29/2023 9:52,5059
1/29/2023 9:53,5070
1/29/2023 9:53,5236
1/29/2023 9:54,4932
1/29/2023 9:54,4943
1/29/2023 9:55,5273
1/29/2023 9:55,5047
1/29/2023 9:56,5128
1/29/2023 9:56,5188
1/29/2023 9:57,5188
1/29/2023 9:57,4831
1/29/2023 9:58,4978
1/29/2023 9:58,4989
1/29/2023 9:59,5081
1/29/2023 9:59,5081
1/29/2023 10:00,5068
1/29/2023 10:00,5223
1/29/2023 10:01,5035
1/29/2023 10:02,4593
1/29/2023 10:02,4990
1/29/2023 10:03,4966
1/29/2023 10:03,5212
1/29/2023 10:04,5070
1/29/2023 10:04,5012
1/29/2023 10:05,5141
1/29/2023 10:05,4967
1/29/2023 10:06,5222
1/29/2023 10:06,5117
1/29/2023 10:07,5070
1/29/2023 10:07,5127
1/29/2023 10:08,5035
1/29/2023 10:08,5058
1/29/2023 10:09,5332
1/29/2023 10:09,4876
1/29/2023 10:10,4798
1/29/2023 10:10,4876
1/29/2023 10:11,5058
1/29/2023 10:11,5012
1/29/2023 10:12,5200
1/29/2023 10:12,5309
1/29/2023 10:13,4910
1/29/2023 10:13,5012
1/29/2023 10:14,4989
1/29/2023 10:14,4932
1/29/2023 10:15,4922
1/29/2023 10:15,5117
1/29/2023 10:16,4853
1/29/2023 10:16,5001
1/29/2023 10:17,5212
1/29/2023 10:17,5236
1/29/2023 10:18,5081
1/29/2023 10:18,5047
1/29/2023 10:19,5070
1/29/2023 10:19,4876
1/29/2023 10:20,5058
1/29/2023 10:20,5141
1/29/2023 10:21,5164
1/29/2023 10:21,5177
1/29/2023 10:22,5141
1/29/2023 10:22,4831
1/29/2023 10:23,5152
1/29/2023 10:23,5152
1/29/2023 10:24,5106
1/29/2023 10:24,5164
1/29/2023 10:25,5094
1/29/2023 10:25,5308
1/29/2023 10:26,4990
1/29/2023 10:26,5153
1/29/2023 10:27,5128
1/29/2023 10:27,5059
1/29/2023 10:28,5024
1/29/2023 10:29,5212
1/29/2023 10:29,4810
1/29/2023 10:30,4636
1/29/2023 10:30,5260
1/29/2023 10:31,5187
1/29/2023 10:31,4899
1/29/2023 10:32,4966
1/29/2023 10:32,5058
1/29/2023 10:33,4722
1/29/2023 10:33,5152
1/29/2023 10:34,5152
1/29/2023 10:34,4887
1/29/2023 10:35,5036
1/29/2023 10:35,5153
1/29/2023 10:36,5273
1/29/2023 10:36,4932
1/29/2023 10:37,5082
1/29/2023 10:37,5070
1/29/2023 10:38,5024
1/29/2023 10:38,5117
1/29/2023 10:39,4887
1/29/2023 10:39,5272
1/29/2023 10:40,4765
1/29/2023 10:40,5070
1/29/2023 10:41,5106
1/29/2023 10:41,5092
1/29/2023 10:42,5047
1/29/2023 10:42,5036
1/29/2023 10:43,5152
1/29/2023 10:43,5081
1/29/2023 10:44,5081
1/29/2023 10:44,5321
1/29/2023 10:45,4842
1/29/2023 10:45,4809
1/29/2023 10:46,5164
1/29/2023 10:46,5141
1/29/2023 10:47,5176
1/29/2023 10:47,5201
1/29/2023 10:48,5141
1/29/2023 10:48,5213
1/29/2023 10:49,5140
1/29/2023 10:49,5334
1/29/2023 10:50,4967
1/29/2023 10:50,5141
1/29/2023 10:51,4561
1/29/2023 10:51,4754
1/29/2023 10:52,5035
1/29/2023 10:52,5024
1/29/2023 10:53,5070
1/29/2023 10:53,4978
1/29/2023 10:54,5176
1/29/2023 10:55,5285
1/29/2023 10:55,5106
1/29/2023 10:56,5152
1/29/2023 10:56,5213
1/29/2023 10:57,5237
1/29/2023 10:57,5200
1/29/2023 10:58,4932
1/29/2023 10:58,5058
1/29/2023 10:59,5141
1/29/2023 10:59,5246
1/29/2023 11:00,5012
1/29/2023 11:00,4798
1/29/2023 11:01,5011
1/29/2023 11:01,5012
1/29/2023 11:02,4853
1/29/2023 11:02,5036
1/29/2023 11:03,5070
1/29/2023 11:03,5226
1/29/2023 11:04,5212
1/29/2023 11:04,5176
1/29/2023 11:05,4832
1/29/2023 11:05,5201
1/29/2023 11:06,4978
1/29/2023 11:06,5298
1/29/2023 11:07,5081
1/29/2023 11:07,4854
1/29/2023 11:08,5013
1/29/2023 11:08,5164
1/29/2023 11:09,5002
1/29/2023 11:09,5322
1/29/2023 11:10,4955
1/29/2023 11:10,5163
1/29/2023 11:11,5178
1/29/2023 11:11,5001
1/29/2023 11:12,5177
1/29/2023 11:12,5322
1/29/2023 11:13,5035
1/29/2023 11:13,5152
1/29/2023 11:14,5141
1/29/2023 11:14,5285
1/29/2023 11:15,5046
1/29/2023 11:15,5309
1/29/2023 11:16,5035
1/29/2023 11:16,5117
1/29/2023 11:17,5200
1/29/2023 11:17,4921
1/29/2023 11:18,5248
1/29/2023 11:18,5059
1/29/2023 11:19,5223
1/29/2023 11:19,5102
1/29/2023 11:20,5102
1/29/2023 11:20,5152
1/29/2023 11:21,5035
1/29/2023 11:22,4700
1/29/2023 11:22,5070
1/29/2023 11:23,5094
1/29/2023 11:23,5070
1/29/2023 11:24,5104
1/29/2023 11:24,5188
1/29/2023 11:25,5129
1/29/2023 11:25,4955
1/29/2023 11:26,4899
1/29/2023 11:26,5116
1/29/2023 11:27,4865
1/29/2023 11:27,5142
1/29/2023 11:28,5094
1/29/2023 11:28,5047
1/29/2023 11:29,5358
1/29/2023 11:29,4657
1/29/2023 11:30,5212
1/29/2023 11:30,5058
1/29/2023 11:31,5117
1/29/2023 11:31,5187
1/29/2023 11:32,4955
1/29/2023 11:32,5048
1/29/2023 11:33,5175
1/29/2023 11:33,5152
1/29/2023 11:34,5047
1/29/2023 11:34,5175
1/29/2023 11:35,4989
1/29/2023 11:35,5035
1/29/2023 11:36,5105
1/29/2023 11:36,4876
1/29/2023 11:37,5236
1/29/2023 11:37,5129
1/29/2023 11:38,5001
1/29/2023 11:38,4921
1/29/2023 11:39,5035
1/29/2023 11:39,5212
1/29/2023 11:40,5117
1/29/2023 11:40,5094
1/29/2023 11:41,5164
1/29/2023 11:41,4955
1/29/2023 11:42,5047
1/29/2023 11:42,5070
1/29/2023 11:43,4787
1/29/2023 11:43,5200
1/29/2023 11:44,5083
1/29/2023 11:44,4978
1/29/2023 11:45,5212
1/29/2023 11:45,5370
1/29/2023 11:46,4910
1/29/2023 11:46,5047
1/29/2023 11:47,5035
1/29/2023 11:47,5212
1/29/2023 11:48,5106
1/29/2023 11:49,5236
1/29/2023 11:49,5106
1/29/2023 11:50,4898
1/29/2023 11:50,5036
1/29/2023 11:51,5188
1/29/2023 11:51,5273
1/29/2023 11:52,5035
1/29/2023 11:52,5128
1/29/2023 11:53,5001
1/29/2023 11:53,5000
1/29/2023 11:54,5094
1/29/2023 11:54,4990
1/29/2023 11:55,5259
1/29/2023 11:55,5212
1/29/2023 11:56,5212
1/29/2023 11:56,5069
1/29/2023 11:57,5117
1/29/2023 11:57,5151
1/29/2023 11:58,5128
1/29/2023 11:58,5395
1/29/2023 11:59,5285
1/29/2023 11:59,5176
1/29/2023 12:00,5260
1/29/2023 12:00,5069
1/29/2023 12:01,5094
1/29/2023 12:01,5070
1/29/2023 12:02,5275
1/29/2023 12:02,5188
1/29/2023 12:03,5235
1/29/2023 12:03,5200
1/29/2023 12:04,5163
1/29/2023 12:04,5128
1/29/2023 12:05,4865
1/29/2023 12:05,4657
1/29/2023 12:06,5164
1/29/2023 12:06,5035
1/29/2023 12:07,5001
1/29/2023 12:07,5223
1/29/2023 12:08,4932
1/29/2023 12:08,5358
1/29/2023 12:09,5024
1/29/2023 12:09,5062
1/29/2023 12:10,5117
1/29/2023 12:10,5433
1/29/2023 12:11,4954
1/29/2023 12:11,5082
1/29/2023 12:12,4978
1/29/2023 12:12,5013
1/29/2023 12:13,5059
1/29/2023 12:13,5358
1/29/2023 12:14,5092
1/29/2023 12:14,5260
1/29/2023 12:15,5080
1/29/2023 12:16,5011
1/29/2023 12:16,5200
1/29/2023 12:17,4865
1/29/2023 12:17,4989
1/29/2023 12:18,5285
1/29/2023 12:18,5334
1/29/2023 12:19,5024
1/29/2023 12:19,5058
1/29/2023 12:20,4885
1/29/2023 12:20,4954
1/29/2023 12:21,5012
1/29/2023 12:21,5420
1/29/2023 12:22,5128
1/29/2023 12:22,5129
1/29/2023 12:23,4978
1/29/2023 12:23,5260
1/29/2023 12:24,5001
1/29/2023 12:24,4755
1/29/2023 12:25,5200
1/29/2023 12:25,5094
1/29/2023 12:26,4966
1/29/2023 12:26,5212
1/29/2023 12:27,5070
1/29/2023 12:27,5176
1/29/2023 12:28,5117
1/29/2023 12:28,5212
1/29/2023 12:29,5164
1/29/2023 12:29,5421
1/29/2023 12:30,5195
1/29/2023 12:30,4943
1/29/2023 12:31,4910
1/29/2023 12:31,5013
1/29/2023 12:32,5433
1/29/2023 12:32,5248
1/29/2023 12:33,4921
1/29/2023 12:33,4966
1/29/2023 12:34,5188
1/29/2023 12:34,5211
1/29/2023 12:35,5128
1/29/2023 12:35,5212
1/29/2023 12:36,5036
1/29/2023 12:36,5236
1/29/2023 12:37,5152
1/29/2023 12:37,5244
1/29/2023 12:38,5047
1/29/2023 12:38,5200
1/29/2023 12:39,5164
1/29/2023 12:39,5223
1/29/2023 12:40,4943
1/29/2023 12:40,5094
1/29/2023 12:41,4646
1/29/2023 12:41,4919
1/29/2023 12:42,5024
1/29/2023 12:43,4990
1/29/2023 12:43,5188
1/29/2023 12:44,5081
1/29/2023 12:44,5272
1/29/2023 12:45,5249
1/29/2023 12:45,5035
1/29/2023 12:46,5223
1/29/2023 12:46,5035
1/29/2023 12:47,5152
1/29/2023 12:47,5176
1/29/2023 12:48,5105
1/29/2023 12:48,5371
1/29/2023 12:49,5164
1/29/2023 12:49,5200
1/29/2023 12:50,5080
1/29/2023 12:50,4787
1/29/2023 12:51,5012
1/29/2023 12:51,5117
1/29/2023 12:52,4842
1/29/2023 12:52,5483
1/29/2023 12:53,5420
1/29/2023 12:53,5236
1/29/2023 12:54,5070
1/29/2023 12:54,5285
1/29/2023 12:55,5358
1/29/2023 12:55,5309
1/29/2023 12:56,5142
1/29/2023 12:56,5188
1/29/2023 12:57,5070
1/29/2023 12:57,4990
1/29/2023 12:58,5081
1/29/2023 12:58,5507
1/29/2023 12:59,5070
1/29/2023 12:59,5105
1/29/2023 13:00,5177
1/29/2023 13:00,5283
1/29/2023 13:01,5285
1/29/2023 13:01,5272
1/29/2023 13:02,5025
1/29/2023 13:02,5360
1/29/2023 13:03,4809
1/29/2023 13:03,5260
1/29/2023 13:04,5334
1/29/2023 13:04,5176
1/29/2023 13:05,5421
1/29/2023 13:05,5316
1/29/2023 13:06,5150
1/29/2023 13:06,5105
1/29/2023 13:07,5260
1/29/2023 13:07,5235
1/29/2023 13:08,5334
1/29/2023 13:08,5248
1/29/2023 13:09,5163
1/29/2023 13:10,5509
1/29/2023 13:10,5321
1/29/2023 13:11,4932
1/29/2023 13:11,5321
1/29/2023 13:12,4853
1/29/2023 13:12,5446
1/29/2023 13:13,5321
1/29/2023 13:13,5212
1/29/2023 13:14,5058
1/29/2023 13:14,5282
1/29/2023 13:15,5196
1/29/2023 13:15,5358
1/29/2023 13:16,5345
1/29/2023 13:16,5395
1/29/2023 13:17,4909
1/29/2023 13:17,5283
1/29/2023 13:18,5358
1/29/2023 13:18,4865
1/29/2023 13:19,5164
1/29/2023 13:19,5188
1/29/2023 13:20,5116
1/29/2023 13:20,5223
1/29/2023 13:21,5358
1/29/2023 13:21,5309
1/29/2023 13:22,5370
1/29/2023 13:22,4978
1/29/2023 13:23,5141
1/29/2023 13:23,5212
1/29/2023 13:24,5188
1/29/2023 13:24,5024
1/29/2023 13:25,5272
1/29/2023 13:25,5188
1/29/2023 13:26,5544
1/29/2023 13:26,5141
1/29/2023 13:27,5236
1/29/2023 13:27,5370
1/29/2023 13:28,5260
1/29/2023 13:28,5458
1/29/2023 13:29,5200
1/29/2023 13:29,5272
1/29/2023 13:30,5152
1/29/2023 13:30,5395
1/29/2023 13:31,5002
1/29/2023 13:31,5105
1/29/2023 13:32,5070
1/29/2023 13:32,5154
1/29/2023 13:33,5380
1/29/2023 13:33,5383
1/29/2023 13:34,5299
1/29/2023 13:34,5296
1/29/2023 13:35,5370
1/29/2023 13:35,5358
1/29/2023 13:36,5273
1/29/2023 13:37,5058
1/29/2023 13:37,5285
1/29/2023 13:38,5212
1/29/2023 13:38,5258
1/29/2023 13:39,5272
1/29/2023 13:39,5059
1/29/2023 13:40,5370
1/29/2023 13:40,5345
1/29/2023 13:41,5177
1/29/2023 13:41,5472
1/29/2023 13:42,5118
1/29/2023 13:42,4887
1/29/2023 13:43,5383
1/29/2023 13:43,5293
1/29/2023 13:44,5446
1/29/2023 13:44,5223
1/29/2023 13:45,5081
1/29/2023 13:45,5246
1/29/2023 13:46,5236
1/29/2023 13:46,5047
1/29/2023 13:47,5345
1/29/2023 13:47,5249
1/29/2023 13:48,5395
1/29/2023 13:48,5395
1/29/2023 13:49,5309
1/29/2023 13:49,5024
1/29/2023 13:50,5433
1/29/2023 13:50,5357
1/29/2023 13:51,5001
1/29/2023 13:51,5347
1/29/2023 13:52,5200
1/29/2023 13:52,5213
1/29/2023 13:53,5187
1/29/2023 13:53,5153
1/29/2023 13:54,5188
1/29/2023 13:54,5263
1/29/2023 13:55,5298
1/29/2023 13:55,5420
1/29/2023 13:56,5128
1/29/2023 13:56,5164
1/29/2023 13:57,5013
1/29/2023 13:57,5188
1/29/2023 13:58,4978
1/29/2023 13:58,5236
1/29/2023 13:59,5285
1/29/2023 13:59,5396
1/29/2023 14:00,5141
1/29/2023 14:00,5420
1/29/2023 14:01,5129
1/29/2023 14:01,5013
1/29/2023 14:02,5236
1/29/2023 14:02,5260
1/29/2023 14:03,5116
1/29/2023 14:04,5248
1/29/2023 14:04,5104
1/29/2023 14:05,5213
1/29/2023 14:05,5249
1/29/2023 14:06,5118
1/29/2023 14:06,5322
1/29/2023 14:07,5446
1/29/2023 14:07,5070
1/29/2023 14:08,5396
1/29/2023 14:08,5358
1/29/2023 14:09,5456
1/29/2023 14:09,5176
1/29/2023 14:10,5047
1/29/2023 14:10,5249
1/29/2023 14:11,5335
1/29/2023 14:11,5164
1/29/2023 14:12,5236
1/29/2023 14:12,5368
1/29/2023 14:13,5141
1/29/2023 14:13,5213
1/29/2023 14:14,5236
1/29/2023 14:14,5048
1/29/2023 14:15,5236
1/29/2023 14:15,5153
1/29/2023 14:16,5094
1/29/2023 14:16,5248
1/29/2023 14:17,5308
1/29/2023 14:17,5164
1/29/2023 14:18,5153
1/29/2023 14:18,5176
1/29/2023 14:19,5002
1/29/2023 14:19,5371
1/29/2023 14:20,5345
1/29/2023 14:20,5223
1/29/2023 14:21,4943
1/29/2023 14:21,5395
1/29/2023 14:22,4955
1/29/2023 14:22,5358
1/29/2023 14:23,5081
1/29/2023 14:23,5152
1/29/2023 14:24,4921
1/29/2023 14:24,5262
1/29/2023 14:25,5128
1/29/2023 14:25,5448
1/29/2023 14:26,5222
1/29/2023 14:26,5164
1/29/2023 14:27,5081
1/29/2023 14:27,5495
1/29/2023 14:28,5246
1/29/2023 14:28,5408
1/29/2023 14:29,5410
1/29/2023 14:29,5164
1/29/2023 14:30,5332
1/29/2023 14:31,5357
1/29/2023 14:31,5117
1/29/2023 14:32,5070
1/29/2023 14:32,5117
1/29/2023 14:33,5141
1/29/2023 14:33,5370
1/29/2023 14:34,5012
1/29/2023 14:34,5163
1/29/2023 14:35,4944
1/29/2023 14:35,5013
1/29/2023 14:36,5225
1/29/2023 14:36,5260
1/29/2023 14:37,5129
1/29/2023 14:37,5358
1/29/2023 14:38,5321
1/29/2023 14:38,5322
1/29/2023 14:39,5248
1/29/2023 14:39,5322
1/29/2023 14:40,4711
1/29/2023 14:40,5047
1/29/2023 14:41,5176
1/29/2023 14:41,4989
1/29/2023 14:42,5212
1/29/2023 14:42,5223
1/29/2023 14:43,5285
1/29/2023 14:43,5069
1/29/2023 14:44,5296
1/29/2023 14:44,5047
1/29/2023 14:45,5024
1/29/2023 14:45,5175
1/29/2023 14:46,5127
1/29/2023 14:46,5013
1/29/2023 14:47,5280
1/29/2023 14:47,5070
1/29/2023 14:48,5321
1/29/2023 14:48,5285
1/29/2023 14:49,5421
1/29/2023 14:49,5332
1/29/2023 14:50,5212
1/29/2023 14:50,5408
1/29/2023 14:51,5445
1/29/2023 14:51,5431
1/29/2023 14:52,5560
1/29/2023 14:52,5046
1/29/2023 14:53,5345
1/29/2023 14:53,5259
1/29/2023 14:54,5437
1/29/2023 14:54,5458
1/29/2023 14:55,5212
1/29/2023 14:55,5201
1/29/2023 14:56,5334
1/29/2023 14:56,5445
1/29/2023 14:57,5150
1/29/2023 14:58,5223
1/29/2023 14:58,5470
1/29/2023 14:59,4989
1/29/2023 14:59,4932
1/29/2023 15:00,5321
1/29/2023 15:00,5176
1/29/2023 15:01,5164
1/29/2023 15:01,5164
1/29/2023 15:02,5408
1/29/2023 15:02,5249
1/29/2023 15:03,5272
1/29/2023 15:03,5383
1/29/2023 15:04,5105
1/29/2023 15:04,5223
1/29/2023 15:05,5322
1/29/2023 15:05,5433
1/29/2023 15:06,5445
1/29/2023 15:06,5321
1/29/2023 15:07,5296
1/29/2023 15:07,5081
1/29/2023 15:08,5483
1/29/2023 15:08,5357
1/29/2023 15:09,5285
1/29/2023 15:09,5421
1/29/2023 15:10,5368
1/29/2023 15:10,5117
1/29/2023 15:11,5248
1/29/2023 15:11,5258
1/29/2023 15:12,5445
1/29/2023 15:12,5152
1/29/2023 15:13,5188
1/29/2023 15:13,5000
1/29/2023 15:14,5420
1/29/2023 15:14,5395
1/29/2023 15:15,5248
1/29/2023 15:15,5358
1/29/2023 15:16,5321
1/29/2023 15:16,5327
1/29/2023 15:17,4964
1/29/2023 15:17,4956
1/29/2023 15:18,5458
1/29/2023 15:18,5259
1/29/2023 15:19,5321
1/29/2023 15:19,5001
1/29/2023 15:20,5186
1/29/2023 15:20,5332
1/29/2023 15:21,5140
1/29/2023 15:21,5507
1/29/2023 15:22,5081
1/29/2023 15:22,5406
1/29/2023 15:23,5406
1/29/2023 15:23,5309
1/29/2023 15:24,5081
1/29/2023 15:25,5175
1/29/2023 15:25,5285
1/29/2023 15:26,5309
1/29/2023 15:26,4967
1/29/2023 15:27,5334
1/29/2023 15:27,5345
1/29/2023 15:28,5321
1/29/2023 15:28,5285
1/29/2023 15:29,5334
1/29/2023 15:29,5334
1/29/2023 15:30,5345
1/29/2023 15:30,5431
1/29/2023 15:31,5337
1/29/2023 15:31,5236
1/29/2023 15:32,5358
1/29/2023 15:32,5272
1/29/2023 15:33,5371
1/29/2023 15:33,5393
1/29/2023 15:34,5081
1/29/2023 15:34,5446
1/29/2023 15:35,5421
1/29/2023 15:35,4842
1/29/2023 15:36,5623
1/29/2023 15:36,5296
1/29/2023 15:37,5057
1/29/2023 15:37,5358
1/29/2023 15:38,5212
1/29/2023 15:38,5597
1/29/2023 15:39,5421
1/29/2023 15:39,5024
1/29/2023 15:40,5345
1/29/2023 15:40,4865
1/29/2023 15:41,5285
1/29/2023 15:41,5433
1/29/2023 15:42,5381
1/29/2023 15:42,5047
1/29/2023 15:43,5201
1/29/2023 15:43,5188
1/29/2023 15:44,5383
1/29/2023 15:44,5357
1/29/2023 15:45,5248
1/29/2023 15:45,5368
1/29/2023 15:46,5236
1/29/2023 15:46,5248
1/29/2023 15:47,5481
1/29/2023 15:47,5212
1/29/2023 15:48,4843
1/29/2023 15:48,5245
1/29/2023 15:49,5483
1/29/2023 15:49,5283
1/29/2023 15:50,5285
1/29/2023 15:50,5070
1/29/2023 15:51,4754
1/29/2023 15:52,5309
1/29/2023 15:52,5296
1/29/2023 15:53,5370
1/29/2023 15:53,5093
1/29/2023 15:54,5152
1/29/2023 15:54,5272
1/29/2023 15:55,5236
1/29/2023 15:55,5583
1/29/2023 15:56,5285
1/29/2023 15:56,5259
1/29/2023 15:57,5013
1/29/2023 15:57,5154
1/29/2023 15:58,5395
1/29/2023 15:58,5170
1/29/2023 15:59,5200
1/29/2023 15:59,5458
1/29/2023 16:00,5445
1/29/2023 16:00,5117
1/29/2023 16:01,5371
1/29/2023 16:01,5396
1/29/2023 16:02,5141
1/29/2023 16:02,5495
1/29/2023 16:03,5012
1/29/2023 16:03,5360
1/29/2023 16:04,5395
1/29/2023 16:04,5212
1/29/2023 16:05,5246
1/29/2023 16:05,5497
1/29/2023 16:06,5433
1/29/2023 16:06,5285
1/29/2023 16:07,5332
1/29/2023 16:07,5106
1/29/2023 16:08,5062
1/29/2023 16:08,5129
1/29/2023 16:09,5483
1/29/2023 16:09,5185
1/29/2023 16:10,5433
1/29/2023 16:10,5408
1/29/2023 16:11,5371
1/29/2023 16:11,5176
1/29/2023 16:12,5383
1/29/2023 16:12,5347
1/29/2023 16:13,5236
1/29/2023 16:13,5445
1/29/2023 16:14,5358
1/29/2023 16:14,5001
1/29/2023 16:15,5129
1/29/2023 16:15,5311
1/29/2023 16:16,5176
1/29/2023 16:16,5070
1/29/2023 16:17,5293
1/29/2023 16:17,5370
1/29/2023 16:18,5296
1/29/2023 16:19,5081
1/29/2023 16:19,5249
1/29/2023 16:20,5345
1/29/2023 16:20,5198
1/29/2023 16:21,5523
1/29/2023 16:21,5236
1/29/2023 16:22,5371
1/29/2023 16:22,5509
1/29/2023 16:23,5431
1/29/2023 16:23,5408
1/29/2023 16:24,5433
1/29/2023 16:24,5445
1/29/2023 16:25,5288
1/29/2023 16:25,5249
1/29/2023 16:26,5212
1/29/2023 16:26,4876
1/29/2023 16:27,5212
1/29/2023 16:27,5272
1/29/2023 16:28,5200
1/29/2023 16:28,5223
1/29/2023 16:29,5296
1/29/2023 16:29,5673
1/29/2023 16:30,5418
1/29/2023 16:30,5495
1/29/2023 16:31,5105
1/29/2023 16:31,5586
1/29/2023 16:32,5128
1/29/2023 16:32,5433
1/29/2023 16:33,5638
1/29/2023 16:33,5070
1/29/2023 16:34,5177
1/29/2023 16:34,5445
1/29/2023 16:35,5165
1/29/2023 16:35,5334
1/29/2023 16:36,5334
1/29/2023 16:36,5445
1/29/2023 16:37,5285
1/29/2023 16:37,5445
1/29/2023 16:38,5509
1/29/2023 16:38,5140
1/29/2023 16:39,5383
1/29/2023 16:39,5509
1/29/2023 16:40,5408
1/29/2023 16:40,5334
1/29/2023 16:41,5272
1/29/2023 16:41,5153
1/29/2023 16:42,5702
1/29/2023 16:42,5035
1/29/2023 16:43,5483
1/29/2023 16:43,5037
1/29/2023 16:44,5472
1/29/2023 16:44,5495
1/29/2023 16:45,5358
1/29/2023 16:46,5534
1/29/2023 16:46,5153
1/29/2023 16:47,5421
1/29/2023 16:47,5420
1/29/2023 16:48,5141
1/29/2023 16:48,5702
1/29/2023 16:49,5462
1/29/2023 16:49,5321
1/29/2023 16:50,5322
1/29/2023 16:50,5223
1/29/2023 16:51,5311
1/29/2023 16:51,4978
1/29/2023 16:52,5520
1/29/2023 16:52,5322
1/29/2023 16:53,5358
1/29/2023 16:53,5481
1/29/2023 16:54,5474
1/29/2023 16:54,5223
1/29/2023 16:55,5285
1/29/2023 16:55,5358
1/29/2023 16:56,5329
1/29/2023 16:56,5345
1/29/2023 16:57,5223
1/29/2023 16:57,5152
1/29/2023 16:58,5212
1/29/2023 16:58,5272
1/29/2023 16:59,5635
1/29/2023 16:59,5024
1/29/2023 17:00,5309
1/29/2023 17:00,5408
1/29/2023 17:01,5437
1/29/2023 17:01,5612
1/29/2023 17:02,5201
1/29/2023 17:02,5332
1/29/2023 17:03,5623
1/29/2023 17:03,5470
1/29/2023 17:04,5420
1/29/2023 17:04,5626
1/29/2023 17:05,5347
1/29/2023 17:05,5546
1/29/2023 17:06,5423
1/29/2023 17:06,5423
1/29/2023 17:07,4966
1/29/2023 17:07,5141
1/29/2023 17:08,5431
1/29/2023 17:08,5381
1/29/2023 17:09,5370
1/29/2023 17:09,5299
1/29/2023 17:10,5383
1/29/2023 17:10,5223
1/29/2023 17:11,5433
1/29/2023 17:11,5334
1/29/2023 17:12,5458
1/29/2023 17:13,5260
1/29/2023 17:13,5740
1/29/2023 17:14,5586
1/29/2023 17:14,5309
1/29/2023 17:15,5093
1/29/2023 17:15,5163
1/29/2023 17:16,5024
1/29/2023 17:16,5164
1/29/2023 17:17,5330
1/29/2023 17:17,5395
1/29/2023 17:18,5511
1/29/2023 17:18,5024
1/29/2023 17:19,5370
1/29/2023 17:19,5396
1/29/2023 17:20,5285
1/29/2023 17:20,5248
1/29/2023 17:21,5248
1/29/2023 17:21,5223
1/29/2023 17:22,5321
1/29/2023 17:22,5319
1/29/2023 17:23,5272
1/29/2023 17:23,5140
1/29/2023 17:24,5260
1/29/2023 17:24,5260
1/29/2023 17:25,5509
1/29/2023 17:25,5272
1/29/2023 17:26,5116
1/29/2023 17:26,5102
1/29/2023 17:27,5235
1/29/2023 17:27,5520
1/29/2023 17:28,5626
1/29/2023 17:28,5586
1/29/2023 17:29,5177
1/29/2023 17:29,5548
1/29/2023 17:30,5558
1/29/2023 17:30,5481
1/29/2023 17:31,5548
1/29/2023 17:31,5702
1/29/2023 17:32,5347
1/29/2023 17:32,5497
1/29/2023 17:33,5163
1/29/2023 17:33,5728
1/29/2023 17:34,5623
1/29/2023 17:34,5433
1/29/2023 17:35,5532
1/29/2023 17:35,5358
1/29/2023 17:36,5534
1/29/2023 17:36,5429
1/29/2023 17:37,5176
1/29/2023 17:37,5560
1/29/2023 17:38,5211
1/29/2023 17:39,5298
1/29/2023 17:39,5345
1/29/2023 17:40,5285
1/29/2023 17:40,5345
1/29/2023 17:41,5445
1/29/2023 17:41,5105
1/29/2023 17:42,5321
1/29/2023 17:42,5309
1/29/2023 17:43,5321
1/29/2023 17:43,5035
1/29/2023 17:44,5520
1/29/2023 17:44,5105
1/29/2023 17:45,5069
1/29/2023 17:45,5755
1/29/2023 17:46,5200
1/29/2023 17:46,5470
1/29/2023 17:47,5368
1/29/2023 17:47,5308
1/29/2023 17:48,5395
1/29/2023 17:48,5093
1/29/2023 17:49,5046
1/29/2023 17:49,5755
1/29/2023 17:50,5272
1/29/2023 17:50,5283
1/29/2023 17:51,5270
1/29/2023 17:51,5176
1/29/2023 17:52,5433
1/29/2023 17:52,5466
1/29/2023 17:53,5210
1/29/2023 17:53,5069
1/29/2023 17:54,5283
1/29/2023 17:54,5532
1/29/2023 17:55,5443
1/29/2023 17:55,5560
1/29/2023 17:56,5127
1/29/2023 17:56,5717
1/29/2023 17:57,5383
1/29/2023 17:57,5548
1/29/2023 17:58,5093
1/29/2023 17:58,5357
1/29/2023 17:59,5069
1/29/2023 17:59,5235
1/29/2023 18:00,5093
1/29/2023 18:00,5493
1/29/2023 18:01,5234
1/29/2023 18:01,5638
1/29/2023 18:02,5259
1/29/2023 18:02,5093
1/29/2023 18:03,5141
1/29/2023 18:03,5357
1/29/2023 18:04,5259
1/29/2023 18:04,5470
1/29/2023 18:05,5357
1/29/2023 18:06,5308
1/29/2023 18:06,5583
1/29/2023 18:07,5235
1/29/2023 18:07,5497
1/29/2023 18:08,5393
1/29/2023 18:08,5357
1/29/2023 18:09,5395
1/29/2023 18:09,5332
1/29/2023 18:10,5443
1/29/2023 18:10,5544
1/29/2023 18:11,4966
1/29/2023 18:11,5151
1/29/2023 18:12,5493
1/29/2023 18:12,5235
1/29/2023 18:13,5595
1/29/2023 18:13,5368
1/29/2023 18:14,5282
1/29/2023 18:14,5621
1/29/2023 18:15,5381
1/29/2023 18:15,5518
1/29/2023 18:16,5368
1/29/2023 18:16,5609
1/29/2023 18:17,5621
1/29/2023 18:17,4988
1/29/2023 18:18,5151
1/29/2023 18:18,5319
1/29/2023 18:19,5368
1/29/2023 18:19,5661
1/29/2023 18:20,5222
1/29/2023 18:20,5530
1/29/2023 18:21,5647
1/29/2023 18:21,5833
1/29/2023 18:22,5470
1/29/2023 18:22,5368
1/29/2023 18:23,5200
1/29/2023 18:23,5345
1/29/2023 18:24,5544
1/29/2023 18:24,5151
1/29/2023 18:25,5344
1/29/2023 18:25,5518
1/29/2023 18:26,5418
1/29/2023 18:26,5418
1/29/2023 18:27,5319
1/29/2023 18:27,5597
1/29/2023 18:28,5647
1/29/2023 18:28,5456
1/29/2023 18:29,5355
1/29/2023 18:29,5368
1/29/2023 18:30,5556
1/29/2023 18:30,5621
1/29/2023 18:31,5752
1/29/2023 18:31,5105
1/29/2023 18:32,5330
1/29/2023 18:33,5367
1/29/2023 18:33,5353
1/29/2023 18:34,5404
1/29/2023 18:34,5647
1/29/2023 18:35,5370
1/29/2023 18:35,5443
1/29/2023 18:36,5344
1/29/2023 18:36,5518
1/29/2023 18:37,5246
1/29/2023 18:37,5306
1/29/2023 18:38,5186
1/29/2023 18:38,5234
1/29/2023 18:39,5875
1/29/2023 18:39,5295
1/29/2023 18:40,5570
1/29/2023 18:40,5150
1/29/2023 18:41,5429
1/29/2023 18:41,5272
1/29/2023 18:42,5567
1/29/2023 18:42,5222
1/29/2023 18:43,5443
1/29/2023 18:43,5368
1/29/2023 18:44,5367
1/29/2023 18:44,5391
1/29/2023 18:45,5479
1/29/2023 18:45,5367
1/29/2023 18:46,5699
1/29/2023 18:46,5353
1/29/2023 18:47,5142
1/29/2023 18:47,5306
1/29/2023 18:48,5621
1/29/2023 18:48,5245
1/29/2023 18:49,5022
1/29/2023 18:49,5391
1/29/2023 18:50,5673
1/29/2023 18:50,5368
1/29/2023 18:51,5380
1/29/2023 18:51,5208
1/29/2023 18:52,5162
1/29/2023 18:52,5210
1/29/2023 18:53,5115
1/29/2023 18:53,5393
1/29/2023 18:54,5175
1/29/2023 18:54,5404
1/29/2023 18:55,5393
1/29/2023 18:55,5222
1/29/2023 18:56,5319
1/29/2023 18:56,5151
1/29/2023 18:57,5431
1/29/2023 18:57,5126
1/29/2023 18:58,5344
1/29/2023 18:58,5544
1/29/2023 18:59,5595
1/29/2023 19:00,5530
1/29/2023 19:00,5443
1/29/2023 19:01,5309
1/29/2023 19:01,5621
1/29/2023 19:02,5306
1/29/2023 19:02,5583
1/29/2023 19:03,5186
1/29/2023 19:03,5393
1/29/2023 19:04,5380
1/29/2023 19:04,5441
1/29/2023 19:05,5752
1/29/2023 19:05,5319
1/29/2023 19:06,5380
1/29/2023 19:06,5306
1/29/2023 19:07,5638
1/29/2023 19:07,5258
1/29/2023 19:08,5714
1/29/2023 19:08,5368
1/29/2023 19:09,5253
1/29/2023 19:09,5258
1/29/2023 19:10,5544
1/29/2023 19:10,5258
1/29/2023 19:11,5699
1/29/2023 19:11,5280
1/29/2023 19:12,5633
1/29/2023 19:12,5418
1/29/2023 19:13,5092
1/29/2023 19:13,5581
1/29/2023 19:14,5355
1/29/2023 19:14,5659
1/29/2023 19:15,5104
1/29/2023 19:15,5429
1/29/2023 19:16,5418
1/29/2023 19:16,5806
1/29/2023 19:17,5429
1/29/2023 19:17,5393
1/29/2023 19:18,5269
1/29/2023 19:18,5516
1/29/2023 19:19,5380
1/29/2023 19:19,5581
1/29/2023 19:20,5659
1/29/2023 19:20,5234
1/29/2023 19:21,5344
1/29/2023 19:21,5418
1/29/2023 19:22,5558
1/29/2023 19:22,5458
1/29/2023 19:23,5530
1/29/2023 19:23,5306
1/29/2023 19:24,5493
1/29/2023 19:24,5556
1/29/2023 19:25,5689
1/29/2023 19:25,5530
1/29/2023 19:26,5583
1/29/2023 19:27,5092
1/29/2023 19:27,5429
1/29/2023 19:28,5544
1/29/2023 19:28,5368
1/29/2023 19:29,5258
1/29/2023 19:29,5806
1/29/2023 19:30,5367
1/29/2023 19:30,5185
1/29/2023 19:31,5175
1/29/2023 19:31,5395
1/29/2023 19:32,5505
1/29/2023 19:32,5764
1/29/2023 19:33,5222
1/29/2023 19:33,5493
1/29/2023 19:34,5389
1/29/2023 19:34,5210
1/29/2023 19:35,5416
1/29/2023 19:35,5709
1/29/2023 19:36,5454
1/29/2023 19:36,5235
1/29/2023 19:37,5449
1/29/2023 19:37,5282
1/29/2023 19:38,5282
1/29/2023 19:38,5342
1/29/2023 19:39,5685
1/29/2023 19:39,5518
1/29/2023 19:40,5429
1/29/2023 19:40,5633
1/29/2023 19:41,5308
1/29/2023 19:41,5516
1/29/2023 19:42,5518
1/29/2023 19:42,5806
1/29/2023 19:43,5306
1/29/2023 19:43,5899
1/29/2023 19:44,5659
1/29/2023 19:44,5479
1/29/2023 19:45,5454
1/29/2023 19:45,5685
1/29/2023 19:46,5493
1/29/2023 19:46,5483
1/29/2023 19:47,5607
1/29/2023 19:47,5429
1/29/2023 19:48,5416
1/29/2023 19:48,5342
1/29/2023 19:49,5493
1/29/2023 19:49,5595
1/29/2023 19:50,5466
1/29/2023 19:50,5416
1/29/2023 19:51,5581
1/29/2023 19:51,5115
1/29/2023 19:52,5711
1/29/2023 19:52,5762
1/29/2023 19:53,5633
1/29/2023 19:54,5818
1/29/2023 19:54,5355
1/29/2023 19:55,5426
1/29/2023 19:55,5151
1/29/2023 19:56,5966
1/29/2023 19:56,5234
1/29/2023 19:57,5306
1/29/2023 19:57,5391
1/29/2023 19:58,5556
1/29/2023 19:58,5595
1/29/2023 19:59,5528
1/29/2023 19:59,5468
1/29/2023 20:00,5381
1/29/2023 20:00,5567
1/29/2023 20:01,5283
1/29/2023 20:01,5927
1/29/2023 20:02,5726
1/29/2023 20:02,5887
1/29/2023 20:03,5378
1/29/2023 20:03,5330
1/29/2023 20:04,5740
1/29/2023 20:04,5468
1/29/2023 20:05,5355
1/29/2023 20:05,5491
1/29/2023 20:06,5542
1/29/2023 20:06,5645
1/29/2023 20:07,5791
1/29/2023 20:07,5503
1/29/2023 20:08,5875
1/29/2023 20:08,5730
1/29/2023 20:09,5621
1/29/2023 20:09,5318
1/29/2023 20:10,5162
1/29/2023 20:10,5516
1/29/2023 20:11,5368
1/29/2023 20:11,5380
1/29/2023 20:12,5570
1/29/2023 20:12,5595
1/29/2023 20:13,5337
1/29/2023 20:13,5355
1/29/2023 20:14,5211
1/29/2023 20:14,5479
1/29/2023 20:15,5175
1/29/2023 20:15,5150
1/29/2023 20:16,5479
1/29/2023 20:16,5371
1/29/2023 20:17,5567
1/29/2023 20:17,5163
1/29/2023 20:18,5530
1/29/2023 20:18,5530
1/29/2023 20:19,5791
1/29/2023 20:20,5530
1/29/2023 20:20,5258
1/29/2023 20:21,5558
1/29/2023 20:21,5697
1/29/2023 20:22,5443
1/29/2023 20:22,5162
1/29/2023 20:23,5330
1/29/2023 20:23,5821
1/29/2023 20:24,5491
1/29/2023 20:24,5258
1/29/2023 20:25,5380
1/29/2023 20:25,5429
1/29/2023 20:26,5542
1/29/2023 20:26,5567
1/29/2023 20:27,5845
1/29/2023 20:27,5723
1/29/2023 20:28,5355
1/29/2023 20:28,5671
1/29/2023 20:29,5628
1/29/2023 20:29,5235
1/29/2023 20:30,5711
1/29/2023 20:30,5726
1/29/2023 20:31,5503
1/29/2023 20:31,5491
1/29/2023 20:32,5887
1/29/2023 20:32,5245
1/29/2023 20:33,5544
1/29/2023 20:33,5306
1/29/2023 20:34,5776
1/29/2023 20:34,5567
1/29/2023 20:35,5544
1/29/2023 20:35,5884
1/29/2023 20:36,5570
1/29/2023 20:36,5914
1/29/2023 20:37,5872
1/29/2023 20:37,5581
1/29/2023 20:38,5764
1/29/2023 20:38,5367
1/29/2023 20:39,5581
1/29/2023 20:39,5334
1/29/2023 20:40,5505
1/29/2023 20:40,5542
1/29/2023 20:41,5530
1/29/2023 20:41,5699
1/29/2023 20:42,5833
1/29/2023 20:42,5556
1/29/2023 20:43,5649
1/29/2023 20:43,5567
1/29/2023 20:44,5619
1/29/2023 20:44,5782
1/29/2023 20:45,5530
1/29/2023 20:45,5269
1/29/2023 20:46,5491
1/29/2023 20:47,5659
1/29/2023 20:47,5466
1/29/2023 20:48,5429
1/29/2023 20:48,5221
1/29/2023 20:49,5553
1/29/2023 20:49,5329
1/29/2023 20:50,5441
1/29/2023 20:50,5306
1/29/2023 20:51,5857
1/29/2023 20:51,5896
1/29/2023 20:52,5776
1/29/2023 20:52,5726
1/29/2023 20:53,5899
1/29/2023 20:53,5245
1/29/2023 20:54,5818
1/29/2023 20:54,5579
1/29/2023 20:55,5579
1/29/2023 20:55,5619
1/29/2023 20:56,5505
1/29/2023 20:56,5750
1/29/2023 20:57,5441
1/29/2023 20:57,5788
1/29/2023 20:58,5567
1/29/2023 20:58,5595
1/29/2023 20:59,5330
1/29/2023 20:59,5939
1/29/2023 21:00,5914
1/29/2023 21:00,5466
1/29/2023 21:01,5542
1/29/2023 21:01,5711
1/29/2023 21:02,5824
1/29/2023 21:02,5479
1/29/2023 21:03,5711
1/29/2023 21:03,5657
1/29/2023 21:04,5416
1/29/2023 21:04,5357
1/29/2023 21:05,5927
1/29/2023 21:05,5659
1/29/2023 21:06,5435
1/29/2023 21:06,5581
1/29/2023 21:07,5501
1/29/2023 21:07,5896
1/29/2023 21:08,5857
1/29/2023 21:08,5607
1/29/2023 21:09,5791
1/29/2023 21:09,5355
1/29/2023 21:10,5645
1/29/2023 21:10,5416
1/29/2023 21:11,5269
1/29/2023 21:11,5671
1/29/2023 21:12,5542
1/29/2023 21:12,5466
1/29/2023 21:13,5518
1/29/2023 21:14,5232
1/29/2023 21:14,5329
1/29/2023 21:15,5911
1/29/2023 21:15,5579
1/29/2023 21:16,5318
1/29/2023 21:16,5195
1/29/2023 21:17,5429
1/29/2023 21:17,5542
1/29/2023 21:18,5593
1/29/2023 21:18,5806
1/29/2023 21:19,5951
1/29/2023 21:19,5887
1/29/2023 21:20,5127
1/29/2023 21:20,5579
1/29/2023 21:21,5697
1/29/2023 21:21,5911
1/29/2023 21:22,5818
1/29/2023 21:22,5293
1/29/2023 21:23,5764
1/29/2023 21:23,5647
1/29/2023 21:24,5530
1/29/2023 21:24,5452
1/29/2023 21:25,5659
1/29/2023 21:25,5711
1/29/2023 21:26,5659
1/29/2023 21:26,5872
1/29/2023 21:27,5493
1/29/2023 21:27,5593
1/29/2023 21:28,5791
1/29/2023 21:28,5605
1/29/2023 21:29,5466
1/29/2023 21:29,5282
1/29/2023 21:30,5593
1/29/2023 21:30,5803
1/29/2023 21:31,5581
1/29/2023 21:31,5528
1/29/2023 21:32,5468
1/29/2023 21:32,5726
1/29/2023 21:33,5491
1/29/2023 21:33,5645
1/29/2023 21:34,5553
1/29/2023 21:34,5788
1/29/2023 21:35,5619
1/29/2023 21:35,5429
1/29/2023 21:36,5593
1/29/2023 21:36,5503
1/29/2023 21:37,5830
1/29/2023 21:37,5478
1/29/2023 21:38,5595
1/29/2023 21:38,5466
1/29/2023 21:39,5764
1/29/2023 21:39,5671
1/29/2023 21:40,5842
1/29/2023 21:41,5818
1/29/2023 21:41,5845
1/29/2023 21:42,5954
1/29/2023 21:42,5699
1/29/2023 21:43,5593
1/29/2023 21:43,5441
1/29/2023 21:44,5542
1/29/2023 21:44,5726
1/29/2023 21:45,5645
1/29/2023 21:45,5709
1/29/2023 21:46,5645
1/29/2023 21:46,5631
1/29/2023 21:47,5479
1/29/2023 21:47,5516
1/29/2023 21:48,5466
1/29/2023 21:48,5815
1/29/2023 21:49,5699
1/29/2023 21:49,5452
1/29/2023 21:50,5464
1/29/2023 21:50,5607
1/29/2023 21:51,5516
1/29/2023 21:51,5542
1/29/2023 21:52,5514
1/29/2023 21:52,5416
1/29/2023 21:53,5221
1/29/2023 21:53,5685
1/29/2023 21:54,5593
1/29/2023 21:54,5416
1/29/2023 21:55,5454
1/29/2023 21:55,6094
1/29/2023 21:56,5553
1/29/2023 21:56,5750
1/29/2023 21:57,5570
1/29/2023 21:57,5985
1/29/2023 21:58,5633
1/29/2023 21:58,5493
1/29/2023 21:59,5711
1/29/2023 21:59,5683
1/29/2023 22:00,5776
1/29/2023 22:00,5939
1/29/2023 22:01,5982
1/29/2023 22:01,5779
1/29/2023 22:02,5776
1/29/2023 22:02,5697
1/29/2023 22:03,5607
1/29/2023 22:03,5528
1/29/2023 22:04,5542
1/29/2023 22:04,5520
1/29/2023 22:05,5884
1/29/2023 22:05,5723
1/29/2023 22:06,5872
1/29/2023 22:06,5570
1/29/2023 22:07,5380
1/29/2023 22:08,5595
1/29/2023 22:08,5657
1/29/2023 22:09,5764
1/29/2023 22:09,5512
1/29/2023 22:10,5726
1/29/2023 22:10,5750
1/29/2023 22:11,5505
1/29/2023 22:11,5581
1/29/2023 22:12,5579
1/29/2023 22:12,5593
1/29/2023 22:13,5887
1/29/2023 22:13,5429
1/29/2023 22:14,5872
1/29/2023 22:14,5966
1/29/2023 22:15,5567
1/29/2023 22:15,5726
1/29/2023 22:16,5567
1/29/2023 22:16,6139
1/29/2023 22:17,5723
1/29/2023 22:17,5673
1/29/2023 22:18,5659
1/29/2023 22:18,5659
1/29/2023 22:19,5671
1/29/2023 22:19,5927
1/29/2023 22:20,5806
1/29/2023 22:20,5685
1/29/2023 22:21,5647
1/29/2023 22:21,5595
1/29/2023 22:22,5680
1/29/2023 22:22,5380
1/29/2023 22:23,5803
1/29/2023 22:23,5699
1/29/2023 22:24,5936
1/29/2023 22:24,5532
1/29/2023 22:25,6010
1/29/2023 22:25,5997
1/29/2023 22:26,5833
1/29/2023 22:26,5685
1/29/2023 22:27,5393
1/29/2023 22:27,5556
1/29/2023 22:28,5404
1/29/2023 22:28,5875
1/29/2023 22:29,5711
1/29/2023 22:29,5556
1/29/2023 22:30,6313
1/29/2023 22:30,5726
1/29/2023 22:31,5803
1/29/2023 22:31,5380
1/29/2023 22:32,5738
1/29/2023 22:32,5673
1/29/2023 22:33,5699
1/29/2023 22:34,5803
1/29/2023 22:34,5966
1/29/2023 22:35,5445
1/29/2023 22:35,6015
1/29/2023 22:36,5685
1/29/2023 22:36,5544
1/29/2023 22:37,5673
1/29/2023 22:37,5581
1/29/2023 22:38,6029
1/29/2023 22:38,5759
1/29/2023 22:39,5607
1/29/2023 22:39,5595
1/29/2023 22:40,5845
1/29/2023 22:40,5246
1/29/2023 22:41,5491
1/29/2023 22:41,5845
1/29/2023 22:42,5978
1/29/2023 22:42,5899
1/29/2023 22:43,5830
1/29/2023 22:43,5633
1/29/2023 22:44,5860
1/29/2023 22:44,5818
1/29/2023 22:45,5659
1/29/2023 22:45,5982
1/29/2023 22:46,5857
1/29/2023 22:46,5806
1/29/2023 22:47,5936
1/29/2023 22:47,5493
1/29/2023 22:48,5631
1/29/2023 22:48,5688
1/29/2023 22:49,5479
1/29/2023 22:49,5505
1/29/2023 22:50,5595
1/29/2023 22:50,5764
1/29/2023 22:51,5235
1/29/2023 22:51,6038
1/29/2023 22:52,5468
1/29/2023 22:52,5581
1/29/2023 22:53,5581
1/29/2023 22:53,5711
1/29/2023 22:54,5726
1/29/2023 22:54,5872
1/29/2023 22:55,5607
1/29/2023 22:55,5505
1/29/2023 22:56,5714
1/29/2023 22:56,5914
1/29/2023 22:57,5671
1/29/2023 22:57,6066
1/29/2023 22:58,5520
1/29/2023 22:58,5711
1/29/2023 22:59,5671
1/29/2023 22:59,5697
1/29/2023 23:00,5518
1/29/2023 23:01,5767
1/29/2023 23:01,5875
1/29/2023 23:02,5673
1/29/2023 23:02,5468
1/29/2023 23:03,5884
1/29/2023 23:03,5570
1/29/2023 23:04,5791
1/29/2023 23:04,5479
1/29/2023 23:05,5997
1/29/2023 23:05,5493
1/29/2023 23:06,5791
1/29/2023 23:06,6050
1/29/2023 23:07,5685
1/29/2023 23:07,5607
1/29/2023 23:08,5848
1/29/2023 23:08,5738
1/29/2023 23:09,5607
1/29/2023 23:09,5887
1/29/2023 23:10,5431
1/29/2023 23:10,5454
1/29/2023 23:11,5544
1/29/2023 23:11,5581
1/29/2023 23:12,5607
1/29/2023 23:12,5806
1/29/2023 23:13,5726
1/29/2023 23:13,5659
1/29/2023 23:14,5764
1/29/2023 23:14,5468
1/29/2023 23:15,6022
1/29/2023 23:15,5619
1/29/2023 23:16,6053
1/29/2023 23:16,5246
1/29/2023 23:17,5845
1/29/2023 23:17,5556
1/29/2023 23:18,5567
1/29/2023 23:18,5468
1/29/2023 23:19,5234
1/29/2023 23:19,5782
1/29/2023 23:20,5581
1/29/2023 23:20,5631
1/29/2023 23:21,6050
1/29/2023 23:21,5544
1/29/2023 23:22,5177
1/29/2023 23:22,5860
1/29/2023 23:23,5593
1/29/2023 23:23,6082
1/29/2023 23:24,5530
1/29/2023 23:24,5516
1/29/2023 23:25,5619
1/29/2023 23:25,6122
1/29/2023 23:26,5699
1/29/2023 23:26,5872
1/29/2023 23:27,5699
1/29/2023 23:28,5212
1/29/2023 23:28,5619
1/29/2023 23:29,5628
1/29/2023 23:29,5647
1/29/2023 23:30,5330
1/29/2023 23:30,5764
1/29/2023 23:31,5776
1/29/2023 23:31,5518
1/29/2023 23:32,5764
1/29/2023 23:32,5529
1/29/2023 23:33,5518
1/29/2023 23:33,6122
1/29/2023 23:34,5997
1/29/2023 23:34,5612
1/29/2023 23:35,5633
1/29/2023 23:35,5479
1/29/2023 23:36,5353
1/29/2023 23:36,5416
1/29/2023 23:37,5860
1/29/2023 23:37,6053
1/29/2023 23:38,5621
1/29/2023 23:38,5659
1/29/2023 23:39,5671
1/29/2023 23:39,5673
1/29/2023 23:40,5621
1/29/2023 23:40,5621
1/29/2023 23:41,5505
1/29/2023 23:41,5581
1/29/2023 23:42,5659
1/29/2023 23:42,5555
1/29/2023 23:43,5673
1/29/2023 23:43,5711
1/29/2023 23:44,5491
1/29/2023 23:44,5875
1/29/2023 23:45,5222
1/29/2023 23:45,5845
1/29/2023 23:46,5806
1/29/2023 23:46,5633
1/29/2023 23:47,5617
1/29/2023 23:47,5699
1/29/2023 23:48,5697
1/29/2023 23:48,5942
1/29/2023 23:49,5542
1/29/2023 23:49,5685
1/29/2023 23:50,5942
1/29/2023 23:50,5845
1/29/2023 23:51,5518
1/29/2023 23:51,5558
1/29/2023 23:52,6180
1/29/2023 23:52,5738
1/29/2023 23:53,5661
1/29/2023 23:53,5270
1/29/2023 23:54,5544
1/29/2023 23:55,6142
1/29/2023 23:55,5493
1/29/2023 23:56,5752
1/29/2023 23:56,5556
1/29/2023 23:57,5532
1/29/2023 23:57,5671
1/29/2023 23:58,5556
1/29/2023 23:58,6196
1/29/2023 23:59,5429
1/29/2023 23:59,5699
1/30/2023 0:00,5593
1/30/2023 0:00,5556
1/30/2023 0:01,5556
1/30/2023 0:01,5518
1/30/2023 0:02,6082
1/30/2023 0:02,5505
1/30/2023 0:03,5711
1/30/2023 0:03,5483
1/30/2023 0:04,5581
1/30/2023 0:04,5544
1/30/2023 0:05,5685
1/30/2023 0:05,5779
1/30/2023 0:06,5633
1/30/2023 0:06,6110
1/30/2023 0:07,5600
1/30/2023 0:07,5468
1/30/2023 0:08,5512
1/30/2023 0:08,5659
1/30/2023 0:09,5581
1/30/2023 0:09,5441
1/30/2023 0:10,5744
1/30/2023 0:10,5997
1/30/2023 0:11,6025
1/30/2023 0:11,5726
1/30/2023 0:12,5930
1/30/2023 0:12,5593
1/30/2023 0:13,6013
1/30/2023 0:13,5635
1/30/2023 0:14,5872
1/30/2023 0:14,5750
1/30/2023 0:15,5633
1/30/2023 0:15,5468
1/30/2023 0:16,5854
1/30/2023 0:16,5671
1/30/2023 0:17,5647
1/30/2023 0:17,5607
1/30/2023 0:18,5518
1/30/2023 0:18,5570
1/30/2023 0:19,5404
1/30/2023 0:19,6139
1/30/2023 0:20,6025
1/30/2023 0:21,5699
1/30/2023 0:21,5528
1/30/2023 0:22,5779
1/30/2023 0:22,5833
1/30/2023 0:23,5779
1/30/2023 0:23,5661
1/30/2023 0:24,5296
1/30/2023 0:24,5875
1/30/2023 0:25,6025
1/30/2023 0:25,5767
1/30/2023 0:26,5621
1/30/2023 0:26,5445
1/30/2023 0:27,5572
1/30/2023 0:27,6038
1/30/2023 0:28,5911
1/30/2023 0:28,5833
1/30/2023 0:29,5743
1/30/2023 0:29,5520
1/30/2023 0:30,5714
1/30/2023 0:30,5330
1/30/2023 0:31,5507
1/30/2023 0:31,5607
1/30/2023 0:32,5520
1/30/2023 0:32,6069
1/30/2023 0:33,5740
1/30/2023 0:33,5806
1/30/2023 0:34,5222
1/30/2023 0:34,5319
1/30/2023 0:35,5985
1/30/2023 0:35,5595
1/30/2023 0:36,6001
1/30/2023 0:36,5685
1/30/2023 0:37,5621
1/30/2023 0:37,5567
1/30/2023 0:38,5848
1/30/2023 0:38,5570
1/30/2023 0:39,5443
1/30/2023 0:39,5497
1/30/2023 0:40,5833
1/30/2023 0:40,5544
1/30/2023 0:41,5970
1/30/2023 0:41,5546
1/30/2023 0:42,5381
1/30/2023 0:42,5468
1/30/2023 0:43,6110
1/30/2023 0:43,5794
1/30/2023 0:44,5493
1/30/2023 0:44,6013
1/30/2023 0:45,5851
1/30/2023 0:45,5860
1/30/2023 0:46,5970
1/30/2023 0:46,5481
1/30/2023 0:47,5406
1/30/2023 0:48,5540
1/30/2023 0:48,5542
1/30/2023 0:49,5726
1/30/2023 0:49,5581
1/30/2023 0:50,5581
1/30/2023 0:50,6142
1/30/2023 0:51,5595
1/30/2023 0:51,5609
1/30/2023 0:52,5884
1/30/2023 0:52,5429
1/30/2023 0:53,5368
1/30/2023 0:53,5553
1/30/2023 0:54,5595
1/30/2023 0:54,5985
1/30/2023 0:55,6073
1/30/2023 0:55,5676
1/30/2023 0:56,5355
1/30/2023 0:56,5699
1/30/2023 0:57,5863
1/30/2023 0:57,5621
1/30/2023 0:58,5914
1/30/2023 0:58,5583
1/30/2023 0:59,5595
1/30/2023 0:59,5794
1/30/2023 1:00,5707
1/30/2023 1:00,6089
1/30/2023 1:01,5583
1/30/2023 1:01,5673
1/30/2023 1:02,5676
1/30/2023 1:02,5595
1/30/2023 1:03,5595
1/30/2023 1:03,5470
1/30/2023 1:04,5609
1/30/2023 1:04,5661
1/30/2023 1:05,5854
1/30/2023 1:05,5685
1/30/2023 1:06,5631
1/30/2023 1:06,5661
1/30/2023 1:07,5647
1/30/2023 1:07,5542
1/30/2023 1:08,5505
1/30/2023 1:08,5621
1/30/2023 1:09,6038
1/30/2023 1:09,5767
1/30/2023 1:10,6283
1/30/2023 1:10,5649
1/30/2023 1:11,5470
1/30/2023 1:11,6110
1/30/2023 1:12,5957
1/30/2023 1:12,5848
1/30/2023 1:13,5688
1/30/2023 1:13,6229
1/30/2023 1:14,5445
1/30/2023 1:15,5609
1/30/2023 1:15,5755
1/30/2023 1:16,6069
1/30/2023 1:16,6085
1/30/2023 1:17,5779
1/30/2023 1:17,5583
1/30/2023 1:18,5673
1/30/2023 1:18,5740
1/30/2023 1:19,5491
1/30/2023 1:19,5544
1/30/2023 1:20,5714
1/30/2023 1:20,5902
1/30/2023 1:21,5572
1/30/2023 1:21,5602
1/30/2023 1:22,6025
1/30/2023 1:22,5821
1/30/2023 1:23,5505
1/30/2023 1:23,5661
1/30/2023 1:24,5848
1/30/2023 1:24,5961
1/30/2023 1:25,6041
1/30/2023 1:25,5635
1/30/2023 1:26,5347
1/30/2023 1:26,6041
1/30/2023 1:27,5794
1/30/2023 1:27,5794
1/30/2023 1:28,5676
1/30/2023 1:28,5583
1/30/2023 1:29,5836
1/30/2023 1:29,5836
1/30/2023 1:30,5558
1/30/2023 1:30,5945
1/30/2023 1:31,5583
1/30/2023 1:31,5767
1/30/2023 1:32,5779
1/30/2023 1:32,5546
1/30/2023 1:33,5638
1/30/2023 1:33,5728
1/30/2023 1:34,6069
1/30/2023 1:34,5794
1/30/2023 1:35,5740
1/30/2023 1:35,5583
1/30/2023 1:36,5791
1/30/2023 1:36,6089
1/30/2023 1:37,5470
1/30/2023 1:37,5623
1/30/2023 1:38,5609
1/30/2023 1:38,5785
1/30/2023 1:39,5647
1/30/2023 1:39,5514
1/30/2023 1:40,5860
1/30/2023 1:40,6126
1/30/2023 1:41,6022
1/30/2023 1:42,5635
1/30/2023 1:42,5836
1/30/2023 1:43,5973
1/30/2023 1:43,5659
1/30/2023 1:44,5661
1/30/2023 1:44,5210
1/30/2023 1:45,5821
1/30/2023 1:45,5623
1/30/2023 1:46,5570
1/30/2023 1:46,5357
1/30/2023 1:47,6399
1/30/2023 1:47,5767
1/30/2023 1:48,5688
1/30/2023 1:48,5518
1/30/2023 1:49,5836
1/30/2023 1:49,5914
1/30/2023 1:50,5714
1/30/2023 1:50,5973
1/30/2023 1:51,5918
1/30/2023 1:51,5635
1/30/2023 1:52,5957
1/30/2023 1:52,5890
1/30/2023 1:53,5848
1/30/2023 1:53,5848
1/30/2023 1:54,5431
1/30/2023 1:54,5420
1/30/2023 1:55,5740
1/30/2023 1:55,5875
1/30/2023 1:56,5890
1/30/2023 1:56,5705
1/30/2023 1:57,5468
1/30/2023 1:57,6085
1/30/2023 1:58,5702
1/30/2023 1:58,6045
1/30/2023 1:59,5595
1/30/2023 1:59,5714
1/30/2023 2:00,5740
1/30/2023 2:00,5973
1/30/2023 2:01,5794
1/30/2023 2:01,5248
1/30/2023 2:02,5702
1/30/2023 2:02,5702
1/30/2023 2:03,5933
1/30/2023 2:03,5479
1/30/2023 2:04,5661
1/30/2023 2:04,5794
1/30/2023 2:05,5406
1/30/2023 2:05,5875
1/30/2023 2:06,5595
1/30/2023 2:06,5678
1/30/2023 2:07,5470
1/30/2023 2:07,5623
1/30/2023 2:08,5738
1/30/2023 2:09,6262
1/30/2023 2:09,5821
1/30/2023 2:10,5298
1/30/2023 2:10,5676
1/30/2023 2:11,5821
1/30/2023 2:11,5470
1/30/2023 2:12,5797
1/30/2023 2:12,5752
1/30/2023 2:13,5890
1/30/2023 2:13,6360
1/30/2023 2:14,5529
1/30/2023 2:14,5581
1/30/2023 2:15,5714
1/30/2023 2:15,5863
1/30/2023 2:16,5649
1/30/2023 2:16,6013
1/30/2023 2:17,5635
1/30/2023 2:17,5649
1/30/2023 2:18,5597
1/30/2023 2:18,5609
1/30/2023 2:19,5688
1/30/2023 2:19,5740
1/30/2023 2:20,5558
1/30/2023 2:20,5758
1/30/2023 2:21,5445
1/30/2023 2:21,5673
1/30/2023 2:22,5806
1/30/2023 2:22,6082
1/30/2023 2:23,5395
1/30/2023 2:23,6262
1/30/2023 2:24,5755
1/30/2023 2:24,6117
1/30/2023 2:25,5945
1/30/2023 2:25,5612
1/30/2023 2:26,5509
1/30/2023 2:26,5395
1/30/2023 2:27,5381
1/30/2023 2:27,5597
1/30/2023 2:28,5649
1/30/2023 2:28,5635
1/30/2023 2:29,5572
1/30/2023 2:29,5726
1/30/2023 2:30,5260
1/30/2023 2:30,5875
1/30/2023 2:31,5918
1/30/2023 2:31,5583
1/30/2023 2:32,6213
1/30/2023 2:32,5495
1/30/2023 2:33,5612
1/30/2023 2:33,5406
1/30/2023 2:34,5433
1/30/2023 2:34,6246
1/30/2023 2:35,5806
1/30/2023 2:36,5481
1/30/2023 2:36,5767
1/30/2023 2:37,5893
1/30/2023 2:37,5774
1/30/2023 2:38,5890
1/30/2023 2:38,6233
1/30/2023 2:39,5902
1/30/2023 2:39,5597
1/30/2023 2:40,5875
1/30/2023 2:40,5848
1/30/2023 2:41,5702
1/30/2023 2:41,5973
1/30/2023 2:42,6213
1/30/2023 2:42,5767
1/30/2023 2:43,5649
1/30/2023 2:43,5782
1/30/2023 2:44,5595
1/30/2023 2:44,5532
1/30/2023 2:45,5501
1/30/2023 2:45,5649
1/30/2023 2:46,5836
1/30/2023 2:46,6098
1/30/2023 2:47,5534
1/30/2023 2:47,6089
1/30/2023 2:48,5532
1/30/2023 2:48,5806
1/30/2023 2:49,6029
1/30/2023 2:49,6101
1/30/2023 2:50,5495
1/30/2023 2:50,5472
1/30/2023 2:51,5520
1/30/2023 2:51,5623
1/30/2023 2:52,5740
1/30/2023 2:52,5770
1/30/2023 2:53,5902
1/30/2023 2:53,6175
1/30/2023 2:54,6171
1/30/2023 2:54,5702
1/30/2023 2:55,5707
1/30/2023 2:55,6309
1/30/2023 2:56,6217
1/30/2023 2:56,6057
1/30/2023 2:57,5688
1/30/2023 2:57,5697
1/30/2023 2:58,6029
1/30/2023 2:58,6155
1/30/2023 2:59,5945
1/30/2023 2:59,5470
1/30/2023 3:00,5902
1/30/2023 3:00,5878
1/30/2023 3:01,5875
1/30/2023 3:01,5782
1/30/2023 3:02,5602
1/30/2023 3:03,6082
1/30/2023 3:03,5445
1/30/2023 3:04,5481
1/30/2023 3:04,5381
1/30/2023 3:05,5890
1/30/2023 3:05,5690
1/30/2023 3:06,5961
1/30/2023 3:06,6262
1/30/2023 3:07,5794
1/30/2023 3:07,5431
1/30/2023 3:08,5782
1/30/2023 3:08,6053
1/30/2023 3:09,5809
1/30/2023 3:09,5717
1/30/2023 3:10,5924
1/30/2023 3:10,5869
1/30/2023 3:11,5640
1/30/2023 3:11,6139
1/30/2023 3:12,6424
1/30/2023 3:12,6258
1/30/2023 3:13,5755
1/30/2023 3:13,5890
1/30/2023 3:14,5755
1/30/2023 3:14,5878
1/30/2023 3:15,5948
1/30/2023 3:15,5755
1/30/2023 3:16,5890
1/30/2023 3:16,5839
1/30/2023 3:17,5797
1/30/2023 3:17,5445
1/30/2023 3:18,6213
1/30/2023 3:18,6101
1/30/2023 3:19,5702
1/30/2023 3:19,5933
1/30/2023 3:20,5649
1/30/2023 3:20,5905
1/30/2023 3:21,5755
1/30/2023 3:21,5767
1/30/2023 3:22,5546
1/30/2023 3:22,5743
1/30/2023 3:23,6142
1/30/2023 3:23,6146
1/30/2023 3:24,5809
1/30/2023 3:24,5851
1/30/2023 3:25,6032
1/30/2023 3:25,6045
1/30/2023 3:26,5433
1/30/2023 3:26,5676
1/30/2023 3:27,6229
1/30/2023 3:27,5755
1/30/2023 3:28,5794
1/30/2023 3:28,5755
1/30/2023 3:29,6013
1/30/2023 3:30,5746
1/30/2023 3:30,5586
1/30/2023 3:31,5797
1/30/2023 3:31,5635
1/30/2023 3:32,5973
1/30/2023 3:32,5520
1/30/2023 3:33,5809
1/30/2023 3:33,5957
1/30/2023 3:34,6229
1/30/2023 3:34,6171
1/30/2023 3:35,5572
1/30/2023 3:35,5767
1/30/2023 3:36,6171
1/30/2023 3:36,5961
1/30/2023 3:37,5728
1/30/2023 3:37,5676
1/30/2023 3:38,5930
1/30/2023 3:38,5857
1/30/2023 3:39,6001
1/30/2023 3:39,5597
1/30/2023 3:40,6334
1/30/2023 3:40,6229
1/30/2023 3:41,6057
1/30/2023 3:41,6171
1/30/2023 3:42,5728
1/30/2023 3:42,5851
1/30/2023 3:43,5728
1/30/2023 3:43,6242
1/30/2023 3:44,5755
1/30/2023 3:44,5728
1/30/2023 3:45,5836
1/30/2023 3:45,6288
1/30/2023 3:46,5688
1/30/2023 3:46,5649
1/30/2023 3:47,5740
1/30/2023 3:47,5863
1/30/2023 3:48,6101
1/30/2023 3:48,5743
1/30/2023 3:49,6098
1/30/2023 3:49,5702
1/30/2023 3:50,5866
1/30/2023 3:50,5431
1/30/2023 3:51,5953
1/30/2023 3:51,6045
1/30/2023 3:52,5597
1/30/2023 3:52,5714
1/30/2023 3:53,5520
1/30/2023 3:53,5812
1/30/2023 3:54,5688
1/30/2023 3:54,5797
1/30/2023 3:55,6142
1/30/2023 3:55,5836
1/30/2023 3:56,5717
1/30/2023 3:57,5609
1/30/2023 3:57,6085
1/30/2023 3:58,5989
1/30/2023 3:58,5755
1/30/2023 3:59,5878
1/30/2023 3:59,6073
1/30/2023 4:00,5661
1/30/2023 4:00,5536
1/30/2023 4:01,5572
1/30/2023 4:01,5493
1/30/2023 4:02,6045
1/30/2023 4:02,5909
1/30/2023 4:03,5597
1/30/2023 4:03,5507
1/30/2023 4:04,5945
1/30/2023 4:04,5821
1/30/2023 4:05,5836
1/30/2023 4:05,6089
1/30/2023 4:06,5649
1/30/2023 4:06,5546
1/30/2023 4:07,5743
1/30/2023 4:07,6057
1/30/2023 4:08,5976
1/30/2023 4:08,6288
1/30/2023 4:09,5809
1/30/2023 4:09,6114
1/30/2023 4:10,5638
1/30/2023 4:10,5597
1/30/2023 4:11,5661
1/30/2023 4:11,5815
1/30/2023 4:12,5574
1/30/2023 4:12,5945
1/30/2023 4:13,5600
1/30/2023 4:13,5689
1/30/2023 4:14,5676
1/30/2023 4:14,5863
1/30/2023 4:15,6200
1/30/2023 4:15,6130
1/30/2023 4:16,5918
1/30/2023 4:16,5520
1/30/2023 4:17,5930
1/30/2023 4:17,5728
1/30/2023 4:18,5997
1/30/2023 4:18,5824
1/30/2023 4:19,5890
1/30/2023 4:19,5839
1/30/2023 4:20,5973
1/30/2023 4:20,6246
1/30/2023 4:21,6275
1/30/2023 4:21,5989
1/30/2023 4:22,6188
1/30/2023 4:22,6114
1/30/2023 4:23,5812
1/30/2023 4:24,6213
1/30/2023 4:24,6001
1/30/2023 4:25,5797
1/30/2023 4:25,5421
1/30/2023 4:26,6057
1/30/2023 4:26,5973
1/30/2023 4:27,5612
1/30/2023 4:27,5560
1/30/2023 4:28,5717
1/30/2023 4:28,6200
1/30/2023 4:29,5890
1/30/2023 4:29,5638
1/30/2023 4:30,5782
1/30/2023 4:30,5717
1/30/2023 4:31,5782
1/30/2023 4:31,5785
1/30/2023 4:32,5717
1/30/2023 4:32,5824
1/30/2023 4:33,5532
1/30/2023 4:33,6073
1/30/2023 4:34,6085
1/30/2023 4:34,5821
1/30/2023 4:35,5717
1/30/2023 4:35,5770
1/30/2023 4:36,6159
1/30/2023 4:36,6184
1/30/2023 4:37,5743
1/30/2023 4:37,5890
1/30/2023 4:38,6472
1/30/2023 4:38,6275
1/30/2023 4:39,6233
1/30/2023 4:39,5875
1/30/2023 4:40,5905
1/30/2023 4:40,5945
1/30/2023 4:41,5989
1/30/2023 4:41,5863
1/30/2023 4:42,5794
1/30/2023 4:42,5678
1/30/2023 4:43,6386
1/30/2023 4:43,5794
1/30/2023 4:44,5905
1/30/2023 4:44,6377
1/30/2023 4:45,5717
1/30/2023 4:45,5714
1/30/2023 4:46,5685
1/30/2023 4:46,5878
1/30/2023 4:47,6381
1/30/2023 4:47,5623
1/30/2023 4:48,5702
1/30/2023 4:48,6016
1/30/2023 4:49,6146
1/30/2023 4:49,6229
1/30/2023 4:50,5957
1/30/2023 4:51,5523
1/30/2023 4:51,5933
1/30/2023 4:52,5824
1/30/2023 4:52,5717
1/30/2023 4:53,5836
1/30/2023 4:53,5782
1/30/2023 4:54,6155
1/30/2023 4:54,5647
1/30/2023 4:55,6013
1/30/2023 4:55,6004
1/30/2023 4:56,6322
1/30/2023 4:56,6057
1/30/2023 4:57,5933
1/30/2023 4:57,5809
1/30/2023 4:58,5824
1/30/2023 4:58,5755
1/30/2023 4:59,6101
1/30/2023 4:59,6146
1/30/2023 5:00,6385
1/30/2023 5:00,5824
1/30/2023 5:01,6217
1/30/2023 5:01,5878
1/30/2023 5:02,5649
1/30/2023 5:02,6085
1/30/2023 5:03,5495
1/30/2023 5:03,6101
1/30/2023 5:04,5905
1/30/2023 5:04,5602
1/30/2023 5:05,6045
1/30/2023 5:05,5890
1/30/2023 5:06,5717
1/30/2023 5:06,5945
1/30/2023 5:07,5690
1/30/2023 5:07,5597
1/30/2023 5:08,5973
1/30/2023 5:08,5921
1/30/2023 5:09,5945
1/30/2023 5:09,5664
1/30/2023 5:10,5770
1/30/2023 5:10,6039
1/30/2023 5:11,6010
1/30/2023 5:11,6073
1/30/2023 5:12,5638
1/30/2023 5:12,5976
1/30/2023 5:13,5933
1/30/2023 5:13,5678
1/30/2023 5:14,5921
1/30/2023 5:14,6330
1/30/2023 5:15,6217
1/30/2023 5:15,5973
1/30/2023 5:16,5918
1/30/2023 5:17,6442
1/30/2023 5:17,5705
1/30/2023 5:18,5851
1/30/2023 5:18,6217
1/30/2023 5:19,6288
1/30/2023 5:19,6057
1/30/2023 5:20,6045
1/30/2023 5:20,5797
1/30/2023 5:21,5824
1/30/2023 5:21,6130
1/30/2023 5:22,5676
1/30/2023 5:22,5863
1/30/2023 5:23,6171
1/30/2023 5:23,5973
1/30/2023 5:24,6001
1/30/2023 5:24,5976
1/30/2023 5:25,6200
1/30/2023 5:25,5548
1/30/2023 5:26,5782
1/30/2023 5:26,5702
1/30/2023 5:27,6485
1/30/2023 5:27,5628
1/30/2023 5:28,6029
1/30/2023 5:28,5728
1/30/2023 5:29,5948
1/30/2023 5:29,6246
1/30/2023 5:30,6217
1/30/2023 5:30,5957
1/30/2023 5:31,5863
1/30/2023 5:31,5899
1/30/2023 5:32,5809
1/30/2023 5:32,5767
1/30/2023 5:33,5676
1/30/2023 5:33,6114
1/30/2023 5:34,5851
1/30/2023 5:34,5809
1/30/2023 5:35,5770
1/30/2023 5:35,5445
1/30/2023 5:36,6130
1/30/2023 5:36,6146
1/30/2023 5:37,5930
1/30/2023 5:37,5930
1/30/2023 5:38,5797
1/30/2023 5:38,5933
1/30/2023 5:39,6364
1/30/2023 5:39,6411
1/30/2023 5:40,5676
1/30/2023 5:40,5809
1/30/2023 5:41,5609
1/30/2023 5:41,6258
1/30/2023 5:42,5787
1/30/2023 5:42,5973
1/30/2023 5:43,5728
1/30/2023 5:44,5893
1/30/2023 5:44,5797
1/30/2023 5:45,6364
1/30/2023 5:45,6454
1/30/2023 5:46,6101
1/30/2023 5:46,6258
1/30/2023 5:47,6275
1/30/2023 5:47,5728
1/30/2023 5:48,6322
1/30/2023 5:48,5728
1/30/2023 5:49,6217
1/30/2023 5:49,6246
1/30/2023 5:50,5884
1/30/2023 5:50,5797
1/30/2023 5:51,5721
1/30/2023 5:51,6085
1/30/2023 5:52,6175
1/30/2023 5:52,5743
1/30/2023 5:53,5782
1/30/2023 5:53,6671
1/30/2023 5:54,6045
1/30/2023 5:54,5583
1/30/2023 5:55,5924
1/30/2023 5:55,5848
1/30/2023 5:56,6061
1/30/2023 5:56,6114
1/30/2023 5:57,6454
1/30/2023 5:57,5878
1/30/2023 5:58,6554
1/30/2023 5:58,5952
1/30/2023 5:59,5809
1/30/2023 5:59,5866
1/30/2023 6:00,6016
1/30/2023 6:00,6114
1/30/2023 6:01,6073
1/30/2023 6:01,6114
1/30/2023 6:02,6029
1/30/2023 6:02,5418
1/30/2023 6:03,6577
1/30/2023 6:03,5809
1/30/2023 6:04,6364
1/30/2023 6:04,5961
1/30/2023 6:05,6045
1/30/2023 6:05,5797
1/30/2023 6:06,6057
1/30/2023 6:06,6442
1/30/2023 6:07,5976
1/30/2023 6:07,6292
1/30/2023 6:08,6130
1/30/2023 6:08,5905
1/30/2023 6:09,5980
1/30/2023 6:09,6288
1/30/2023 6:10,6498
1/30/2023 6:11,5649
1/30/2023 6:11,5976
1/30/2023 6:12,5890
1/30/2023 6:12,6001
1/30/2023 6:13,6229
1/30/2023 6:13,6073
1/30/2023 6:14,6085
1/30/2023 6:14,5842
1/30/2023 6:15,6317
1/30/2023 6:15,6442
1/30/2023 6:16,6204
1/30/2023 6:16,5973
1/30/2023 6:17,5878
1/30/2023 6:17,6467
1/30/2023 6:18,6130
1/30/2023 6:18,6159
1/30/2023 6:19,6179
1/30/2023 6:19,6001
1/30/2023 6:20,5839
1/30/2023 6:20,5638
1/30/2023 6:21,5905
1/30/2023 6:21,5863
1/30/2023 6:22,6292
1/30/2023 6:22,6188
1/30/2023 6:23,6089
1/30/2023 6:23,6016
1/30/2023 6:24,6016
1/30/2023 6:24,5623
1/30/2023 6:25,5961
1/30/2023 6:25,6073
1/30/2023 6:26,6394
1/30/2023 6:26,6090
1/30/2023 6:27,6334
1/30/2023 6:27,6305
1/30/2023 6:28,5860
1/30/2023 6:28,5649
1/30/2023 6:29,5989
1/30/2023 6:29,5678
1/30/2023 6:30,5797
1/30/2023 6:30,5824
1/30/2023 6:31,5690
1/30/2023 6:31,5851
1/30/2023 6:32,5961
1/30/2023 6:32,5881
1/30/2023 6:33,5905
1/30/2023 6:33,5755
1/30/2023 6:34,5961
1/30/2023 6:34,6258
1/30/2023 6:35,6101
1/30/2023 6:35,6411
1/30/2023 6:36,5948
1/30/2023 6:36,5905
1/30/2023 6:37,5973
1/30/2023 6:38,5809
1/30/2023 6:38,5836
1/30/2023 6:39,6188
1/30/2023 6:39,5961
1/30/2023 6:40,6117
1/30/2023 6:40,6167
1/30/2023 6:41,6454
1/30/2023 6:41,6159
1/30/2023 6:42,5866
1/30/2023 6:42,6343
1/30/2023 6:43,6188
1/30/2023 6:43,6411
1/30/2023 6:44,6032
1/30/2023 6:44,6105
1/30/2023 6:45,6292
1/30/2023 6:45,6217
1/30/2023 6:46,6093
1/30/2023 6:46,6246
1/30/2023 6:47,6246
1/30/2023 6:47,6377
1/30/2023 6:48,6454
1/30/2023 6:48,6069
1/30/2023 6:49,6188
1/30/2023 6:49,6045
1/30/2023 6:50,5918
1/30/2023 6:50,6093
1/30/2023 6:51,6036
1/30/2023 6:51,6032
1/30/2023 6:52,5989
1/30/2023 6:52,6342
1/30/2023 6:53,6229
1/30/2023 6:53,6275
1/30/2023 6:54,6032
1/30/2023 6:54,6233
1/30/2023 6:55,5640
1/30/2023 6:55,6008
1/30/2023 6:56,6399
1/30/2023 6:56,6089
1/30/2023 6:57,5976
1/30/2023 6:57,6254
1/30/2023 6:58,6296
1/30/2023 6:58,5992
1/30/2023 6:59,5878
1/30/2023 6:59,6077
1/30/2023 7:00,6305
1/30/2023 7:00,6134
1/30/2023 7:01,5773
1/30/2023 7:01,6121
1/30/2023 7:02,6004
1/30/2023 7:02,6004
1/30/2023 7:03,5989
1/30/2023 7:03,6089
1/30/2023 7:04,6305
1/30/2023 7:05,6020
1/30/2023 7:05,6142
1/30/2023 7:06,6317
1/30/2023 7:06,6262
1/30/2023 7:07,6534
1/30/2023 7:07,6032
1/30/2023 7:08,6159
1/30/2023 7:08,6089
1/30/2023 7:09,5863
1/30/2023 7:09,6309
1/30/2023 7:10,6166
1/30/2023 7:10,6130
1/30/2023 7:11,6296
1/30/2023 7:11,6242
1/30/2023 7:12,6175
1/30/2023 7:12,5809
1/30/2023 7:13,6061
1/30/2023 7:13,6322
1/30/2023 7:14,6516
1/30/2023 7:14,6025
1/30/2023 7:15,6411
1/30/2023 7:15,5755
1/30/2023 7:16,6200
1/30/2023 7:16,6142
1/30/2023 7:17,6146
1/30/2023 7:17,6246
1/30/2023 7:18,6159
1/30/2023 7:18,6188
1/30/2023 7:19,6004
1/30/2023 7:19,6130
1/30/2023 7:20,6508
1/30/2023 7:20,6204
1/30/2023 7:21,6317
1/30/2023 7:21,6057
1/30/2023 7:22,6204
1/30/2023 7:22,6175
1/30/2023 7:23,6093
1/30/2023 7:23,6275
1/30/2023 7:24,6016
1/30/2023 7:24,6188
1/30/2023 7:25,6334
1/30/2023 7:25,6016
1/30/2023 7:26,6101
1/30/2023 7:26,6032
1/30/2023 7:27,5746
1/30/2023 7:27,6339
1/30/2023 7:28,6288
1/30/2023 7:28,6424
1/30/2023 7:29,6089
1/30/2023 7:29,6305
1/30/2023 7:30,6159
1/30/2023 7:30,6159
1/30/2023 7:31,6004
1/30/2023 7:32,6191
1/30/2023 7:32,6013
1/30/2023 7:33,6057
1/30/2023 7:33,5985
1/30/2023 7:34,6171
1/30/2023 7:34,6146
1/30/2023 7:35,6292
1/30/2023 7:35,5890
1/30/2023 7:36,6334
1/30/2023 7:36,6233
1/30/2023 7:37,6101
1/30/2023 7:37,6101
1/30/2023 7:38,6057
1/30/2023 7:38,6146
1/30/2023 7:39,6709
1/30/2023 7:39,6045
1/30/2023 7:40,6217
1/30/2023 7:40,6217
1/30/2023 7:41,6114
1/30/2023 7:41,6159
1/30/2023 7:42,6101
1/30/2023 7:42,6101
1/30/2023 7:43,6130
1/30/2023 7:43,5961
1/30/2023 7:44,5976
1/30/2023 7:44,6117
1/30/2023 7:45,5794
1/30/2023 7:46,6134
1/30/2023 7:46,6326
1/30/2023 7:47,6381
1/30/2023 7:47,6233
1/30/2023 7:48,6134
1/30/2023 7:48,5933
1/30/2023 7:49,6454
1/30/2023 7:49,6146
1/30/2023 7:50,6146
1/30/2023 7:50,6258
1/30/2023 7:51,6117
1/30/2023 7:51,6275
1/30/2023 7:52,5933
1/30/2023 7:52,6275
1/30/2023 7:53,6322
1/30/2023 7:53,5785
1/30/2023 7:54,6369
1/30/2023 7:54,5881
1/30/2023 7:55,5878
1/30/2023 7:55,6279
1/30/2023 7:56,5678
1/30/2023 7:56,5961
1/30/2023 7:57,5905
1/30/2023 7:58,6159
1/30/2023 7:58,6130
1/30/2023 7:59,6045
1/30/2023 7:59,6032
1/30/2023 8:00,6101
1/30/2023 8:00,6167
1/30/2023 8:01,6004
1/30/2023 8:01,6233
1/30/2023 8:02,6364
1/30/2023 8:02,5912
1/30/2023 8:03,6171
1/30/2023 8:03,6069
1/30/2023 8:04,6390
1/30/2023 8:04,6204
1/30/2023 8:05,5884
1/30/2023 8:05,5948
1/30/2023 8:06,6640
1/30/2023 8:06,6061
1/30/2023 8:07,6735
1/30/2023 8:07,5973
1/30/2023 8:08,6305
1/30/2023 8:08,6204
1/30/2023 8:09,6467
1/30/2023 8:09,6313
1/30/2023 8:10,6117
1/30/2023 8:10,6085
1/30/2023 8:11,6029
1/30/2023 8:11,6105
1/30/2023 8:12,6213
1/30/2023 8:12,6339
1/30/2023 8:13,6467
1/30/2023 8:13,5945
1/30/2023 8:14,6467
1/30/2023 8:14,5785
1/30/2023 8:15,5863
1/30/2023 8:15,6045
1/30/2023 8:16,6262
1/30/2023 8:16,5976
1/30/2023 8:17,6407
1/30/2023 8:17,6200
1/30/2023 8:18,6577
1/30/2023 8:18,6188
1/30/2023 8:19,6437
1/30/2023 8:19,6275
1/30/2023 8:20,6334
1/30/2023 8:20,6217
1/30/2023 8:21,6424
1/30/2023 8:21,6300
1/30/2023 8:22,6082
1/30/2023 8:22,6130
1/30/2023 8:23,6334
1/30/2023 8:23,6117
1/30/2023 8:24,6424
1/30/2023 8:25,5797
1/30/2023 8:25,5863
1/30/2023 8:26,6213
1/30/2023 8:26,6208
1/30/2023 8:27,6184
1/30/2023 8:27,6246
1/30/2023 8:28,6229
1/30/2023 8:28,6242
1/30/2023 8:29,6267
1/30/2023 8:29,6053
1/30/2023 8:30,5833
1/30/2023 8:30,6126
1/30/2023 8:31,6305
1/30/2023 8:31,6114
1/30/2023 8:32,6242
1/30/2023 8:32,6057
1/30/2023 8:33,6057
1/30/2023 8:33,6167
1/30/2023 8:34,5821
1/30/2023 8:34,6069
1/30/2023 8:35,6242
1/30/2023 8:35,6528
1/30/2023 8:36,6275
1/30/2023 8:36,6213
1/30/2023 8:37,6450
1/30/2023 8:37,6171
1/30/2023 8:38,6196
1/30/2023 8:38,6057
1/30/2023 8:39,6437
1/30/2023 8:39,6171
1/30/2023 8:40,6171
1/30/2023 8:40,6159
1/30/2023 8:41,6085
1/30/2023 8:41,6114
1/30/2023 8:42,5836
1/30/2023 8:42,6048
1/30/2023 8:43,6142
1/30/2023 8:43,5875
1/30/2023 8:44,6200
1/30/2023 8:44,6377
1/30/2023 8:45,6347
1/30/2023 8:45,6347
1/30/2023 8:46,6001
1/30/2023 8:46,6213
1/30/2023 8:47,6038
1/30/2023 8:47,6389
1/30/2023 8:48,6130
1/30/2023 8:48,6098
1/30/2023 8:49,6577
1/30/2023 8:49,6142
1/30/2023 8:50,6347
1/30/2023 8:50,6184
1/30/2023 8:51,5661
1/30/2023 8:52,5918
1/30/2023 8:52,5957
1/30/2023 8:53,6126
1/30/2023 8:53,6454
1/30/2023 8:54,6098
1/30/2023 8:54,6184
1/30/2023 8:55,5973
1/30/2023 8:55,6085
1/30/2023 8:56,6271
1/30/2023 8:56,6069
1/30/2023 8:57,5740
1/30/2023 8:57,6288
1/30/2023 8:58,6258
1/30/2023 8:58,6013
1/30/2023 8:59,6085
1/30/2023 8:59,6330
1/30/2023 9:00,6450
1/30/2023 9:00,6480
1/30/2023 9:01,6085
1/30/2023 9:01,6437
1/30/2023 9:02,6114
1/30/2023 9:02,6184
1/30/2023 9:03,6432
1/30/2023 9:03,6089
1/30/2023 9:04,6442
1/30/2023 9:04,6155
1/30/2023 9:05,6347
1/30/2023 9:05,6330
1/30/2023 9:06,6288
1/30/2023 9:06,6155
1/30/2023 9:07,6038
1/30/2023 9:07,6184
1/30/2023 9:08,6041
1/30/2023 9:08,6126
1/30/2023 9:09,6213
1/30/2023 9:09,6200
1/30/2023 9:10,6069
1/30/2023 9:10,6041
1/30/2023 9:11,6155
1/30/2023 9:11,6184
1/30/2023 9:12,6142
1/30/2023 9:12,6355
1/30/2023 9:13,6010
1/30/2023 9:13,6300
1/30/2023 9:14,6300
1/30/2023 9:14,6110
1/30/2023 9:15,5728
1/30/2023 9:15,6254
1/30/2023 9:16,6032
1/30/2023 9:16,6313
1/30/2023 9:17,6271
1/30/2023 9:17,6271
1/30/2023 9:18,5809
1/30/2023 9:19,6110
1/30/2023 9:19,6057
1/30/2023 9:20,6267
1/30/2023 9:20,6330
1/30/2023 9:21,6729
1/30/2023 9:21,6402
1/30/2023 9:22,6155
1/30/2023 9:22,6242
1/30/2023 9:23,6171
1/30/2023 9:23,6167
1/30/2023 9:24,6288
1/30/2023 9:24,6013
1/30/2023 9:25,6254
1/30/2023 9:25,6283
1/30/2023 9:26,6025
1/30/2023 9:26,6229
1/30/2023 9:27,6038
1/30/2023 9:27,6041
1/30/2023 9:28,5914
1/30/2023 9:28,6171
1/30/2023 9:29,6288
1/30/2023 9:29,6082
1/30/2023 9:30,5623
1/30/2023 9:30,5980
1/30/2023 9:31,6359
1/30/2023 9:31,6041
1/30/2023 9:32,6313
1/30/2023 9:32,6377
1/30/2023 9:33,6325
1/30/2023 9:33,6271
1/30/2023 9:34,6171
1/30/2023 9:34,6279
1/30/2023 9:35,6420
1/30/2023 9:35,6288
1/30/2023 9:36,6360
1/30/2023 9:36,6155
1/30/2023 9:37,6053
1/30/2023 9:37,6225
1/30/2023 9:38,6098
1/30/2023 9:38,6142
1/30/2023 9:39,6313
1/30/2023 9:39,6511
1/30/2023 9:40,6300
1/30/2023 9:40,6196
1/30/2023 9:41,5921
1/30/2023 9:41,6213
1/30/2023 9:42,6126
1/30/2023 9:42,6246
1/30/2023 9:43,6330
1/30/2023 9:43,6267
1/30/2023 9:44,6288
1/30/2023 9:44,6330
1/30/2023 9:45,6217
1/30/2023 9:46,6200
1/30/2023 9:46,6050
1/30/2023 9:47,6085
1/30/2023 9:47,6498
1/30/2023 9:48,6300
1/30/2023 9:48,6142
1/30/2023 9:49,6238
1/30/2023 9:49,6242
1/30/2023 9:50,6372
1/30/2023 9:50,5779
1/30/2023 9:51,6368
1/30/2023 9:51,6385
1/30/2023 9:52,6242
1/30/2023 9:52,6029
1/30/2023 9:53,6171
1/30/2023 9:53,6213
1/30/2023 9:54,6073
1/30/2023 9:54,6372
1/30/2023 9:55,6163
1/30/2023 9:55,5726
1/30/2023 9:56,6126
1/30/2023 9:56,6325
1/30/2023 9:57,6167
1/30/2023 9:57,5902
1/30/2023 9:58,5985
1/30/2023 9:58,5973
1/30/2023 9:59,5985
1/30/2023 9:59,6437
1/30/2023 10:00,6283
1/30/2023 10:00,6377
1/30/2023 10:01,6300
1/30/2023 10:01,6155
1/30/2023 10:02,6013
1/30/2023 10:02,6122
1/30/2023 10:03,6200
1/30/2023 10:03,6082
1/30/2023 10:04,6041
1/30/2023 10:04,6480
1/30/2023 10:05,6242
1/30/2023 10:05,6184
1/30/2023 10:06,6254
1/30/2023 10:06,6167
1/30/2023 10:07,5914
1/30/2023 10:07,6229
1/30/2023 10:08,6317
1/30/2023 10:08,6342
1/30/2023 10:09,6171
1/30/2023 10:09,6114
1/30/2023 10:10,5673
1/30/2023 10:10,6029
1/30/2023 10:11,6043
1/30/2023 10:11,5673
1/30/2023 10:12,5688
1/30/2023 10:13,6053
1/30/2023 10:13,6389
1/30/2023 10:14,5767
1/30/2023 10:14,6283
1/30/2023 10:15,6204
1/30/2023 10:15,6171
1/30/2023 10:16,6229
1/30/2023 10:16,6025
1/30/2023 10:17,6032
1/30/2023 10:17,6242
1/30/2023 10:18,6139
1/30/2023 10:18,6139
1/30/2023 10:19,6139
1/30/2023 10:19,6057
1/30/2023 10:20,6242
1/30/2023 10:20,5887
1/30/2023 10:21,6082
1/30/2023 10:21,6208
1/30/2023 10:22,6300
1/30/2023 10:22,6025
1/30/2023 10:23,6155
1/30/2023 10:23,6098
1/30/2023 10:24,6127
1/30/2023 10:24,6325
1/30/2023 10:25,6139
1/30/2023 10:25,5863
1/30/2023 10:26,6360
1/30/2023 10:26,6025
1/30/2023 10:27,5942
1/30/2023 10:27,6041
1/30/2023 10:28,6098
1/30/2023 10:28,6110
1/30/2023 10:29,5806
1/30/2023 10:29,5954
1/30/2023 10:30,6110
1/30/2023 10:30,6082
1/30/2023 10:31,6167
1/30/2023 10:31,5860
1/30/2023 10:32,5970
1/30/2023 10:32,6167
1/30/2023 10:33,6242
1/30/2023 10:33,5875
1/30/2023 10:34,5640
1/30/2023 10:34,6038
1/30/2023 10:35,5982
1/30/2023 10:35,6139
1/30/2023 10:36,6254
1/30/2023 10:36,6511
1/30/2023 10:37,6029
1/30/2023 10:37,6155
1/30/2023 10:38,6204
1/30/2023 10:38,5887
1/30/2023 10:39,6069
1/30/2023 10:40,6296
1/30/2023 10:40,6022
1/30/2023 10:41,6279
1/30/2023 10:41,5989
1/30/2023 10:42,5945
1/30/2023 10:42,5942
1/30/2023 10:43,6069
1/30/2023 10:43,6432
1/30/2023 10:44,6342
1/30/2023 10:44,6445
1/30/2023 10:45,6114
1/30/2023 10:45,5752
1/30/2023 10:46,6180
1/30/2023 10:46,6519
1/30/2023 10:47,5970
1/30/2023 10:47,6393
1/30/2023 10:48,6511
1/30/2023 10:48,6082
1/30/2023 10:49,6787
1/30/2023 10:49,5957
1/30/2023 10:50,6330
1/30/2023 10:50,6142
1/30/2023 10:51,6184
1/30/2023 10:51,6098
1/30/2023 10:52,6082
1/30/2023 10:52,6122
1/30/2023 10:53,6200
1/30/2023 10:53,6184
1/30/2023 10:54,6151
1/30/2023 10:54,6139
1/30/2023 10:55,6313
1/30/2023 10:55,6135
1/30/2023 10:56,6167
1/30/2023 10:56,6463
1/30/2023 10:57,6167
1/30/2023 10:57,5806
1/30/2023 10:58,6167
1/30/2023 10:58,6184
1/30/2023 10:59,5647
1/30/2023 10:59,6296
1/30/2023 11:00,5982
1/30/2023 11:00,6225
1/30/2023 11:01,6180
1/30/2023 11:01,5821
1/30/2023 11:02,5518
1/30/2023 11:02,6114
1/30/2023 11:03,6098
1/30/2023 11:03,6013
1/30/2023 11:04,6110
1/30/2023 11:04,6196
1/30/2023 11:05,6082
1/30/2023 11:06,6184
1/30/2023 11:06,6139
1/30/2023 11:07,6300
1/30/2023 11:07,5914
1/30/2023 11:08,6254
1/30/2023 11:08,6313
1/30/2023 11:09,5659
1/30/2023 11:09,6155
1/30/2023 11:10,6038
1/30/2023 11:10,6139
1/30/2023 11:11,6082
1/30/2023 11:11,6013
1/30/2023 11:12,6283
1/30/2023 11:12,6066
1/30/2023 11:13,6192
1/30/2023 11:13,6300
1/30/2023 11:14,6493
1/30/2023 11:14,6139
1/30/2023 11:15,5764
1/30/2023 11:15,5833
1/30/2023 11:16,5914
1/30/2023 11:16,6415
1/30/2023 11:17,5973
1/30/2023 11:17,6094
1/30/2023 11:18,6271
1/30/2023 11:18,6342
1/30/2023 11:19,6360
1/30/2023 11:19,6167
1/30/2023 11:20,6458
1/30/2023 11:20,6050
1/30/2023 11:21,5806
1/30/2023 11:21,6493
1/30/2023 11:22,6300
1/30/2023 11:22,5914
1/30/2023 11:23,5978
1/30/2023 11:23,5718
1/30/2023 11:24,5930
1/30/2023 11:24,6217
1/30/2023 11:25,6511
1/30/2023 11:25,6139
1/30/2023 11:26,6013
1/30/2023 11:26,5970
1/30/2023 11:27,6082
1/30/2023 11:27,6050
1/30/2023 11:28,6213
1/30/2023 11:28,5970
1/30/2023 11:29,6066
1/30/2023 11:29,6567
1/30/2023 11:30,5927
1/30/2023 11:30,6117
1/30/2023 11:31,6372
1/30/2023 11:31,6082
1/30/2023 11:32,6238
1/30/2023 11:33,6025
1/30/2023 11:33,6106
1/30/2023 11:34,6167
1/30/2023 11:34,6463
1/30/2023 11:35,5726
1/30/2023 11:35,6321
1/30/2023 11:36,6463
1/30/2023 11:36,6119
1/30/2023 11:37,6041
1/30/2023 11:37,6225
1/30/2023 11:38,6126
1/30/2023 11:38,6368
1/30/2023 11:39,6151
1/30/2023 11:39,6208
1/30/2023 11:40,6010
1/30/2023 11:40,5899
1/30/2023 11:41,6167
1/30/2023 11:41,6038
1/30/2023 11:42,6031
1/30/2023 11:42,5738
1/30/2023 11:43,6184
1/30/2023 11:43,6050
1/30/2023 11:44,6041
1/30/2023 11:44,6313
1/30/2023 11:45,6184
1/30/2023 11:45,5951
1/30/2023 11:46,6110
1/30/2023 11:46,6022
1/30/2023 11:47,6180
1/30/2023 11:47,5911
1/30/2023 11:48,6402
1/30/2023 11:48,6355
1/30/2023 11:49,6208
1/30/2023 11:49,6389
1/30/2023 11:50,5558
1/30/2023 11:50,6196
1/30/2023 11:51,5997
1/30/2023 11:51,5431
1/30/2023 11:52,6184
1/30/2023 11:52,6342
1/30/2023 11:53,5887
1/30/2023 11:53,6242
1/30/2023 11:54,6372
1/30/2023 11:54,6506
1/30/2023 11:55,5945
1/30/2023 11:55,6541
1/30/2023 11:56,5954
1/30/2023 11:56,6053
1/30/2023 11:57,6053
1/30/2023 11:57,6196
1/30/2023 11:58,5927
1/30/2023 11:58,5942
1/30/2023 11:59,5927
1/30/2023 12:00,6053
1/30/2023 12:00,6122
1/30/2023 12:01,6402
1/30/2023 12:01,6106
1/30/2023 12:02,6480
1/30/2023 12:02,6213
1/30/2023 12:03,6196
1/30/2023 12:03,6300
1/30/2023 12:04,5726
1/30/2023 12:04,6196
1/30/2023 12:05,6122
1/30/2023 12:05,6098
1/30/2023 12:06,5997
1/30/2023 12:06,6313
1/30/2023 12:07,6122
1/30/2023 12:07,6208
1/30/2023 12:08,6493
1/30/2023 12:08,6238
1/30/2023 12:09,6078
1/30/2023 12:09,6325
1/30/2023 12:10,5740
1/30/2023 12:10,6151
1/30/2023 12:11,6082
1/30/2023 12:11,6463
1/30/2023 12:12,6238
1/30/2023 12:12,6238
1/30/2023 12:13,6325
1/30/2023 12:13,6151
1/30/2023 12:14,6010
1/30/2023 12:14,6541
1/30/2023 12:15,6139
1/30/2023 12:15,6325
1/30/2023 12:16,6724
1/30/2023 12:16,6254
1/30/2023 12:17,6313
1/30/2023 12:17,6122
1/30/2023 12:18,6126
1/30/2023 12:18,6139
1/30/2023 12:19,6082
1/30/2023 12:19,6225
1/30/2023 12:20,5860
1/30/2023 12:20,6053
1/30/2023 12:21,6208
1/30/2023 12:21,5970
1/30/2023 12:22,6192
1/30/2023 12:22,5942
1/30/2023 12:23,6082
1/30/2023 12:23,5942
1/30/2023 12:24,6122
1/30/2023 12:24,6445
1/30/2023 12:25,6196
1/30/2023 12:25,6325
1/30/2023 12:26,6122
1/30/2023 12:27,6493
1/30/2023 12:27,6066
1/30/2023 12:28,5970
1/30/2023 12:28,6053
1/30/2023 12:29,6180
1/30/2023 12:29,6254
1/30/2023 12:30,6208
1/30/2023 12:30,6122
1/30/2023 12:31,6342
1/30/2023 12:31,6167
1/30/2023 12:32,6355
1/30/2023 12:32,6254
1/30/2023 12:33,6038
1/30/2023 12:33,6242
1/30/2023 12:34,6296
1/30/2023 12:34,6013
1/30/2023 12:35,6648
1/30/2023 12:35,6151
1/30/2023 12:36,5966
1/30/2023 12:36,6440
1/30/2023 12:37,6025
1/30/2023 12:37,6254
1/30/2023 12:38,6025
1/30/2023 12:38,6493
1/30/2023 12:39,6242
1/30/2023 12:39,5927
1/30/2023 12:40,5818
1/30/2023 12:40,6135
1/30/2023 12:41,6025
1/30/2023 12:41,5914
1/30/2023 12:42,5899
1/30/2023 12:42,5738
1/30/2023 12:43,6010
1/30/2023 12:43,6629
1/30/2023 12:44,6415
1/30/2023 12:44,6221
1/30/2023 12:45,6094
1/30/2023 12:45,6196
1/30/2023 12:46,6126
1/30/2023 12:46,6475
1/30/2023 12:47,6066
1/30/2023 12:47,6208
1/30/2023 12:48,5957
1/30/2023 12:48,6082
1/30/2023 12:49,6192
1/30/2023 12:49,6368
1/30/2023 12:50,6233
1/30/2023 12:50,6283
1/30/2023 12:51,6106
1/30/2023 12:51,6519
1/30/2023 12:52,6254
1/30/2023 12:52,5982
1/30/2023 12:53,6122
1/30/2023 12:54,6167
1/30/2023 12:54,6151
1/30/2023 12:55,5818
1/30/2023 12:55,6480
1/30/2023 12:56,6221
1/30/2023 12:56,5878
1/30/2023 12:57,6254
1/30/2023 12:57,6208
1/30/2023 12:58,6180
1/30/2023 12:58,6029
1/30/2023 12:59,5942
1/30/2023 12:59,6463
1/30/2023 13:00,5982
1/30/2023 13:00,6192
1/30/2023 13:01,6078
1/30/2023 13:01,6163
1/30/2023 13:02,6250
1/30/2023 13:02,6267
1/30/2023 13:03,6250
1/30/2023 13:03,6342
1/30/2023 13:04,6423
1/30/2023 13:04,6082
1/30/2023 13:05,6385
1/30/2023 13:05,6325
1/30/2023 13:06,6238
1/30/2023 13:06,6022
1/30/2023 13:07,6283
1/30/2023 13:07,5857
1/30/2023 13:08,6217
1/30/2023 13:08,6296
1/30/2023 13:09,5970
1/30/2023 13:09,6221
1/30/2023 13:10,6445
1/30/2023 13:10,6208
1/30/2023 13:11,6296
1/30/2023 13:11,6082
1/30/2023 13:12,6385
1/30/2023 13:12,6313
1/30/2023 13:13,6082
1/30/2023 13:13,6180
1/30/2023 13:14,6372
1/30/2023 13:14,6025
1/30/2023 13:15,6221
1/30/2023 13:15,6402
1/30/2023 13:16,6562
1/30/2023 13:16,6200
1/30/2023 13:17,6066
1/30/2023 13:17,6225
1/30/2023 13:18,6225
1/30/2023 13:18,6536
1/30/2023 13:19,6208
1/30/2023 13:20,6066
1/30/2023 13:20,6139
1/30/2023 13:21,5927
1/30/2023 13:21,6300
1/30/2023 13:22,6368
1/30/2023 13:22,6325
1/30/2023 13:23,6221
1/30/2023 13:23,6402
1/30/2023 13:24,6523
1/30/2023 13:24,6094
1/30/2023 13:25,6085
1/30/2023 13:25,6338
1/30/2023 13:26,6385
1/30/2023 13:26,6135
1/30/2023 13:27,6221
1/30/2023 13:27,6325
1/30/2023 13:28,6549
1/30/2023 13:28,6217
1/30/2023 13:29,5733
1/30/2023 13:29,6146
1/30/2023 13:30,6624
1/30/2023 13:30,6233
1/30/2023 13:31,5740
1/30/2023 13:31,6022
1/30/2023 13:32,5860
1/30/2023 13:32,6321
1/30/2023 13:33,6094
1/30/2023 13:33,5860
1/30/2023 13:34,6038
1/30/2023 13:34,6263
1/30/2023 13:35,6458
1/30/2023 13:35,6523
1/30/2023 13:36,6342
1/30/2023 13:36,6038
1/30/2023 13:37,6338
1/30/2023 13:37,6151
1/30/2023 13:38,6267
1/30/2023 13:38,6267
1/30/2023 13:39,6424
1/30/2023 13:39,5845
1/30/2023 13:40,6598
1/30/2023 13:40,6078
1/30/2023 13:41,6263
1/30/2023 13:41,6475
1/30/2023 13:42,6536
1/30/2023 13:42,6506
1/30/2023 13:43,6135
1/30/2023 13:43,6062
1/30/2023 13:44,5972
1/30/2023 13:44,6692
1/30/2023 13:45,6313
1/30/2023 13:45,6458
1/30/2023 13:46,6066
1/30/2023 13:47,6347
1/30/2023 13:47,6267
1/30/2023 13:48,5647
1/30/2023 13:48,6238
1/30/2023 13:49,6309
1/30/2023 13:49,6184
1/30/2023 13:50,6458
1/30/2023 13:50,5970
1/30/2023 13:51,6506
1/30/2023 13:51,6354
1/30/2023 13:52,5942
1/30/2023 13:52,6572
1/30/2023 13:53,6221
1/30/2023 13:53,6126
1/30/2023 13:54,5833
1/30/2023 13:54,6432
1/30/2023 13:55,6415
1/30/2023 13:55,6034
1/30/2023 13:56,6196
1/30/2023 13:56,6347
1/30/2023 13:57,6598
1/30/2023 13:57,6098
1/30/2023 13:58,6313
1/30/2023 13:58,6238
1/30/2023 13:59,5927
1/30/2023 13:59,6445
1/30/2023 14:00,6267
1/30/2023 14:00,6355
1/30/2023 14:01,5982
1/30/2023 14:01,6225
1/30/2023 14:02,6325
1/30/2023 14:02,6254
1/30/2023 14:03,6078
1/30/2023 14:03,6180
1/30/2023 14:04,6208
1/30/2023 14:04,6660
1/30/2023 14:05,6184
1/30/2023 14:05,6094
1/30/2023 14:06,6066
1/30/2023 14:06,5939
1/30/2023 14:07,6078
1/30/2023 14:07,6094
1/30/2023 14:08,6110
1/30/2023 14:08,5994
1/30/2023 14:09,6475
1/30/2023 14:09,6010
1/30/2023 14:10,6554
1/30/2023 14:10,6385
1/30/2023 14:11,6368
1/30/2023 14:11,6151
1/30/2023 14:12,6514
1/30/2023 14:12,6221
1/30/2023 14:13,6151
1/30/2023 14:14,6006
1/30/2023 14:14,6043
1/30/2023 14:15,5649
1/30/2023 14:15,6567
1/30/2023 14:16,5845
1/30/2023 14:16,6279
1/30/2023 14:17,6213
1/30/2023 14:17,6163
1/30/2023 14:18,5973
1/30/2023 14:18,6180
1/30/2023 14:19,6225
1/30/2023 14:19,6267
1/30/2023 14:20,6338
1/30/2023 14:20,6163
1/30/2023 14:21,6279
1/30/2023 14:21,6258
1/30/2023 14:22,6066
1/30/2023 14:22,6155
1/30/2023 14:23,6122
1/30/2023 14:23,6180
1/30/2023 14:24,6151
1/30/2023 14:24,5881
1/30/2023 14:25,6567
1/30/2023 14:25,5951
1/30/2023 14:26,6415
1/30/2023 14:26,5939
1/30/2023 14:27,6325
1/30/2023 14:27,6225
1/30/2023 14:28,5738
1/30/2023 14:28,5951
1/30/2023 14:29,6283
1/30/2023 14:29,6180
1/30/2023 14:30,5788
1/30/2023 14:30,6050
1/30/2023 14:31,5982
1/30/2023 14:31,6010
1/30/2023 14:32,6038
1/30/2023 14:32,6368
1/30/2023 14:33,6402
1/30/2023 14:33,6267
1/30/2023 14:34,6397
1/30/2023 14:34,6254
1/30/2023 14:35,6225
1/30/2023 14:35,6122
1/30/2023 14:36,6110
1/30/2023 14:36,6204
1/30/2023 14:37,5830
1/30/2023 14:37,6180
1/30/2023 14:38,6355
1/30/2023 14:38,6642
1/30/2023 14:39,6355
1/30/2023 14:39,6010
1/30/2023 14:40,6271
1/30/2023 14:41,5982
1/30/2023 14:41,5939
1/30/2023 14:42,5902
1/30/2023 14:42,5927
1/30/2023 14:43,6110
1/30/2023 14:43,6428
1/30/2023 14:44,5645
1/30/2023 14:44,6309
1/30/2023 14:45,6078
1/30/2023 14:45,6151
1/30/2023 14:46,6410
1/30/2023 14:46,6038
1/30/2023 14:47,6554
1/30/2023 14:47,6338
1/30/2023 14:48,6050
1/30/2023 14:48,6506
1/30/2023 14:49,6151
1/30/2023 14:49,6250
1/30/2023 14:50,6536
1/30/2023 14:50,6398
1/30/2023 14:51,6519
1/30/2023 14:51,6321
1/30/2023 14:52,6611
1/30/2023 14:52,6420
1/30/2023 14:53,6296
1/30/2023 14:53,6263
1/30/2023 14:54,6208
1/30/2023 14:54,6106
1/30/2023 14:55,6611
1/30/2023 14:55,6263
1/30/2023 14:56,6544
1/30/2023 14:56,6250
1/30/2023 14:57,6263
1/30/2023 14:57,6147
1/30/2023 14:58,6385
1/30/2023 14:58,6402
1/30/2023 14:59,6309
1/30/2023 14:59,6351
1/30/2023 15:00,6372
1/30/2023 15:00,6192
1/30/2023 15:01,6090
1/30/2023 15:01,6192
1/30/2023 15:02,5911
1/30/2023 15:02,6296
1/30/2023 15:03,6523
1/30/2023 15:03,6398
1/30/2023 15:04,6006
1/30/2023 15:04,6078
1/30/2023 15:05,6010
1/30/2023 15:05,6380
1/30/2023 15:06,6176
1/30/2023 15:06,6163
1/30/2023 15:07,6250
1/30/2023 15:08,6122
1/30/2023 15:08,6163
1/30/2023 15:09,6445
1/30/2023 15:09,6263
1/30/2023 15:10,5936
1/30/2023 15:10,6493
1/30/2023 15:11,5978
1/30/2023 15:11,6025
1/30/2023 15:12,6082
1/30/2023 15:12,6050
1/30/2023 15:13,6355
1/30/2023 15:13,6372
1/30/2023 15:14,6147
1/30/2023 15:14,6385
1/30/2023 15:15,6250
1/30/2023 15:15,6119
1/30/2023 15:16,6575
1/30/2023 15:16,6263
1/30/2023 15:17,6147
1/30/2023 15:17,6250
1/30/2023 15:18,6204
1/30/2023 15:18,6066
1/30/2023 15:19,6549
1/30/2023 15:19,6233
1/30/2023 15:20,6338
1/30/2023 15:20,6258
1/30/2023 15:21,5994
1/30/2023 15:21,6409
1/30/2023 15:22,6238
1/30/2023 15:22,6458
1/30/2023 15:23,6238
1/30/2023 15:23,6506
1/30/2023 15:24,6066
1/30/2023 15:24,6131
1/30/2023 15:25,6208
1/30/2023 15:25,6103
1/30/2023 15:26,6038
1/30/2023 15:26,5966
1/30/2023 15:27,5994
1/30/2023 15:27,6066
1/30/2023 15:28,6163
1/30/2023 15:28,6229
1/30/2023 15:29,6163
1/30/2023 15:29,6309
1/30/2023 15:30,6135
1/30/2023 15:30,6368
1/30/2023 15:31,6321
1/30/2023 15:31,6131
1/30/2023 15:32,5970
1/30/2023 15:32,6342
1/30/2023 15:33,6493
1/30/2023 15:34,6368
1/30/2023 15:34,6201
1/30/2023 15:35,6368
1/30/2023 15:35,6506
1/30/2023 15:36,6458
1/30/2023 15:36,6580
1/30/2023 15:37,6006
1/30/2023 15:37,5869
1/30/2023 15:38,6167
1/30/2023 15:38,6673
1/30/2023 15:39,6407
1/30/2023 15:39,6022
1/30/2023 15:40,6163
1/30/2023 15:40,6415
1/30/2023 15:41,6229
1/30/2023 15:41,6313
1/30/2023 15:42,6135
1/30/2023 15:42,6355
1/30/2023 15:43,6351
1/30/2023 15:43,6192
1/30/2023 15:44,6475
1/30/2023 15:44,6428
1/30/2023 15:45,6458
1/30/2023 15:45,6025
1/30/2023 15:46,6221
1/30/2023 15:46,6317
1/30/2023 15:47,5930
1/30/2023 15:47,6585
1/30/2023 15:48,6321
1/30/2023 15:48,6445
1/30/2023 15:49,6180
1/30/2023 15:49,6163
1/30/2023 15:50,6184
1/30/2023 15:50,6368
1/30/2023 15:51,6122
1/30/2023 15:51,6338
1/30/2023 15:52,6325
1/30/2023 15:52,6208
1/30/2023 15:53,6536
1/30/2023 15:53,5776
1/30/2023 15:54,6428
1/30/2023 15:54,6010
1/30/2023 15:55,6325
1/30/2023 15:55,6279
1/30/2023 15:56,6122
1/30/2023 15:56,6711
1/30/2023 15:57,6010
1/30/2023 15:57,6163
1/30/2023 15:58,6010
1/30/2023 15:58,6066
1/30/2023 15:59,6330
1/30/2023 15:59,6167
1/30/2023 16:00,6304
1/30/2023 16:01,5845
1/30/2023 16:01,6420
1/30/2023 16:02,6038
1/30/2023 16:02,6151
1/30/2023 16:03,6372
1/30/2023 16:03,6082
1/30/2023 16:04,6078
1/30/2023 16:04,6309
1/30/2023 16:05,6380
1/30/2023 16:05,5750
1/30/2023 16:06,6156
1/30/2023 16:06,6151
1/30/2023 16:07,6022
1/30/2023 16:07,7057
1/30/2023 16:08,6385
1/30/2023 16:08,6180
1/30/2023 16:09,6325
1/30/2023 16:09,6368
1/30/2023 16:10,5860
1/30/2023 16:10,6313
1/30/2023 16:11,6983
1/30/2023 16:11,6292
1/30/2023 16:12,6398
1/30/2023 16:12,6338
1/30/2023 16:13,6263
1/30/2023 16:13,6090
1/30/2023 16:14,6385
1/30/2023 16:14,6398
1/30/2023 16:15,6196
1/30/2023 16:15,5972
1/30/2023 16:16,6204
1/30/2023 16:16,6355
1/30/2023 16:17,6488
1/30/2023 16:17,6006
1/30/2023 16:18,6233
1/30/2023 16:18,6151
1/30/2023 16:19,6355
1/30/2023 16:19,6140
1/30/2023 16:20,6167
1/30/2023 16:20,6192
1/30/2023 16:21,6305
1/30/2023 16:21,6139
1/30/2023 16:22,6066
1/30/2023 16:22,6250
1/30/2023 16:23,6450
1/30/2023 16:23,6463
1/30/2023 16:24,6238
1/30/2023 16:24,6078
1/30/2023 16:25,6169
1/30/2023 16:25,6288
1/30/2023 16:26,6221
1/30/2023 16:26,6066
1/30/2023 16:27,6163
1/30/2023 16:28,6163
1/30/2023 16:28,6410
1/30/2023 16:29,6250
1/30/2023 16:29,6078
1/30/2023 16:30,6321
1/30/2023 16:30,6025
1/30/2023 16:31,6296
1/30/2023 16:31,6458
1/30/2023 16:32,6050
1/30/2023 16:32,6250
1/30/2023 16:33,6250
1/30/2023 16:33,6501
1/30/2023 16:34,6523
1/30/2023 16:34,6238
1/30/2023 16:35,6163
1/30/2023 16:35,6090
1/30/2023 16:36,6106
1/30/2023 16:36,6053
1/30/2023 16:37,6355
1/30/2023 16:37,6106
1/30/2023 16:38,6122
1/30/2023 16:38,6292
1/30/2023 16:39,6090
1/30/2023 16:39,6338
1/30/2023 16:40,6279
1/30/2023 16:40,6536
1/30/2023 16:41,5683
1/30/2023 16:41,6562
1/30/2023 16:42,6485
1/30/2023 16:42,6355
1/30/2023 16:43,6271
1/30/2023 16:43,6653
1/30/2023 16:44,6351
1/30/2023 16:44,6151
1/30/2023 16:45,6119
1/30/2023 16:45,6368
1/30/2023 16:46,6279
1/30/2023 16:46,6562
1/30/2023 16:47,6428
1/30/2023 16:47,6368
1/30/2023 16:48,6221
1/30/2023 16:48,6426
1/30/2023 16:49,6523
1/30/2023 16:49,6338
1/30/2023 16:50,6263
1/30/2023 16:50,6458
1/30/2023 16:51,6385
1/30/2023 16:51,6094
1/30/2023 16:52,6355
1/30/2023 16:52,6006
1/30/2023 16:53,6279
1/30/2023 16:53,6321
1/30/2023 16:54,5994
1/30/2023 16:55,6506
1/30/2023 16:55,6279
1/30/2023 16:56,6531
1/30/2023 16:56,6163
1/30/2023 16:57,6292
1/30/2023 16:57,6217
1/30/2023 16:58,6321
1/30/2023 16:58,6338
1/30/2023 16:59,6313
1/30/2023 16:59,6338
1/30/2023 17:00,6554
1/30/2023 17:00,6275
1/30/2023 17:01,6501
1/30/2023 17:01,6238
1/30/2023 17:02,6325
1/30/2023 17:02,6163
1/30/2023 17:03,6292
1/30/2023 17:03,6217
1/30/2023 17:04,6325
1/30/2023 17:04,6445
1/30/2023 17:05,6309
1/30/2023 17:05,6163
1/30/2023 17:06,6267
1/30/2023 17:06,6432
1/30/2023 17:07,6309
1/30/2023 17:07,6238
1/30/2023 17:08,6279
1/30/2023 17:08,6279
1/30/2023 17:09,6705
1/30/2023 17:09,6250
1/30/2023 17:10,6338
1/30/2023 17:10,6053
1/30/2023 17:11,6292
1/30/2023 17:11,6221
1/30/2023 17:12,5750
1/30/2023 17:12,6103
1/30/2023 17:13,6233
1/30/2023 17:13,6351
1/30/2023 17:14,5942
1/30/2023 17:14,6402
1/30/2023 17:15,6078
1/30/2023 17:15,6106
1/30/2023 17:16,6611
1/30/2023 17:16,6536
1/30/2023 17:17,6593
1/30/2023 17:17,6119
1/30/2023 17:18,6611
1/30/2023 17:18,6338
1/30/2023 17:19,6208
1/30/2023 17:19,6463
1/30/2023 17:20,6376
1/30/2023 17:20,6458
1/30/2023 17:21,6415
1/30/2023 17:22,6221
1/30/2023 17:22,6106
1/30/2023 17:23,6300
1/30/2023 17:23,6629
1/30/2023 17:24,6122
1/30/2023 17:24,6263
1/30/2023 17:25,6106
1/30/2023 17:25,6385
1/30/2023 17:26,6445
1/30/2023 17:26,6208
1/30/2023 17:27,6204
1/30/2023 17:27,6385
1/30/2023 17:28,6050
1/30/2023 17:28,6225
1/30/2023 17:29,6355
1/30/2023 17:29,5994
1/30/2023 17:30,6660
1/30/2023 17:30,6050
1/30/2023 17:31,6342
1/30/2023 17:31,6309
1/30/2023 17:32,6428
1/30/2023 17:32,6267
1/30/2023 17:33,6393
1/30/2023 17:33,6034
1/30/2023 17:34,6325
1/30/2023 17:34,6246
1/30/2023 17:35,6458
1/30/2023 17:35,6705
1/30/2023 17:36,6208
1/30/2023 17:36,6204
1/30/2023 17:37,6279
1/30/2023 17:37,6062
1/30/2023 17:38,6453
1/30/2023 17:38,6593
1/30/2023 17:39,6106
1/30/2023 17:39,6325
1/30/2023 17:40,6523
1/30/2023 17:40,6593
1/30/2023 17:41,6380
1/30/2023 17:41,6221
1/30/2023 17:42,6458
1/30/2023 17:42,6267
1/30/2023 17:43,6428
1/30/2023 17:43,6163
1/30/2023 17:44,5994
1/30/2023 17:44,6250
1/30/2023 17:45,6309
1/30/2023 17:45,6699
1/30/2023 17:46,6119
1/30/2023 17:46,6428
1/30/2023 17:47,6334
1/30/2023 17:48,6309
1/30/2023 17:48,6789
1/30/2023 17:49,6221
1/30/2023 17:49,6176
1/30/2023 17:50,6428
1/30/2023 17:50,6050
1/30/2023 17:51,6458
1/30/2023 17:51,6050
1/30/2023 17:52,6368
1/30/2023 17:52,6839
1/30/2023 17:53,6151
1/30/2023 17:53,6090
1/30/2023 17:54,5951
1/30/2023 17:54,6279
1/30/2023 17:55,6279
1/30/2023 17:55,6192
1/30/2023 17:56,6673
1/30/2023 17:56,6221
1/30/2023 17:57,6078
1/30/2023 17:57,6238
1/30/2023 17:58,6050
1/30/2023 17:58,6826
1/30/2023 17:59,6209
1/30/2023 17:59,6292
1/30/2023 18:00,6342
1/30/2023 18:00,6660
1/30/2023 18:01,6501
1/30/2023 18:01,6440
1/30/2023 18:02,6267
1/30/2023 18:02,6122
1/30/2023 18:03,6554
1/30/2023 18:03,6171
1/30/2023 18:04,6523
1/30/2023 18:04,6066
1/30/2023 18:05,5948
1/30/2023 18:05,6151
1/30/2023 18:06,6616
1/30/2023 18:06,6180
1/30/2023 18:07,5982
1/30/2023 18:07,6025
1/30/2023 18:08,6372
1/30/2023 18:08,6385
1/30/2023 18:09,6167
1/30/2023 18:09,6066
1/30/2023 18:10,6475
1/30/2023 18:10,6347
1/30/2023 18:11,6300
1/30/2023 18:11,6679
1/30/2023 18:12,6242
1/30/2023 18:12,6213
1/30/2023 18:13,6300
1/30/2023 18:13,6692
1/30/2023 18:14,6238
1/30/2023 18:15,6493
1/30/2023 18:15,6296
1/30/2023 18:16,6322
1/30/2023 18:16,6142
1/30/2023 18:17,6313
1/30/2023 18:17,6258
1/30/2023 18:18,6603
1/30/2023 18:18,6541
1/30/2023 18:19,6041
1/30/2023 18:19,6748
1/30/2023 18:20,6142
1/30/2023 18:20,6761
1/30/2023 18:21,6229
1/30/2023 18:21,6590
1/30/2023 18:22,6590
1/30/2023 18:22,6729
1/30/2023 18:23,6603
1/30/2023 18:23,6229
1/30/2023 18:24,6134
1/30/2023 18:24,6213
1/30/2023 18:25,6450
1/30/2023 18:25,6041
1/30/2023 18:26,6114
1/30/2023 18:26,5957
1/30/2023 18:27,6812
1/30/2023 18:27,6013
1/30/2023 18:28,6393
1/30/2023 18:28,6300
1/30/2023 18:29,6389
1/30/2023 18:29,6360
1/30/2023 18:30,6679
1/30/2023 18:30,6184
1/30/2023 18:31,6729
1/30/2023 18:31,6271
1/30/2023 18:32,6729
1/30/2023 18:32,6267
1/30/2023 18:33,6300
1/30/2023 18:33,6801
1/30/2023 18:34,6498
1/30/2023 18:34,6648
1/30/2023 18:35,6330
1/30/2023 18:35,6724
1/30/2023 18:36,6729
1/30/2023 18:36,6098
1/30/2023 18:37,6258
1/30/2023 18:37,6271
1/30/2023 18:38,6057
1/30/2023 18:38,6488
1/30/2023 18:39,6603
1/30/2023 18:39,6407
1/30/2023 18:40,6459
1/30/2023 18:40,6372
1/30/2023 18:41,6317
1/30/2023 18:42,6330
1/30/2023 18:42,6041
1/30/2023 18:43,6480
1/30/2023 18:43,6448
1/30/2023 18:44,6288
1/30/2023 18:44,6313
1/30/2023 18:45,6342
1/30/2023 18:45,6493
1/30/2023 18:46,6242
1/30/2023 18:46,6142
1/30/2023 18:47,6098
1/30/2023 18:47,6377
1/30/2023 18:48,6523
1/30/2023 18:48,6342
1/30/2023 18:49,5997
1/30/2023 18:49,6184
1/30/2023 18:50,5985
1/30/2023 18:50,6242
1/30/2023 18:51,6698
1/30/2023 18:51,6213
1/30/2023 18:52,6196
1/30/2023 18:52,6590
1/30/2023 18:53,6812
1/30/2023 18:53,6483
1/30/2023 18:54,6355
1/30/2023 18:54,6155
1/30/2023 18:55,6432
1/30/2023 18:55,6506
1/30/2023 18:56,6094
1/30/2023 18:56,6025
1/30/2023 18:57,6238
1/30/2023 18:57,5957
1/30/2023 18:58,6475
1/30/2023 18:58,6041
1/30/2023 18:59,6372
1/30/2023 18:59,6279
1/30/2023 19:00,6666
1/30/2023 19:00,6139
1/30/2023 19:01,6283
1/30/2023 19:01,6082
1/30/2023 19:02,6769
1/30/2023 19:02,6242
1/30/2023 19:03,6590
1/30/2023 19:03,6603
1/30/2023 19:04,6267
1/30/2023 19:04,6635
1/30/2023 19:05,6572
1/30/2023 19:05,6283
1/30/2023 19:06,6511
1/30/2023 19:06,6698
1/30/2023 19:07,6450
1/30/2023 19:07,6094
1/30/2023 19:08,6069
1/30/2023 19:09,6334
1/30/2023 19:09,6761
1/30/2023 19:10,6498
1/30/2023 19:10,6254
1/30/2023 19:11,6126
1/30/2023 19:11,6360
1/30/2023 19:12,6225
1/30/2023 19:12,6711
1/30/2023 19:13,6983
1/30/2023 19:13,6450
1/30/2023 19:14,6342
1/30/2023 19:14,6334
1/30/2023 19:15,6420
1/30/2023 19:15,6716
1/30/2023 19:16,6891
1/30/2023 19:16,6402
1/30/2023 19:17,6498
1/30/2023 19:17,6238
1/30/2023 19:18,6554
1/30/2023 19:18,6742
1/30/2023 19:19,6385
1/30/2023 19:19,6635
1/30/2023 19:20,6737
1/30/2023 19:20,6389
1/30/2023 19:21,6635
1/30/2023 19:21,6774
1/30/2023 19:22,6368
1/30/2023 19:22,6254
1/30/2023 19:23,6360
1/30/2023 19:23,6184
1/30/2023 19:24,6398
1/30/2023 19:24,6716
1/30/2023 19:25,6546
1/30/2023 19:25,6041
1/30/2023 19:26,6267
1/30/2023 19:26,6372
1/30/2023 19:27,6300
1/30/2023 19:27,6300
1/30/2023 19:28,6242
1/30/2023 19:28,6242
1/30/2023 19:29,6559
1/30/2023 19:29,6418
1/30/2023 19:30,6330
1/30/2023 19:30,6305
1/30/2023 19:31,6155
1/30/2023 19:31,6317
1/30/2023 19:32,6229
1/30/2023 19:32,6330
1/30/2023 19:33,6360
1/30/2023 19:33,6793
1/30/2023 19:34,6288
1/30/2023 19:34,6347
1/30/2023 19:35,6389
1/30/2023 19:36,6330
1/30/2023 19:36,6437
1/30/2023 19:37,6200
1/30/2023 19:37,6114
1/30/2023 19:38,6957
1/30/2023 19:38,6748
1/30/2023 19:39,6437
1/30/2023 19:39,6300
1/30/2023 19:40,6450
1/30/2023 19:40,6490
1/30/2023 19:41,6528
1/30/2023 19:41,6402
1/30/2023 19:42,6911
1/30/2023 19:42,6541
1/30/2023 19:43,6684
1/30/2023 19:43,6590
1/30/2023 19:44,6322
1/30/2023 19:44,6360
1/30/2023 19:45,6069
1/30/2023 19:45,6407
1/30/2023 19:46,6368
1/30/2023 19:46,6673
1/30/2023 19:47,6114
1/30/2023 19:47,6812
1/30/2023 19:48,6229
1/30/2023 19:48,6317
1/30/2023 19:49,6271
1/30/2023 19:49,6288
1/30/2023 19:50,6057
1/30/2023 19:50,6288
1/30/2023 19:51,6559
1/30/2023 19:51,6467
1/30/2023 19:52,6546
1/30/2023 19:52,6188
1/30/2023 19:53,6703
1/30/2023 19:53,6463
1/30/2023 19:54,6360
1/30/2023 19:54,6748
1/30/2023 19:55,6559
1/30/2023 19:55,6001
1/30/2023 19:56,6322
1/30/2023 19:56,6342
1/30/2023 19:57,6679
1/30/2023 19:57,6085
1/30/2023 19:58,6590
1/30/2023 19:58,6142
1/30/2023 19:59,6334
1/30/2023 19:59,6288
1/30/2023 20:00,6305
1/30/2023 20:00,7077
1/30/2023 20:01,6666
1/30/2023 20:01,6258
1/30/2023 20:02,6564
1/30/2023 20:03,6463
1/30/2023 20:03,6360
1/30/2023 20:04,6590
1/30/2023 20:04,6271
1/30/2023 20:05,5973
1/30/2023 20:05,6347
1/30/2023 20:06,6729
1/30/2023 20:06,6334
1/30/2023 20:07,6446
1/30/2023 20:07,6271
1/30/2023 20:08,6516
1/30/2023 20:08,6283
1/30/2023 20:09,6377
1/30/2023 20:09,6767
1/30/2023 20:10,6420
1/30/2023 20:10,6213
1/30/2023 20:11,6032
1/30/2023 20:11,6546
1/30/2023 20:12,6839
1/30/2023 20:12,6271
1/30/2023 20:13,6442
1/30/2023 20:13,6528
1/30/2023 20:14,6609
1/30/2023 20:14,6389
1/30/2023 20:15,6534
1/30/2023 20:15,6117
1/30/2023 20:16,6159
1/30/2023 20:16,6407
1/30/2023 20:17,6780
1/30/2023 20:17,6229
1/30/2023 20:18,6246
1/30/2023 20:18,6640
1/30/2023 20:19,6498
1/30/2023 20:19,6653
1/30/2023 20:20,6467
1/30/2023 20:20,6394
1/30/2023 20:21,6716
1/30/2023 20:21,6528
1/30/2023 20:22,6381
1/30/2023 20:22,6217
1/30/2023 20:23,6590
1/30/2023 20:23,6528
1/30/2023 20:24,6467
1/30/2023 20:24,6546
1/30/2023 20:25,6564
1/30/2023 20:25,6596
1/30/2023 20:26,6722
1/30/2023 20:26,6175
1/30/2023 20:27,6347
1/30/2023 20:27,6317
1/30/2023 20:28,6523
1/30/2023 20:28,6786
1/30/2023 20:29,6407
1/30/2023 20:30,6454
1/30/2023 20:30,6450
1/30/2023 20:31,6442
1/30/2023 20:31,6864
1/30/2023 20:32,6609
1/30/2023 20:32,6622
1/30/2023 20:33,6394
1/30/2023 20:33,6516
1/30/2023 20:34,6559
1/30/2023 20:34,6703
1/30/2023 20:35,6601
1/30/2023 20:35,6546
1/30/2023 20:36,6671
1/30/2023 20:36,6437
1/30/2023 20:37,6305
1/30/2023 20:37,6377
1/30/2023 20:38,6246
1/30/2023 20:38,6703
1/30/2023 20:39,6546
1/30/2023 20:39,6317
1/30/2023 20:40,6407
1/30/2023 20:40,6559
1/30/2023 20:41,6411
1/30/2023 20:41,6559
1/30/2023 20:42,6300
1/30/2023 20:42,6188
1/30/2023 20:43,6996
1/30/2023 20:43,6596
1/30/2023 20:44,6267
1/30/2023 20:44,6622
1/30/2023 20:45,6472
1/30/2023 20:45,6858
1/30/2023 20:46,6420
1/30/2023 20:46,6546
1/30/2023 20:47,6347
1/30/2023 20:47,6748
1/30/2023 20:48,6559
1/30/2023 20:48,6709
1/30/2023 20:49,6812
1/30/2023 20:49,6305
1/30/2023 20:50,6596
1/30/2023 20:50,6511
1/30/2023 20:51,6541
1/30/2023 20:51,6577
1/30/2023 20:52,6684
1/30/2023 20:52,6347
1/30/2023 20:53,6317
1/30/2023 20:53,6429
1/30/2023 20:54,6171
1/30/2023 20:54,6671
1/30/2023 20:55,6812
1/30/2023 20:55,6716
1/30/2023 20:56,6114
1/30/2023 20:57,6485
1/30/2023 20:57,6347
1/30/2023 20:58,6225
1/30/2023 20:58,6503
1/30/2023 20:59,6467
1/30/2023 20:59,6839
1/30/2023 21:00,6516
1/30/2023 21:00,6735
1/30/2023 21:01,6334
1/30/2023 21:01,6864
1/30/2023 21:02,6159
1/30/2023 21:02,6467
1/30/2023 21:03,6671
1/30/2023 21:03,6503
1/30/2023 21:04,6498
1/30/2023 21:04,6360
1/30/2023 21:05,6748
1/30/2023 21:05,6963
1/30/2023 21:06,6424
1/30/2023 21:06,6877
1/30/2023 21:07,6467
1/30/2023 21:07,6454
1/30/2023 21:08,6450
1/30/2023 21:08,6660
1/30/2023 21:09,6450
1/30/2023 21:09,6432
1/30/2023 21:10,6528
1/30/2023 21:10,6130
1/30/2023 21:11,6865
1/30/2023 21:11,6590
1/30/2023 21:12,6559
1/30/2023 21:12,6480
1/30/2023 21:13,6407
1/30/2023 21:13,6541
1/30/2023 21:14,6360
1/30/2023 21:14,7043
1/30/2023 21:15,6415
1/30/2023 21:15,6534
1/30/2023 21:16,6703
1/30/2023 21:16,6528
1/30/2023 21:17,6671
1/30/2023 21:17,6519
1/30/2023 21:18,6748
1/30/2023 21:18,6217
1/30/2023 21:19,6671
1/30/2023 21:19,6217
1/30/2023 21:20,6330
1/30/2023 21:20,6516
1/30/2023 21:21,6472
1/30/2023 21:21,6789
1/30/2023 21:22,6572
1/30/2023 21:22,6528
1/30/2023 21:23,6485
1/30/2023 21:24,6703
1/30/2023 21:24,6653
1/30/2023 21:25,6420
1/30/2023 21:25,6703
1/30/2023 21:26,6559
1/30/2023 21:26,6554
1/30/2023 21:27,7010
1/30/2023 21:27,6838
1/30/2023 21:28,6585
1/30/2023 21:28,6437
1/30/2023 21:29,6485
1/30/2023 21:29,6877
1/30/2023 21:30,6577
1/30/2023 21:30,6454
1/30/2023 21:31,6546
1/30/2023 21:31,6559
1/30/2023 21:32,6559
1/30/2023 21:32,6394
1/30/2023 21:33,6534
1/30/2023 21:33,6407
1/30/2023 21:34,6767
1/30/2023 21:34,6467
1/30/2023 21:35,6596
1/30/2023 21:35,7104
1/30/2023 21:36,6411
1/30/2023 21:36,6411
1/30/2023 21:37,6217
1/30/2023 21:37,6516
1/30/2023 21:38,6313
1/30/2023 21:38,6347
1/30/2023 21:39,6485
1/30/2023 21:39,6658
1/30/2023 21:40,6159
1/30/2023 21:40,6603
1/30/2023 21:41,6498
1/30/2023 21:41,6485
1/30/2023 21:42,6572
1/30/2023 21:42,6503
1/30/2023 21:43,6640
1/30/2023 21:43,6786
1/30/2023 21:44,6930
1/30/2023 21:44,6722
1/30/2023 21:45,6485
1/30/2023 21:45,6394
1/30/2023 21:46,6703
1/30/2023 21:46,6275
1/30/2023 21:47,6467
1/30/2023 21:47,6399
1/30/2023 21:48,6394
1/30/2023 21:48,6498
1/30/2023 21:49,6653
1/30/2023 21:49,6394
1/30/2023 21:50,6703
1/30/2023 21:51,6472
1/30/2023 21:51,6411
1/30/2023 21:52,6459
1/30/2023 21:52,6424
1/30/2023 21:53,6786
1/30/2023 21:53,6225
1/30/2023 21:54,6851
1/30/2023 21:54,6851
1/30/2023 21:55,6754
1/30/2023 21:55,6577
1/30/2023 21:56,6609
1/30/2023 21:56,6442
1/30/2023 21:57,6394
1/30/2023 21:57,6288
1/30/2023 21:58,6546
1/30/2023 21:58,6851
1/30/2023 21:59,6485
1/30/2023 21:59,6424
1/30/2023 22:00,6577
1/30/2023 22:00,6472
1/30/2023 22:01,6698
1/30/2023 22:01,6559
1/30/2023 22:02,6114
1/30/2023 22:02,6233
1/30/2023 22:03,6546
1/30/2023 22:03,6653
1/30/2023 22:04,6229
1/30/2023 22:04,6516
1/30/2023 22:05,6936
1/30/2023 22:05,6671
1/30/2023 22:06,6511
1/30/2023 22:06,6233
1/30/2023 22:07,6596
1/30/2023 22:07,6334
1/30/2023 22:08,6305
1/30/2023 22:08,6690
1/30/2023 22:09,6394
1/30/2023 22:09,6326
1/30/2023 22:10,6485
1/30/2023 22:10,6428
1/30/2023 22:11,6690
1/30/2023 22:11,7016
1/30/2023 22:12,6454
1/30/2023 22:12,6572
1/30/2023 22:13,6799
1/30/2023 22:13,6411
1/30/2023 22:14,6590
1/30/2023 22:14,6385
1/30/2023 22:15,6528
1/30/2023 22:15,6454
1/30/2023 22:16,6472
1/30/2023 22:16,6503
1/30/2023 22:17,6671
1/30/2023 22:18,6870
1/30/2023 22:18,6564
1/30/2023 22:19,6559
1/30/2023 22:19,6360
1/30/2023 22:20,6317
1/30/2023 22:20,6467
1/30/2023 22:21,7003
1/30/2023 22:21,6364
1/30/2023 22:22,6703
1/30/2023 22:22,6237
1/30/2023 22:23,6950
1/30/2023 22:23,6233
1/30/2023 22:24,6640
1/30/2023 22:24,6864
1/30/2023 22:25,6364
1/30/2023 22:25,6774
1/30/2023 22:26,6355
1/30/2023 22:26,6658
1/30/2023 22:27,6516
1/30/2023 22:27,6616
1/30/2023 22:28,6645
1/30/2023 22:28,6516
1/30/2023 22:29,6188
1/30/2023 22:29,6258
1/30/2023 22:30,6442
1/30/2023 22:30,6394
1/30/2023 22:31,6159
1/30/2023 22:31,6506
1/30/2023 22:32,6845
1/30/2023 22:32,6057
1/30/2023 22:33,6305
1/30/2023 22:33,6351
1/30/2023 22:34,6503
1/30/2023 22:34,6275
1/30/2023 22:35,7030
1/30/2023 22:35,6596
1/30/2023 22:36,6754
1/30/2023 22:36,6521
1/30/2023 22:37,6246
1/30/2023 22:37,6394
1/30/2023 22:38,6546
1/30/2023 22:38,6445
1/30/2023 22:39,6799
1/30/2023 22:39,6640
1/30/2023 22:40,6799
1/30/2023 22:40,6159
1/30/2023 22:41,6200
1/30/2023 22:41,6480
1/30/2023 22:42,6437
1/30/2023 22:42,6653
1/30/2023 22:43,6437
1/30/2023 22:43,6364
1/30/2023 22:44,6399
1/30/2023 22:45,6188
1/30/2023 22:45,6347
1/30/2023 22:46,6233
1/30/2023 22:46,6322
1/30/2023 22:47,7145
1/30/2023 22:47,6213
1/30/2023 22:48,6508
1/30/2023 22:48,6754
1/30/2023 22:49,7077
1/30/2023 22:49,6577
1/30/2023 22:50,6996
1/30/2023 22:50,6983
1/30/2023 22:51,6424
1/30/2023 22:51,6233
1/30/2023 22:52,6134
1/30/2023 22:52,6498
1/30/2023 22:53,6246
1/30/2023 22:53,6716
1/30/2023 22:54,6528
1/30/2023 22:54,6897
1/30/2023 22:55,6267
1/30/2023 22:55,6767
1/30/2023 22:56,6188
1/30/2023 22:56,6188
1/30/2023 22:57,6609
1/30/2023 22:57,6546
1/30/2023 22:58,6729
1/30/2023 22:58,6454
1/30/2023 22:59,6275
1/30/2023 22:59,6546
1/30/2023 23:00,6671
1/30/2023 23:00,6171
1/30/2023 23:01,6305
1/30/2023 23:01,6541
1/30/2023 23:02,6463
1/30/2023 23:02,6637
1/30/2023 23:03,6832
1/30/2023 23:03,6171
1/30/2023 23:04,6407
1/30/2023 23:04,6163
1/30/2023 23:05,6498
1/30/2023 23:05,6635
1/30/2023 23:06,6480
1/30/2023 23:06,6262
1/30/2023 23:07,6858
1/30/2023 23:07,6485
1/30/2023 23:08,6334
1/30/2023 23:08,6690
1/30/2023 23:09,6658
1/30/2023 23:09,6575
1/30/2023 23:10,6472
1/30/2023 23:10,6275
1/30/2023 23:11,6930
1/30/2023 23:12,6877
1/30/2023 23:12,6364
1/30/2023 23:13,6364
1/30/2023 23:13,6424
1/30/2023 23:14,6789
1/30/2023 23:14,6677
1/30/2023 23:15,6609
1/30/2023 23:15,6485
1/30/2023 23:16,6334
1/30/2023 23:16,6851
1/30/2023 23:17,6292
1/30/2023 23:17,6334
1/30/2023 23:18,6372
1/30/2023 23:18,6139
1/30/2023 23:19,6793
1/30/2023 23:19,6546
1/30/2023 23:20,6351
1/30/2023 23:20,6200
1/30/2023 23:21,6246
1/30/2023 23:21,6996
1/30/2023 23:22,6334
1/30/2023 23:22,6485
1/30/2023 23:23,6653
1/30/2023 23:23,6130
1/30/2023 23:24,6498
1/30/2023 23:24,6640
1/30/2023 23:25,7064
1/30/2023 23:25,6722
1/30/2023 23:26,6267
1/30/2023 23:26,6480
1/30/2023 23:27,6292
1/30/2023 23:27,6703
1/30/2023 23:28,6609
1/30/2023 23:28,6534
1/30/2023 23:29,6305
1/30/2023 23:29,6716
1/30/2023 23:30,6503
1/30/2023 23:30,6622
1/30/2023 23:31,6467
1/30/2023 23:31,6669
1/30/2023 23:32,6364
1/30/2023 23:32,6394
1/30/2023 23:33,6114
1/30/2023 23:33,6684
1/30/2023 23:34,6334
1/30/2023 23:34,6864
1/30/2023 23:35,6322
1/30/2023 23:35,6159
1/30/2023 23:36,6381
1/30/2023 23:36,6838
1/30/2023 23:37,6596
1/30/2023 23:37,6317
1/30/2023 23:38,6467
1/30/2023 23:39,6369
1/30/2023 23:39,6735
1/30/2023 23:40,6485
1/30/2023 23:40,7200
1/30/2023 23:41,6622
1/30/2023 23:41,6267
1/30/2023 23:42,6523
1/30/2023 23:42,6258
1/30/2023 23:43,6735
1/30/2023 23:43,7152
1/30/2023 23:44,6364
1/30/2023 23:44,6381
1/30/2023 23:45,6334
1/30/2023 23:45,6305
1/30/2023 23:46,6437
1/30/2023 23:46,6703
1/30/2023 23:47,7030
1/30/2023 23:47,6735
1/30/2023 23:48,6864
1/30/2023 23:48,6609
1/30/2023 23:49,6250
1/30/2023 23:49,6347
1/30/2023 23:50,6472
1/30/2023 23:50,6516
1/30/2023 23:51,6851
1/30/2023 23:51,6411
1/30/2023 23:52,6305
1/30/2023 23:52,6292
1/30/2023 23:53,7132
1/30/2023 23:53,7152
1/30/2023 23:54,6780
1/30/2023 23:54,6564
1/30/2023 23:55,6472
1/30/2023 23:55,6603
1/30/2023 23:56,7030
1/30/2023 23:56,6851
1/30/2023 23:57,6204
1/30/2023 23:57,6534
1/30/2023 23:58,6229
1/30/2023 23:58,6793
1/30/2023 23:59,6424
1/30/2023 23:59,6671
1/31/2023 0:00,6246
1/31/2023 0:00,6271
1/31/2023 0:01,6614
1/31/2023 0:01,6364
1/31/2023 0:02,6627
1/31/2023 0:02,6485
1/31/2023 0:03,6305
1/31/2023 0:03,6246
1/31/2023 0:04,6377
1/31/2023 0:04,6786
1/31/2023 0:05,6322
1/31/2023 0:06,6258
1/31/2023 0:06,6407
1/31/2023 0:07,6976
1/31/2023 0:07,6577
1/31/2023 0:08,6246
1/31/2023 0:08,6325
1/31/2023 0:09,6627
1/31/2023 0:09,6748
1/31/2023 0:10,6467
1/31/2023 0:10,6627
1/31/2023 0:11,6114
1/31/2023 0:11,6437
1/31/2023 0:12,6716
1/31/2023 0:12,7084
1/31/2023 0:13,6799
1/31/2023 0:13,6188
1/31/2023 0:14,6528
1/31/2023 0:14,6609
1/31/2023 0:15,6029
1/31/2023 0:15,6424
1/31/2023 0:16,6317
1/31/2023 0:16,6930
1/31/2023 0:17,6377
1/31/2023 0:17,6317
1/31/2023 0:18,6171
1/31/2023 0:18,6799
1/31/2023 0:19,6454
1/31/2023 0:19,6632
1/31/2023 0:20,6884
1/31/2023 0:20,6258
1/31/2023 0:21,6767
1/31/2023 0:21,6684
1/31/2023 0:22,6703
1/31/2023 0:22,6407
1/31/2023 0:23,6480
1/31/2023 0:23,7111
1/31/2023 0:24,6057
1/31/2023 0:24,6420
1/31/2023 0:25,6858
1/31/2023 0:25,6322
1/31/2023 0:26,6200
1/31/2023 0:26,6200
1/31/2023 0:27,6437
1/31/2023 0:27,6098
1/31/2023 0:28,6603
1/31/2023 0:28,6877
1/31/2023 0:29,6424
1/31/2023 0:29,6826
1/31/2023 0:30,6188
1/31/2023 0:30,6292
1/31/2023 0:31,6407
1/31/2023 0:31,6300
1/31/2023 0:32,6943
1/31/2023 0:33,6372
1/31/2023 0:33,6572
1/31/2023 0:34,6398
1/31/2023 0:34,6528
1/31/2023 0:35,6126
1/31/2023 0:35,6126
1/31/2023 0:36,6877
1/31/2023 0:36,6407
1/31/2023 0:37,7159
1/31/2023 0:37,6432
1/31/2023 0:38,6897
1/31/2023 0:38,6200
1/31/2023 0:39,6437
1/31/2023 0:39,6653
1/31/2023 0:40,6342
1/31/2023 0:40,6271
1/31/2023 0:41,6990
1/31/2023 0:41,6360
1/31/2023 0:42,6653
1/31/2023 0:42,6590
1/31/2023 0:43,6389
1/31/2023 0:43,6085
1/31/2023 0:44,6780
1/31/2023 0:44,7084
1/31/2023 0:45,6577
1/31/2023 0:45,6666
1/31/2023 0:46,6891
1/31/2023 0:46,6309
1/31/2023 0:47,6698
1/31/2023 0:47,6360
1/31/2023 0:48,6498
1/31/2023 0:48,6748
1/31/2023 0:49,6629
1/31/2023 0:49,6258
1/31/2023 0:50,6735
1/31/2023 0:50,6554
1/31/2023 0:51,6541
1/31/2023 0:51,6360
1/31/2023 0:52,6420
1/31/2023 0:52,6585
1/31/2023 0:53,6528
1/31/2023 0:53,6053
1/31/2023 0:54,6271
1/31/2023 0:54,6420
1/31/2023 0:55,6506
1/31/2023 0:55,6126
1/31/2023 0:56,6722
1/31/2023 0:56,6590
1/31/2023 0:57,6376
1/31/2023 0:57,6385
1/31/2023 0:58,6300
1/31/2023 0:58,6910
1/31/2023 0:59,6330
1/31/2023 1:00,6360
1/31/2023 1:00,6229
1/31/2023 1:01,7077
1/31/2023 1:01,6142
1/31/2023 1:02,6347
1/31/2023 1:02,6910
1/31/2023 1:03,6229
1/31/2023 1:03,6498
1/31/2023 1:04,6729
1/31/2023 1:04,6394
1/31/2023 1:05,6360
1/31/2023 1:05,6666
1/31/2023 1:06,6184
1/31/2023 1:06,7214
1/31/2023 1:07,6541
1/31/2023 1:07,6877
1/31/2023 1:08,6242
1/31/2023 1:08,6196
1/31/2023 1:09,6523
1/31/2023 1:09,6184
1/31/2023 1:10,6528
1/31/2023 1:10,6812
1/31/2023 1:11,6463
1/31/2023 1:11,6292
1/31/2023 1:12,6748
1/31/2023 1:12,6246
1/31/2023 1:13,6389
1/31/2023 1:13,6377
1/31/2023 1:14,6585
1/31/2023 1:14,6407
1/31/2023 1:15,6799
1/31/2023 1:15,6450
1/31/2023 1:16,6716
1/31/2023 1:16,6577
1/31/2023 1:17,6420
1/31/2023 1:17,7023
1/31/2023 1:18,6590
1/31/2023 1:18,6432
1/31/2023 1:19,6300
1/31/2023 1:19,6884
1/31/2023 1:20,6407
1/31/2023 1:20,6142
1/31/2023 1:21,6204
1/31/2023 1:21,6963
1/31/2023 1:22,7132
1/31/2023 1:22,6402
1/31/2023 1:23,6684
1/31/2023 1:23,6812
1/31/2023 1:24,6564
1/31/2023 1:24,6580
1/31/2023 1:25,6394
1/31/2023 1:26,6073
1/31/2023 1:26,6490
1/31/2023 1:27,6377
1/31/2023 1:27,6572
1/31/2023 1:28,6142
1/31/2023 1:28,6229
1/31/2023 1:29,6963
1/31/2023 1:29,6799
1/31/2023 1:30,6877
1/31/2023 1:30,6858
1/31/2023 1:31,6192
1/31/2023 1:31,6242
1/31/2023 1:32,6450
1/31/2023 1:32,6930
1/31/2023 1:33,6437
1/31/2023 1:33,6716
1/31/2023 1:34,6420
1/31/2023 1:34,6346
1/31/2023 1:35,6126
1/31/2023 1:35,7091
1/31/2023 1:36,6204
1/31/2023 1:36,6485
1/31/2023 1:37,6394
1/31/2023 1:37,7091
1/31/2023 1:38,6546
1/31/2023 1:38,6437
1/31/2023 1:39,6389
1/31/2023 1:39,6360
1/31/2023 1:40,6188
1/31/2023 1:40,6511
1/31/2023 1:41,6864
1/31/2023 1:41,6684
1/31/2023 1:42,6159
1/31/2023 1:42,6963
1/31/2023 1:43,6467
1/31/2023 1:43,6271
1/31/2023 1:44,6377
1/31/2023 1:44,6330
1/31/2023 1:45,6463
1/31/2023 1:45,6258
1/31/2023 1:46,6155
1/31/2023 1:46,6598
1/31/2023 1:47,6910
1/31/2023 1:47,6407
1/31/2023 1:48,6845
1/31/2023 1:48,6528
1/31/2023 1:49,6334
1/31/2023 1:49,6184
1/31/2023 1:50,6347
1/31/2023 1:50,6450
1/31/2023 1:51,6420
1/31/2023 1:51,6372
1/31/2023 1:52,6450
1/31/2023 1:53,6864
1/31/2023 1:53,6175
1/31/2023 1:54,6420
1/31/2023 1:54,6305
1/31/2023 1:55,6590
1/31/2023 1:55,6213
1/31/2023 1:56,6748
1/31/2023 1:56,6572
1/31/2023 1:57,6793
1/31/2023 1:57,6635
1/31/2023 1:58,6437
1/31/2023 1:58,6386
1/31/2023 1:59,6477
1/31/2023 1:59,6774
1/31/2023 2:00,6389
1/31/2023 2:00,6139
1/31/2023 2:01,6450
1/31/2023 2:01,6603
1/31/2023 2:02,6761
1/31/2023 2:02,6729
1/31/2023 2:03,6411
1/31/2023 2:03,6389
1/31/2023 2:04,7145
1/31/2023 2:04,6327
1/31/2023 2:05,6748
1/31/2023 2:05,6897
1/31/2023 2:06,7111
1/31/2023 2:06,6635
1/31/2023 2:07,6684
1/31/2023 2:07,6394
1/31/2023 2:08,6351
1/31/2023 2:08,6242
1/31/2023 2:09,6564
1/31/2023 2:09,6711
1/31/2023 2:10,6799
1/31/2023 2:10,7057
1/31/2023 2:11,6429
1/31/2023 2:11,6590
1/31/2023 2:12,6330
1/31/2023 2:12,6910
1/31/2023 2:13,6838
1/31/2023 2:13,6126
1/31/2023 2:14,6347
1/31/2023 2:14,6171
1/31/2023 2:15,6648
1/31/2023 2:15,6910
1/31/2023 2:16,6463
1/31/2023 2:16,6437
1/31/2023 2:17,6171
1/31/2023 2:17,6711
1/31/2023 2:18,6126
1/31/2023 2:18,6787
1/31/2023 2:19,7010
1/31/2023 2:20,6910
1/31/2023 2:20,6407
1/31/2023 2:21,7043
1/31/2023 2:21,6516
1/31/2023 2:22,6407
1/31/2023 2:22,6420
1/31/2023 2:23,6480
1/31/2023 2:23,6508
1/31/2023 2:24,6609
1/31/2023 2:24,6528
1/31/2023 2:25,6559
1/31/2023 2:25,6910
1/31/2023 2:26,6812
1/31/2023 2:26,6716
1/31/2023 2:27,7097
1/31/2023 2:27,6237
1/31/2023 2:28,6437
1/31/2023 2:28,6839
1/31/2023 2:29,6200
1/31/2023 2:29,6990
1/31/2023 2:30,6372
1/31/2023 2:30,6342
1/31/2023 2:31,6171
1/31/2023 2:31,6467
1/31/2023 2:32,6609
1/31/2023 2:32,6420
1/31/2023 2:33,6559
1/31/2023 2:33,7030
1/31/2023 2:34,6857
1/31/2023 2:34,6622
1/31/2023 2:35,6703
1/31/2023 2:35,6467
1/31/2023 2:36,6407
1/31/2023 2:36,6377
1/31/2023 2:37,6275
1/31/2023 2:37,6454
1/31/2023 2:38,6682
1/31/2023 2:38,6750
1/31/2023 2:39,6598
1/31/2023 2:39,7097
1/31/2023 2:40,6698
1/31/2023 2:40,6559
1/31/2023 2:41,6394
1/31/2023 2:41,6528
1/31/2023 2:42,7030
1/31/2023 2:42,6877
1/31/2023 2:43,6990
1/31/2023 2:43,6780
1/31/2023 2:44,6622
1/31/2023 2:44,6761
1/31/2023 2:45,6463
1/31/2023 2:45,6437
1/31/2023 2:46,6943
1/31/2023 2:47,6826
1/31/2023 2:47,6684
1/31/2023 2:48,6450
1/31/2023 2:48,6322
1/31/2023 2:49,6305
1/31/2023 2:49,6142
1/31/2023 2:50,6420
1/31/2023 2:50,6467
1/31/2023 2:51,6596
1/31/2023 2:51,6467
1/31/2023 2:52,6420
1/31/2023 2:52,6437
1/31/2023 2:53,6603
1/31/2023 2:53,6653
1/31/2023 2:54,6845
1/31/2023 2:54,6288
1/31/2023 2:55,6559
1/31/2023 2:55,6126
1/31/2023 2:56,6258
1/31/2023 2:56,6389
1/31/2023 2:57,6300
1/31/2023 2:57,6463
1/31/2023 2:58,6653
1/31/2023 2:58,6748
1/31/2023 2:59,6983
1/31/2023 2:59,7043
1/31/2023 3:00,6748
1/31/2023 3:00,6437
1/31/2023 3:01,6407
1/31/2023 3:01,6288
1/31/2023 3:02,6898
1/31/2023 3:02,6200
1/31/2023 3:03,6780
1/31/2023 3:03,6126
1/31/2023 3:04,6394
1/31/2023 3:04,6317
1/31/2023 3:05,6603
1/31/2023 3:05,7016
1/31/2023 3:06,6394
1/31/2023 3:06,7166
1/31/2023 3:07,6424
1/31/2023 3:07,6467
1/31/2023 3:08,6454
1/31/2023 3:08,6490
1/31/2023 3:09,6334
1/31/2023 3:09,7057
1/31/2023 3:10,6590
1/31/2023 3:10,7010
1/31/2023 3:11,6229
1/31/2023 3:11,6200
1/31/2023 3:12,6480
1/31/2023 3:12,6360
1/31/2023 3:13,6534
1/31/2023 3:14,6559
1/31/2023 3:14,6703
1/31/2023 3:15,6467
1/31/2023 3:15,7097
1/31/2023 3:16,6364
1/31/2023 3:16,6347
1/31/2023 3:17,6528
1/31/2023 3:17,7152
1/31/2023 3:18,6437
1/31/2023 3:18,6467
1/31/2023 3:19,6528
1/31/2023 3:19,6703
1/31/2023 3:20,6930
1/31/2023 3:20,6317
1/31/2023 3:21,6864
1/31/2023 3:21,6528
1/31/2023 3:22,6735
1/31/2023 3:22,6347
1/31/2023 3:23,6317
1/31/2023 3:23,6534
1/31/2023 3:24,6833
1/31/2023 3:24,6671
1/31/2023 3:25,6217
1/31/2023 3:25,6407
1/31/2023 3:26,6799
1/31/2023 3:26,6924
1/31/2023 3:27,6246
1/31/2023 3:27,6467
1/31/2023 3:28,6577
1/31/2023 3:28,6498
1/31/2023 3:29,6812
1/31/2023 3:29,6503
1/31/2023 3:30,5890
1/31/2023 3:30,6498
1/31/2023 3:31,6288
1/31/2023 3:31,6511
1/31/2023 3:32,6963
1/31/2023 3:32,6377
1/31/2023 3:33,6450
1/31/2023 3:33,6407
1/31/2023 3:34,6590
1/31/2023 3:34,6845
1/31/2023 3:35,6727
1/31/2023 3:35,6673
1/31/2023 3:36,6516
1/31/2023 3:36,6622
1/31/2023 3:37,6943
1/31/2023 3:37,6735
1/31/2023 3:38,6577
1/31/2023 3:38,6330
1/31/2023 3:39,6498
1/31/2023 3:39,6572
1/31/2023 3:40,6541
1/31/2023 3:41,6812
1/31/2023 3:41,6554
1/31/2023 3:42,7064
1/31/2023 3:42,6372
1/31/2023 3:43,6653
1/31/2023 3:43,6748
1/31/2023 3:44,6572
1/31/2023 3:44,6437
1/31/2023 3:45,6288
1/31/2023 3:45,7214
1/31/2023 3:46,6559
1/31/2023 3:46,6330
1/31/2023 3:47,6480
1/31/2023 3:47,6635
1/31/2023 3:48,6780
1/31/2023 3:48,6381
1/31/2023 3:49,6666
1/31/2023 3:49,6246
1/31/2023 3:50,6716
1/31/2023 3:50,6217
1/31/2023 3:51,6467
1/31/2023 3:51,6288
1/31/2023 3:52,6528
1/31/2023 3:52,6175
1/31/2023 3:53,6407
1/31/2023 3:53,6377
1/31/2023 3:54,6666
1/31/2023 3:54,6546
1/31/2023 3:55,6288
1/31/2023 3:55,6716
1/31/2023 3:56,6516
1/31/2023 3:56,6467
1/31/2023 3:57,6976
1/31/2023 3:57,6793
1/31/2023 3:58,6761
1/31/2023 3:58,6546
1/31/2023 3:59,7030
1/31/2023 3:59,6424
1/31/2023 4:00,7064
1/31/2023 4:00,6716
1/31/2023 4:01,6910
1/31/2023 4:01,6572
1/31/2023 4:02,7043
1/31/2023 4:02,6171
1/31/2023 4:03,6424
1/31/2023 4:03,6377
1/31/2023 4:04,6420
1/31/2023 4:04,6528
1/31/2023 4:05,6458
1/31/2023 4:05,7172
1/31/2023 4:06,6640
1/31/2023 4:06,6394
1/31/2023 4:07,6559
1/31/2023 4:08,6424
1/31/2023 4:08,6528
1/31/2023 4:09,6330
1/31/2023 4:09,6748
1/31/2023 4:10,6703
1/31/2023 4:10,6437
1/31/2023 4:11,6485
1/31/2023 4:11,6622
1/31/2023 4:12,6622
1/31/2023 4:12,6588
1/31/2023 4:13,6684
1/31/2023 4:13,6963
1/31/2023 4:14,6812
1/31/2023 4:14,6347
1/31/2023 4:15,6698
1/31/2023 4:15,6546
1/31/2023 4:16,6407
1/31/2023 4:16,6485
1/31/2023 4:17,6246
1/31/2023 4:17,6437
1/31/2023 4:18,6963
1/31/2023 4:18,7319
1/31/2023 4:19,6684
1/31/2023 4:19,6334
1/31/2023 4:20,6528
1/31/2023 4:20,7010
1/31/2023 4:21,6590
1/31/2023 4:21,6818
1/31/2023 4:22,6541
1/31/2023 4:22,6729
1/31/2023 4:23,6424
1/31/2023 4:23,6204
1/31/2023 4:24,6580
1/31/2023 4:24,6799
1/31/2023 4:25,6832
1/31/2023 4:25,6767
1/31/2023 4:26,6437
1/31/2023 4:26,6729
1/31/2023 4:27,6767
1/31/2023 4:27,6590
1/31/2023 4:28,6258
1/31/2023 4:28,6420
1/31/2023 4:29,6590
1/31/2023 4:29,6407
1/31/2023 4:30,6528
1/31/2023 4:30,7214
1/31/2023 4:31,6258
1/31/2023 4:31,6930
1/31/2023 4:32,6394
1/31/2023 4:32,6590
1/31/2023 4:33,6498
1/31/2023 4:33,6622
1/31/2023 4:34,6305
1/31/2023 4:35,6229
1/31/2023 4:35,6313
1/31/2023 4:36,6506
1/31/2023 4:36,6372
1/31/2023 4:37,6317
1/31/2023 4:37,6402
1/31/2023 4:38,7064
1/31/2023 4:38,6490
1/31/2023 4:39,6799
1/31/2023 4:39,7132
1/31/2023 4:40,6454
1/31/2023 4:40,6454
1/31/2023 4:41,6703
1/31/2023 4:41,6493
1/31/2023 4:42,6305
1/31/2023 4:42,6485
1/31/2023 4:43,6407
1/31/2023 4:43,6635
1/31/2023 4:44,6684
1/31/2023 4:44,6812
1/31/2023 4:45,6671
1/31/2023 4:45,6506
1/31/2023 4:46,6603
1/31/2023 4:46,6523
1/31/2023 4:47,6559
1/31/2023 4:47,6541
1/31/2023 4:48,6407
1/31/2023 4:48,6884
1/31/2023 4:49,6536
1/31/2023 4:49,6472
1/31/2023 4:50,6467
1/31/2023 4:50,6057
1/31/2023 4:51,7030
1/31/2023 4:51,6437
1/31/2023 4:52,6799
1/31/2023 4:52,6498
1/31/2023 4:53,6767
1/31/2023 4:53,7104
1/31/2023 4:54,6364
1/31/2023 4:54,6171
1/31/2023 4:55,6523
1/31/2023 4:55,7043
1/31/2023 4:56,6832
1/31/2023 4:56,7111
1/31/2023 4:57,6454
1/31/2023 4:57,6325
1/31/2023 4:58,6271
1/31/2023 4:58,6519
1/31/2023 4:59,7077
1/31/2023 4:59,6407
1/31/2023 5:00,6498
1/31/2023 5:00,6467
1/31/2023 5:01,6394
1/31/2023 5:02,6437
1/31/2023 5:02,6963
1/31/2023 5:03,6546
1/31/2023 5:03,6317
1/31/2023 5:04,6832
1/31/2023 5:04,6976
1/31/2023 5:05,6025
1/31/2023 5:05,6714
1/31/2023 5:06,6590
1/31/2023 5:06,6541
1/31/2023 5:07,6488
1/31/2023 5:07,7064
1/31/2023 5:08,6424
1/31/2023 5:08,7043
1/31/2023 5:09,6463
1/31/2023 5:09,6729
1/31/2023 5:10,6653
1/31/2023 5:10,6590
1/31/2023 5:11,6671
1/31/2023 5:11,6596
1/31/2023 5:12,6703
1/31/2023 5:12,6477
1/31/2023 5:13,7043
1/31/2023 5:13,6653
1/31/2023 5:14,6780
1/31/2023 5:14,6467
1/31/2023 5:15,6485
1/31/2023 5:15,6698
1/31/2023 5:16,6703
1/31/2023 5:16,6407
1/31/2023 5:17,6467
1/31/2023 5:17,6786
1/31/2023 5:18,6467
1/31/2023 5:18,6859
1/31/2023 5:19,6317
1/31/2023 5:19,6541
1/31/2023 5:20,6976
1/31/2023 5:20,7010
1/31/2023 5:21,6963
1/31/2023 5:21,6498
1/31/2023 5:22,6450
1/31/2023 5:22,6377
1/31/2023 5:23,7064
1/31/2023 5:23,6786
1/31/2023 5:24,6559
1/31/2023 5:24,6424
1/31/2023 5:25,6480
1/31/2023 5:25,6653
1/31/2023 5:26,7084
1/31/2023 5:26,6480
1/31/2023 5:27,6577
1/31/2023 5:27,6950
1/31/2023 5:28,6437
1/31/2023 5:29,7179
1/31/2023 5:29,6242
1/31/2023 5:30,6787
1/31/2023 5:30,6845
1/31/2023 5:31,6288
1/31/2023 5:31,6546
1/31/2023 5:32,6322
1/31/2023 5:32,6812
1/31/2023 5:33,6684
1/31/2023 5:33,6609
1/31/2023 5:34,6454
1/31/2023 5:34,6559
1/31/2023 5:35,6590
1/31/2023 5:35,6508
1/31/2023 5:36,6534
1/31/2023 5:36,7077
1/31/2023 5:37,6528
1/31/2023 5:37,6640
1/31/2023 5:38,6516
1/31/2023 5:38,7166
1/31/2023 5:39,6684
1/31/2023 5:39,7166
1/31/2023 5:40,6516
1/31/2023 5:40,6570
1/31/2023 5:41,7386
1/31/2023 5:41,6347
1/31/2023 5:42,6546
1/31/2023 5:42,7179
1/31/2023 5:43,6313
1/31/2023 5:43,6085
1/31/2023 5:44,7030
1/31/2023 5:44,6666
1/31/2023 5:45,7145
1/31/2023 5:45,6467
1/31/2023 5:46,6402
1/31/2023 5:46,6485
1/31/2023 5:47,6415
1/31/2023 5:47,7077
1/31/2023 5:48,6389
1/31/2023 5:48,7097
1/31/2023 5:49,6742
1/31/2023 5:49,6735
1/31/2023 5:50,6467
1/31/2023 5:50,7077
1/31/2023 5:51,6288
1/31/2023 5:51,7132
1/31/2023 5:52,7132
1/31/2023 5:52,6360
1/31/2023 5:53,6407
1/31/2023 5:53,6498
1/31/2023 5:54,6996
1/31/2023 5:54,6640
1/31/2023 5:55,6450
1/31/2023 5:56,7159
1/31/2023 5:56,6703
1/31/2023 5:57,6347
1/31/2023 5:57,6559
1/31/2023 5:58,6910
1/31/2023 5:58,6711
1/31/2023 5:59,6437
1/31/2023 5:59,6498
1/31/2023 6:00,6485
1/31/2023 6:00,6635
1/31/2023 6:01,6317
1/31/2023 6:01,7057
1/31/2023 6:02,6799
1/31/2023 6:02,7200
1/31/2023 6:03,6516
1/31/2023 6:03,6648
1/31/2023 6:04,6559
1/31/2023 6:04,6590
1/31/2023 6:05,6541
1/31/2023 6:05,6767
1/31/2023 6:06,6377
1/31/2023 6:06,6930
1/31/2023 6:07,6467
1/31/2023 6:07,6737
1/31/2023 6:08,6559
1/31/2023 6:08,6437
1/31/2023 6:09,6957
1/31/2023 6:09,6789
1/31/2023 6:10,7166
1/31/2023 6:10,6684
1/31/2023 6:11,6467
1/31/2023 6:11,7010
1/31/2023 6:12,6559
1/31/2023 6:12,6767
1/31/2023 6:13,6963
1/31/2023 6:13,6845
1/31/2023 6:14,6780
1/31/2023 6:14,6931
1/31/2023 6:15,6660
1/31/2023 6:15,6609
1/31/2023 6:16,7270
1/31/2023 6:16,6684
1/31/2023 6:17,6585
1/31/2023 6:17,6511
1/31/2023 6:18,6528
1/31/2023 6:18,6622
1/31/2023 6:19,6684
1/31/2023 6:19,6229
1/31/2023 6:20,6640
1/31/2023 6:20,6780
1/31/2023 6:21,7010
1/31/2023 6:21,7124
1/31/2023 6:22,6377
1/31/2023 6:23,6640
1/31/2023 6:23,6454
1/31/2023 6:24,6832
1/31/2023 6:24,6450
1/31/2023 6:25,6653
1/31/2023 6:25,6528
1/31/2023 6:26,7124
1/31/2023 6:26,6839
1/31/2023 6:27,6155
1/31/2023 6:27,6996
1/31/2023 6:28,6480
1/31/2023 6:28,6603
1/31/2023 6:29,6976
1/31/2023 6:29,6684
1/31/2023 6:30,6684
1/31/2023 6:30,6653
1/31/2023 6:31,6658
1/31/2023 6:31,6541
1/31/2023 6:32,6653
1/31/2023 6:32,6242
1/31/2023 6:33,6437
1/31/2023 6:33,6622
1/31/2023 6:34,6864
1/31/2023 6:34,6609
1/31/2023 6:35,6684
1/31/2023 6:35,6858
1/31/2023 6:36,6640
1/31/2023 6:36,6845
1/31/2023 6:37,6334
1/31/2023 6:37,6845
1/31/2023 6:38,7104
1/31/2023 6:38,6897
1/31/2023 6:39,6963
1/31/2023 6:39,6727
1/31/2023 6:40,6716
1/31/2023 6:40,7043
1/31/2023 6:41,6748
1/31/2023 6:41,6826
1/31/2023 6:42,6976
1/31/2023 6:42,7091
1/31/2023 6:43,6845
1/31/2023 6:43,7050
1/31/2023 6:44,7097
1/31/2023 6:44,7050
1/31/2023 6:45,6897
1/31/2023 6:45,7016
1/31/2023 6:46,6590
1/31/2023 6:46,7043
1/31/2023 6:47,6735
1/31/2023 6:47,7077
1/31/2023 6:48,6996
1/31/2023 6:48,6950
1/31/2023 6:49,6577
1/31/2023 6:50,6897
1/31/2023 6:50,7037
1/31/2023 6:51,6924
1/31/2023 6:51,6467
1/31/2023 6:52,6590
1/31/2023 6:52,6858
1/31/2023 6:53,6812
1/31/2023 6:53,6546
1/31/2023 6:54,6780
1/31/2023 6:54,6066
1/31/2023 6:55,6729
1/31/2023 6:55,6943
1/31/2023 6:56,6761
1/31/2023 6:56,6577
1/31/2023 6:57,6716
1/31/2023 6:57,6622
1/31/2023 6:58,6950
1/31/2023 6:58,6826
1/31/2023 6:59,6924
1/31/2023 6:59,6716
1/31/2023 7:00,6480
1/31/2023 7:00,6590
1/31/2023 7:01,7010
1/31/2023 7:01,6897
1/31/2023 7:02,6283
1/31/2023 7:02,6729
1/31/2023 7:03,6716
1/31/2023 7:03,6577
1/31/2023 7:04,6780
1/31/2023 7:04,6155
1/31/2023 7:05,6780
1/31/2023 7:05,6943
1/31/2023 7:06,6877
1/31/2023 7:06,6957
1/31/2023 7:07,6741
1/31/2023 7:07,6943
1/31/2023 7:08,6891
1/31/2023 7:08,6761
1/31/2023 7:09,7057
1/31/2023 7:09,6677
1/31/2023 7:10,6793
1/31/2023 7:10,6609
1/31/2023 7:11,6300
1/31/2023 7:11,6858
1/31/2023 7:12,6541
1/31/2023 7:12,6767
1/31/2023 7:13,6786
1/31/2023 7:13,7003
1/31/2023 7:14,6943
1/31/2023 7:14,6767
1/31/2023 7:15,6622
1/31/2023 7:15,6774
1/31/2023 7:16,6735
1/31/2023 7:17,6839
1/31/2023 7:17,6407
1/31/2023 7:18,6864
1/31/2023 7:18,6845
1/31/2023 7:19,6761
1/31/2023 7:19,6523
1/31/2023 7:20,7030
1/31/2023 7:20,6976
1/31/2023 7:21,6884
1/31/2023 7:21,6666
1/31/2023 7:22,6698
1/31/2023 7:22,6990
1/31/2023 7:23,6805
1/31/2023 7:23,6904
1/31/2023 7:24,7111
1/31/2023 7:24,6910
1/31/2023 7:25,6622
1/31/2023 7:25,6884
1/31/2023 7:26,6930
1/31/2023 7:26,6424
1/31/2023 7:27,6864
1/31/2023 7:27,7010
1/31/2023 7:28,6871
1/31/2023 7:28,6910
1/31/2023 7:29,6891
1/31/2023 7:29,7104
1/31/2023 7:30,6910
1/31/2023 7:30,6957
1/31/2023 7:31,6976
1/31/2023 7:31,6943
1/31/2023 7:32,7050
1/31/2023 7:32,6836
1/31/2023 7:33,7010
1/31/2023 7:33,6748
1/31/2023 7:34,6653
1/31/2023 7:34,6976
1/31/2023 7:35,6780
1/31/2023 7:35,7159
1/31/2023 7:36,6845
1/31/2023 7:36,6910
1/31/2023 7:37,6826
1/31/2023 7:37,6716
1/31/2023 7:38,6614
1/31/2023 7:38,6716
1/31/2023 7:39,6748
1/31/2023 7:39,6812
1/31/2023 7:40,6498
1/31/2023 7:40,7043
1/31/2023 7:41,7077
1/31/2023 7:41,6912
1/31/2023 7:42,6793
1/31/2023 7:42,6238
1/31/2023 7:43,6990
1/31/2023 7:44,6360
1/31/2023 7:44,6493
1/31/2023 7:45,7030
1/31/2023 7:45,6559
1/31/2023 7:46,6698
1/31/2023 7:46,7057
1/31/2023 7:47,6780
1/31/2023 7:47,6729
1/31/2023 7:48,6330
1/31/2023 7:48,7023
1/31/2023 7:49,6635
1/31/2023 7:49,6666
1/31/2023 7:50,6450
1/31/2023 7:50,7077
1/31/2023 7:51,7010
1/31/2023 7:51,6787
1/31/2023 7:52,6957
1/31/2023 7:52,7057
1/31/2023 7:53,6826
1/31/2023 7:53,7091
1/31/2023 7:54,7276
1/31/2023 7:54,6655
1/31/2023 7:55,6666
1/31/2023 7:55,6910
1/31/2023 7:56,7050
1/31/2023 7:56,6761
1/31/2023 7:57,6493
1/31/2023 7:57,6806
1/31/2023 7:58,6761
1/31/2023 7:58,6780
1/31/2023 7:59,6774
1/31/2023 7:59,6585
1/31/2023 8:00,6871
1/31/2023 8:00,6402
1/31/2023 8:01,6826
1/31/2023 8:01,6463
1/31/2023 8:02,6666
1/31/2023 8:02,6567
1/31/2023 8:03,6748
1/31/2023 8:03,6724
1/31/2023 8:04,7091
1/31/2023 8:04,6937
1/31/2023 8:05,6493
1/31/2023 8:05,6885
1/31/2023 8:06,6585
1/31/2023 8:06,6806
1/31/2023 8:07,7179
1/31/2023 8:07,6780
1/31/2023 8:08,6806
1/31/2023 8:08,6937
1/31/2023 8:09,6937
1/31/2023 8:09,6432
1/31/2023 8:10,6839
1/31/2023 8:11,7057
1/31/2023 8:11,6729
1/31/2023 8:12,6755
1/31/2023 8:12,6742
1/31/2023 8:13,6871
1/31/2023 8:13,6917
1/31/2023 8:14,6931
1/31/2023 8:14,6679
1/31/2023 8:15,6338
1/31/2023 8:15,6635
1/31/2023 8:16,6692
1/31/2023 8:16,6774
1/31/2023 8:17,6454
1/31/2023 8:17,6970
1/31/2023 8:18,6673
1/31/2023 8:18,7003
1/31/2023 8:19,6852
1/31/2023 8:19,6774
1/31/2023 8:20,6774
1/31/2023 8:20,6806
1/31/2023 8:21,6519
1/31/2023 8:21,6598
1/31/2023 8:22,6554
1/31/2023 8:22,6705
1/31/2023 8:23,6787
1/31/2023 8:23,6806
1/31/2023 8:24,6774
1/31/2023 8:24,6622
1/31/2023 8:25,6774
1/31/2023 8:25,7104
1/31/2023 8:26,6480
1/31/2023 8:26,6660
1/31/2023 8:27,6878
1/31/2023 8:27,7138
1/31/2023 8:28,6827
1/31/2023 8:28,6845
1/31/2023 8:29,6705
1/31/2023 8:29,6878
1/31/2023 8:30,6660
1/31/2023 8:30,6865
1/31/2023 8:31,6801
1/31/2023 8:31,6997
1/31/2023 8:32,7111
1/31/2023 8:32,6983
1/31/2023 8:33,6865
1/31/2023 8:33,6737
1/31/2023 8:34,7396
1/31/2023 8:34,6852
1/31/2023 8:35,6372
1/31/2023 8:35,6718
1/31/2023 8:36,6897
1/31/2023 8:36,6917
1/31/2023 8:37,7084
1/31/2023 8:38,6724
1/31/2023 8:38,6820
1/31/2023 8:39,6724
1/31/2023 8:39,6755
1/31/2023 8:40,6755
1/31/2023 8:40,6737
1/31/2023 8:41,7417
1/31/2023 8:41,6705
1/31/2023 8:42,6774
1/31/2023 8:42,6806
1/31/2023 8:43,7010
1/31/2023 8:43,6787
1/31/2023 8:44,6774
1/31/2023 8:44,6385
1/31/2023 8:45,6338
1/31/2023 8:45,6801
1/31/2023 8:46,7220
1/31/2023 8:46,6648
1/31/2023 8:47,6313
1/31/2023 8:47,7050
1/31/2023 8:48,6541
1/31/2023 8:48,7090
1/31/2023 8:49,6309
1/31/2023 8:49,6221
1/31/2023 8:50,6885
1/31/2023 8:50,6769
1/31/2023 8:51,6750
1/31/2023 8:51,6782
1/31/2023 8:52,7057
1/31/2023 8:52,6839
1/31/2023 8:53,6666
1/31/2023 8:53,6508
1/31/2023 8:54,6692
1/31/2023 8:54,6840
1/31/2023 8:55,6531
1/31/2023 8:55,6742
1/31/2023 8:56,7131
1/31/2023 8:56,7165
1/31/2023 8:57,6885
1/31/2023 8:57,7084
1/31/2023 8:58,6742
1/31/2023 8:58,6692
1/31/2023 8:59,6660
1/31/2023 8:59,6828
1/31/2023 9:00,6724
1/31/2023 9:00,6637
1/31/2023 9:01,6865
1/31/2023 9:01,6642
1/31/2023 9:02,6737
1/31/2023 9:02,6755
1/31/2023 9:03,6580
1/31/2023 9:03,6629
1/31/2023 9:04,6737
1/31/2023 9:05,6750
1/31/2023 9:05,6368
1/31/2023 9:06,7296
1/31/2023 9:06,6611
1/31/2023 9:07,6642
1/31/2023 9:07,6737
1/31/2023 9:08,6501
1/31/2023 9:08,6488
1/31/2023 9:09,7213
1/31/2023 9:09,7063
1/31/2023 9:10,6865
1/31/2023 9:10,6944
1/31/2023 9:11,6624
1/31/2023 9:11,6562
1/31/2023 9:12,6833
1/31/2023 9:12,6590
1/31/2023 9:13,6164
1/31/2023 9:13,7152
1/31/2023 9:14,6501
1/31/2023 9:14,6911
1/31/2023 9:15,6718
1/31/2023 9:15,6562
1/31/2023 9:16,6729
1/31/2023 9:16,6977
1/31/2023 9:17,7227
1/31/2023 9:17,6963
1/31/2023 9:18,6135
1/31/2023 9:18,6398
1/31/2023 9:19,6750
1/31/2023 9:19,7017
1/31/2023 9:20,6705
1/31/2023 9:20,6911
1/31/2023 9:21,7179
1/31/2023 9:21,6611
1/31/2023 9:22,6846
1/31/2023 9:22,6642
1/31/2023 9:23,7110
1/31/2023 9:23,6892
1/31/2023 9:24,6718
1/31/2023 9:24,6536
1/31/2023 9:25,7104
1/31/2023 9:25,6878
1/31/2023 9:26,6562
1/31/2023 9:26,7050
1/31/2023 9:27,6801
1/31/2023 9:27,6814
1/31/2023 9:28,6705
1/31/2023 9:28,6488
1/31/2023 9:29,6221
1/31/2023 9:29,6782
1/31/2023 9:30,6250
1/31/2023 9:31,6801
1/31/2023 9:31,6544
1/31/2023 9:32,6423
1/31/2023 9:32,6655
1/31/2023 9:33,7043
1/31/2023 9:33,6279
1/31/2023 9:34,7010
1/31/2023 9:34,6531
1/31/2023 9:35,6750
1/31/2023 9:35,6624
1/31/2023 9:36,6931
1/31/2023 9:36,6176
1/31/2023 9:37,6363
1/31/2023 9:37,6963
1/31/2023 9:38,6263
1/31/2023 9:38,6686
1/31/2023 9:39,6782
1/31/2023 9:39,7063
1/31/2023 9:40,6865
1/31/2023 9:40,6718
1/31/2023 9:41,6342
1/31/2023 9:41,6859
1/31/2023 9:42,6686
1/31/2023 9:42,6878
1/31/2023 9:43,7317
1/31/2023 9:43,7077
1/31/2023 9:44,7077
1/31/2023 9:44,7104
1/31/2023 9:45,6795
1/31/2023 9:45,6642
1/31/2023 9:46,6642
1/31/2023 9:46,6990
1/31/2023 9:47,6841
1/31/2023 9:47,6859
1/31/2023 9:48,6911
1/31/2023 9:48,6619
1/31/2023 9:49,7077
1/31/2023 9:49,6924
1/31/2023 9:50,7138
1/31/2023 9:50,6846
1/31/2023 9:51,6731
1/31/2023 9:51,6833
1/31/2023 9:52,6878
1/31/2023 9:52,6782
1/31/2023 9:53,6598
1/31/2023 9:53,6668
1/31/2023 9:54,6827
1/31/2023 9:54,6718
1/31/2023 9:55,7199
1/31/2023 9:55,6655
1/31/2023 9:56,6686
1/31/2023 9:56,6699
1/31/2023 9:57,6448
1/31/2023 9:58,6911
1/31/2023 9:58,6668
1/31/2023 9:59,6846
1/31/2023 9:59,6795
1/31/2023 10:00,6629
1/31/2023 10:00,6892
1/31/2023 10:01,7010
1/31/2023 10:01,6718
1/31/2023 10:02,6642
1/31/2023 10:02,6963
1/31/2023 10:03,6814
1/31/2023 10:03,6865
1/31/2023 10:04,6731
1/31/2023 10:04,6712
1/31/2023 10:05,6859
1/31/2023 10:05,6763
1/31/2023 10:06,6833
1/31/2023 10:06,6606
1/31/2023 10:07,6846
1/31/2023 10:07,7077
1/31/2023 10:08,6598
1/31/2023 10:08,6898
1/31/2023 10:09,6833
1/31/2023 10:09,6795
1/31/2023 10:10,6686
1/31/2023 10:10,6924
1/31/2023 10:11,6990
1/31/2023 10:11,6795
1/31/2023 10:12,6655
1/31/2023 10:12,6642
1/31/2023 10:13,6924
1/31/2023 10:13,6562
1/31/2023 10:14,6458
1/31/2023 10:14,6865
1/31/2023 10:15,6750
1/31/2023 10:15,6984
1/31/2023 10:16,6655
1/31/2023 10:16,6814
1/31/2023 10:17,6731
1/31/2023 10:17,6731
1/31/2023 10:18,7111
1/31/2023 10:18,6750
1/31/2023 10:19,7023
1/31/2023 10:19,6846
1/31/2023 10:20,6531
1/31/2023 10:20,6531
1/31/2023 10:21,7097
1/31/2023 10:21,6718
1/31/2023 10:22,6795
1/31/2023 10:22,6292
1/31/2023 10:23,6655
1/31/2023 10:23,6840
1/31/2023 10:24,7063
1/31/2023 10:25,6642
1/31/2023 10:25,6859
1/31/2023 10:26,6699
1/31/2023 10:26,6593
1/31/2023 10:27,7097
1/31/2023 10:27,6859
1/31/2023 10:28,6699
1/31/2023 10:28,7077
1/31/2023 10:29,6846
1/31/2023 10:29,6833
1/31/2023 10:30,6878
1/31/2023 10:30,7003
1/31/2023 10:31,6776
1/31/2023 10:31,6410
1/31/2023 10:32,6562
1/31/2023 10:32,6878
1/31/2023 10:33,6593
1/31/2023 10:33,6368
1/31/2023 10:34,6782
1/31/2023 10:34,6990
1/31/2023 10:35,6795
1/31/2023 10:35,6763
1/31/2023 10:36,7023
1/31/2023 10:36,6655
1/31/2023 10:37,6705
1/31/2023 10:37,7057
1/31/2023 10:38,6686
1/31/2023 10:38,6686
1/31/2023 10:39,7090
1/31/2023 10:39,6827
1/31/2023 10:40,6686
1/31/2023 10:40,6892
1/31/2023 10:41,6624
1/31/2023 10:41,6814
1/31/2023 10:42,6562
1/31/2023 10:42,6718
1/31/2023 10:43,6763
1/31/2023 10:43,6782
1/31/2023 10:44,6892
1/31/2023 10:44,6801
1/31/2023 10:45,6737
1/31/2023 10:45,6801
1/31/2023 10:46,6892
1/31/2023 10:46,6250
1/31/2023 10:47,6750
1/31/2023 10:47,6898
1/31/2023 10:48,6731
1/31/2023 10:48,7145
1/31/2023 10:49,6637
1/31/2023 10:49,6990
1/31/2023 10:50,6833
1/31/2023 10:50,6673
1/31/2023 10:51,6878
1/31/2023 10:52,6865
1/31/2023 10:52,6744
1/31/2023 10:53,6865
1/31/2023 10:53,6782
1/31/2023 10:54,6549
1/31/2023 10:54,6655
1/31/2023 10:55,6737
1/31/2023 10:55,6892
1/31/2023 10:56,6705
1/31/2023 10:56,6686
1/31/2023 10:57,6782
1/31/2023 10:57,6338
1/31/2023 10:58,6878
1/31/2023 10:58,6795
1/31/2023 10:59,6385
1/31/2023 10:59,6763
1/31/2023 11:00,6699
1/31/2023 11:00,6795
1/31/2023 11:01,6827
1/31/2023 11:01,6642
1/31/2023 11:02,6950
1/31/2023 11:02,6878
1/31/2023 11:03,6892
1/31/2023 11:03,6531
1/31/2023 11:04,6769
1/31/2023 11:04,6718
1/31/2023 11:05,6801
1/31/2023 11:05,6865
1/31/2023 11:06,6410
1/31/2023 11:06,6686
1/31/2023 11:07,6833
1/31/2023 11:07,7084
1/31/2023 11:08,6679
1/31/2023 11:08,6977
1/31/2023 11:09,7199
1/31/2023 11:09,6977
1/31/2023 11:10,6598
1/31/2023 11:10,6782
1/31/2023 11:11,6977
1/31/2023 11:11,6782
1/31/2023 11:12,6737
1/31/2023 11:12,6629
1/31/2023 11:13,6655
1/31/2023 11:13,6977
1/31/2023 11:14,6304
1/31/2023 11:14,6642
1/31/2023 11:15,6544
1/31/2023 11:15,6750
1/31/2023 11:16,6514
1/31/2023 11:16,6577
1/31/2023 11:17,6580
1/31/2023 11:18,6763
1/31/2023 11:18,6686
1/31/2023 11:19,6629
1/31/2023 11:19,6385
1/31/2023 11:20,6892
1/31/2023 11:20,6250
1/31/2023 11:21,6428
1/31/2023 11:21,7043
1/31/2023 11:22,6737
1/31/2023 11:22,6724
1/31/2023 11:23,6744
1/31/2023 11:23,6782
1/31/2023 11:24,6580
1/31/2023 11:24,6885
1/31/2023 11:25,6782
1/31/2023 11:25,7030
1/31/2023 11:26,6588
1/31/2023 11:26,6488
1/31/2023 11:27,6833
1/31/2023 11:27,6642
1/31/2023 11:28,6782
1/31/2023 11:28,6977
1/31/2023 11:29,6782
1/31/2023 11:29,6950
1/31/2023 11:30,7145
1/31/2023 11:30,7131
1/31/2023 11:31,6795
1/31/2023 11:31,6782
1/31/2023 11:32,6840
1/31/2023 11:32,6801
1/31/2023 11:33,6737
1/31/2023 11:33,6501
1/31/2023 11:34,6560
1/31/2023 11:34,6924
1/31/2023 11:35,7282
1/31/2023 11:35,6763
1/31/2023 11:36,6606
1/31/2023 11:36,7043
1/31/2023 11:37,6655
1/31/2023 11:37,6655
1/31/2023 11:38,6549
1/31/2023 11:38,6275
1/31/2023 11:39,7090
1/31/2023 11:39,6801
1/31/2023 11:40,6718
1/31/2023 11:40,6931
1/31/2023 11:41,6814
1/31/2023 11:41,7010
1/31/2023 11:42,6655
1/31/2023 11:42,6351
1/31/2023 11:43,6611
1/31/2023 11:43,6801
1/31/2023 11:44,7213
1/31/2023 11:45,6750
1/31/2023 11:45,6997
1/31/2023 11:46,7043
1/31/2023 11:46,6827
1/31/2023 11:47,6655
1/31/2023 11:47,6782
1/31/2023 11:48,6699
1/31/2023 11:48,6501
1/31/2023 11:49,6580
1/31/2023 11:49,6705
1/31/2023 11:50,6795
1/31/2023 11:50,7030
1/31/2023 11:51,6898
1/31/2023 11:51,6423
1/31/2023 11:52,6624
1/31/2023 11:52,6801
1/31/2023 11:53,7050
1/31/2023 11:53,6410
1/31/2023 11:54,6898
1/31/2023 11:54,6839
1/31/2023 11:55,6865
1/31/2023 11:55,6731
1/31/2023 11:56,6637
1/31/2023 11:56,6309
1/31/2023 11:57,6769
1/31/2023 11:57,6470
1/31/2023 11:58,6673
1/31/2023 11:58,6997
1/31/2023 11:59,6147
1/31/2023 11:59,6997
1/31/2023 12:00,6705
1/31/2023 12:00,7097
1/31/2023 12:01,6931
1/31/2023 12:01,6833
1/31/2023 12:02,6833
1/31/2023 12:02,6470
1/31/2023 12:03,6782
1/31/2023 12:03,6814
1/31/2023 12:04,6997
1/31/2023 12:04,6705
1/31/2023 12:05,6878
1/31/2023 12:05,6763
1/31/2023 12:06,6801
1/31/2023 12:06,6233
1/31/2023 12:07,6846
1/31/2023 12:07,6990
1/31/2023 12:08,6787
1/31/2023 12:08,6363
1/31/2023 12:09,6898
1/31/2023 12:09,6611
1/31/2023 12:10,6911
1/31/2023 12:10,7131
1/31/2023 12:11,6686
1/31/2023 12:12,6931
1/31/2023 12:12,6878
1/31/2023 12:13,6944
1/31/2023 12:13,6624
1/31/2023 12:14,6782
1/31/2023 12:14,6496
1/31/2023 12:15,6911
1/31/2023 12:15,7179
1/31/2023 12:16,6769
1/31/2023 12:16,6731
1/31/2023 12:17,6755
1/31/2023 12:17,6795
1/31/2023 12:18,6622
1/31/2023 12:18,6750
1/31/2023 12:19,6769
1/31/2023 12:19,6611
1/31/2023 12:20,6250
1/31/2023 12:20,6892
1/31/2023 12:21,6769
1/31/2023 12:21,6580
1/31/2023 12:22,6445
1/31/2023 12:22,6806
1/31/2023 12:23,6673
1/31/2023 12:23,6814
1/31/2023 12:24,6655
1/31/2023 12:24,7063
1/31/2023 12:25,7097
1/31/2023 12:25,6737
1/31/2023 12:26,6911
1/31/2023 12:26,6673
1/31/2023 12:27,6531
1/31/2023 12:27,6795
1/31/2023 12:28,7138
1/31/2023 12:28,7152
1/31/2023 12:29,7213
1/31/2023 12:29,6321
1/31/2023 12:30,6795
1/31/2023 12:30,6750
1/31/2023 12:31,6787
1/31/2023 12:31,6878
1/31/2023 12:32,6593
1/31/2023 12:32,7097
1/31/2023 12:33,7097
1/31/2023 12:33,6488
1/31/2023 12:34,6782
1/31/2023 12:34,6750
1/31/2023 12:35,6977
1/31/2023 12:35,6363
1/31/2023 12:36,6718
1/31/2023 12:36,6917
1/31/2023 12:37,7030
1/31/2023 12:37,7124
1/31/2023 12:38,7010
1/31/2023 12:39,6977
1/31/2023 12:39,6833
1/31/2023 12:40,6776
1/31/2023 12:40,6531
1/31/2023 12:41,6763
1/31/2023 12:41,6544
1/31/2023 12:42,6782
1/31/2023 12:42,6774
1/31/2023 12:43,6453
1/31/2023 12:43,7199
1/31/2023 12:44,6833
1/31/2023 12:44,6911
1/31/2023 12:45,6531
1/31/2023 12:45,6514
1/31/2023 12:46,6872
1/31/2023 12:46,6580
1/31/2023 12:47,6493
1/31/2023 12:47,6501
1/31/2023 12:48,6483
1/31/2023 12:48,6750
1/31/2023 12:49,6562
1/31/2023 12:49,6279
1/31/2023 12:50,6782
1/31/2023 12:50,6611
1/31/2023 12:51,7124
1/31/2023 12:51,6782
1/31/2023 12:52,6549
1/31/2023 12:52,6725
1/31/2023 12:53,6544
1/31/2023 12:53,7104
1/31/2023 12:54,6820
1/31/2023 12:54,6963
1/31/2023 12:55,6275
1/31/2023 12:55,6686
1/31/2023 12:56,6699
1/31/2023 12:56,6544
1/31/2023 12:57,6878
1/31/2023 12:57,6782
1/31/2023 12:58,7050
1/31/2023 12:58,6931
1/31/2023 12:59,7070
1/31/2023 12:59,6846
1/31/2023 13:00,6957
1/31/2023 13:00,6931
1/31/2023 13:01,6931
1/31/2023 13:01,6673
1/31/2023 13:02,7131
1/31/2023 13:02,7104
1/31/2023 13:03,6878
1/31/2023 13:03,6970
1/31/2023 13:04,6833
1/31/2023 13:05,6865
1/31/2023 13:05,7077
1/31/2023 13:06,6859
1/31/2023 13:06,7043
1/31/2023 13:07,7043
1/31/2023 13:07,6769
1/31/2023 13:08,7077
1/31/2023 13:08,6833
1/31/2023 13:09,6094
1/31/2023 13:09,6668
1/31/2023 13:10,6606
1/31/2023 13:10,6852
1/31/2023 13:11,6957
1/31/2023 13:11,6814
1/31/2023 13:12,6629
1/31/2023 13:12,6878
1/31/2023 13:13,6911
1/31/2023 13:13,6911
1/31/2023 13:14,6782
1/31/2023 13:14,6782
1/31/2023 13:15,6718
1/31/2023 13:15,6846
1/31/2023 13:16,6885
1/31/2023 13:16,6865
1/31/2023 13:17,6544
1/31/2023 13:17,6789
1/31/2023 13:18,6580
1/31/2023 13:18,6679
1/31/2023 13:19,7131
1/31/2023 13:19,6488
1/31/2023 13:20,7111
1/31/2023 13:20,6737
1/31/2023 13:21,6673
1/31/2023 13:21,6737
1/31/2023 13:22,7030
1/31/2023 13:22,6795
1/31/2023 13:23,6944
1/31/2023 13:23,7010
1/31/2023 13:24,6814
1/31/2023 13:24,6801
1/31/2023 13:25,6629
1/31/2023 13:25,6905
1/31/2023 13:26,6846
1/31/2023 13:26,7158
1/31/2023 13:27,6814
1/31/2023 13:27,6795
1/31/2023 13:28,6944
1/31/2023 13:28,7050
1/31/2023 13:29,6782
1/31/2023 13:29,6865
1/31/2023 13:30,7043
1/31/2023 13:30,6846
1/31/2023 13:31,6692
1/31/2023 13:32,6470
1/31/2023 13:32,6898
1/31/2023 13:33,6833
1/31/2023 13:33,6852
1/31/2023 13:34,6865
1/31/2023 13:34,6519
1/31/2023 13:35,6782
1/31/2023 13:35,6846
1/31/2023 13:36,6846
1/31/2023 13:36,6885
1/31/2023 13:37,6911
1/31/2023 13:37,6580
1/31/2023 13:38,6292
1/31/2023 13:38,7010
1/31/2023 13:39,6673
1/31/2023 13:39,6879
1/31/2023 13:40,7077
1/31/2023 13:40,6859
1/31/2023 13:41,6990
1/31/2023 13:41,7131
1/31/2023 13:42,6846
1/31/2023 13:42,7248
1/31/2023 13:43,6668
1/31/2023 13:43,7179
1/31/2023 13:44,6514
1/31/2023 13:44,6668
1/31/2023 13:45,7023
1/31/2023 13:45,6892
1/31/2023 13:46,6878
1/31/2023 13:46,6839
1/31/2023 13:47,7213
1/31/2023 13:47,6334
1/31/2023 13:48,6491
1/31/2023 13:48,7145
1/31/2023 13:49,6833
1/31/2023 13:49,6655
1/31/2023 13:50,6453
1/31/2023 13:50,6846
1/31/2023 13:51,7084
1/31/2023 13:51,6718
1/31/2023 13:52,6769
1/31/2023 13:52,6814
1/31/2023 13:53,6668
1/31/2023 13:53,6501
1/31/2023 13:54,6580
1/31/2023 13:54,7111
1/31/2023 13:55,6593
1/31/2023 13:55,6580
1/31/2023 13:56,6763
1/31/2023 13:56,6878
1/31/2023 13:57,6580
1/31/2023 13:57,6931
1/31/2023 13:58,6879
1/31/2023 13:59,6769
1/31/2023 13:59,6642
1/31/2023 14:00,7077
1/31/2023 14:00,7010
1/31/2023 14:01,6827
1/31/2023 14:01,6673
1/31/2023 14:02,6898
1/31/2023 14:02,6833
1/31/2023 14:03,6977
1/31/2023 14:03,6878
1/31/2023 14:04,6668
1/31/2023 14:04,6078
1/31/2023 14:05,6795
1/31/2023 14:05,7023
1/31/2023 14:06,7234
1/31/2023 14:06,6814
1/31/2023 14:07,7017
1/31/2023 14:07,6977
1/31/2023 14:08,6470
1/31/2023 14:08,6769
1/31/2023 14:09,6812
1/31/2023 14:09,7017
1/31/2023 14:10,6990
1/31/2023 14:10,6611
1/31/2023 14:11,6514
1/31/2023 14:11,6725
1/31/2023 14:12,6263
1/31/2023 14:12,6750
1/31/2023 14:13,6562
1/31/2023 14:13,7063
1/31/2023 14:14,6737
1/31/2023 14:14,6898
1/31/2023 14:15,6642
1/31/2023 14:15,7030
1/31/2023 14:16,6911
1/31/2023 14:16,6679
1/31/2023 14:17,6737
1/31/2023 14:17,6531
1/31/2023 14:18,6885
1/31/2023 14:18,6801
1/31/2023 14:19,6750
1/31/2023 14:19,6820
1/31/2023 14:20,7097
1/31/2023 14:20,7179
1/31/2023 14:21,6718
1/31/2023 14:21,6737
1/31/2023 14:22,7030
1/31/2023 14:22,6718
1/31/2023 14:23,6681
1/31/2023 14:23,7077
1/31/2023 14:24,6827
1/31/2023 14:24,6782
1/31/2023 14:25,6718
1/31/2023 14:26,7017
1/31/2023 14:26,6878
1/31/2023 14:27,6637
1/31/2023 14:27,7077
1/31/2023 14:28,6859
1/31/2023 14:28,6944
1/31/2023 14:29,7043
1/31/2023 14:29,7023
1/31/2023 14:30,6711
1/31/2023 14:30,6606
1/31/2023 14:31,6795
1/31/2023 14:31,6562
1/31/2023 14:32,7043
1/31/2023 14:32,7017
1/31/2023 14:33,7179
1/31/2023 14:33,6846
1/31/2023 14:34,7213
1/31/2023 14:34,6686
1/31/2023 14:35,7010
1/31/2023 14:35,7043
1/31/2023 14:36,6990
1/31/2023 14:36,6957
1/31/2023 14:37,6814
1/31/2023 14:37,7077
1/31/2023 14:38,6562
1/31/2023 14:38,6523
1/31/2023 14:39,6957
1/31/2023 14:39,6878
1/31/2023 14:40,6878
1/31/2023 14:40,6712
1/31/2023 14:41,6428
1/31/2023 14:41,6686
1/31/2023 14:42,6750
1/31/2023 14:42,6977
1/31/2023 14:43,7104
1/31/2023 14:43,6763
1/31/2023 14:44,6750
1/31/2023 14:44,6937
1/31/2023 14:45,7117
1/31/2023 14:45,6997
1/31/2023 14:46,7010
1/31/2023 14:46,6827
1/31/2023 14:47,6892
1/31/2023 14:47,6750
1/31/2023 14:48,7063
1/31/2023 14:48,6787
1/31/2023 14:49,6944
1/31/2023 14:49,6673
1/31/2023 14:50,6852
1/31/2023 14:50,6580
1/31/2023 14:51,6997
1/31/2023 14:52,6655
1/31/2023 14:52,6878
1/31/2023 14:53,6750
1/31/2023 14:53,6931
1/31/2023 14:54,6668
1/31/2023 14:54,7043
1/31/2023 14:55,6931
1/31/2023 14:55,6852
1/31/2023 14:56,6892
1/31/2023 14:56,7124
1/31/2023 14:57,7077
1/31/2023 14:57,6769
1/31/2023 14:58,6718
1/31/2023 14:58,6519
1/31/2023 14:59,6924
1/31/2023 14:59,6924
1/31/2023 15:00,6872
1/31/2023 15:00,6668
1/31/2023 15:01,6725
1/31/2023 15:01,6865
1/31/2023 15:02,6176
1/31/2023 15:02,7248
1/31/2023 15:03,6898
1/31/2023 15:03,6911
1/31/2023 15:04,6398
1/31/2023 15:04,6549
1/31/2023 15:05,6878
1/31/2023 15:05,6814
1/31/2023 15:06,6938
1/31/2023 15:06,6593
1/31/2023 15:07,7077
1/31/2023 15:07,6655
1/31/2023 15:08,6846
1/31/2023 15:08,6718
1/31/2023 15:09,6432
1/31/2023 15:09,6642
1/31/2023 15:10,6957
1/31/2023 15:10,6821
1/31/2023 15:11,6580
1/31/2023 15:11,7003
1/31/2023 15:12,6911
1/31/2023 15:12,6795
1/31/2023 15:13,7172
1/31/2023 15:13,6853
1/31/2023 15:14,7124
1/31/2023 15:14,7459
1/31/2023 15:15,6750
1/31/2023 15:15,6642
1/31/2023 15:16,6878
1/31/2023 15:16,6820
1/31/2023 15:17,6750
1/31/2023 15:17,6624
1/31/2023 15:18,6814
1/31/2023 15:19,6782
1/31/2023 15:19,7057
1/31/2023 15:20,6470
1/31/2023 15:20,6905
1/31/2023 15:21,6750
1/31/2023 15:21,7131
1/31/2023 15:22,6858
1/31/2023 15:22,6827
1/31/2023 15:23,6705
1/31/2023 15:23,6859
1/31/2023 15:24,7254
1/31/2023 15:24,6718
1/31/2023 15:25,6833
1/31/2023 15:25,6911
1/31/2023 15:26,7090
1/31/2023 15:26,7057
1/31/2023 15:27,6338
1/31/2023 15:27,6593
1/31/2023 15:28,6885
1/31/2023 15:28,6815
1/31/2023 15:29,6924
1/31/2023 15:29,6470
1/31/2023 15:30,6904
1/31/2023 15:30,6871
1/31/2023 15:31,6686
1/31/2023 15:31,6977
1/31/2023 15:32,6827
1/31/2023 15:32,6963
1/31/2023 15:33,6712
1/31/2023 15:33,6544
1/31/2023 15:34,6847
1/31/2023 15:34,6827
1/31/2023 15:35,6718
1/31/2023 15:35,6846
1/31/2023 15:36,6718
1/31/2023 15:36,6338
1/31/2023 15:37,6944
1/31/2023 15:37,6814
1/31/2023 15:38,6898
1/31/2023 15:38,6859
1/31/2023 15:39,6990
1/31/2023 15:39,6593
1/31/2023 15:40,6750
1/31/2023 15:40,7063
1/31/2023 15:41,6606
1/31/2023 15:41,6279
1/31/2023 15:42,6814
1/31/2023 15:42,6931
1/31/2023 15:43,6898
1/31/2023 15:43,6731
1/31/2023 15:44,6878
1/31/2023 15:44,6878
1/31/2023 15:45,6637
1/31/2023 15:46,6711
1/31/2023 15:46,6814
1/31/2023 15:47,6898
1/31/2023 15:47,6833
1/31/2023 15:48,6898
1/31/2023 15:48,7213
1/31/2023 15:49,6983
1/31/2023 15:49,7131
1/31/2023 15:50,7010
1/31/2023 15:50,7030
1/31/2023 15:51,6865
1/31/2023 15:51,6769
1/31/2023 15:52,7179
1/31/2023 15:52,7131
1/31/2023 15:53,6549
1/31/2023 15:53,6458
1/31/2023 15:54,6292
1/31/2023 15:54,6705
1/31/2023 15:55,6380
1/31/2023 15:55,6402
1/31/2023 15:56,6931
1/31/2023 15:56,6898
1/31/2023 15:57,6428
1/31/2023 15:57,6917
1/31/2023 15:58,7063
1/31/2023 15:58,6567
1/31/2023 15:59,6737
1/31/2023 15:59,7269
1/31/2023 16:00,6957
1/31/2023 16:00,6475
1/31/2023 16:01,6528
1/31/2023 16:01,7234
1/31/2023 16:02,6898
1/31/2023 16:02,6833
1/31/2023 16:03,7050
1/31/2023 16:03,6616
1/31/2023 16:04,6997
1/31/2023 16:04,6970
1/31/2023 16:05,6917
1/31/2023 16:05,6885
1/31/2023 16:06,6983
1/31/2023 16:06,6990
1/31/2023 16:07,7070
1/31/2023 16:07,6567
1/31/2023 16:08,7063
1/31/2023 16:08,6904
1/31/2023 16:09,6787
1/31/2023 16:09,6787
1/31/2023 16:10,7118
1/31/2023 16:10,7186
1/31/2023 16:11,7017
1/31/2023 16:11,6891
1/31/2023 16:12,6787
1/31/2023 16:13,6577
1/31/2023 16:13,6839
1/31/2023 16:14,7003
1/31/2023 16:14,6554
1/31/2023 16:15,6878
1/31/2023 16:15,7138
1/31/2023 16:16,6970
1/31/2023 16:16,6793
1/31/2023 16:17,7172
1/31/2023 16:17,6970
1/31/2023 16:18,7220
1/31/2023 16:18,6976
1/31/2023 16:19,7037
1/31/2023 16:19,6904
1/31/2023 16:20,7010
1/31/2023 16:20,7517
1/31/2023 16:21,6635
1/31/2023 16:21,6983
1/31/2023 16:22,7017
1/31/2023 16:22,7090
1/31/2023 16:23,7118
1/31/2023 16:23,7138
1/31/2023 16:24,6801
1/31/2023 16:24,6904
1/31/2023 16:25,6598
1/31/2023 16:25,7050
1/31/2023 16:26,6917
1/31/2023 16:26,6755
1/31/2023 16:27,6917
1/31/2023 16:27,7037
1/31/2023 16:28,7037
1/31/2023 16:28,7220
1/31/2023 16:29,7118
1/31/2023 16:29,6885
1/31/2023 16:30,7138
1/31/2023 16:30,7070
1/31/2023 16:31,7152
1/31/2023 16:31,6751
1/31/2023 16:32,6983
1/31/2023 16:32,7104
1/31/2023 16:33,7017
1/31/2023 16:33,6917
1/31/2023 16:34,6970
1/31/2023 16:34,6793
1/31/2023 16:35,6950
1/31/2023 16:35,7010
1/31/2023 16:37,7050
1/31/2023 16:40,6852
1/31/2023 16:40,6761
1/31/2023 16:41,6983
1/31/2023 16:43,7241
1/31/2023 16:43,7070
1/31/2023 16:44,7050
1/31/2023 16:44,6924
1/31/2023 16:45,7111
1/31/2023 16:45,6724
1/31/2023 16:46,6737
1/31/2023 16:46,7010
1/31/2023 16:47,7220
1/31/2023 16:47,6997
1/31/2023 16:49,6904
1/31/2023 16:50,6997
1/31/2023 16:50,7124
1/31/2023 16:51,7207
1/31/2023 16:51,7097
1/31/2023 16:52,6917
1/31/2023 16:52,7152
1/31/2023 16:53,6806
1/31/2023 16:53,6698
1/31/2023 16:54,7084
1/31/2023 16:54,6983
1/31/2023 16:55,7325
1/31/2023 16:55,6871
1/31/2023 16:56,7050
1/31/2023 16:56,7037
1/31/2023 16:57,6761
1/31/2023 16:57,7152
1/31/2023 16:58,6996
1/31/2023 16:58,6996
1/31/2023 16:59,7241
1/31/2023 16:59,7017
1/31/2023 17:00,6885
1/31/2023 17:00,6523
1/31/2023 17:01,7030
1/31/2023 17:01,7269
1/31/2023 17:02,7003
1/31/2023 17:02,6852
1/31/2023 17:03,6744
1/31/2023 17:03,7186
1/31/2023 17:04,7186
1/31/2023 17:04,6904
1/31/2023 17:05,6963
1/31/2023 17:06,6931
1/31/2023 17:06,7131
1/31/2023 17:07,7037
1/31/2023 17:07,7050
1/31/2023 17:08,7131
1/31/2023 17:08,7097
1/31/2023 17:09,7241
1/31/2023 17:09,7017
1/31/2023 17:10,6549
1/31/2023 17:10,6769
1/31/2023 17:11,7172
1/31/2023 17:11,6774
1/31/2023 17:12,6957
1/31/2023 17:12,7023
1/31/2023 17:13,7131
1/31/2023 17:13,6787
1/31/2023 17:14,7186
1/31/2023 17:14,6769
1/31/2023 17:15,6983
1/31/2023 17:15,7050
1/31/2023 17:16,6917
1/31/2023 17:16,7104
1/31/2023 17:17,6668
1/31/2023 17:17,6891
1/31/2023 17:18,7084
1/31/2023 17:18,7097
1/31/2023 17:19,7199
1/31/2023 17:19,7152
1/31/2023 17:20,7111
1/31/2023 17:20,7070
1/31/2023 17:21,7037
1/31/2023 17:21,6761
1/31/2023 17:22,7111
1/31/2023 17:22,6163
1/31/2023 17:23,7234
1/31/2023 17:23,7228
1/31/2023 17:24,6950
1/31/2023 17:24,6806
1/31/2023 17:25,6629
1/31/2023 17:25,6885
1/31/2023 17:26,6448
1/31/2023 17:26,6852
1/31/2023 17:27,6950
1/31/2023 17:27,7017
1/31/2023 17:28,7017
1/31/2023 17:28,6554
1/31/2023 17:29,6815
1/31/2023 17:29,6898
1/31/2023 17:30,6660
1/31/2023 17:30,6937
1/31/2023 17:31,7186
1/31/2023 17:31,6878
1/31/2023 17:32,7023
1/31/2023 17:33,7003
1/31/2023 17:33,7290
1/31/2023 17:34,6580
1/31/2023 17:34,6531
1/31/2023 17:35,6755
1/31/2023 17:35,7517
1/31/2023 17:36,7017
1/31/2023 17:36,6671
1/31/2023 17:37,6585
1/31/2023 17:37,6774
1/31/2023 17:38,6642
1/31/2023 17:38,6997
1/31/2023 17:39,6580
1/31/2023 17:39,6554
1/31/2023 17:40,6360
1/31/2023 17:40,7220
1/31/2023 17:41,6871
1/31/2023 17:41,6898
1/31/2023 17:42,6567
1/31/2023 17:42,6737
1/31/2023 17:43,6898
1/31/2023 17:43,7017
1/31/2023 17:44,7017
1/31/2023 17:44,6801
1/31/2023 17:45,6567
1/31/2023 17:45,6549
1/31/2023 17:46,6898
1/31/2023 17:46,6801
1/31/2023 17:47,7339
1/31/2023 17:47,7186
1/31/2023 17:48,6755
1/31/2023 17:48,6871
1/31/2023 17:49,6970
1/31/2023 17:49,7220
1/31/2023 17:50,6716
1/31/2023 17:50,6475
1/31/2023 17:51,7118
1/31/2023 17:51,7023
1/31/2023 17:52,7118
1/31/2023 17:52,6660
1/31/2023 17:53,6820
1/31/2023 17:53,7151
1/31/2023 17:54,7104
1/31/2023 17:54,6673
1/31/2023 17:55,6806
1/31/2023 17:55,6637
1/31/2023 17:56,6885
1/31/2023 17:56,7453
1/31/2023 17:57,6372
1/31/2023 17:57,6801
1/31/2023 17:58,6977
1/31/2023 17:58,6705
1/31/2023 17:59,7396
1/31/2023 18:00,6787
1/31/2023 18:00,6820
1/31/2023 18:01,7303
1/31/2023 18:01,6637
1/31/2023 18:02,6648
1/31/2023 18:02,6787
1/31/2023 18:03,7010
1/31/2023 18:03,6787
1/31/2023 18:04,6871
1/31/2023 18:04,7030
1/31/2023 18:05,6944
1/31/2023 18:05,6833
1/31/2023 18:06,7097
1/31/2023 18:06,7050
1/31/2023 18:07,6801
1/31/2023 18:07,6911
1/31/2023 18:08,6820
1/31/2023 18:08,6611
1/31/2023 18:09,6950
1/31/2023 18:09,6793
1/31/2023 18:10,6737
1/31/2023 18:10,7172
1/31/2023 18:11,7063
1/31/2023 18:11,7290
1/31/2023 18:12,7023
1/31/2023 18:12,6885
1/31/2023 18:13,6930
1/31/2023 18:13,6983
1/31/2023 18:14,6801
1/31/2023 18:14,6963
1/31/2023 18:15,7576
1/31/2023 18:15,6865
1/31/2023 18:16,7077
1/31/2023 18:16,7282
1/31/2023 18:17,6742
1/31/2023 18:17,7179
1/31/2023 18:18,6983
1/31/2023 18:18,6931
1/31/2023 18:19,6957
1/31/2023 18:19,7269
1/31/2023 18:20,7185
1/31/2023 18:20,7050
1/31/2023 18:21,7360
1/31/2023 18:21,6642
1/31/2023 18:22,7050
1/31/2023 18:22,6705
1/31/2023 18:23,6787
1/31/2023 18:23,7220
1/31/2023 18:24,7185
1/31/2023 18:24,6833
1/31/2023 18:25,6673
1/31/2023 18:25,7131
1/31/2023 18:26,6898
1/31/2023 18:27,6963
1/31/2023 18:27,7374
1/31/2023 18:28,7118
1/31/2023 18:28,6774
1/31/2023 18:29,6898
1/31/2023 18:29,6801
1/31/2023 18:30,6660
1/31/2023 18:30,6937
1/31/2023 18:31,7037
1/31/2023 18:31,6950
1/31/2023 18:32,7319
1/31/2023 18:32,6950
1/31/2023 18:33,6885
1/31/2023 18:33,6820
1/31/2023 18:34,6865
1/31/2023 18:34,6774
1/31/2023 18:35,7138
1/31/2023 18:35,6445
1/31/2023 18:36,6774
1/31/2023 18:36,6705
1/31/2023 18:37,6806
1/31/2023 18:37,6852
1/31/2023 18:38,6885
1/31/2023 18:38,6839
1/31/2023 18:39,7346
1/31/2023 18:39,6970
1/31/2023 18:40,7396
1/31/2023 18:40,6937
1/31/2023 18:41,7030
1/31/2023 18:41,6917
1/31/2023 18:42,7467
1/31/2023 18:42,6950
1/31/2023 18:43,6761
1/31/2023 18:43,6787
1/31/2023 18:44,7382
1/31/2023 18:44,6957
1/31/2023 18:45,7084
1/31/2023 18:45,7152
1/31/2023 18:46,6983
1/31/2023 18:46,6885
1/31/2023 18:47,6598
1/31/2023 18:47,7030
1/31/2023 18:48,7683
1/31/2023 18:48,6705
1/31/2023 18:49,6917
1/31/2023 18:49,7043
1/31/2023 18:50,6957
1/31/2023 18:50,7003
1/31/2023 18:51,6648
1/31/2023 18:51,6891
1/31/2023 18:52,7396
1/31/2023 18:52,6871
1/31/2023 18:53,6924
1/31/2023 18:54,7084
1/31/2023 18:54,6885
1/31/2023 18:55,6742
1/31/2023 18:55,6852
1/31/2023 18:56,7084
1/31/2023 18:56,6660
1/31/2023 18:57,6970
1/31/2023 18:57,7417
1/31/2023 18:58,7354
1/31/2023 18:58,7091
1/31/2023 18:59,7185
1/31/2023 18:59,6711
1/31/2023 19:00,7037
1/31/2023 19:00,7382
1/31/2023 19:01,6976
1/31/2023 19:01,6774
1/31/2023 19:02,7131
1/31/2023 19:02,6858
1/31/2023 19:03,7017
1/31/2023 19:03,7118
1/31/2023 19:04,6904
1/31/2023 19:04,7084
1/31/2023 19:05,7199
1/31/2023 19:05,7467
1/31/2023 19:06,6820
1/31/2023 19:06,7417
1/31/2023 19:07,7333
1/31/2023 19:07,7003
1/31/2023 19:08,7063
1/31/2023 19:08,7097
1/31/2023 19:09,7193
1/31/2023 19:09,7409
1/31/2023 19:10,7220
1/31/2023 19:10,7540
1/31/2023 19:11,7003
1/31/2023 19:11,7084
1/31/2023 19:12,7070
1/31/2023 19:12,7255
1/31/2023 19:13,6917
1/31/2023 19:13,6917
1/31/2023 19:14,7030
1/31/2023 19:14,6839
1/31/2023 19:15,6917
1/31/2023 19:15,6970
1/31/2023 19:16,7159
1/31/2023 19:16,7097
1/31/2023 19:17,6983
1/31/2023 19:17,7290
1/31/2023 19:18,7186
1/31/2023 19:18,7030
1/31/2023 19:19,6990
1/31/2023 19:19,6820
1/31/2023 19:20,7179
1/31/2023 19:21,7152
1/31/2023 19:21,6839
1/31/2023 19:22,7241
1/31/2023 19:22,7241
1/31/2023 19:23,7220
1/31/2023 19:23,7241
1/31/2023 19:24,7404
1/31/2023 19:24,7368
1/31/2023 19:25,7417
1/31/2023 19:25,7276
1/31/2023 19:26,7276
1/31/2023 19:26,7276
1/31/2023 19:27,7241
1/31/2023 19:27,7443
1/31/2023 19:28,6924
1/31/2023 19:28,6937
1/31/2023 19:29,6990
1/31/2023 19:29,6826
1/31/2023 19:30,7023
1/31/2023 19:30,7172
1/31/2023 19:31,7070
1/31/2023 19:31,7159
1/31/2023 19:32,6983
1/31/2023 19:32,7241
1/31/2023 19:33,7138
1/31/2023 19:33,7585
1/31/2023 19:34,7333
1/31/2023 19:34,6806
1/31/2023 19:35,6990
1/31/2023 19:35,6858
1/31/2023 19:36,6950
1/31/2023 19:36,6885
1/31/2023 19:37,6904
1/31/2023 19:37,6820
1/31/2023 19:38,6567
1/31/2023 19:38,6878
1/31/2023 19:39,6957
1/31/2023 19:39,6924
1/31/2023 19:40,7104
1/31/2023 19:40,7070
1/31/2023 19:41,7453
1/31/2023 19:41,6871
1/31/2023 19:42,7070
1/31/2023 19:42,6904
1/31/2023 19:43,7091
1/31/2023 19:43,7199
1/31/2023 19:44,7172
1/31/2023 19:44,7199
1/31/2023 19:45,7382
1/31/2023 19:45,7562
1/31/2023 19:46,6878
1/31/2023 19:46,6629
1/31/2023 19:47,7104
1/31/2023 19:48,7382
1/31/2023 19:48,7084
1/31/2023 19:49,6806
1/31/2023 19:49,7084
1/31/2023 19:50,7396
1/31/2023 19:50,7165
1/31/2023 19:51,6769
1/31/2023 19:51,6983
1/31/2023 19:52,7070
1/31/2023 19:52,7207
1/31/2023 19:53,7179
1/31/2023 19:53,7396
1/31/2023 19:54,6820
1/31/2023 19:54,7346
1/31/2023 19:55,6750
1/31/2023 19:55,7431
1/31/2023 19:56,6724
1/31/2023 19:56,7431
1/31/2023 19:57,6820
1/31/2023 19:57,7172
1/31/2023 19:58,6852
1/31/2023 19:58,6865
1/31/2023 19:59,6801
1/31/2023 19:59,6983
1/31/2023 20:00,6898
1/31/2023 20:00,7131
1/31/2023 20:01,7138
1/31/2023 20:01,6917
1/31/2023 20:02,6755
1/31/2023 20:02,7838
1/31/2023 20:03,7111
1/31/2023 20:03,7030
1/31/2023 20:04,7290
1/31/2023 20:04,7303
1/31/2023 20:05,7382
1/31/2023 20:05,6820
1/31/2023 20:06,7776
1/31/2023 20:06,7220
1/31/2023 20:07,6997
1/31/2023 20:07,6963
1/31/2023 20:08,7417
1/31/2023 20:08,6997
1/31/2023 20:09,7043
1/31/2023 20:09,6904
1/31/2023 20:10,7186
1/31/2023 20:10,6937
1/31/2023 20:11,6917
1/31/2023 20:11,6833
1/31/2023 20:12,7269
1/31/2023 20:12,7417
1/31/2023 20:13,7017
1/31/2023 20:14,7481
1/31/2023 20:14,7050
1/31/2023 20:15,7269
1/31/2023 20:15,7220
1/31/2023 20:16,7234
1/31/2023 20:16,7503
1/31/2023 20:17,7481
1/31/2023 20:17,6997
1/31/2023 20:18,7063
1/31/2023 20:18,7526
1/31/2023 20:19,7255
1/31/2023 20:19,7050
1/31/2023 20:20,6898
1/31/2023 20:20,7339
1/31/2023 20:21,6742
1/31/2023 20:21,6885
1/31/2023 20:22,7165
1/31/2023 20:22,7063
1/31/2023 20:23,7138
1/31/2023 20:23,7030
1/31/2023 20:24,7090
1/31/2023 20:24,7043
1/31/2023 20:25,7050
1/31/2023 20:25,7070
1/31/2023 20:26,7396
1/31/2023 20:26,7186
1/31/2023 20:27,7296
1/31/2023 20:27,7545
1/31/2023 20:28,7465
1/31/2023 20:28,7118
1/31/2023 20:29,7043
1/31/2023 20:29,7248
1/31/2023 20:30,7317
1/31/2023 20:30,7390
1/31/2023 20:31,7409
1/31/2023 20:31,7097
1/31/2023 20:32,7017
1/31/2023 20:32,6924
1/31/2023 20:33,6997
1/31/2023 20:33,6977
1/31/2023 20:34,6846
1/31/2023 20:34,7097
1/31/2023 20:35,7339
1/31/2023 20:35,7037
1/31/2023 20:36,7030
1/31/2023 20:36,7590
1/31/2023 20:37,7152
1/31/2023 20:37,7131
1/31/2023 20:38,6806
1/31/2023 20:38,7339
1/31/2023 20:39,7030
1/31/2023 20:39,7248
1/31/2023 20:40,7131
1/31/2023 20:41,6852
1/31/2023 20:41,7503
1/31/2023 20:42,7097
1/31/2023 20:42,6997
1/31/2023 20:43,6865
1/31/2023 20:43,6957
1/31/2023 20:44,6738
1/31/2023 20:44,7104
1/31/2023 20:45,7467
1/31/2023 20:45,7111
1/31/2023 20:46,7261
1/31/2023 20:46,7131
1/31/2023 20:47,7554
1/31/2023 20:47,7678
1/31/2023 20:48,7057
1/31/2023 20:48,7590
1/31/2023 20:49,6990
1/31/2023 20:49,7234
1/31/2023 20:50,7360
1/31/2023 20:50,7503
1/31/2023 20:51,7531
1/31/2023 20:51,7366
1/31/2023 20:52,7339
1/31/2023 20:52,6963
1/31/2023 20:53,6931
1/31/2023 20:53,7010
1/31/2023 20:54,7576
1/31/2023 20:54,7241
1/31/2023 20:55,7030
1/31/2023 20:55,7063
1/31/2023 20:56,7165
1/31/2023 20:56,7179
1/31/2023 20:57,7388
1/31/2023 20:57,7276
1/31/2023 20:58,6990
1/31/2023 20:58,7303
1/31/2023 20:59,7186
1/31/2023 20:59,7030
1/31/2023 21:00,7317
1/31/2023 21:00,7481
1/31/2023 21:01,7063
1/31/2023 21:01,7568
1/31/2023 21:02,6769
1/31/2023 21:02,7227
1/31/2023 21:03,6931
1/31/2023 21:03,7545
1/31/2023 21:04,6931
1/31/2023 21:04,7111
1/31/2023 21:05,7748
1/31/2023 21:05,6977
1/31/2023 21:06,7131
1/31/2023 21:06,6963
1/31/2023 21:07,7145
1/31/2023 21:08,7227
1/31/2023 21:08,7090
1/31/2023 21:09,6814
1/31/2023 21:09,7192
1/31/2023 21:10,6937
1/31/2023 21:10,7145
1/31/2023 21:11,6737
1/31/2023 21:11,7331
1/31/2023 21:12,6898
1/31/2023 21:12,7179
1/31/2023 21:13,7057
1/31/2023 21:13,7010
1/31/2023 21:14,6997
1/31/2023 21:14,7240
1/31/2023 21:15,7437
1/31/2023 21:15,7459
1/31/2023 21:16,6977
1/31/2023 21:16,6744
1/31/2023 21:17,7070
1/31/2023 21:17,7145
1/31/2023 21:18,7554
1/31/2023 21:18,7604
1/31/2023 21:19,7145
1/31/2023 21:19,6860
1/31/2023 21:20,7165
1/31/2023 21:20,6997
1/31/2023 21:21,7481
1/31/2023 21:21,7282
1/31/2023 21:22,7010
1/31/2023 21:22,7509
1/31/2023 21:23,7124
1/31/2023 21:23,7590
1/31/2023 21:24,6931
1/31/2023 21:24,7604
1/31/2023 21:25,7131
1/31/2023 21:25,7030
1/31/2023 21:26,7172
1/31/2023 21:26,7118
1/31/2023 21:27,6892
1/31/2023 21:27,7192
1/31/2023 21:28,7627
1/31/2023 21:28,7282
1/31/2023 21:29,7248
1/31/2023 21:29,7255
1/31/2023 21:30,7568
1/31/2023 21:30,7968
1/31/2023 21:31,6957
1/31/2023 21:31,7331
1/31/2023 21:32,7352
1/31/2023 21:32,7165
1/31/2023 21:33,7248
1/31/2023 21:33,7240
1/31/2023 21:34,7509
1/31/2023 21:35,7030
1/31/2023 21:35,7179
1/31/2023 21:36,6944
1/31/2023 21:36,7124
1/31/2023 21:37,7467
1/31/2023 21:37,6931
1/31/2023 21:38,7213
1/31/2023 21:38,7269
1/31/2023 21:39,6950
1/31/2023 21:39,7050
1/31/2023 21:40,7213
1/31/2023 21:40,7213
1/31/2023 21:41,7248
1/31/2023 21:41,7118
1/31/2023 21:42,6977
1/31/2023 21:42,7248
1/31/2023 21:43,7030
1/31/2023 21:43,6977
1/31/2023 21:44,7145
1/31/2023 21:44,7290
1/31/2023 21:45,7248
1/31/2023 21:45,7010
1/31/2023 21:46,7517
1/31/2023 21:46,6990
1/31/2023 21:47,7517
1/31/2023 21:47,7124
1/31/2023 21:48,6865
1/31/2023 21:48,7317
1/31/2023 21:49,7296
1/31/2023 21:49,7650
1/31/2023 21:50,7145
1/31/2023 21:50,6878
1/31/2023 21:51,7205
1/31/2023 21:51,7715
1/31/2023 21:52,7401
1/31/2023 21:52,7352
1/31/2023 21:53,7179
1/31/2023 21:53,7145
1/31/2023 21:54,7030
1/31/2023 21:54,7459
1/31/2023 21:55,7701
1/31/2023 21:55,7540
1/31/2023 21:56,7554
1/31/2023 21:56,7063
1/31/2023 21:57,7186
1/31/2023 21:57,7409
1/31/2023 21:58,6865
1/31/2023 21:58,7090
1/31/2023 21:59,7613
1/31/2023 21:59,7220
1/31/2023 22:00,7431
1/31/2023 22:00,7269
1/31/2023 22:01,6931
1/31/2023 22:02,7545
1/31/2023 22:02,7503
1/31/2023 22:03,7517
1/31/2023 22:03,7481
1/31/2023 22:04,6997
1/31/2023 22:04,6931
1/31/2023 22:05,7776
1/31/2023 22:05,7165
1/31/2023 22:06,7453
1/31/2023 22:06,6865
1/31/2023 22:07,7339
1/31/2023 22:07,7220
1/31/2023 22:08,7186
1/31/2023 22:08,7003
1/31/2023 22:09,7296
1/31/2023 22:09,7310
1/31/2023 22:10,7554
1/31/2023 22:10,7282
1/31/2023 22:11,7070
1/31/2023 22:11,7627
1/31/2023 22:12,7683
1/31/2023 22:12,7396
1/31/2023 22:13,7339
1/31/2023 22:13,7409
1/31/2023 22:14,7345
1/31/2023 22:14,7131
1/31/2023 22:15,7573
1/31/2023 22:15,7540
1/31/2023 22:16,6892
1/31/2023 22:16,7158
1/31/2023 22:17,6950
1/31/2023 22:17,7339
1/31/2023 22:18,7158
1/31/2023 22:18,7269
1/31/2023 22:19,7269
1/31/2023 22:19,7303
1/31/2023 22:20,7554
1/31/2023 22:20,7517
1/31/2023 22:21,7540
1/31/2023 22:21,7396
1/31/2023 22:22,7366
1/31/2023 22:22,7495
1/31/2023 22:23,7303
1/31/2023 22:23,7248
1/31/2023 22:24,7017
1/31/2023 22:24,7776
1/31/2023 22:25,7618
1/31/2023 22:25,7282
1/31/2023 22:26,6937
1/31/2023 22:26,7590
1/31/2023 22:27,7199
1/31/2023 22:28,7664
1/31/2023 22:28,7388
1/31/2023 22:29,7077
1/31/2023 22:29,7590
1/31/2023 22:30,7664
1/31/2023 22:30,7669
1/31/2023 22:31,7517
1/31/2023 22:31,7269
1/31/2023 22:32,7220
1/31/2023 22:32,7596
1/31/2023 22:33,7352
1/31/2023 22:33,7366
1/31/2023 22:34,7366
1/31/2023 22:34,7030
1/31/2023 22:35,7097
1/31/2023 22:35,7179
1/31/2023 22:36,7179
1/31/2023 22:36,7282
1/31/2023 22:37,7111
1/31/2023 22:37,6983
1/31/2023 22:38,7641
1/31/2023 22:38,7213
1/31/2023 22:39,7568
1/31/2023 22:39,6917
1/31/2023 22:40,7057
1/31/2023 22:40,7568
1/31/2023 22:41,7192
1/31/2023 22:41,7590
1/31/2023 22:42,6963
1/31/2023 22:42,7165
1/31/2023 22:43,7179
1/31/2023 22:43,7145
1/31/2023 22:44,7554
1/31/2023 22:44,7545
1/31/2023 22:45,7451
1/31/2023 22:45,7192
1/31/2023 22:46,7437
1/31/2023 22:46,7664
1/31/2023 22:47,7459
1/31/2023 22:47,7124
1/31/2023 22:48,6977
1/31/2023 22:48,7131
1/31/2023 22:49,7641
1/31/2023 22:49,7303
1/31/2023 22:50,7423
1/31/2023 22:50,7269
1/31/2023 22:51,7366
1/31/2023 22:51,7158
1/31/2023 22:52,7030
1/31/2023 22:52,7627
1/31/2023 22:53,7641
1/31/2023 22:53,7415
1/31/2023 22:54,7269
1/31/2023 22:55,7282
1/31/2023 22:55,7124
1/31/2023 22:56,6878
1/31/2023 22:56,7331
1/31/2023 22:57,7423
1/31/2023 22:57,7409
1/31/2023 22:58,7317
1/31/2023 22:58,7509
1/31/2023 22:59,7213
1/31/2023 22:59,7213
1/31/2023 23:00,7604
1/31/2023 23:00,7297
1/31/2023 23:01,7269
1/31/2023 23:01,7057
1/31/2023 23:02,7145
1/31/2023 23:02,7767
1/31/2023 23:03,7213
1/31/2023 23:03,7261
1/31/2023 23:04,7437
1/31/2023 23:04,7423
1/31/2023 23:05,7791
1/31/2023 23:05,7339
1/31/2023 23:06,7791
1/31/2023 23:06,7310
1/31/2023 23:07,7554
1/31/2023 23:07,7701
1/31/2023 23:08,7290
1/31/2023 23:08,7158
1/31/2023 23:09,7776
1/31/2023 23:09,7158
1/31/2023 23:10,7057
1/31/2023 23:10,7380
1/31/2023 23:11,7388
1/31/2023 23:11,7582
1/31/2023 23:12,7915
1/31/2023 23:12,7805
1/31/2023 23:13,7473
1/31/2023 23:13,7311
1/31/2023 23:14,7604
1/31/2023 23:14,7568
1/31/2023 23:15,7492
1/31/2023 23:15,7641
1/31/2023 23:16,7275
1/31/2023 23:16,7374
1/31/2023 23:17,7248
1/31/2023 23:17,7145
1/31/2023 23:18,7192
1/31/2023 23:18,7331
1/31/2023 23:19,7701
1/31/2023 23:19,7715
1/31/2023 23:20,7248
1/31/2023 23:20,7043
1/31/2023 23:21,7248
1/31/2023 23:22,7753
1/31/2023 23:22,6917
1/31/2023 23:23,7618
1/31/2023 23:23,7352
1/31/2023 23:24,7692
1/31/2023 23:24,7380
1/31/2023 23:25,7124
1/31/2023 23:25,7331
1/31/2023 23:26,7366
1/31/2023 23:26,7227
1/31/2023 23:27,7523
1/31/2023 23:27,7445
1/31/2023 23:28,7206
1/31/2023 23:28,7311
1/31/2023 23:29,7678
1/31/2023 23:29,7692
1/31/2023 23:30,7805
1/31/2023 23:30,7545
1/31/2023 23:31,7023
1/31/2023 23:31,7282
1/31/2023 23:32,7282
1/31/2023 23:32,7090
1/31/2023 23:33,7124
1/31/2023 23:33,7331
1/31/2023 23:34,7388
1/31/2023 23:34,7090
1/31/2023 23:35,7124
1/31/2023 23:35,7003
1/31/2023 23:36,7800
1/31/2023 23:36,7401
1/31/2023 23:37,7248
1/31/2023 23:37,7124
1/31/2023 23:38,7401
1/31/2023 23:38,7345
1/31/2023 23:39,7715
1/31/2023 23:39,7758
1/31/2023 23:40,7003
1/31/2023 23:40,7473
1/31/2023 23:41,7352
1/31/2023 23:41,6963
1/31/2023 23:42,7043
1/31/2023 23:42,7043
1/31/2023 23:43,7366
1/31/2023 23:43,7386
1/31/2023 23:44,7303
1/31/2023 23:44,7720
1/31/2023 23:45,7104
1/31/2023 23:45,7495
1/31/2023 23:46,7192
1/31/2023 23:46,7311
1/31/2023 23:47,7057
1/31/2023 23:47,7192
1/31/2023 23:48,7158
1/31/2023 23:49,7275
1/31/2023 23:49,7296
1/31/2023 23:50,7437
1/31/2023 23:50,7352
1/31/2023 23:51,7451
1/31/2023 23:51,7172
1/31/2023 23:52,7227
1/31/2023 23:52,7331
1/31/2023 23:53,7275
1/31/2023 23:53,7199
1/31/2023 23:54,7380
1/31/2023 23:54,7604
1/31/2023 23:55,7624
1/31/2023 23:55,7179
1/31/2023 23:56,7254
1/31/2023 23:56,7213
1/31/2023 23:57,7206
1/31/2023 23:57,7678
1/31/2023 23:58,7192
1/31/2023 23:58,7282
1/31/2023 23:59,7545
1/31/2023 23:59,7618
2/1/2023 0:00,7213
2/1/2023 0:00,7213
2/1/2023 0:01,7303
2/1/2023 0:01,7227
2/1/2023 0:02,7090
2/1/2023 0:02,7240
2/1/2023 0:03,7124
2/1/2023 0:03,7545
2/1/2023 0:04,7317
2/1/2023 0:04,7111
2/1/2023 0:05,7881
2/1/2023 0:05,6944
2/1/2023 0:06,7111
2/1/2023 0:06,7145
2/1/2023 0:07,7275
2/1/2023 0:07,7339
2/1/2023 0:08,7296
2/1/2023 0:08,7296
2/1/2023 0:09,8032
2/1/2023 0:09,7582
2/1/2023 0:10,7227
2/1/2023 0:10,7423
2/1/2023 0:11,7795
2/1/2023 0:11,7303
2/1/2023 0:12,7179
2/1/2023 0:12,7043
2/1/2023 0:13,6990
2/1/2023 0:13,7317
2/1/2023 0:14,7481
2/1/2023 0:15,7227
2/1/2023 0:15,7715
2/1/2023 0:16,7473
2/1/2023 0:16,6977
2/1/2023 0:17,7165
2/1/2023 0:17,6977
2/1/2023 0:18,7568
2/1/2023 0:18,7360
2/1/2023 0:19,7030
2/1/2023 0:19,7303
2/1/2023 0:20,7317
2/1/2023 0:20,7401
2/1/2023 0:21,7145
2/1/2023 0:21,7753
2/1/2023 0:22,7664
2/1/2023 0:22,7111
2/1/2023 0:23,7261
2/1/2023 0:23,7234
2/1/2023 0:24,7234
2/1/2023 0:24,7269
2/1/2023 0:25,6970
2/1/2023 0:25,7199
2/1/2023 0:26,7891
2/1/2023 0:26,7282
2/1/2023 0:27,7192
2/1/2023 0:27,7360
2/1/2023 0:28,7131
2/1/2023 0:28,7345
2/1/2023 0:29,7199
2/1/2023 0:29,7317
2/1/2023 0:30,7124
2/1/2023 0:30,7234
2/1/2023 0:31,7317
2/1/2023 0:31,7724
2/1/2023 0:32,7664
2/1/2023 0:32,7724
2/1/2023 0:33,7317
2/1/2023 0:33,7131
2/1/2023 0:34,8057
2/1/2023 0:34,7453
2/1/2023 0:35,7531
2/1/2023 0:35,7554
2/1/2023 0:36,7213
2/1/2023 0:36,7481
2/1/2023 0:37,7317
2/1/2023 0:37,7339
2/1/2023 0:38,7097
2/1/2023 0:38,7551
2/1/2023 0:39,7366
2/1/2023 0:39,7145
2/1/2023 0:40,7590
2/1/2023 0:40,7517
2/1/2023 0:41,7317
2/1/2023 0:42,7264
2/1/2023 0:42,7050
2/1/2023 0:43,7388
2/1/2023 0:43,7346
2/1/2023 0:44,7401
2/1/2023 0:44,7495
2/1/2023 0:45,7724
2/1/2023 0:45,7396
2/1/2023 0:46,7730
2/1/2023 0:46,7776
2/1/2023 0:47,7124
2/1/2023 0:47,7517
2/1/2023 0:48,7715
2/1/2023 0:48,7517
2/1/2023 0:49,7311
2/1/2023 0:49,7352
2/1/2023 0:50,7186
2/1/2023 0:50,7159
2/1/2023 0:51,7063
2/1/2023 0:51,7481
2/1/2023 0:52,7220
2/1/2023 0:52,7331
2/1/2023 0:53,7303
2/1/2023 0:53,6997
2/1/2023 0:54,7388
2/1/2023 0:54,7590
2/1/2023 0:55,7374
2/1/2023 0:55,8126
2/1/2023 0:56,7590
2/1/2023 0:56,7838
2/1/2023 0:57,7409
2/1/2023 0:57,7473
2/1/2023 0:58,7131
2/1/2023 0:58,7678
2/1/2023 0:59,7234
2/1/2023 0:59,7023
2/1/2023 1:00,7526
2/1/2023 1:00,7374
2/1/2023 1:01,7354
2/1/2023 1:01,7388
2/1/2023 1:02,8032
2/1/2023 1:02,7517
2/1/2023 1:03,7234
2/1/2023 1:03,7131
2/1/2023 1:04,7282
2/1/2023 1:04,7374
2/1/2023 1:05,7339
2/1/2023 1:05,7165
2/1/2023 1:06,7590
2/1/2023 1:06,7374
2/1/2023 1:07,7706
2/1/2023 1:07,6911
2/1/2023 1:08,7360
2/1/2023 1:09,7339
2/1/2023 1:09,7431
2/1/2023 1:10,7165
2/1/2023 1:10,7269
2/1/2023 1:11,7445
2/1/2023 1:11,7276
2/1/2023 1:12,7396
2/1/2023 1:12,7282
2/1/2023 1:13,7179
2/1/2023 1:13,7978
2/1/2023 1:14,7915
2/1/2023 1:14,7848
2/1/2023 1:15,7467
2/1/2023 1:15,7739
2/1/2023 1:16,8032
2/1/2023 1:16,7467
2/1/2023 1:17,7043
2/1/2023 1:17,7590
2/1/2023 1:18,7303
2/1/2023 1:18,7255
2/1/2023 1:19,7138
2/1/2023 1:19,7234
2/1/2023 1:20,7234
2/1/2023 1:20,7409
2/1/2023 1:21,7978
2/1/2023 1:21,7526
2/1/2023 1:22,7352
2/1/2023 1:22,7213
2/1/2023 1:23,7453
2/1/2023 1:23,7339
2/1/2023 1:24,7503
2/1/2023 1:24,7050
2/1/2023 1:25,7457
2/1/2023 1:25,7303
2/1/2023 1:26,7710
2/1/2023 1:26,7354
2/1/2023 1:27,7084
2/1/2023 1:27,7296
2/1/2023 1:28,7481
2/1/2023 1:28,8314
2/1/2023 1:29,7199
2/1/2023 1:29,7290
2/1/2023 1:30,7467
2/1/2023 1:30,7374
2/1/2023 1:31,7396
2/1/2023 1:31,7396
2/1/2023 1:32,7165
2/1/2023 1:32,7104
2/1/2023 1:33,7207
2/1/2023 1:33,7862
2/1/2023 1:34,7467
2/1/2023 1:34,7604
2/1/2023 1:35,7562
2/1/2023 1:36,7431
2/1/2023 1:36,7186
2/1/2023 1:37,7131
2/1/2023 1:37,7104
2/1/2023 1:38,7762
2/1/2023 1:38,7590
2/1/2023 1:39,7415
2/1/2023 1:39,7296
2/1/2023 1:40,6997
2/1/2023 1:40,7220
2/1/2023 1:41,7453
2/1/2023 1:41,7030
2/1/2023 1:42,7290
2/1/2023 1:42,7396
2/1/2023 1:43,7901
2/1/2023 1:43,7255
2/1/2023 1:44,7739
2/1/2023 1:44,7848
2/1/2023 1:45,7104
2/1/2023 1:45,7431
2/1/2023 1:46,7290
2/1/2023 1:46,7576
2/1/2023 1:47,7255
2/1/2023 1:47,7540
2/1/2023 1:48,7339
2/1/2023 1:48,7255
2/1/2023 1:49,7152
2/1/2023 1:49,7255
2/1/2023 1:50,7382
2/1/2023 1:50,7423
2/1/2023 1:51,8032
2/1/2023 1:51,7220
2/1/2023 1:52,7290
2/1/2023 1:52,7269
2/1/2023 1:53,7526
2/1/2023 1:53,7526
2/1/2023 1:54,7360
2/1/2023 1:54,7374
2/1/2023 1:55,7290
2/1/2023 1:55,7261
2/1/2023 1:56,7290
2/1/2023 1:56,7172
2/1/2023 1:57,7325
2/1/2023 1:57,7467
2/1/2023 1:58,7659
2/1/2023 1:58,7360
2/1/2023 1:59,7467
2/1/2023 1:59,7641
2/1/2023 2:00,7382
2/1/2023 2:00,7360
2/1/2023 2:01,7325
2/1/2023 2:01,7724
2/1/2023 2:02,7398
2/1/2023 2:03,7613
2/1/2023 2:03,8003
2/1/2023 2:04,7503
2/1/2023 2:04,7862
2/1/2023 2:05,7503
2/1/2023 2:05,7368
2/1/2023 2:06,7862
2/1/2023 2:06,7417
2/1/2023 2:07,7311
2/1/2023 2:07,7346
2/1/2023 2:08,7396
2/1/2023 2:08,7325
2/1/2023 2:09,8192
2/1/2023 2:09,8072
2/1/2023 2:10,7929
2/1/2023 2:10,7124
2/1/2023 2:11,7360
2/1/2023 2:11,7417
2/1/2023 2:12,7757
2/1/2023 2:12,7138
2/1/2023 2:13,7325
2/1/2023 2:13,7517
2/1/2023 2:14,7396
2/1/2023 2:14,6787
2/1/2023 2:15,7791
2/1/2023 2:15,8218
2/1/2023 2:16,7636
2/1/2023 2:16,7901
2/1/2023 2:17,7297
2/1/2023 2:17,7050
2/1/2023 2:18,7220
2/1/2023 2:18,7669
2/1/2023 2:19,7465
2/1/2023 2:19,7417
2/1/2023 2:20,7838
2/1/2023 2:20,7104
2/1/2023 2:21,7417
2/1/2023 2:21,7489
2/1/2023 2:22,7526
2/1/2023 2:22,7650
2/1/2023 2:23,7276
2/1/2023 2:23,8057
2/1/2023 2:24,7409
2/1/2023 2:24,7386
2/1/2023 2:25,7152
2/1/2023 2:25,7445
2/1/2023 2:26,7382
2/1/2023 2:26,7608
2/1/2023 2:27,7548
2/1/2023 2:27,7297
2/1/2023 2:28,7925
2/1/2023 2:28,7207
2/1/2023 2:29,7290
2/1/2023 2:30,8068
2/1/2023 2:30,7333
2/1/2023 2:31,7346
2/1/2023 2:31,7748
2/1/2023 2:32,7585
2/1/2023 2:32,7396
2/1/2023 2:33,7104
2/1/2023 2:33,7325
2/1/2023 2:34,7276
2/1/2023 2:34,7360
2/1/2023 2:35,7333
2/1/2023 2:35,6917
2/1/2023 2:36,8367
2/1/2023 2:36,7622
2/1/2023 2:37,7475
2/1/2023 2:37,7445
2/1/2023 2:38,7949
2/1/2023 2:38,7503
2/1/2023 2:39,7467
2/1/2023 2:39,7526
2/1/2023 2:40,7417
2/1/2023 2:40,7207
2/1/2023 2:41,7193
2/1/2023 2:41,8097
2/1/2023 2:42,7901
2/1/2023 2:42,7382
2/1/2023 2:43,7352
2/1/2023 2:43,7311
2/1/2023 2:44,8166
2/1/2023 2:44,7762
2/1/2023 2:45,7978
2/1/2023 2:45,7968
2/1/2023 2:46,7776
2/1/2023 2:46,7526
2/1/2023 2:47,7608
2/1/2023 2:47,7824
2/1/2023 2:48,8003
2/1/2023 2:48,7159
2/1/2023 2:49,8082
2/1/2023 2:49,7311
2/1/2023 2:50,7305
2/1/2023 2:50,8018
2/1/2023 2:51,7417
2/1/2023 2:51,7562
2/1/2023 2:52,7622
2/1/2023 2:52,7333
2/1/2023 2:53,7627
2/1/2023 2:53,7467
2/1/2023 2:54,7241
2/1/2023 2:54,7886
2/1/2023 2:55,7297
2/1/2023 2:55,7333
2/1/2023 2:56,7417
2/1/2023 2:57,7417
2/1/2023 2:57,7886
2/1/2023 2:58,8082
2/1/2023 2:58,7333
2/1/2023 2:59,7498
2/1/2023 2:59,8082
2/1/2023 3:00,7622
2/1/2023 3:00,7325
2/1/2023 3:01,7526
2/1/2023 3:01,7437
2/1/2023 3:02,8028
2/1/2023 3:02,7585
2/1/2023 3:03,7622
2/1/2023 3:03,7118
2/1/2023 3:04,7724
2/1/2023 3:04,7360
2/1/2023 3:05,7207
2/1/2023 3:05,7439
2/1/2023 3:06,7396
2/1/2023 3:06,7475
2/1/2023 3:07,7886
2/1/2023 3:07,7659
2/1/2023 3:08,7390
2/1/2023 3:08,8018
2/1/2023 3:09,7290
2/1/2023 3:09,7396
2/1/2023 3:10,7276
2/1/2023 3:10,8122
2/1/2023 3:11,7159
2/1/2023 3:11,7627
2/1/2023 3:12,7495
2/1/2023 3:12,7599
2/1/2023 3:13,7748
2/1/2023 3:13,7964
2/1/2023 3:14,7978
2/1/2023 3:14,7622
2/1/2023 3:15,7758
2/1/2023 3:15,7585
2/1/2023 3:16,7152
2/1/2023 3:16,7467
2/1/2023 3:17,7627
2/1/2023 3:17,7453
2/1/2023 3:18,7431
2/1/2023 3:18,7475
2/1/2023 3:19,7360
2/1/2023 3:19,8097
2/1/2023 3:20,7261
2/1/2023 3:20,7241
2/1/2023 3:21,8097
2/1/2023 3:21,7990
2/1/2023 3:22,7311
2/1/2023 3:23,8284
2/1/2023 3:23,7548
2/1/2023 3:24,7526
2/1/2023 3:24,7333
2/1/2023 3:25,7475
2/1/2023 3:25,7562
2/1/2023 3:26,7748
2/1/2023 3:26,7453
2/1/2023 3:27,8003
2/1/2023 3:27,7481
2/1/2023 3:28,7241
2/1/2023 3:28,7673
2/1/2023 3:29,7228
2/1/2023 3:29,7255
2/1/2023 3:30,7489
2/1/2023 3:30,7562
2/1/2023 3:31,7590
2/1/2023 3:31,8162
2/1/2023 3:32,7622
2/1/2023 3:32,7809
2/1/2023 3:33,8622
2/1/2023 3:33,8299
2/1/2023 3:34,7489
2/1/2023 3:34,7207
2/1/2023 3:35,8043
2/1/2023 3:35,7989
2/1/2023 3:36,7376
2/1/2023 3:36,7534
2/1/2023 3:37,8203
2/1/2023 3:37,7396
2/1/2023 3:38,7848
2/1/2023 3:38,7537
2/1/2023 3:39,7437
2/1/2023 3:39,7159
2/1/2023 3:40,7585
2/1/2023 3:40,7404
2/1/2023 3:41,7241
2/1/2023 3:41,7901
2/1/2023 3:42,7368
2/1/2023 3:42,8284
2/1/2023 3:43,7489
2/1/2023 3:43,8043
2/1/2023 3:44,7193
2/1/2023 3:44,7431
2/1/2023 3:45,7659
2/1/2023 3:45,7613
2/1/2023 3:46,7734
2/1/2023 3:46,8097
2/1/2023 3:47,7833
2/1/2023 3:47,7659
2/1/2023 3:48,7757
2/1/2023 3:48,7925
2/1/2023 3:49,7512
2/1/2023 3:50,7284
2/1/2023 3:50,7659
2/1/2023 3:51,7622
2/1/2023 3:51,8018
2/1/2023 3:52,8188
2/1/2023 3:52,7498
2/1/2023 3:53,7687
2/1/2023 3:53,7425
2/1/2023 3:54,7417
2/1/2023 3:54,7228
2/1/2023 3:55,7978
2/1/2023 3:55,8003
2/1/2023 3:56,7989
2/1/2023 3:56,7678
2/1/2023 3:57,7562
2/1/2023 3:57,7346
2/1/2023 3:58,7636
2/1/2023 3:58,7576
2/1/2023 3:59,7461
2/1/2023 3:59,7447
2/1/2023 4:00,7548
2/1/2023 4:00,8082
2/1/2023 4:01,7809
2/1/2023 4:01,7548
2/1/2023 4:02,7862
2/1/2023 4:02,7696
2/1/2023 4:03,7771
2/1/2023 4:03,7696
2/1/2023 4:04,7475
2/1/2023 4:04,7710
2/1/2023 4:05,7608
2/1/2023 4:05,7771
2/1/2023 4:06,7636
2/1/2023 4:06,7368
2/1/2023 4:07,7548
2/1/2023 4:07,7809
2/1/2023 4:08,8299
2/1/2023 4:08,7659
2/1/2023 4:09,7354
2/1/2023 4:09,8028
2/1/2023 4:10,7512
2/1/2023 4:10,8082
2/1/2023 4:11,7425
2/1/2023 4:11,8043
2/1/2023 4:12,7526
2/1/2023 4:12,8177
2/1/2023 4:13,7548
2/1/2023 4:13,7319
2/1/2023 4:14,7767
2/1/2023 4:14,7439
2/1/2023 4:15,7964
2/1/2023 4:15,7622
2/1/2023 4:16,7608
2/1/2023 4:17,7862
2/1/2023 4:17,7534
2/1/2023 4:18,7771
2/1/2023 4:18,7622
2/1/2023 4:19,8137
2/1/2023 4:19,7453
2/1/2023 4:20,8203
2/1/2023 4:20,7417
2/1/2023 4:21,8203
2/1/2023 4:21,7475
2/1/2023 4:22,7489
2/1/2023 4:22,7872
2/1/2023 4:23,7636
2/1/2023 4:23,7757
2/1/2023 4:24,7636
2/1/2023 4:24,7622
2/1/2023 4:25,7748
2/1/2023 4:25,7650
2/1/2023 4:26,8203
2/1/2023 4:26,7705
2/1/2023 4:27,7748
2/1/2023 4:27,7824
2/1/2023 4:28,7734
2/1/2023 4:28,8028
2/1/2023 4:29,7771
2/1/2023 4:29,7795
2/1/2023 4:30,7404
2/1/2023 4:30,8292
2/1/2023 4:31,7333
2/1/2023 4:31,7901
2/1/2023 4:32,7512
2/1/2023 4:32,7809
2/1/2023 4:33,7431
2/1/2023 4:33,7562
2/1/2023 4:34,7757
2/1/2023 4:34,8137
2/1/2023 4:35,7886
2/1/2023 4:35,8341
2/1/2023 4:36,7989
2/1/2023 4:36,8311
2/1/2023 4:37,7682
2/1/2023 4:37,7481
2/1/2023 4:38,7613
2/1/2023 4:38,7848
2/1/2023 4:39,7795
2/1/2023 4:39,7630
2/1/2023 4:40,7489
2/1/2023 4:40,7512
2/1/2023 4:41,7534
2/1/2023 4:41,7599
2/1/2023 4:42,7901
2/1/2023 4:42,7425
2/1/2023 4:43,7576
2/1/2023 4:44,8229
2/1/2023 4:44,7791
2/1/2023 4:45,8122
2/1/2023 4:45,7862
2/1/2023 4:46,7475
2/1/2023 4:46,7734
2/1/2023 4:47,7585
2/1/2023 4:47,7599
2/1/2023 4:48,7673
2/1/2023 4:48,7339
2/1/2023 4:49,7512
2/1/2023 4:49,7795
2/1/2023 4:50,7968
2/1/2023 4:50,7771
2/1/2023 4:51,7622
2/1/2023 4:51,8108
2/1/2023 4:52,8013
2/1/2023 4:52,7311
2/1/2023 4:53,7757
2/1/2023 4:53,7989
2/1/2023 4:54,7585
2/1/2023 4:54,7622
2/1/2023 4:55,7659
2/1/2023 4:55,7771
2/1/2023 4:56,7824
2/1/2023 4:56,8225
2/1/2023 4:57,7571
2/1/2023 4:57,7475
2/1/2023 4:58,7757
2/1/2023 4:58,8258
2/1/2023 4:59,7571
2/1/2023 4:59,7610
2/1/2023 5:00,8003
2/1/2023 5:00,7800
2/1/2023 5:01,7886
2/1/2023 5:01,7159
2/1/2023 5:02,7404
2/1/2023 5:02,7872
2/1/2023 5:03,7949
2/1/2023 5:03,8284
2/1/2023 5:04,7682
2/1/2023 5:04,7673
2/1/2023 5:05,7809
2/1/2023 5:05,7562
2/1/2023 5:06,7445
2/1/2023 5:06,7771
2/1/2023 5:07,7585
2/1/2023 5:07,7425
2/1/2023 5:08,7368
2/1/2023 5:08,8270
2/1/2023 5:09,7382
2/1/2023 5:09,7710
2/1/2023 5:10,7748
2/1/2023 5:11,7659
2/1/2023 5:11,7608
2/1/2023 5:12,7710
2/1/2023 5:12,8028
2/1/2023 5:13,8018
2/1/2023 5:13,7354
2/1/2023 5:14,7467
2/1/2023 5:14,7305
2/1/2023 5:15,8068
2/1/2023 5:15,7659
2/1/2023 5:16,7548
2/1/2023 5:16,7636
2/1/2023 5:17,6990
2/1/2023 5:17,7608
2/1/2023 5:18,8028
2/1/2023 5:18,7757
2/1/2023 5:19,7579
2/1/2023 5:19,7896
2/1/2023 5:20,7771
2/1/2023 5:20,7562
2/1/2023 5:21,7650
2/1/2023 5:21,7659
2/1/2023 5:22,7872
2/1/2023 5:22,7696
2/1/2023 5:23,7925
2/1/2023 5:23,7800
2/1/2023 5:24,8148
2/1/2023 5:24,8185
2/1/2023 5:25,7964
2/1/2023 5:25,7512
2/1/2023 5:26,7814
2/1/2023 5:26,7404
2/1/2023 5:27,7872
2/1/2023 5:27,7659
2/1/2023 5:28,7390
2/1/2023 5:28,7354
2/1/2023 5:29,7809
2/1/2023 5:29,7297
2/1/2023 5:30,7404
2/1/2023 5:30,7548
2/1/2023 5:31,7762
2/1/2023 5:31,7548
2/1/2023 5:32,7548
2/1/2023 5:32,7650
2/1/2023 5:33,7159
2/1/2023 5:33,7636
2/1/2023 5:34,7645
2/1/2023 5:34,8273
2/1/2023 5:35,7333
2/1/2023 5:35,7390
2/1/2023 5:36,7650
2/1/2023 5:36,7311
2/1/2023 5:37,7949
2/1/2023 5:38,7622
2/1/2023 5:38,7771
2/1/2023 5:39,7334
2/1/2023 5:39,7481
2/1/2023 5:40,7593
2/1/2023 5:40,7445
2/1/2023 5:41,7512
2/1/2023 5:41,7333
2/1/2023 5:42,7691
2/1/2023 5:42,7743
2/1/2023 5:43,7696
2/1/2023 5:43,8137
2/1/2023 5:44,7562
2/1/2023 5:44,7404
2/1/2023 5:45,8337
2/1/2023 5:45,7710
2/1/2023 5:46,7425
2/1/2023 5:46,7453
2/1/2023 5:47,7645
2/1/2023 5:47,8093
2/1/2023 5:48,7390
2/1/2023 5:48,7862
2/1/2023 5:49,8108
2/1/2023 5:49,8379
2/1/2023 5:50,7512
2/1/2023 5:50,7585
2/1/2023 5:51,7526
2/1/2023 5:51,7376
2/1/2023 5:52,7682
2/1/2023 5:52,7734
2/1/2023 5:53,7404
2/1/2023 5:53,7848
2/1/2023 5:54,7809
2/1/2023 5:54,8068
2/1/2023 5:55,7319
2/1/2023 5:55,7531
2/1/2023 5:56,8103
2/1/2023 5:56,7489
2/1/2023 5:57,7622
2/1/2023 5:57,7159
2/1/2023 5:58,7622
2/1/2023 5:58,7833
2/1/2023 5:59,8148
2/1/2023 5:59,7771
2/1/2023 6:00,8203
2/1/2023 6:00,7805
2/1/2023 6:01,8521
2/1/2023 6:01,7771
2/1/2023 6:02,7734
2/1/2023 6:02,8162
2/1/2023 6:03,7724
2/1/2023 6:03,7091
2/1/2023 6:04,7354
2/1/2023 6:05,7645
2/1/2023 6:05,7748
2/1/2023 6:06,7819
2/1/2023 6:06,8352
2/1/2023 6:07,8493
2/1/2023 6:07,8003
2/1/2023 6:08,7534
2/1/2023 6:08,8053
2/1/2023 6:09,7645
2/1/2023 6:09,7439
2/1/2023 6:10,8311
2/1/2023 6:10,7910
2/1/2023 6:11,8244
2/1/2023 6:11,7848
2/1/2023 6:12,7734
2/1/2023 6:12,8188
2/1/2023 6:13,7390
2/1/2023 6:13,7596
2/1/2023 6:14,7390
2/1/2023 6:14,7682
2/1/2023 6:15,7964
2/1/2023 6:15,7925
2/1/2023 6:16,7636
2/1/2023 6:16,8082
2/1/2023 6:17,7461
2/1/2023 6:17,7645
2/1/2023 6:18,7964
2/1/2023 6:18,7548
2/1/2023 6:19,7795
2/1/2023 6:19,7645
2/1/2023 6:20,7705
2/1/2023 6:20,7795
2/1/2023 6:21,7512
2/1/2023 6:21,8341
2/1/2023 6:22,7705
2/1/2023 6:22,7636
2/1/2023 6:23,7771
2/1/2023 6:23,8341
2/1/2023 6:24,7800
2/1/2023 6:24,8337
2/1/2023 6:25,7925
2/1/2023 6:25,7872
2/1/2023 6:26,7719
2/1/2023 6:26,7939
2/1/2023 6:27,8229
2/1/2023 6:27,7622
2/1/2023 6:28,7906
2/1/2023 6:28,7319
2/1/2023 6:29,7872
2/1/2023 6:29,7925
2/1/2023 6:30,8273
2/1/2023 6:30,8270
2/1/2023 6:31,7925
2/1/2023 6:32,7872
2/1/2023 6:32,7809
2/1/2023 6:33,7886
2/1/2023 6:33,7571
2/1/2023 6:34,7795
2/1/2023 6:34,8082
2/1/2023 6:35,7645
2/1/2023 6:35,7771
2/1/2023 6:36,7585
2/1/2023 6:36,7910
2/1/2023 6:37,7964
2/1/2023 6:37,8203
2/1/2023 6:38,7949
2/1/2023 6:38,8003
2/1/2023 6:39,8137
2/1/2023 6:39,8229
2/1/2023 6:40,7872
2/1/2023 6:40,7757
2/1/2023 6:41,7910
2/1/2023 6:41,7949
2/1/2023 6:42,7348
2/1/2023 6:42,7608
2/1/2023 6:43,7548
2/1/2023 6:43,8148
2/1/2023 6:44,8082
2/1/2023 6:44,7949
2/1/2023 6:45,7848
2/1/2023 6:45,8003
2/1/2023 6:46,8108
2/1/2023 6:46,7534
2/1/2023 6:47,8082
2/1/2023 6:47,7872
2/1/2023 6:48,7872
2/1/2023 6:48,7509
2/1/2023 6:49,7668
2/1/2023 6:49,7833
2/1/2023 6:50,7616
2/1/2023 6:50,8148
2/1/2023 6:51,7734
2/1/2023 6:51,7682
2/1/2023 6:52,7857
2/1/2023 6:52,8043
2/1/2023 6:53,7848
2/1/2023 6:53,7935
2/1/2023 6:54,7757
2/1/2023 6:54,7673
2/1/2023 6:55,7111
2/1/2023 6:55,7872
2/1/2023 6:56,7920
2/1/2023 6:56,7179
2/1/2023 6:57,7824
2/1/2023 6:57,7585
2/1/2023 6:58,7857
2/1/2023 6:59,7809
2/1/2023 6:59,7498
2/1/2023 7:00,7964
2/1/2023 7:00,7964
2/1/2023 7:01,7003
2/1/2023 7:01,7682
2/1/2023 7:02,7622
2/1/2023 7:02,7896
2/1/2023 7:03,7935
2/1/2023 7:03,7503
2/1/2023 7:04,7645
2/1/2023 7:04,8181
2/1/2023 7:05,7901
2/1/2023 7:05,7645
2/1/2023 7:06,7593
2/1/2023 7:06,7833
2/1/2023 7:07,7848
2/1/2023 7:07,7645
2/1/2023 7:08,7848
2/1/2023 7:08,8284
2/1/2023 7:09,8188
2/1/2023 7:09,7833
2/1/2023 7:10,7838
2/1/2023 7:10,8018
2/1/2023 7:11,7949
2/1/2023 7:11,7512
2/1/2023 7:12,8162
2/1/2023 7:12,7925
2/1/2023 7:13,8270
2/1/2023 7:13,8311
2/1/2023 7:14,7944
2/1/2023 7:14,7886
2/1/2023 7:15,7824
2/1/2023 7:15,7809
2/1/2023 7:16,7925
2/1/2023 7:16,7757
2/1/2023 7:17,8148
2/1/2023 7:17,7949
2/1/2023 7:18,8148
2/1/2023 7:18,7719
2/1/2023 7:19,7925
2/1/2023 7:19,7805
2/1/2023 7:20,7935
2/1/2023 7:20,8097
2/1/2023 7:21,8229
2/1/2023 7:21,7771
2/1/2023 7:22,7696
2/1/2023 7:22,7974
2/1/2023 7:23,7964
2/1/2023 7:23,8244
2/1/2023 7:24,7833
2/1/2023 7:24,7925
2/1/2023 7:25,8082
2/1/2023 7:26,7949
2/1/2023 7:26,7809
2/1/2023 7:27,8162
2/1/2023 7:27,7809
2/1/2023 7:28,8466
2/1/2023 7:28,8043
2/1/2023 7:29,7862
2/1/2023 7:29,8311
2/1/2023 7:30,7719
2/1/2023 7:30,7809
2/1/2023 7:31,7673
2/1/2023 7:31,7833
2/1/2023 7:32,8018
2/1/2023 7:32,8326
2/1/2023 7:33,8003
2/1/2023 7:33,8177
2/1/2023 7:34,7771
2/1/2023 7:34,7710
2/1/2023 7:35,7599
2/1/2023 7:35,7896
2/1/2023 7:36,7989
2/1/2023 7:36,7622
2/1/2023 7:37,7999
2/1/2023 7:37,8082
2/1/2023 7:38,7710
2/1/2023 7:38,7964
2/1/2023 7:39,8436
2/1/2023 7:39,8082
2/1/2023 7:40,8188
2/1/2023 7:40,8326
2/1/2023 7:41,8284
2/1/2023 7:41,7650
2/1/2023 7:42,8097
2/1/2023 7:42,7925
2/1/2023 7:43,8003
2/1/2023 7:43,7809
2/1/2023 7:44,7925
2/1/2023 7:44,8057
2/1/2023 7:45,7925
2/1/2023 7:45,8326
2/1/2023 7:46,8097
2/1/2023 7:46,8122
2/1/2023 7:47,8203
2/1/2023 7:47,7795
2/1/2023 7:48,8148
2/1/2023 7:48,7925
2/1/2023 7:49,8134
2/1/2023 7:49,7949
2/1/2023 7:50,8097
2/1/2023 7:50,8284
2/1/2023 7:51,7467
2/1/2023 7:51,7881
2/1/2023 7:52,7456
2/1/2023 7:53,8097
2/1/2023 7:53,8478
2/1/2023 7:54,8232
2/1/2023 7:54,7862
2/1/2023 7:55,7964
2/1/2023 7:55,7901
2/1/2023 7:56,7954
2/1/2023 7:56,7786
2/1/2023 7:57,7673
2/1/2023 7:57,8273
2/1/2023 7:58,7585
2/1/2023 7:58,7964
2/1/2023 7:59,8072
2/1/2023 7:59,7786
2/1/2023 8:00,7645
2/1/2023 8:00,7949
2/1/2023 8:01,7710
2/1/2023 8:01,7901
2/1/2023 8:02,8086
2/1/2023 8:02,7475
2/1/2023 8:03,8057
2/1/2023 8:03,7886
2/1/2023 8:04,7719
2/1/2023 8:04,7949
2/1/2023 8:05,7872
2/1/2023 8:05,8003
2/1/2023 8:06,7954
2/1/2023 8:06,8244
2/1/2023 8:07,8032
2/1/2023 8:07,7959
2/1/2023 8:08,7886
2/1/2023 8:08,8082
2/1/2023 8:09,8299
2/1/2023 8:09,8022
2/1/2023 8:10,7571
2/1/2023 8:10,7520
2/1/2023 8:11,8166
2/1/2023 8:11,7824
2/1/2023 8:12,7978
2/1/2023 8:12,8097
2/1/2023 8:13,7050
2/1/2023 8:13,7762
2/1/2023 8:14,8152
2/1/2023 8:14,8018
2/1/2023 8:15,7978
2/1/2023 8:15,8097
2/1/2023 8:16,8018
2/1/2023 8:16,7417
2/1/2023 8:17,7138
2/1/2023 8:17,7886
2/1/2023 8:18,7734
2/1/2023 8:18,7876
2/1/2023 8:19,7968
2/1/2023 8:20,7678
2/1/2023 8:20,7915
2/1/2023 8:21,7673
2/1/2023 8:21,8047
2/1/2023 8:22,7978
2/1/2023 8:22,7715
2/1/2023 8:23,7939
2/1/2023 8:23,7824
2/1/2023 8:24,8314
2/1/2023 8:24,7757
2/1/2023 8:25,7838
2/1/2023 8:25,8112
2/1/2023 8:26,7687
2/1/2023 8:26,8523
2/1/2023 8:27,8469
2/1/2023 8:27,7800
2/1/2023 8:28,7762
2/1/2023 8:28,8188
2/1/2023 8:29,8057
2/1/2023 8:29,7627
2/1/2023 8:30,7762
2/1/2023 8:30,8047
2/1/2023 8:31,8292
2/1/2023 8:31,7814
2/1/2023 8:32,7172
2/1/2023 8:32,7929
2/1/2023 8:33,7929
2/1/2023 8:33,7876
2/1/2023 8:34,7929
2/1/2023 8:34,8112
2/1/2023 8:35,7724
2/1/2023 8:35,8192
2/1/2023 8:36,7939
2/1/2023 8:36,8356
2/1/2023 8:37,8072
2/1/2023 8:37,8032
2/1/2023 8:38,7776
2/1/2023 8:38,7710
2/1/2023 8:39,8232
2/1/2023 8:39,7762
2/1/2023 8:40,7915
2/1/2023 8:40,7503
2/1/2023 8:41,7748
2/1/2023 8:41,7814
2/1/2023 8:42,7627
2/1/2023 8:42,7824
2/1/2023 8:43,7627
2/1/2023 8:43,7739
2/1/2023 8:44,8032
2/1/2023 8:44,8177
2/1/2023 8:45,7687
2/1/2023 8:45,8329
2/1/2023 8:46,7954
2/1/2023 8:47,7944
2/1/2023 8:47,8262
2/1/2023 8:48,7838
2/1/2023 8:48,7715
2/1/2023 8:49,7481
2/1/2023 8:49,7871
2/1/2023 8:50,8299
2/1/2023 8:50,7833
2/1/2023 8:51,8030
2/1/2023 8:51,7776
2/1/2023 8:52,7852
2/1/2023 8:52,7111
2/1/2023 8:53,7954
2/1/2023 8:53,7867
2/1/2023 8:54,7701
2/1/2023 8:54,7481
2/1/2023 8:55,7554
2/1/2023 8:55,7867
2/1/2023 8:56,7852
2/1/2023 8:56,7650
2/1/2023 8:57,7876
2/1/2023 8:57,8072
2/1/2023 8:58,7339
2/1/2023 8:58,7929
2/1/2023 8:59,8047
2/1/2023 8:59,7944
2/1/2023 9:00,7973
2/1/2023 9:00,8181
2/1/2023 9:01,8022
2/1/2023 9:01,8203
2/1/2023 9:02,7540
2/1/2023 9:02,7791
2/1/2023 9:03,7554
2/1/2023 9:03,8324
2/1/2023 9:04,8166
2/1/2023 9:04,7641
2/1/2023 9:05,7814
2/1/2023 9:05,7526
2/1/2023 9:06,7805
2/1/2023 9:06,8273
2/1/2023 9:07,7876
2/1/2023 9:07,7954
2/1/2023 9:08,7290
2/1/2023 9:08,8454
2/1/2023 9:09,7929
2/1/2023 9:09,8439
2/1/2023 9:10,8007
2/1/2023 9:10,7838
2/1/2023 9:11,7968
2/1/2023 9:11,7339
2/1/2023 9:12,7968
2/1/2023 9:13,7776
2/1/2023 9:13,7531
2/1/2023 9:14,7753
2/1/2023 9:14,7852
2/1/2023 9:15,7973
2/1/2023 9:15,8232
2/1/2023 9:16,7423
2/1/2023 9:16,7867
2/1/2023 9:17,7590
2/1/2023 9:17,7814
2/1/2023 9:18,8170
2/1/2023 9:18,7983
2/1/2023 9:19,8496
2/1/2023 9:19,7852
2/1/2023 9:20,8022
2/1/2023 9:20,7710
2/1/2023 9:21,7838
2/1/2023 9:21,8314
2/1/2023 9:22,8022
2/1/2023 9:22,7753
2/1/2023 9:23,7824
2/1/2023 9:23,8166
2/1/2023 9:24,8086
2/1/2023 9:24,8122
2/1/2023 9:25,8314
2/1/2023 9:25,8273
2/1/2023 9:26,8072
2/1/2023 9:26,7997
2/1/2023 9:27,7915
2/1/2023 9:27,7852
2/1/2023 9:28,7891
2/1/2023 9:28,7701
2/1/2023 9:29,7753
2/1/2023 9:29,8166
2/1/2023 9:30,7852
2/1/2023 9:30,7715
2/1/2023 9:31,8412
2/1/2023 9:31,7701
2/1/2023 9:32,8047
2/1/2023 9:32,7954
2/1/2023 9:33,7627
2/1/2023 9:33,8329
2/1/2023 9:34,8329
2/1/2023 9:34,8344
2/1/2023 9:35,7762
2/1/2023 9:35,8061
2/1/2023 9:36,8047
2/1/2023 9:36,7781
2/1/2023 9:37,7920
2/1/2023 9:37,8101
2/1/2023 9:38,7459
2/1/2023 9:38,8036
2/1/2023 9:39,7776
2/1/2023 9:40,8221
2/1/2023 9:40,7303
2/1/2023 9:41,7968
2/1/2023 9:41,7664
2/1/2023 9:42,7929
2/1/2023 9:42,7886
2/1/2023 9:43,8469
2/1/2023 9:43,7582
2/1/2023 9:44,7867
2/1/2023 9:44,7776
2/1/2023 9:45,8126
2/1/2023 9:45,7664
2/1/2023 9:46,7776
2/1/2023 9:46,8152
2/1/2023 9:47,8356
2/1/2023 9:47,8022
2/1/2023 9:48,7958
2/1/2023 9:48,7520
2/1/2023 9:49,7944
2/1/2023 9:49,8415
2/1/2023 9:50,8007
2/1/2023 9:50,7891
2/1/2023 9:51,7944
2/1/2023 9:51,7762
2/1/2023 9:52,8047
2/1/2023 9:52,7954
2/1/2023 9:53,7724
2/1/2023 9:53,7748
2/1/2023 9:54,7824
2/1/2023 9:54,8036
2/1/2023 9:55,7852
2/1/2023 9:55,8442
2/1/2023 9:56,7664
2/1/2023 9:56,8007
2/1/2023 9:57,7814
2/1/2023 9:57,8288
2/1/2023 9:58,8076
2/1/2023 9:58,7993
2/1/2023 9:59,7814
2/1/2023 9:59,7743
2/1/2023 10:00,7781
2/1/2023 10:00,7590
2/1/2023 10:01,7973
2/1/2023 10:01,8126
2/1/2023 10:02,7735
2/1/2023 10:02,7739
2/1/2023 10:03,7762
2/1/2023 10:03,7568
2/1/2023 10:04,8288
2/1/2023 10:04,8166
2/1/2023 10:05,7891
2/1/2023 10:05,7983
2/1/2023 10:06,7604
2/1/2023 10:07,7776
2/1/2023 10:07,7954
2/1/2023 10:08,7829
2/1/2023 10:08,7915
2/1/2023 10:09,6911
2/1/2023 10:09,8007
2/1/2023 10:10,7843
2/1/2023 10:10,7554
2/1/2023 10:11,8086
2/1/2023 10:11,8166
2/1/2023 10:12,7627
2/1/2023 10:12,7317
2/1/2023 10:13,8192
2/1/2023 10:13,7739
2/1/2023 10:14,7939
2/1/2023 10:14,7915
2/1/2023 10:15,7814
2/1/2023 10:15,7388
2/1/2023 10:16,7852
2/1/2023 10:16,7739
2/1/2023 10:17,8247
2/1/2023 10:17,7852
2/1/2023 10:18,7613
2/1/2023 10:18,7590
2/1/2023 10:19,7520
2/1/2023 10:19,7664
2/1/2023 10:20,8288
2/1/2023 10:20,8247
2/1/2023 10:21,7900
2/1/2023 10:21,7248
2/1/2023 10:22,7867
2/1/2023 10:22,8166
2/1/2023 10:23,7852
2/1/2023 10:23,8166
2/1/2023 10:24,7715
2/1/2023 10:24,7791
2/1/2023 10:25,7814
2/1/2023 10:25,7748
2/1/2023 10:26,7891
2/1/2023 10:26,7786
2/1/2023 10:27,7852
2/1/2023 10:27,7833
2/1/2023 10:28,8130
2/1/2023 10:28,8007
2/1/2023 10:29,8036
2/1/2023 10:29,7692
2/1/2023 10:30,7944
2/1/2023 10:30,7776
2/1/2023 10:31,7929
2/1/2023 10:31,7795
2/1/2023 10:32,7905
2/1/2023 10:32,8076
2/1/2023 10:33,8152
2/1/2023 10:34,7776
2/1/2023 10:34,7852
2/1/2023 10:35,7701
2/1/2023 10:35,7730
2/1/2023 10:36,7929
2/1/2023 10:36,7968
2/1/2023 10:37,7968
2/1/2023 10:37,7753
2/1/2023 10:38,7445
2/1/2023 10:38,7876
2/1/2023 10:39,7531
2/1/2023 10:39,7710
2/1/2023 10:40,8439
2/1/2023 10:40,8101
2/1/2023 10:41,7814
2/1/2023 10:41,7795
2/1/2023 10:42,7993
2/1/2023 10:42,7255
2/1/2023 10:43,7724
2/1/2023 10:43,7199
2/1/2023 10:44,8007
2/1/2023 10:44,7915
2/1/2023 10:45,7968
2/1/2023 10:45,7881
2/1/2023 10:46,8007
2/1/2023 10:46,7983
2/1/2023 10:47,7915
2/1/2023 10:47,7531
2/1/2023 10:48,7554
2/1/2023 10:48,7929
2/1/2023 10:49,7944
2/1/2023 10:49,7891
2/1/2023 10:50,7814
2/1/2023 10:50,7255
2/1/2023 10:51,7692
2/1/2023 10:51,7562
2/1/2023 10:52,8196
2/1/2023 10:52,7929
2/1/2023 10:53,7852
2/1/2023 10:53,8247
2/1/2023 10:54,8086
2/1/2023 10:54,8126
2/1/2023 10:55,7715
2/1/2023 10:55,7944
2/1/2023 10:56,7944
2/1/2023 10:56,7934
2/1/2023 10:57,8112
2/1/2023 10:57,8141
2/1/2023 10:58,7944
2/1/2023 10:58,7800
2/1/2023 10:59,7757
2/1/2023 10:59,7664
2/1/2023 11:00,7876
2/1/2023 11:01,8137
2/1/2023 11:01,7641
2/1/2023 11:02,7702
2/1/2023 11:02,7715
2/1/2023 11:03,7968
2/1/2023 11:03,7993
2/1/2023 11:04,7481
2/1/2023 11:04,7481
2/1/2023 11:05,8192
2/1/2023 11:05,7339
2/1/2023 11:06,7715
2/1/2023 11:06,7776
2/1/2023 11:07,7739
2/1/2023 11:07,8397
2/1/2023 11:08,8244
2/1/2023 11:08,7852
2/1/2023 11:09,7776
2/1/2023 11:09,7627
2/1/2023 11:10,7445
2/1/2023 11:10,7753
2/1/2023 11:11,7604
2/1/2023 11:11,7627
2/1/2023 11:12,7876
2/1/2023 11:12,7983
2/1/2023 11:13,7791
2/1/2023 11:13,7701
2/1/2023 11:14,7968
2/1/2023 11:14,8007
2/1/2023 11:15,7599
2/1/2023 11:15,8126
2/1/2023 11:16,7715
2/1/2023 11:16,7905
2/1/2023 11:17,8047
2/1/2023 11:17,8329
2/1/2023 11:18,8112
2/1/2023 11:18,7199
2/1/2023 11:19,7958
2/1/2023 11:19,7829
2/1/2023 11:20,7753
2/1/2023 11:20,8047
2/1/2023 11:21,8101
2/1/2023 11:21,7891
2/1/2023 11:22,7767
2/1/2023 11:22,8207
2/1/2023 11:23,7692
2/1/2023 11:23,7590
2/1/2023 11:24,7905
2/1/2023 11:24,7509
2/1/2023 11:25,8007
2/1/2023 11:25,8061
2/1/2023 11:26,6963
2/1/2023 11:26,7977
2/1/2023 11:27,7627
2/1/2023 11:28,7715
2/1/2023 11:28,8481
2/1/2023 11:29,7531
2/1/2023 11:29,8101
2/1/2023 11:30,7346
2/1/2023 11:30,7739
2/1/2023 11:31,7701
2/1/2023 11:31,8047
2/1/2023 11:32,7776
2/1/2023 11:32,8116
2/1/2023 11:33,7829
2/1/2023 11:33,7481
2/1/2023 11:34,7366
2/1/2023 11:34,7814
2/1/2023 11:35,7776
2/1/2023 11:35,8007
2/1/2023 11:36,7715
2/1/2023 11:36,8288
2/1/2023 11:37,7618
2/1/2023 11:37,7269
2/1/2023 11:38,7678
2/1/2023 11:38,7545
2/1/2023 11:39,7993
2/1/2023 11:39,7824
2/1/2023 11:40,7664
2/1/2023 11:40,7111
2/1/2023 11:41,7753
2/1/2023 11:41,7678
2/1/2023 11:42,7852
2/1/2023 11:42,7748
2/1/2023 11:43,8232
2/1/2023 11:43,8196
2/1/2023 11:44,8101
2/1/2023 11:44,7891
2/1/2023 11:45,7396
2/1/2023 11:45,8314
2/1/2023 11:46,7993
2/1/2023 11:46,7901
2/1/2023 11:47,8166
2/1/2023 11:47,7627
2/1/2023 11:48,7739
2/1/2023 11:48,7838
2/1/2023 11:49,7739
2/1/2023 11:49,8400
2/1/2023 11:50,7604
2/1/2023 11:50,7867
2/1/2023 11:51,7758
2/1/2023 11:51,7627
2/1/2023 11:52,7517
2/1/2023 11:52,7776
2/1/2023 11:53,7739
2/1/2023 11:54,7824
2/1/2023 11:54,8061
2/1/2023 11:55,7613
2/1/2023 11:55,8303
2/1/2023 11:56,7929
2/1/2023 11:56,7852
2/1/2023 11:57,7973
2/1/2023 11:57,7954
2/1/2023 11:58,7891
2/1/2023 11:58,7891
2/1/2023 11:59,7678
2/1/2023 11:59,7891
2/1/2023 12:00,7618
2/1/2023 12:00,7838
2/1/2023 12:01,7993
2/1/2023 12:01,7303
2/1/2023 12:02,8141
2/1/2023 12:02,8155
2/1/2023 12:03,8076
2/1/2023 12:03,8007
2/1/2023 12:04,7290
2/1/2023 12:04,7814
2/1/2023 12:05,8152
2/1/2023 12:05,8137
2/1/2023 12:06,7303
2/1/2023 12:06,7791
2/1/2023 12:07,8314
2/1/2023 12:07,7929
2/1/2023 12:08,7891
2/1/2023 12:08,7495
2/1/2023 12:09,7833
2/1/2023 12:09,7627
2/1/2023 12:10,7540
2/1/2023 12:10,7852
2/1/2023 12:11,8047
2/1/2023 12:11,7800
2/1/2023 12:12,7554
2/1/2023 12:12,7269
2/1/2023 12:13,7891
2/1/2023 12:13,7964
2/1/2023 12:14,7517
2/1/2023 12:14,8152
2/1/2023 12:15,7374
2/1/2023 12:15,8218
2/1/2023 12:16,8007
2/1/2023 12:16,7929
2/1/2023 12:17,7791
2/1/2023 12:17,7739
2/1/2023 12:18,7687
2/1/2023 12:18,7554
2/1/2023 12:19,8329
2/1/2023 12:19,7739
2/1/2023 12:20,8329
2/1/2023 12:21,7739
2/1/2023 12:21,7517
2/1/2023 12:22,7762
2/1/2023 12:22,7753
2/1/2023 12:23,7248
2/1/2023 12:23,7805
2/1/2023 12:24,8232
2/1/2023 12:24,8072
2/1/2023 12:25,8116
2/1/2023 12:25,8303
2/1/2023 12:26,8047
2/1/2023 12:26,7776
2/1/2023 12:27,7958
2/1/2023 12:27,6911
2/1/2023 12:28,7876
2/1/2023 12:28,7659
2/1/2023 12:29,8047
2/1/2023 12:29,7664
2/1/2023 12:30,7317
2/1/2023 12:30,7838
2/1/2023 12:31,7786
2/1/2023 12:31,8061
2/1/2023 12:32,7905
2/1/2023 12:32,8247
2/1/2023 12:33,7710
2/1/2023 12:33,7838
2/1/2023 12:34,8047
2/1/2023 12:34,7852
2/1/2023 12:35,7891
2/1/2023 12:35,7776
2/1/2023 12:36,8218
2/1/2023 12:36,7590
2/1/2023 12:37,8273
2/1/2023 12:37,8047
2/1/2023 12:38,7867
2/1/2023 12:38,8126
2/1/2023 12:39,8192
2/1/2023 12:39,7852
2/1/2023 12:40,7753
2/1/2023 12:40,8076
2/1/2023 12:41,7838
2/1/2023 12:41,7730
2/1/2023 12:42,8247
2/1/2023 12:42,7523
2/1/2023 12:43,7867
2/1/2023 12:43,8061
2/1/2023 12:44,7852
2/1/2023 12:44,7753
2/1/2023 12:45,7814
2/1/2023 12:45,7944
2/1/2023 12:46,7317
2/1/2023 12:46,8126
2/1/2023 12:47,7852
2/1/2023 12:48,8329
2/1/2023 12:48,7895
2/1/2023 12:49,8105
2/1/2023 12:49,7814
2/1/2023 12:50,7701
2/1/2023 12:50,7791
2/1/2023 12:51,7891
2/1/2023 12:51,7944
2/1/2023 12:52,7678
2/1/2023 12:52,7664
2/1/2023 12:53,7829
2/1/2023 12:53,7495
2/1/2023 12:54,8152
2/1/2023 12:54,7915
2/1/2023 12:55,7929
2/1/2023 12:55,7374
2/1/2023 12:56,7905
2/1/2023 12:56,7627
2/1/2023 12:57,7891
2/1/2023 12:57,7568
2/1/2023 12:58,7701
2/1/2023 12:58,7678
2/1/2023 12:59,7423
2/1/2023 12:59,7958
2/1/2023 13:00,8584
2/1/2023 13:00,8061
2/1/2023 13:01,7867
2/1/2023 13:01,7901
2/1/2023 13:02,8288
2/1/2023 13:02,8072
2/1/2023 13:03,8022
2/1/2023 13:03,7876
2/1/2023 13:04,7805
2/1/2023 13:04,7554
2/1/2023 13:05,7954
2/1/2023 13:05,8181
2/1/2023 13:06,7715
2/1/2023 13:06,8370
2/1/2023 13:07,7929
2/1/2023 13:07,7641
2/1/2023 13:08,7669
2/1/2023 13:08,8247
2/1/2023 13:09,7791
2/1/2023 13:09,7983
2/1/2023 13:10,8022
2/1/2023 13:10,7776
2/1/2023 13:11,8225
2/1/2023 13:11,7920
2/1/2023 13:12,8141
2/1/2023 13:12,7692
2/1/2023 13:13,8344
2/1/2023 13:13,7627
2/1/2023 13:14,7857
2/1/2023 13:15,7867
2/1/2023 13:15,7920
2/1/2023 13:16,7545
2/1/2023 13:16,8484
2/1/2023 13:17,7929
2/1/2023 13:17,8273
2/1/2023 13:18,7993
2/1/2023 13:18,7641
2/1/2023 13:19,6997
2/1/2023 13:19,7781
2/1/2023 13:20,8007
2/1/2023 13:20,7776
2/1/2023 13:21,7843
2/1/2023 13:21,7905
2/1/2023 13:22,7753
2/1/2023 13:22,7814
2/1/2023 13:23,8196
2/1/2023 13:23,7983
2/1/2023 13:24,7415
2/1/2023 13:24,7509
2/1/2023 13:25,7944
2/1/2023 13:25,8097
2/1/2023 13:26,7929
2/1/2023 13:26,7983
2/1/2023 13:27,7715
2/1/2023 13:27,7997
2/1/2023 13:28,8210
2/1/2023 13:28,7867
2/1/2023 13:29,7791
2/1/2023 13:29,7852
2/1/2023 13:30,7805
2/1/2023 13:30,7905
2/1/2023 13:31,7650
2/1/2023 13:31,8126
2/1/2023 13:32,7753
2/1/2023 13:32,7687
2/1/2023 13:33,8101
2/1/2023 13:33,7833
2/1/2023 13:34,7848
2/1/2023 13:34,8022
2/1/2023 13:35,7983
2/1/2023 13:35,7627
2/1/2023 13:36,7805
2/1/2023 13:36,7596
2/1/2023 13:37,8145
2/1/2023 13:37,7968
2/1/2023 13:38,7445
2/1/2023 13:38,7192
2/1/2023 13:39,7905
2/1/2023 13:39,8007
2/1/2023 13:40,8196
2/1/2023 13:40,7929
2/1/2023 13:41,7715
2/1/2023 13:42,7905
2/1/2023 13:42,7744
2/1/2023 13:43,7905
2/1/2023 13:43,7753
2/1/2023 13:44,8101
2/1/2023 13:44,7296
2/1/2023 13:45,7852
2/1/2023 13:45,7111
2/1/2023 13:46,7929
2/1/2023 13:46,7573
2/1/2023 13:47,7905
2/1/2023 13:47,7920
2/1/2023 13:48,7715
2/1/2023 13:48,8221
2/1/2023 13:49,8152
2/1/2023 13:49,7881
2/1/2023 13:50,8236
2/1/2023 13:50,7791
2/1/2023 13:51,8076
2/1/2023 13:51,7701
2/1/2023 13:52,7867
2/1/2023 13:52,7944
2/1/2023 13:53,7867
2/1/2023 13:53,7920
2/1/2023 13:54,8007
2/1/2023 13:54,8065
2/1/2023 13:55,7929
2/1/2023 13:55,7678
2/1/2023 13:56,8843
2/1/2023 13:56,8116
2/1/2023 13:57,8385
2/1/2023 13:57,7683
2/1/2023 13:58,7805
2/1/2023 13:58,7876
2/1/2023 13:59,7905
2/1/2023 13:59,8101
2/1/2023 14:00,7843
2/1/2023 14:00,8152
2/1/2023 14:01,8247
2/1/2023 14:01,7545
2/1/2023 14:02,7944
2/1/2023 14:02,7582
2/1/2023 14:03,8051
2/1/2023 14:03,8207
2/1/2023 14:04,8397
2/1/2023 14:04,8141
2/1/2023 14:05,7867
2/1/2023 14:05,7876
2/1/2023 14:06,8086
2/1/2023 14:06,7905
2/1/2023 14:07,7791
2/1/2023 14:08,7934
2/1/2023 14:08,7983
2/1/2023 14:09,7618
2/1/2023 14:09,7852
2/1/2023 14:10,7881
2/1/2023 14:10,7829
2/1/2023 14:11,8061
2/1/2023 14:11,8726
2/1/2023 14:12,7983
2/1/2023 14:12,7843
2/1/2023 14:13,8055
2/1/2023 14:13,7678
2/1/2023 14:14,7495
2/1/2023 14:14,7958
2/1/2023 14:15,7296
2/1/2023 14:15,8196
2/1/2023 14:16,8022
2/1/2023 14:16,7983
2/1/2023 14:17,7944
2/1/2023 14:17,7852
2/1/2023 14:18,7983
2/1/2023 14:18,7641
2/1/2023 14:19,8022
2/1/2023 14:19,7867
2/1/2023 14:20,7568
2/1/2023 14:20,7669
2/1/2023 14:21,7767
2/1/2023 14:21,7944
2/1/2023 14:22,7905
2/1/2023 14:22,7655
2/1/2023 14:23,7881
2/1/2023 14:23,8036
2/1/2023 14:24,7867
2/1/2023 14:24,7545
2/1/2023 14:25,7997
2/1/2023 14:25,7641
2/1/2023 14:26,7730
2/1/2023 14:26,8061
2/1/2023 14:27,7944
2/1/2023 14:27,8101
2/1/2023 14:28,7920
2/1/2023 14:28,7833
2/1/2023 14:29,7891
2/1/2023 14:29,7983
2/1/2023 14:30,7891
2/1/2023 14:30,7920
2/1/2023 14:31,8303
2/1/2023 14:31,7618
2/1/2023 14:32,7852
2/1/2023 14:32,7915
2/1/2023 14:33,8303
2/1/2023 14:33,7800
2/1/2023 14:34,8192
2/1/2023 14:35,8262
2/1/2023 14:35,8427
2/1/2023 14:36,8329
2/1/2023 14:36,7867
2/1/2023 14:37,7701
2/1/2023 14:37,7618
2/1/2023 14:38,8251
2/1/2023 14:38,8181
2/1/2023 14:39,8061
2/1/2023 14:39,7867
2/1/2023 14:40,7805
2/1/2023 14:40,7762
2/1/2023 14:41,7843
2/1/2023 14:41,7833
2/1/2023 14:42,7590
2/1/2023 14:42,7711
2/1/2023 14:43,7669
2/1/2023 14:43,7473
2/1/2023 14:44,7655
2/1/2023 14:44,8247
2/1/2023 14:45,7920
2/1/2023 14:45,7944
2/1/2023 14:46,8484
2/1/2023 14:46,7843
2/1/2023 14:47,7867
2/1/2023 14:47,7641
2/1/2023 14:48,8086
2/1/2023 14:48,7423
2/1/2023 14:49,7664
2/1/2023 14:49,8370
2/1/2023 14:50,7655
2/1/2023 14:50,7805
2/1/2023 14:51,7997
2/1/2023 14:51,7973
2/1/2023 14:52,7867
2/1/2023 14:52,7437
2/1/2023 14:53,7895
2/1/2023 14:53,7905
2/1/2023 14:54,8174
2/1/2023 14:54,7881
2/1/2023 14:55,7445
2/1/2023 14:55,7791
2/1/2023 14:56,8047
2/1/2023 14:56,8225
2/1/2023 14:57,7814
2/1/2023 14:57,7401
2/1/2023 14:58,7990
2/1/2023 14:58,7920
2/1/2023 14:59,7767
2/1/2023 14:59,7867
2/1/2023 15:00,7915
2/1/2023 15:00,7819
2/1/2023 15:01,7920
2/1/2023 15:02,8344
2/1/2023 15:02,7983
2/1/2023 15:03,7786
2/1/2023 15:03,8101
2/1/2023 15:04,7814
2/1/2023 15:04,8247
2/1/2023 15:05,7618
2/1/2023 15:05,7843
2/1/2023 15:06,7829
2/1/2023 15:06,7753
2/1/2023 15:07,7655
2/1/2023 15:07,7805
2/1/2023 15:08,7706
2/1/2023 15:08,7715
2/1/2023 15:09,7805
2/1/2023 15:09,7531
2/1/2023 15:10,7568
2/1/2023 15:10,7481
2/1/2023 15:11,7739
2/1/2023 15:11,7944
2/1/2023 15:12,7451
2/1/2023 15:12,7459
2/1/2023 15:13,8277
2/1/2023 15:13,7523
2/1/2023 15:14,7829
2/1/2023 15:14,7997
2/1/2023 15:15,7618
2/1/2023 15:15,8181
2/1/2023 15:16,7531
2/1/2023 15:16,7545
2/1/2023 15:17,7715
2/1/2023 15:17,7852
2/1/2023 15:18,7604
2/1/2023 15:18,8726
2/1/2023 15:19,7954
2/1/2023 15:19,7983
2/1/2023 15:20,8116
2/1/2023 15:20,7655
2/1/2023 15:21,7753
2/1/2023 15:21,7664
2/1/2023 15:22,7891
2/1/2023 15:22,7701
2/1/2023 15:23,7641
2/1/2023 15:23,7848
2/1/2023 15:24,7124
2/1/2023 15:24,7664
2/1/2023 15:25,7692
2/1/2023 15:25,7968
2/1/2023 15:26,7559
2/1/2023 15:26,7781
2/1/2023 15:27,7829
2/1/2023 15:27,7111
2/1/2023 15:28,7473
2/1/2023 15:29,7997
2/1/2023 15:29,7983
2/1/2023 15:30,7944
2/1/2023 15:30,7706
2/1/2023 15:31,7744
2/1/2023 15:31,7753
2/1/2023 15:32,7805
2/1/2023 15:32,8026
2/1/2023 15:33,7920
2/1/2023 15:33,8041
2/1/2023 15:34,7983
2/1/2023 15:34,7692
2/1/2023 15:35,7791
2/1/2023 15:35,7523
2/1/2023 15:36,8181
2/1/2023 15:36,7891
2/1/2023 15:37,8218
2/1/2023 15:37,7829
2/1/2023 15:38,7739
2/1/2023 15:38,7767
2/1/2023 15:39,8141
2/1/2023 15:39,7944
2/1/2023 15:40,7776
2/1/2023 15:40,8086
2/1/2023 15:41,8314
2/1/2023 15:41,8130
2/1/2023 15:42,8247
2/1/2023 15:42,8007
2/1/2023 15:43,7829
2/1/2023 15:43,7423
2/1/2023 15:44,7697
2/1/2023 15:44,8155
2/1/2023 15:45,7730
2/1/2023 15:45,7891
2/1/2023 15:46,7604
2/1/2023 15:46,7791
2/1/2023 15:47,7687
2/1/2023 15:47,8032
2/1/2023 15:48,7753
2/1/2023 15:48,7791
2/1/2023 15:49,7748
2/1/2023 15:49,8181
2/1/2023 15:50,7753
2/1/2023 15:50,7715
2/1/2023 15:51,8101
2/1/2023 15:51,8218
2/1/2023 15:52,7829
2/1/2023 15:52,8385
2/1/2023 15:53,8061
2/1/2023 15:53,7739
2/1/2023 15:54,8047
2/1/2023 15:55,7311
2/1/2023 15:55,7568
2/1/2023 15:56,7929
2/1/2023 15:56,7568
2/1/2023 15:57,7673
2/1/2023 15:57,7641
2/1/2023 15:58,8303
2/1/2023 15:58,7678
2/1/2023 15:59,7604
2/1/2023 15:59,8221
2/1/2023 16:00,7958
2/1/2023 16:00,7993
2/1/2023 16:01,7641
2/1/2023 16:01,7627
2/1/2023 16:02,7833
2/1/2023 16:02,7664
2/1/2023 16:03,7867
2/1/2023 16:03,7687
2/1/2023 16:04,8086
2/1/2023 16:04,7829
2/1/2023 16:05,8101
2/1/2023 16:05,8192
2/1/2023 16:06,7531
2/1/2023 16:06,7673
2/1/2023 16:07,7929
2/1/2023 16:07,7445
2/1/2023 16:08,7590
2/1/2023 16:08,7791
2/1/2023 16:09,8022
2/1/2023 16:09,7958
2/1/2023 16:10,8101
2/1/2023 16:10,7678
2/1/2023 16:11,7814
2/1/2023 16:11,7604
2/1/2023 16:12,7715
2/1/2023 16:12,8155
2/1/2023 16:13,7724
2/1/2023 16:13,8329
2/1/2023 16:14,7739
2/1/2023 16:14,7331
2/1/2023 16:15,7339
2/1/2023 16:15,8247
2/1/2023 16:16,7891
2/1/2023 16:16,7659
2/1/2023 16:17,7762
2/1/2023 16:17,8314
2/1/2023 16:18,7687
2/1/2023 16:18,7867
2/1/2023 16:19,7753
2/1/2023 16:19,7905
2/1/2023 16:20,8061
2/1/2023 16:20,7867
2/1/2023 16:21,7767
2/1/2023 16:22,7944
2/1/2023 16:22,8469
2/1/2023 16:23,7814
2/1/2023 16:23,7973
2/1/2023 16:24,8329
2/1/2023 16:24,7857
2/1/2023 16:25,7388
2/1/2023 16:25,7776
2/1/2023 16:26,7701
2/1/2023 16:26,7915
2/1/2023 16:27,8116
2/1/2023 16:27,7814
2/1/2023 16:28,7800
2/1/2023 16:28,7905
2/1/2023 16:29,8166
2/1/2023 16:29,8181
2/1/2023 16:30,8022
2/1/2023 16:30,8057
2/1/2023 16:31,7352
2/1/2023 16:31,8101
2/1/2023 16:32,7958
2/1/2023 16:32,7929
2/1/2023 16:33,8299
2/1/2023 16:33,7701
2/1/2023 16:34,7852
2/1/2023 16:34,8288
2/1/2023 16:35,7867
2/1/2023 16:35,7819
2/1/2023 16:36,7967
2/1/2023 16:36,7944
2/1/2023 16:37,8288
2/1/2023 16:37,8141
2/1/2023 16:38,7641
2/1/2023 16:38,7867
2/1/2023 16:39,7920
2/1/2023 16:39,7983
2/1/2023 16:40,7248
2/1/2023 16:40,7618
2/1/2023 16:41,8112
2/1/2023 16:41,8221
2/1/2023 16:42,7983
2/1/2023 16:42,8181
2/1/2023 16:43,7701
2/1/2023 16:43,7791
2/1/2023 16:44,7517
2/1/2023 16:44,7678
2/1/2023 16:45,7944
2/1/2023 16:45,7296
2/1/2023 16:46,7829
2/1/2023 16:46,7983
2/1/2023 16:47,7692
2/1/2023 16:47,8022
2/1/2023 16:48,7545
2/1/2023 16:49,8258
2/1/2023 16:49,7857
2/1/2023 16:50,7814
2/1/2023 16:50,7604
2/1/2023 16:51,8196
2/1/2023 16:51,7819
2/1/2023 16:52,8221
2/1/2023 16:52,7901
2/1/2023 16:53,7576
2/1/2023 16:53,7881
2/1/2023 16:54,8397
2/1/2023 16:54,7891
2/1/2023 16:55,7753
2/1/2023 16:55,8022
2/1/2023 16:56,7968
2/1/2023 16:56,8303
2/1/2023 16:57,8116
2/1/2023 16:57,8022
2/1/2023 16:58,7753
2/1/2023 16:58,7814
2/1/2023 16:59,7829
2/1/2023 16:59,8247
2/1/2023 17:00,7753
2/1/2023 17:00,8076
2/1/2023 17:01,7843
2/1/2023 17:01,7829
2/1/2023 17:02,7795
2/1/2023 17:02,8101
2/1/2023 17:03,8155
2/1/2023 17:03,7636
2/1/2023 17:04,7958
2/1/2023 17:04,7443
2/1/2023 17:05,7891
2/1/2023 17:05,7958
2/1/2023 17:06,7819
2/1/2023 17:06,7791
2/1/2023 17:07,7993
2/1/2023 17:07,7934
2/1/2023 17:08,8451
2/1/2023 17:08,7358
2/1/2023 17:09,8036
2/1/2023 17:09,7857
2/1/2023 17:10,7944
2/1/2023 17:10,7739
2/1/2023 17:11,7604
2/1/2023 17:11,7843
2/1/2023 17:12,7317
2/1/2023 17:12,7895
2/1/2023 17:13,7905
2/1/2023 17:13,7881
2/1/2023 17:14,8196
2/1/2023 17:14,8126
2/1/2023 17:15,7857
2/1/2023 17:16,7814
2/1/2023 17:16,8221
2/1/2023 17:17,7388
2/1/2023 17:17,7613
2/1/2023 17:18,7862
2/1/2023 17:18,7467
2/1/2023 17:19,7944
2/1/2023 17:19,7791
2/1/2023 17:20,8170
2/1/2023 17:20,7944
2/1/2023 17:21,7523
2/1/2023 17:21,7944
2/1/2023 17:22,7852
2/1/2023 17:22,7678
2/1/2023 17:23,7767
2/1/2023 17:23,7819
2/1/2023 17:24,8070
2/1/2023 17:24,8196
2/1/2023 17:25,7781
2/1/2023 17:25,7730
2/1/2023 17:26,7881
2/1/2023 17:26,8041
2/1/2023 17:27,7753
2/1/2023 17:27,8181
2/1/2023 17:28,8303
2/1/2023 17:28,7437
2/1/2023 17:29,7983
2/1/2023 17:29,7767
2/1/2023 17:30,7867
2/1/2023 17:30,8407
2/1/2023 17:31,8207
2/1/2023 17:31,7624
2/1/2023 17:32,7692
2/1/2023 17:32,8155
2/1/2023 17:33,8061
2/1/2023 17:33,7730
2/1/2023 17:34,7715
2/1/2023 17:34,8427
2/1/2023 17:35,8145
2/1/2023 17:35,7596
2/1/2023 17:36,7805
2/1/2023 17:36,7767
2/1/2023 17:37,7805
2/1/2023 17:37,7944
2/1/2023 17:38,7715
2/1/2023 17:38,7744
2/1/2023 17:39,7805
2/1/2023 17:39,8181
2/1/2023 17:40,7983
2/1/2023 17:40,8141
2/1/2023 17:41,7739
2/1/2023 17:41,8130
2/1/2023 17:42,7791
2/1/2023 17:43,7958
2/1/2023 17:43,7857
2/1/2023 17:44,8126
2/1/2023 17:44,8554
2/1/2023 17:45,8277
2/1/2023 17:45,7596
2/1/2023 17:46,8273
2/1/2023 17:46,7523
2/1/2023 17:47,7895
2/1/2023 17:47,7691
2/1/2023 17:48,8584
2/1/2023 17:48,8116
2/1/2023 17:49,7459
2/1/2023 17:49,7997
2/1/2023 17:50,7958
2/1/2023 17:50,7540
2/1/2023 17:51,7997
2/1/2023 17:51,7767
2/1/2023 17:52,7895
2/1/2023 17:52,7720
2/1/2023 17:53,8221
2/1/2023 17:53,7934
2/1/2023 17:54,8247
2/1/2023 17:54,7958
2/1/2023 17:55,8196
2/1/2023 17:55,7459
2/1/2023 17:56,7655
2/1/2023 17:56,8032
2/1/2023 17:57,7767
2/1/2023 17:57,8262
2/1/2023 17:58,7997
2/1/2023 17:58,7638
2/1/2023 17:59,7997
2/1/2023 17:59,8247
2/1/2023 18:00,7948
2/1/2023 18:00,7618
2/1/2023 18:01,7509
2/1/2023 18:01,7781
2/1/2023 18:02,7843
2/1/2023 18:02,7517
2/1/2023 18:03,7905
2/1/2023 18:03,7366
2/1/2023 18:04,7843
2/1/2023 18:04,7829
2/1/2023 18:05,7968
2/1/2023 18:05,7905
2/1/2023 18:06,7805
2/1/2023 18:06,7730
2/1/2023 18:07,7692
2/1/2023 18:07,8141
2/1/2023 18:08,7781
2/1/2023 18:09,7767
2/1/2023 18:09,7920
2/1/2023 18:10,8181
2/1/2023 18:10,7678
2/1/2023 18:11,7929
2/1/2023 18:11,7692
2/1/2023 18:12,7269
2/1/2023 18:12,7867
2/1/2023 18:13,7582
2/1/2023 18:13,8061
2/1/2023 18:14,7805
2/1/2023 18:14,8036
2/1/2023 18:15,8036
2/1/2023 18:15,7730
2/1/2023 18:16,7618
2/1/2023 18:16,8370
2/1/2023 18:17,7531
2/1/2023 18:17,7767
2/1/2023 18:18,7568
2/1/2023 18:18,7730
2/1/2023 18:19,7767
2/1/2023 18:19,7829
2/1/2023 18:20,8086
2/1/2023 18:20,7701
2/1/2023 18:21,7920
2/1/2023 18:21,7554
2/1/2023 18:22,8051
2/1/2023 18:22,8196
2/1/2023 18:23,7388
2/1/2023 18:23,7881
2/1/2023 18:24,7352
2/1/2023 18:24,7582
2/1/2023 18:25,7715
2/1/2023 18:25,7707
2/1/2023 18:26,7958
2/1/2023 18:26,8318
2/1/2023 18:27,7317
2/1/2023 18:27,8022
2/1/2023 18:28,8177
2/1/2023 18:28,7843
2/1/2023 18:29,7627
2/1/2023 18:29,8036
2/1/2023 18:30,7791
2/1/2023 18:30,7997
2/1/2023 18:31,8076
2/1/2023 18:31,7715
2/1/2023 18:32,7805
2/1/2023 18:32,7881
2/1/2023 18:33,8141
2/1/2023 18:33,8207
2/1/2023 18:34,8412
2/1/2023 18:34,7660
2/1/2023 18:35,7819
2/1/2023 18:36,7730
2/1/2023 18:36,7744
2/1/2023 18:37,8344
2/1/2023 18:37,7968
2/1/2023 18:38,7791
2/1/2023 18:38,7881
2/1/2023 18:39,7829
2/1/2023 18:39,8076
2/1/2023 18:40,8116
2/1/2023 18:40,8155
2/1/2023 18:41,7920
2/1/2023 18:41,7655
2/1/2023 18:42,7876
2/1/2023 18:42,7920
2/1/2023 18:43,7781
2/1/2023 18:43,7744
2/1/2023 18:44,7767
2/1/2023 18:44,7604
2/1/2023 18:45,7819
2/1/2023 18:45,7944
2/1/2023 18:46,8221
2/1/2023 18:46,7920
2/1/2023 18:47,7843
2/1/2023 18:47,8385
2/1/2023 18:48,7857
2/1/2023 18:48,8277
2/1/2023 18:49,7767
2/1/2023 18:49,7618
2/1/2023 18:50,8036
2/1/2023 18:50,8221
2/1/2023 18:51,8359
2/1/2023 18:51,7944
2/1/2023 18:52,7920
2/1/2023 18:52,8086
2/1/2023 18:53,8196
2/1/2023 18:53,7767
2/1/2023 18:54,8036
2/1/2023 18:54,8026
2/1/2023 18:55,7857
2/1/2023 18:55,7920
2/1/2023 18:56,8170
2/1/2023 18:56,7692
2/1/2023 18:57,7895
2/1/2023 18:57,7905
2/1/2023 18:58,8236
2/1/2023 18:58,7843
2/1/2023 18:59,8318
2/1/2023 18:59,8022
2/1/2023 19:00,8221
2/1/2023 19:00,7683
2/1/2023 19:01,8262
2/1/2023 19:01,7767
2/1/2023 19:02,7632
2/1/2023 19:03,8280
2/1/2023 19:03,7958
2/1/2023 19:04,7867
2/1/2023 19:04,7655
2/1/2023 19:05,7730
2/1/2023 19:05,7730
2/1/2023 19:06,8076
2/1/2023 19:06,7997
2/1/2023 19:07,8159
2/1/2023 19:07,7596
2/1/2023 19:08,8196
2/1/2023 19:08,8116
2/1/2023 19:09,7944
2/1/2023 19:09,7805
2/1/2023 19:10,8303
2/1/2023 19:10,7983
2/1/2023 19:11,7867
2/1/2023 19:11,7920
2/1/2023 19:12,8236
2/1/2023 19:12,7905
2/1/2023 19:13,7920
2/1/2023 19:13,7983
2/1/2023 19:14,7531
2/1/2023 19:14,7814
2/1/2023 19:15,7730
2/1/2023 19:15,7767
2/1/2023 19:16,7767
2/1/2023 19:16,8332
2/1/2023 19:17,7968
2/1/2023 19:17,7997
2/1/2023 19:18,7573
2/1/2023 19:18,8166
2/1/2023 19:19,8145
2/1/2023 19:19,7958
2/1/2023 19:20,7805
2/1/2023 19:20,8262
2/1/2023 19:21,7829
2/1/2023 19:21,7767
2/1/2023 19:22,7829
2/1/2023 19:22,8061
2/1/2023 19:23,7664
2/1/2023 19:23,8061
2/1/2023 19:24,7692
2/1/2023 19:24,7814
2/1/2023 19:25,7618
2/1/2023 19:25,7730
2/1/2023 19:26,8385
2/1/2023 19:26,7604
2/1/2023 19:27,7776
2/1/2023 19:27,7473
2/1/2023 19:28,7582
2/1/2023 19:28,8511
2/1/2023 19:29,7968
2/1/2023 19:30,8086
2/1/2023 19:30,7687
2/1/2023 19:31,8072
2/1/2023 19:31,7317
2/1/2023 19:32,7905
2/1/2023 19:32,7495
2/1/2023 19:33,7791
2/1/2023 19:33,7423
2/1/2023 19:34,8469
2/1/2023 19:34,7776
2/1/2023 19:35,7753
2/1/2023 19:35,8370
2/1/2023 19:36,7838
2/1/2023 19:36,7339
2/1/2023 19:37,7814
2/1/2023 19:37,7795
2/1/2023 19:38,7838
2/1/2023 19:38,7852
2/1/2023 19:39,8166
2/1/2023 19:39,7692
2/1/2023 19:40,7920
2/1/2023 19:40,8314
2/1/2023 19:41,8192
2/1/2023 19:41,8382
2/1/2023 19:42,8356
2/1/2023 19:42,8101
2/1/2023 19:43,8061
2/1/2023 19:43,7944
2/1/2023 19:44,7701
2/1/2023 19:44,7459
2/1/2023 19:45,7687
2/1/2023 19:45,7776
2/1/2023 19:46,7944
2/1/2023 19:46,7944
2/1/2023 19:47,7852
2/1/2023 19:47,8247
2/1/2023 19:48,8496
2/1/2023 19:48,8412
2/1/2023 19:49,8126
2/1/2023 19:49,7762
2/1/2023 19:50,7891
2/1/2023 19:50,8007
2/1/2023 19:51,8049
2/1/2023 19:51,8022
2/1/2023 19:52,8218
2/1/2023 19:52,8288
2/1/2023 19:53,7655
2/1/2023 19:53,7852
2/1/2023 19:54,7939
2/1/2023 19:54,7776
2/1/2023 19:55,8126
2/1/2023 19:56,7862
2/1/2023 19:56,7920
2/1/2023 19:57,7983
2/1/2023 19:57,7814
2/1/2023 19:58,7993
2/1/2023 19:58,8412
2/1/2023 19:59,8047
2/1/2023 19:59,7540
2/1/2023 20:00,7944
2/1/2023 20:00,8344
2/1/2023 20:01,7905
2/1/2023 20:01,8207
2/1/2023 20:02,7687
2/1/2023 20:02,7650
2/1/2023 20:03,8072
2/1/2023 20:03,8047
2/1/2023 20:04,7795
2/1/2023 20:04,8247
2/1/2023 20:05,7983
2/1/2023 20:05,8141
2/1/2023 20:06,7833
2/1/2023 20:06,8344
2/1/2023 20:07,8101
2/1/2023 20:07,8344
2/1/2023 20:08,8225
2/1/2023 20:08,8072
2/1/2023 20:09,8318
2/1/2023 20:09,8166
2/1/2023 20:10,7664
2/1/2023 20:10,8012
2/1/2023 20:11,7459
2/1/2023 20:11,7958
2/1/2023 20:12,7715
2/1/2023 20:12,8303
2/1/2023 20:13,7730
2/1/2023 20:13,7891
2/1/2023 20:14,7568
2/1/2023 20:14,8273
2/1/2023 20:15,8192
2/1/2023 20:15,8047
2/1/2023 20:16,7905
2/1/2023 20:16,8061
2/1/2023 20:17,7876
2/1/2023 20:17,7568
2/1/2023 20:18,8469
2/1/2023 20:18,8166
2/1/2023 20:19,7983
2/1/2023 20:19,8047
2/1/2023 20:20,8207
2/1/2023 20:20,8141
2/1/2023 20:21,8022
2/1/2023 20:21,7791
2/1/2023 20:22,8303
2/1/2023 20:23,7645
2/1/2023 20:23,8051
2/1/2023 20:24,8469
2/1/2023 20:24,8101
2/1/2023 20:25,8101
2/1/2023 20:25,7814
2/1/2023 20:26,8427
2/1/2023 20:26,7929
2/1/2023 20:27,8344
2/1/2023 20:27,7905
2/1/2023 20:28,7829
2/1/2023 20:28,7891
2/1/2023 20:29,7997
2/1/2023 20:29,7495
2/1/2023 20:30,8022
2/1/2023 20:30,7895
2/1/2023 20:31,8141
2/1/2023 20:31,7997
2/1/2023 20:32,8427
2/1/2023 20:32,7715
2/1/2023 20:33,7459
2/1/2023 20:33,7776
2/1/2023 20:34,7944
2/1/2023 20:34,8007
2/1/2023 20:35,7531
2/1/2023 20:35,7641
2/1/2023 20:36,7753
2/1/2023 20:36,7905
2/1/2023 20:37,8141
2/1/2023 20:37,8303
2/1/2023 20:38,8469
2/1/2023 20:38,7678
2/1/2023 20:39,7867
2/1/2023 20:39,8262
2/1/2023 20:40,8225
2/1/2023 20:40,8362
2/1/2023 20:41,8439
2/1/2023 20:41,7692
2/1/2023 20:42,7715
2/1/2023 20:42,7568
2/1/2023 20:43,7857
2/1/2023 20:43,7829
2/1/2023 20:44,8511
2/1/2023 20:44,7753
2/1/2023 20:45,7767
2/1/2023 20:45,7819
2/1/2023 20:46,8221
2/1/2023 20:46,8141
2/1/2023 20:47,8166
2/1/2023 20:47,7958
2/1/2023 20:48,7791
2/1/2023 20:48,7905
2/1/2023 20:49,7814
2/1/2023 20:50,7881
2/1/2023 20:50,8539
2/1/2023 20:51,8303
2/1/2023 20:51,7748
2/1/2023 20:52,6911
2/1/2023 20:52,7843
2/1/2023 20:53,7852
2/1/2023 20:53,8221
2/1/2023 20:54,8385
2/1/2023 20:54,7641
2/1/2023 20:55,7867
2/1/2023 20:55,7678
2/1/2023 20:56,8141
2/1/2023 20:56,7805
2/1/2023 20:57,8155
2/1/2023 20:57,8170
2/1/2023 20:58,7692
2/1/2023 20:58,7805
2/1/2023 20:59,7641
2/1/2023 20:59,7179
2/1/2023 21:00,7857
2/1/2023 21:00,7805
2/1/2023 21:01,7881
2/1/2023 21:01,8061
2/1/2023 21:02,7920
2/1/2023 21:02,8022
2/1/2023 21:03,8427
2/1/2023 21:03,7881
2/1/2023 21:04,7590
2/1/2023 21:04,7983
2/1/2023 21:05,7678
2/1/2023 21:05,7843
2/1/2023 21:06,7838
2/1/2023 21:06,7701
2/1/2023 21:07,7664
2/1/2023 21:07,7857
2/1/2023 21:08,7753
2/1/2023 21:08,7696
2/1/2023 21:09,8141
2/1/2023 21:09,7805
2/1/2023 21:10,8166
2/1/2023 21:10,8207
2/1/2023 21:11,7678
2/1/2023 21:11,8454
2/1/2023 21:12,8181
2/1/2023 21:12,7968
2/1/2023 21:13,7739
2/1/2023 21:13,7655
2/1/2023 21:14,8262
2/1/2023 21:14,7269
2/1/2023 21:15,7977
2/1/2023 21:15,8101
2/1/2023 21:16,8236
2/1/2023 21:17,7776
2/1/2023 21:17,7843
2/1/2023 21:18,7692
2/1/2023 21:18,7517
2/1/2023 21:19,8116
2/1/2023 21:19,8141
2/1/2023 21:20,7993
2/1/2023 21:20,8022
2/1/2023 21:21,8374
2/1/2023 21:21,8170
2/1/2023 21:22,7791
2/1/2023 21:22,7910
2/1/2023 21:23,8047
2/1/2023 21:23,7958
2/1/2023 21:24,7867
2/1/2023 21:24,7881
2/1/2023 21:25,8036
2/1/2023 21:25,7852
2/1/2023 21:26,7843
2/1/2023 21:26,7891
2/1/2023 21:27,7843
2/1/2023 21:27,7730
2/1/2023 21:28,8086
2/1/2023 21:28,8155
2/1/2023 21:29,7920
2/1/2023 21:29,8262
2/1/2023 21:30,8370
2/1/2023 21:30,7843
2/1/2023 21:31,7692
2/1/2023 21:31,7800
2/1/2023 21:32,7692
2/1/2023 21:32,7843
2/1/2023 21:33,7958
2/1/2023 21:33,7692
2/1/2023 21:34,7881
2/1/2023 21:34,7730
2/1/2023 21:35,8277
2/1/2023 21:35,7852
2/1/2023 21:36,8496
2/1/2023 21:36,8141
2/1/2023 21:37,8181
2/1/2023 21:37,8043
2/1/2023 21:38,7495
2/1/2023 21:38,7692
2/1/2023 21:39,7655
2/1/2023 21:39,8036
2/1/2023 21:40,7958
2/1/2023 21:40,8236
2/1/2023 21:41,8318
2/1/2023 21:41,7920
2/1/2023 21:42,7509
2/1/2023 21:42,7545
2/1/2023 21:43,8569
2/1/2023 21:44,7867
2/1/2023 21:44,7706
2/1/2023 21:45,7862
2/1/2023 21:45,7958
2/1/2023 21:46,7871
2/1/2023 21:46,8412
2/1/2023 21:47,7881
2/1/2023 21:47,7781
2/1/2023 21:48,7920
2/1/2023 21:48,8166
2/1/2023 21:49,7753
2/1/2023 21:49,8843
2/1/2023 21:50,7920
2/1/2023 21:50,7891
2/1/2023 21:51,7767
2/1/2023 21:51,7805
2/1/2023 21:52,7920
2/1/2023 21:52,7451
2/1/2023 21:53,7753
2/1/2023 21:53,8344
2/1/2023 21:54,8303
2/1/2023 21:54,8196
2/1/2023 21:55,7582
2/1/2023 21:55,7843
2/1/2023 21:56,7753
2/1/2023 21:56,8400
2/1/2023 21:57,8469
2/1/2023 21:57,8022
2/1/2023 21:58,7805
2/1/2023 21:58,8012
2/1/2023 21:59,8627
2/1/2023 21:59,7843
2/1/2023 22:00,7920
2/1/2023 22:00,7958
2/1/2023 22:01,7795
2/1/2023 22:01,7867
2/1/2023 22:02,8496
2/1/2023 22:02,7920
2/1/2023 22:03,7767
2/1/2023 22:03,7920
2/1/2023 22:04,8196
2/1/2023 22:04,8569
2/1/2023 22:05,8116
2/1/2023 22:05,8065
2/1/2023 22:06,7958
2/1/2023 22:06,7997
2/1/2023 22:07,7678
2/1/2023 22:07,7958
2/1/2023 22:08,8101
2/1/2023 22:08,8036
2/1/2023 22:09,7958
2/1/2023 22:10,7715
2/1/2023 22:10,7753
2/1/2023 22:11,8022
2/1/2023 22:11,7767
2/1/2023 22:12,7715
2/1/2023 22:12,8511
2/1/2023 22:13,7819
2/1/2023 22:13,7958
2/1/2023 22:14,7495
2/1/2023 22:14,8303
2/1/2023 22:15,8061
2/1/2023 22:15,7758
2/1/2023 22:16,7829
2/1/2023 22:16,7910
2/1/2023 22:17,7944
2/1/2023 22:17,8236
2/1/2023 22:18,8221
2/1/2023 22:18,7944
2/1/2023 22:19,8047
2/1/2023 22:19,8385
2/1/2023 22:20,7791
2/1/2023 22:20,8126
2/1/2023 22:21,7829
2/1/2023 22:21,8232
2/1/2023 22:22,8454
2/1/2023 22:22,8221
2/1/2023 22:23,8047
2/1/2023 22:23,8221
2/1/2023 22:24,8262
2/1/2023 22:24,7781
2/1/2023 22:25,7968
2/1/2023 22:25,8022
2/1/2023 22:26,8007
2/1/2023 22:26,8061
2/1/2023 22:27,8454
2/1/2023 22:27,7905
2/1/2023 22:28,7800
2/1/2023 22:28,7929
2/1/2023 22:29,8207
2/1/2023 22:29,8262
2/1/2023 22:30,8101
2/1/2023 22:30,8262
2/1/2023 22:31,8303
2/1/2023 22:31,7715
2/1/2023 22:32,8101
2/1/2023 22:32,7905
2/1/2023 22:33,7739
2/1/2023 22:33,8262
2/1/2023 22:34,7473
2/1/2023 22:34,7843
2/1/2023 22:35,8251
2/1/2023 22:35,8101
2/1/2023 22:36,7739
2/1/2023 22:37,7920
2/1/2023 22:37,8254
2/1/2023 22:38,7905
2/1/2023 22:38,7829
2/1/2023 22:39,8262
2/1/2023 22:39,7968
2/1/2023 22:40,8116
2/1/2023 22:40,7905
2/1/2023 22:41,7958
2/1/2023 22:41,7776
2/1/2023 22:42,8022
2/1/2023 22:42,8403
2/1/2023 22:43,7910
2/1/2023 22:43,7920
2/1/2023 22:44,7627
2/1/2023 22:44,8329
2/1/2023 22:45,8554
2/1/2023 22:45,8203
2/1/2023 22:46,7867
2/1/2023 22:46,7730
2/1/2023 22:47,7910
2/1/2023 22:47,7983
2/1/2023 22:48,8412
2/1/2023 22:48,8086
2/1/2023 22:49,8412
2/1/2023 22:49,7843
2/1/2023 22:50,8469
2/1/2023 22:50,8076
2/1/2023 22:51,7997
2/1/2023 22:51,7963
2/1/2023 22:52,8141
2/1/2023 22:52,8318
2/1/2023 22:53,8155
2/1/2023 22:53,8303
2/1/2023 22:54,8130
2/1/2023 22:54,8051
2/1/2023 22:55,7730
2/1/2023 22:55,8061
2/1/2023 22:56,8047
2/1/2023 22:56,7920
2/1/2023 22:57,7929
2/1/2023 22:57,8277
2/1/2023 22:58,7905
2/1/2023 22:58,8511
2/1/2023 22:59,8116
2/1/2023 22:59,7944
2/1/2023 23:00,7997
2/1/2023 23:00,8332
2/1/2023 23:01,7852
2/1/2023 23:01,7767
2/1/2023 23:02,7495
2/1/2023 23:02,8036
2/1/2023 23:03,8047
2/1/2023 23:04,7568
2/1/2023 23:04,7791
2/1/2023 23:05,7495
2/1/2023 23:05,7805
2/1/2023 23:06,7843
2/1/2023 23:06,7664
2/1/2023 23:07,7958
2/1/2023 23:07,8469
2/1/2023 23:08,7618
2/1/2023 23:08,7973
2/1/2023 23:09,7568
2/1/2023 23:09,7867
2/1/2023 23:10,8596
2/1/2023 23:10,8032
2/1/2023 23:11,8359
2/1/2023 23:11,8101
2/1/2023 23:12,7730
2/1/2023 23:12,7910
2/1/2023 23:13,7843
2/1/2023 23:13,8086
2/1/2023 23:14,8116
2/1/2023 23:14,7958
2/1/2023 23:15,8036
2/1/2023 23:15,8090
2/1/2023 23:16,8442
2/1/2023 23:16,7767
2/1/2023 23:17,7730
2/1/2023 23:17,7944
2/1/2023 23:18,7805
2/1/2023 23:18,7920
2/1/2023 23:19,7958
2/1/2023 23:19,7944
2/1/2023 23:20,7920
2/1/2023 23:20,8155
2/1/2023 23:21,7997
2/1/2023 23:21,7929
2/1/2023 23:22,8101
2/1/2023 23:22,8047
2/1/2023 23:23,7958
2/1/2023 23:23,8329
2/1/2023 23:24,8236
2/1/2023 23:24,7997
2/1/2023 23:25,8221
2/1/2023 23:25,7997
2/1/2023 23:26,8007
2/1/2023 23:26,7867
2/1/2023 23:27,8427
2/1/2023 23:27,8047
2/1/2023 23:28,7829
2/1/2023 23:28,8065
2/1/2023 23:29,8166
2/1/2023 23:29,8581
2/1/2023 23:30,7843
2/1/2023 23:31,7805
2/1/2023 23:31,8427
2/1/2023 23:32,7997
2/1/2023 23:32,7781
2/1/2023 23:33,7920
2/1/2023 23:33,8090
2/1/2023 23:34,7983
2/1/2023 23:34,8116
2/1/2023 23:35,8126
2/1/2023 23:35,7910
2/1/2023 23:36,7867
2/1/2023 23:36,7997
2/1/2023 23:37,7867
2/1/2023 23:37,8007
2/1/2023 23:38,7886
2/1/2023 23:38,7934
2/1/2023 23:39,8442
2/1/2023 23:39,7473
2/1/2023 23:40,7843
2/1/2023 23:40,7692
2/1/2023 23:41,7415
2/1/2023 23:41,7905
2/1/2023 23:42,7655
2/1/2023 23:42,7895
2/1/2023 23:43,8288
2/1/2023 23:43,7958
2/1/2023 23:44,8347
2/1/2023 23:44,7730
2/1/2023 23:45,8385
2/1/2023 23:45,8022
2/1/2023 23:46,7767
2/1/2023 23:46,8668
2/1/2023 23:47,7805
2/1/2023 23:47,8061
2/1/2023 23:48,8141
2/1/2023 23:48,7829
2/1/2023 23:49,7944
2/1/2023 23:49,8127
2/1/2023 23:50,7925
2/1/2023 23:50,8262
2/1/2023 23:51,8499
2/1/2023 23:51,7097
2/1/2023 23:52,7641
2/1/2023 23:52,8627
2/1/2023 23:53,7582
2/1/2023 23:53,8541
2/1/2023 23:54,7857
2/1/2023 23:54,7582
2/1/2023 23:55,7997
2/1/2023 23:55,7814
2/1/2023 23:56,7715
2/1/2023 23:57,7641
2/1/2023 23:57,7983
2/1/2023 23:58,8554
2/1/2023 23:58,8035
2/1/2023 23:59,8273
2/1/2023 23:59,7857
2/2/2023 0:00,7701
2/2/2023 0:00,7881
2/2/2023 0:01,7843
2/2/2023 0:01,8181
2/2/2023 0:02,7944
2/2/2023 0:02,8181
2/2/2023 0:03,8400
2/2/2023 0:03,7545
2/2/2023 0:04,7767
2/2/2023 0:04,7495
2/2/2023 0:05,7627
2/2/2023 0:05,8329
2/2/2023 0:06,8639
2/2/2023 0:06,8427
2/2/2023 0:07,8496
2/2/2023 0:07,7934
2/2/2023 0:08,7829
2/2/2023 0:08,8247
2/2/2023 0:09,7867
2/2/2023 0:09,8221
2/2/2023 0:10,7692
2/2/2023 0:10,8181
2/2/2023 0:11,7692
2/2/2023 0:11,8221
2/2/2023 0:12,7983
2/2/2023 0:12,8047
2/2/2023 0:13,7905
2/2/2023 0:13,8412
2/2/2023 0:14,8101
2/2/2023 0:14,7568
2/2/2023 0:15,7638
2/2/2023 0:15,7715
2/2/2023 0:16,7968
2/2/2023 0:16,7905
2/2/2023 0:17,7687
2/2/2023 0:17,8020
2/2/2023 0:18,8181
2/2/2023 0:18,7423
2/2/2023 0:19,7829
2/2/2023 0:19,7767
2/2/2023 0:20,7929
2/2/2023 0:20,8303
2/2/2023 0:21,7829
2/2/2023 0:21,7791
2/2/2023 0:22,7983
2/2/2023 0:22,7730
2/2/2023 0:23,7914
2/2/2023 0:24,7753
2/2/2023 0:24,7641
2/2/2023 0:25,8329
2/2/2023 0:25,7905
2/2/2023 0:26,8247
2/2/2023 0:26,7958
2/2/2023 0:27,8303
2/2/2023 0:27,7934
2/2/2023 0:28,8385
2/2/2023 0:28,7352
2/2/2023 0:29,7829
2/2/2023 0:29,7944
2/2/2023 0:30,8454
2/2/2023 0:30,8061
2/2/2023 0:31,7944
2/2/2023 0:31,7886
2/2/2023 0:32,7641
2/2/2023 0:32,7678
2/2/2023 0:33,8668
2/2/2023 0:33,8126
2/2/2023 0:34,7905
2/2/2023 0:34,7881
2/2/2023 0:35,7905
2/2/2023 0:35,7915
2/2/2023 0:36,7915
2/2/2023 0:36,8166
2/2/2023 0:37,8639
2/2/2023 0:37,7829
2/2/2023 0:38,7852
2/2/2023 0:38,7944
2/2/2023 0:39,7905
2/2/2023 0:39,7604
2/2/2023 0:40,8412
2/2/2023 0:40,7905
2/2/2023 0:41,7829
2/2/2023 0:41,7997
2/2/2023 0:42,8041
2/2/2023 0:42,8329
2/2/2023 0:43,8412
2/2/2023 0:43,7604
2/2/2023 0:44,8427
2/2/2023 0:44,8022
2/2/2023 0:45,8221
2/2/2023 0:45,8236
2/2/2023 0:46,7929
2/2/2023 0:46,8141
2/2/2023 0:47,7791
2/2/2023 0:47,7753
2/2/2023 0:48,8397
2/2/2023 0:48,7739
2/2/2023 0:49,8400
2/2/2023 0:49,8232
2/2/2023 0:50,7968
2/2/2023 0:51,7944
2/2/2023 0:51,8022
2/2/2023 0:52,7958
2/2/2023 0:52,7604
2/2/2023 0:53,7862
2/2/2023 0:53,8166
2/2/2023 0:54,7929
2/2/2023 0:54,7814
2/2/2023 0:55,7423
2/2/2023 0:55,7531
2/2/2023 0:56,7805
2/2/2023 0:56,7786
2/2/2023 0:57,7944
2/2/2023 0:57,8481
2/2/2023 0:58,7829
2/2/2023 0:58,8612
2/2/2023 0:59,7678
2/2/2023 0:59,7753
2/2/2023 1:00,7701
2/2/2023 1:00,8639
2/2/2023 1:01,8166
2/2/2023 1:01,7701
2/2/2023 1:02,8126
2/2/2023 1:02,7453
2/2/2023 1:03,8370
2/2/2023 1:03,7983
2/2/2023 1:04,7829
2/2/2023 1:04,7753
2/2/2023 1:05,8196
2/2/2023 1:05,7891
2/2/2023 1:06,8247
2/2/2023 1:06,7715
2/2/2023 1:07,7968
2/2/2023 1:07,7753
2/2/2023 1:08,7715
2/2/2023 1:08,7983
2/2/2023 1:09,7495
2/2/2023 1:09,7374
2/2/2023 1:10,7590
2/2/2023 1:10,7445
2/2/2023 1:11,7445
2/2/2023 1:11,7724
2/2/2023 1:12,7715
2/2/2023 1:12,8356
2/2/2023 1:13,8397
2/2/2023 1:13,7800
2/2/2023 1:14,8192
2/2/2023 1:14,7678
2/2/2023 1:15,7929
2/2/2023 1:15,8382
2/2/2023 1:16,8166
2/2/2023 1:16,7604
2/2/2023 1:17,7776
2/2/2023 1:18,7724
2/2/2023 1:18,7664
2/2/2023 1:19,8141
2/2/2023 1:19,7590
2/2/2023 1:20,8086
2/2/2023 1:20,8232
2/2/2023 1:21,7891
2/2/2023 1:21,8047
2/2/2023 1:22,7876
2/2/2023 1:22,7929
2/2/2023 1:23,8496
2/2/2023 1:23,7627
2/2/2023 1:24,7876
2/2/2023 1:24,7829
2/2/2023 1:25,8166
2/2/2023 1:25,8126
2/2/2023 1:26,7701
2/2/2023 1:26,7739
2/2/2023 1:27,8152
2/2/2023 1:27,7537
2/2/2023 1:28,8439
2/2/2023 1:28,7554
2/2/2023 1:29,8247
2/2/2023 1:29,7891
2/2/2023 1:30,7814
2/2/2023 1:30,7664
2/2/2023 1:31,7776
2/2/2023 1:31,7838
2/2/2023 1:32,7554
2/2/2023 1:32,8421
2/2/2023 1:33,8181
2/2/2023 1:33,8061
2/2/2023 1:34,8273
2/2/2023 1:34,8454
2/2/2023 1:35,7687
2/2/2023 1:35,7724
2/2/2023 1:36,7701
2/2/2023 1:36,7968
2/2/2023 1:37,7724
2/2/2023 1:37,7954
2/2/2023 1:38,8711
2/2/2023 1:38,7944
2/2/2023 1:39,8086
2/2/2023 1:39,7968
2/2/2023 1:40,8581
2/2/2023 1:40,7814
2/2/2023 1:41,8022
2/2/2023 1:41,7944
2/2/2023 1:42,8454
2/2/2023 1:42,8652
2/2/2023 1:43,7554
2/2/2023 1:43,7781
2/2/2023 1:44,8481
2/2/2023 1:45,8022
2/2/2023 1:45,8047
2/2/2023 1:46,8126
2/2/2023 1:46,8341
2/2/2023 1:47,7520
2/2/2023 1:47,7891
2/2/2023 1:48,8086
2/2/2023 1:48,8032
2/2/2023 1:49,7540
2/2/2023 1:49,8166
2/2/2023 1:50,7701
2/2/2023 1:50,8007
2/2/2023 1:51,7590
2/2/2023 1:51,8247
2/2/2023 1:52,8397
2/2/2023 1:52,8740
2/2/2023 1:53,8166
2/2/2023 1:53,7852
2/2/2023 1:54,7627
2/2/2023 1:54,8356
2/2/2023 1:55,7664
2/2/2023 1:55,7655
2/2/2023 1:56,8288
2/2/2023 1:56,7739
2/2/2023 1:57,7929
2/2/2023 1:57,8469
2/2/2023 1:58,7701
2/2/2023 1:58,7968
2/2/2023 1:59,7983
2/2/2023 1:59,7915
2/2/2023 2:00,7814
2/2/2023 2:00,8563
2/2/2023 2:01,8407
2/2/2023 2:01,7715
2/2/2023 2:02,7891
2/2/2023 2:02,7664
2/2/2023 2:03,7829
2/2/2023 2:03,8454
2/2/2023 2:04,7665
2/2/2023 2:04,7829
2/2/2023 2:05,7701
2/2/2023 2:05,7627
2/2/2023 2:06,8624
2/2/2023 2:06,8047
2/2/2023 2:07,8288
2/2/2023 2:07,7814
2/2/2023 2:08,8072
2/2/2023 2:08,7445
2/2/2023 2:09,8356
2/2/2023 2:09,7791
2/2/2023 2:10,7929
2/2/2023 2:10,8668
2/2/2023 2:11,7814
2/2/2023 2:12,8273
2/2/2023 2:12,7590
2/2/2023 2:13,8359
2/2/2023 2:13,7701
2/2/2023 2:14,7664
2/2/2023 2:14,7968
2/2/2023 2:15,7498
2/2/2023 2:15,8539
2/2/2023 2:16,7724
2/2/2023 2:16,7762
2/2/2023 2:17,8273
2/2/2023 2:17,8047
2/2/2023 2:18,8803
2/2/2023 2:18,8344
2/2/2023 2:19,7374
2/2/2023 2:19,8232
2/2/2023 2:20,8126
2/2/2023 2:20,8247
2/2/2023 2:21,8018
2/2/2023 2:21,7795
2/2/2023 2:22,7701
2/2/2023 2:22,8086
2/2/2023 2:23,7664
2/2/2023 2:23,7948
2/2/2023 2:24,7664
2/2/2023 2:24,7753
2/2/2023 2:25,8166
2/2/2023 2:25,8232
2/2/2023 2:26,7655
2/2/2023 2:26,8006
2/2/2023 2:27,7748
2/2/2023 2:27,8273
2/2/2023 2:28,8152
2/2/2023 2:28,7627
2/2/2023 2:29,7627
2/2/2023 2:29,8047
2/2/2023 2:30,8218
2/2/2023 2:30,7590
2/2/2023 2:31,7997
2/2/2023 2:31,7762
2/2/2023 2:32,7445
2/2/2023 2:32,8112
2/2/2023 2:33,7687
2/2/2023 2:33,7724
2/2/2023 2:34,7220
2/2/2023 2:34,8152
2/2/2023 2:35,7374
2/2/2023 2:35,7576
2/2/2023 2:36,7915
2/2/2023 2:36,7517
2/2/2023 2:37,7409
2/2/2023 2:38,7838
2/2/2023 2:38,8018
2/2/2023 2:39,8072
2/2/2023 2:39,8412
2/2/2023 2:40,8439
2/2/2023 2:40,7915
2/2/2023 2:41,7838
2/2/2023 2:41,7876
2/2/2023 2:42,7786
2/2/2023 2:42,7938
2/2/2023 2:43,7762
2/2/2023 2:43,7613
2/2/2023 2:44,8523
2/2/2023 2:44,7664
2/2/2023 2:45,8599
2/2/2023 2:45,7512
2/2/2023 2:46,7852
2/2/2023 2:46,7776
2/2/2023 2:47,8003
2/2/2023 2:47,8036
2/2/2023 2:48,8032
2/2/2023 2:48,7776
2/2/2023 2:49,7664
2/2/2023 2:49,7993
2/2/2023 2:50,8177
2/2/2023 2:50,7627
2/2/2023 2:51,7958
2/2/2023 2:51,7929
2/2/2023 2:52,8536
2/2/2023 2:52,7935
2/2/2023 2:53,7613
2/2/2023 2:53,7958
2/2/2023 2:54,7852
2/2/2023 2:54,8652
2/2/2023 2:55,7852
2/2/2023 2:55,7824
2/2/2023 2:56,8137
2/2/2023 2:56,7978
2/2/2023 2:57,7526
2/2/2023 2:57,7915
2/2/2023 2:58,7891
2/2/2023 2:58,7852
2/2/2023 2:59,7915
2/2/2023 2:59,7929
2/2/2023 3:00,8481
2/2/2023 3:00,8314
2/2/2023 3:01,8356
2/2/2023 3:01,7776
2/2/2023 3:02,8314
2/2/2023 3:02,8086
2/2/2023 3:03,8112
2/2/2023 3:03,8439
2/2/2023 3:04,7650
2/2/2023 3:05,8439
2/2/2023 3:05,7710
2/2/2023 3:06,7824
2/2/2023 3:06,8192
2/2/2023 3:07,7613
2/2/2023 3:07,8047
2/2/2023 3:08,7724
2/2/2023 3:08,7809
2/2/2023 3:09,7915
2/2/2023 3:09,8018
2/2/2023 3:10,7748
2/2/2023 3:10,8566
2/2/2023 3:11,7762
2/2/2023 3:11,7838
2/2/2023 3:12,7968
2/2/2023 3:12,7819
2/2/2023 3:13,8032
2/2/2023 3:13,7981
2/2/2023 3:14,7545
2/2/2023 3:14,8057
2/2/2023 3:15,8166
2/2/2023 3:15,7762
2/2/2023 3:16,7800
2/2/2023 3:16,8247
2/2/2023 3:17,7396
2/2/2023 3:17,7997
2/2/2023 3:18,8007
2/2/2023 3:18,7929
2/2/2023 3:19,8097
2/2/2023 3:19,7590
2/2/2023 3:20,7838
2/2/2023 3:20,7852
2/2/2023 3:21,7978
2/2/2023 3:21,8047
2/2/2023 3:22,8873
2/2/2023 3:22,8126
2/2/2023 3:23,8221
2/2/2023 3:23,7582
2/2/2023 3:24,7724
2/2/2023 3:24,7800
2/2/2023 3:25,7891
2/2/2023 3:25,7664
2/2/2023 3:26,8637
2/2/2023 3:26,7891
2/2/2023 3:27,7993
2/2/2023 3:27,8439
2/2/2023 3:28,7876
2/2/2023 3:28,8112
2/2/2023 3:29,7776
2/2/2023 3:29,7838
2/2/2023 3:30,8072
2/2/2023 3:30,7891
2/2/2023 3:31,7929
2/2/2023 3:32,7776
2/2/2023 3:32,7852
2/2/2023 3:33,7852
2/2/2023 3:33,7876
2/2/2023 3:34,7876
2/2/2023 3:34,8341
2/2/2023 3:35,7929
2/2/2023 3:35,7852
2/2/2023 3:36,8273
2/2/2023 3:36,8356
2/2/2023 3:37,7705
2/2/2023 3:37,8112
2/2/2023 3:38,8481
2/2/2023 3:38,8112
2/2/2023 3:39,8258
2/2/2023 3:39,8152
2/2/2023 3:40,7503
2/2/2023 3:40,8126
2/2/2023 3:41,8072
2/2/2023 3:41,7445
2/2/2023 3:42,7540
2/2/2023 3:42,8032
2/2/2023 3:43,8439
2/2/2023 3:43,8159
2/2/2023 3:44,7739
2/2/2023 3:44,8232
2/2/2023 3:45,8523
2/2/2023 3:45,7786
2/2/2023 3:46,8314
2/2/2023 3:46,7968
2/2/2023 3:47,7613
2/2/2023 3:47,7762
2/2/2023 3:48,7838
2/2/2023 3:48,7968
2/2/2023 3:49,7739
2/2/2023 3:49,7876
2/2/2023 3:50,7905
2/2/2023 3:50,8594
2/2/2023 3:51,7562
2/2/2023 3:51,8356
2/2/2023 3:52,7753
2/2/2023 3:52,8318
2/2/2023 3:53,7445
2/2/2023 3:53,7668
2/2/2023 3:54,7915
2/2/2023 3:54,7739
2/2/2023 3:55,7876
2/2/2023 3:55,8247
2/2/2023 3:56,7862
2/2/2023 3:56,8341
2/2/2023 3:57,7800
2/2/2023 3:57,8299
2/2/2023 3:58,8424
2/2/2023 3:59,7739
2/2/2023 3:59,8523
2/2/2023 4:00,7824
2/2/2023 4:00,7776
2/2/2023 4:01,8112
2/2/2023 4:01,7954
2/2/2023 4:02,7724
2/2/2023 4:02,7862
2/2/2023 4:03,8523
2/2/2023 4:03,7833
2/2/2023 4:04,7891
2/2/2023 4:04,7715
2/2/2023 4:05,7724
2/2/2023 4:05,8018
2/2/2023 4:06,7915
2/2/2023 4:06,7852
2/2/2023 4:07,8424
2/2/2023 4:07,7814
2/2/2023 4:08,8481
2/2/2023 4:08,7800
2/2/2023 4:09,7771
2/2/2023 4:09,8439
2/2/2023 4:10,7838
2/2/2023 4:10,7636
2/2/2023 4:11,7576
2/2/2023 4:11,7290
2/2/2023 4:12,7724
2/2/2023 4:12,8397
2/2/2023 4:13,7748
2/2/2023 4:13,7554
2/2/2023 4:14,7852
2/2/2023 4:14,7901
2/2/2023 4:15,7876
2/2/2023 4:15,7814
2/2/2023 4:16,8097
2/2/2023 4:16,8481
2/2/2023 4:17,8057
2/2/2023 4:17,7687
2/2/2023 4:18,7776
2/2/2023 4:18,8072
2/2/2023 4:19,8247
2/2/2023 4:19,7568
2/2/2023 4:20,7800
2/2/2023 4:20,8152
2/2/2023 4:21,7576
2/2/2023 4:21,7739
2/2/2023 4:22,7954
2/2/2023 4:22,8451
2/2/2023 4:23,8288
2/2/2023 4:23,8299
2/2/2023 4:24,8784
2/2/2023 4:24,8036
2/2/2023 4:25,7641
2/2/2023 4:26,8740
2/2/2023 4:26,7915
2/2/2023 4:27,7724
2/2/2023 4:27,8032
2/2/2023 4:28,7311
2/2/2023 4:28,7762
2/2/2023 4:29,7814
2/2/2023 4:29,7687
2/2/2023 4:30,7650
2/2/2023 4:30,8047
2/2/2023 4:31,7627
2/2/2023 4:31,7829
2/2/2023 4:32,8273
2/2/2023 4:32,8047
2/2/2023 4:33,8356
2/2/2023 4:33,7833
2/2/2023 4:34,8032
2/2/2023 4:34,7929
2/2/2023 4:35,8192
2/2/2023 4:35,7964
2/2/2023 4:36,7800
2/2/2023 4:36,7862
2/2/2023 4:37,8007
2/2/2023 4:37,7862
2/2/2023 4:38,7954
2/2/2023 4:38,8551
2/2/2023 4:39,8367
2/2/2023 4:39,7548
2/2/2023 4:40,8192
2/2/2023 4:40,8652
2/2/2023 4:41,7800
2/2/2023 4:41,8072
2/2/2023 4:42,7636
2/2/2023 4:42,8314
2/2/2023 4:43,8523
2/2/2023 4:43,7800
2/2/2023 4:44,7503
2/2/2023 4:44,8356
2/2/2023 4:45,7838
2/2/2023 4:45,7838
2/2/2023 4:46,8155
2/2/2023 4:46,7968
2/2/2023 4:47,7876
2/2/2023 4:47,8112
2/2/2023 4:48,8341
2/2/2023 4:48,7724
2/2/2023 4:49,8652
2/2/2023 4:49,7939
2/2/2023 4:50,8424
2/2/2023 4:50,7954
2/2/2023 4:51,8192
2/2/2023 4:51,7876
2/2/2023 4:52,8460
2/2/2023 4:53,8152
2/2/2023 4:53,7540
2/2/2023 4:54,7925
2/2/2023 4:54,8367
2/2/2023 4:55,8047
2/2/2023 4:55,7800
2/2/2023 4:56,8232
2/2/2023 4:56,7983
2/2/2023 4:57,7687
2/2/2023 4:57,7852
2/2/2023 4:58,7630
2/2/2023 4:58,7915
2/2/2023 4:59,7724
2/2/2023 4:59,8137
2/2/2023 5:00,8508
2/2/2023 5:00,7814
2/2/2023 5:01,8711
2/2/2023 5:01,8126
2/2/2023 5:02,8963
2/2/2023 5:02,7749
2/2/2023 5:03,7687
2/2/2023 5:03,7954
2/2/2023 5:04,7925
2/2/2023 5:04,7748
2/2/2023 5:05,7431
2/2/2023 5:05,8032
2/2/2023 5:06,7417
2/2/2023 5:06,8032
2/2/2023 5:07,7876
2/2/2023 5:07,8112
2/2/2023 5:08,8112
2/2/2023 5:08,8579
2/2/2023 5:09,7915
2/2/2023 5:09,8508
2/2/2023 5:10,7915
2/2/2023 5:10,8508
2/2/2023 5:11,7993
2/2/2023 5:11,7824
2/2/2023 5:12,7876
2/2/2023 5:12,7901
2/2/2023 5:13,8152
2/2/2023 5:13,7989
2/2/2023 5:14,7613
2/2/2023 5:14,7734
2/2/2023 5:15,8397
2/2/2023 5:15,8724
2/2/2023 5:16,8207
2/2/2023 5:16,7993
2/2/2023 5:17,8508
2/2/2023 5:17,7771
2/2/2023 5:18,7673
2/2/2023 5:18,7800
2/2/2023 5:19,8177
2/2/2023 5:20,7901
2/2/2023 5:20,7954
2/2/2023 5:21,8566
2/2/2023 5:21,7905
2/2/2023 5:22,8152
2/2/2023 5:22,7891
2/2/2023 5:23,7862
2/2/2023 5:23,8118
2/2/2023 5:24,7776
2/2/2023 5:24,8412
2/2/2023 5:25,7824
2/2/2023 5:25,8072
2/2/2023 5:26,8097
2/2/2023 5:26,8680
2/2/2023 5:27,8247
2/2/2023 5:27,8523
2/2/2023 5:28,8072
2/2/2023 5:28,7786
2/2/2023 5:29,7786
2/2/2023 5:29,7613
2/2/2023 5:30,8273
2/2/2023 5:30,8724
2/2/2023 5:31,7762
2/2/2023 5:31,7876
2/2/2023 5:32,7901
2/2/2023 5:32,7687
2/2/2023 5:33,8466
2/2/2023 5:33,8112
2/2/2023 5:34,7876
2/2/2023 5:34,7829
2/2/2023 5:35,7915
2/2/2023 5:35,7852
2/2/2023 5:36,7954
2/2/2023 5:36,8680
2/2/2023 5:37,8466
2/2/2023 5:37,8341
2/2/2023 5:38,8018
2/2/2023 5:38,7645
2/2/2023 5:39,8329
2/2/2023 5:39,7748
2/2/2023 5:40,8768
2/2/2023 5:40,7724
2/2/2023 5:41,8724
2/2/2023 5:41,7724
2/2/2023 5:42,7762
2/2/2023 5:42,8370
2/2/2023 5:43,8018
2/2/2023 5:43,7748
2/2/2023 5:44,7664
2/2/2023 5:44,8218
2/2/2023 5:45,8152
2/2/2023 5:45,7724
2/2/2023 5:46,7915
2/2/2023 5:47,8032
2/2/2023 5:47,7901
2/2/2023 5:48,8152
2/2/2023 5:48,8407
2/2/2023 5:49,7687
2/2/2023 5:49,7993
2/2/2023 5:50,8397
2/2/2023 5:50,8232
2/2/2023 5:51,7915
2/2/2023 5:51,8072
2/2/2023 5:52,7857
2/2/2023 5:52,7915
2/2/2023 5:53,8177
2/2/2023 5:53,7939
2/2/2023 5:54,7800
2/2/2023 5:54,8409
2/2/2023 5:55,8273
2/2/2023 5:55,8551
2/2/2023 5:56,8072
2/2/2023 5:56,7876
2/2/2023 5:57,7915
2/2/2023 5:57,8232
2/2/2023 5:58,7724
2/2/2023 5:58,8409
2/2/2023 5:59,7915
2/2/2023 5:59,8341
2/2/2023 6:00,8680
2/2/2023 6:00,8273
2/2/2023 6:01,7767
2/2/2023 6:01,7915
2/2/2023 6:02,7862
2/2/2023 6:02,7925
2/2/2023 6:03,7891
2/2/2023 6:03,8436
2/2/2023 6:04,8218
2/2/2023 6:04,7311
2/2/2023 6:05,7939
2/2/2023 6:05,7915
2/2/2023 6:06,7269
2/2/2023 6:06,7901
2/2/2023 6:07,7993
2/2/2023 6:07,8203
2/2/2023 6:08,8258
2/2/2023 6:08,7710
2/2/2023 6:09,7838
2/2/2023 6:09,8397
2/2/2023 6:10,8032
2/2/2023 6:10,8032
2/2/2023 6:11,8018
2/2/2023 6:11,7833
2/2/2023 6:12,8137
2/2/2023 6:13,8057
2/2/2023 6:13,7876
2/2/2023 6:14,7848
2/2/2023 6:14,8112
2/2/2023 6:15,8566
2/2/2023 6:15,7762
2/2/2023 6:16,8481
2/2/2023 6:16,7978
2/2/2023 6:17,7650
2/2/2023 6:17,8523
2/2/2023 6:18,8508
2/2/2023 6:18,7786
2/2/2023 6:19,7891
2/2/2023 6:19,7939
2/2/2023 6:20,7862
2/2/2023 6:20,8018
2/2/2023 6:21,7701
2/2/2023 6:21,8652
2/2/2023 6:22,7791
2/2/2023 6:22,7876
2/2/2023 6:23,8382
2/2/2023 6:23,7843
2/2/2023 6:24,8232
2/2/2023 6:24,8032
2/2/2023 6:25,8314
2/2/2023 6:25,7814
2/2/2023 6:26,8185
2/2/2023 6:26,7673
2/2/2023 6:27,7838
2/2/2023 6:27,7724
2/2/2023 6:28,7876
2/2/2023 6:28,7915
2/2/2023 6:29,7852
2/2/2023 6:29,8680
2/2/2023 6:30,7809
2/2/2023 6:30,7910
2/2/2023 6:31,8232
2/2/2023 6:31,7939
2/2/2023 6:32,7724
2/2/2023 6:32,7650
2/2/2023 6:33,8152
2/2/2023 6:33,7852
2/2/2023 6:34,7724
2/2/2023 6:34,7862
2/2/2023 6:35,8152
2/2/2023 6:35,7915
2/2/2023 6:36,7901
2/2/2023 6:36,8508
2/2/2023 6:37,7526
2/2/2023 6:37,8397
2/2/2023 6:38,8072
2/2/2023 6:38,8032
2/2/2023 6:39,8244
2/2/2023 6:40,8451
2/2/2023 6:40,8284
2/2/2023 6:41,8232
2/2/2023 6:41,8326
2/2/2023 6:42,8097
2/2/2023 6:42,8258
2/2/2023 6:43,8072
2/2/2023 6:43,8397
2/2/2023 6:44,7748
2/2/2023 6:44,8397
2/2/2023 6:45,8326
2/2/2023 6:45,8177
2/2/2023 6:46,8273
2/2/2023 6:46,8382
2/2/2023 6:47,8481
2/2/2023 6:47,8314
2/2/2023 6:48,8299
2/2/2023 6:48,8724
2/2/2023 6:49,8258
2/2/2023 6:49,8097
2/2/2023 6:50,8152
2/2/2023 6:50,8218
2/2/2023 6:51,8152
2/2/2023 6:51,8112
2/2/2023 6:52,8454
2/2/2023 6:52,8273
2/2/2023 6:53,8057
2/2/2023 6:53,8424
2/2/2023 6:54,7568
2/2/2023 6:54,8112
2/2/2023 6:55,7786
2/2/2023 6:55,8177
2/2/2023 6:56,8341
2/2/2023 6:56,8152
2/2/2023 6:57,7650
2/2/2023 6:57,8097
2/2/2023 6:58,8162
2/2/2023 6:58,8152
2/2/2023 6:59,8409
2/2/2023 6:59,7993
2/2/2023 7:00,7724
2/2/2023 7:00,7724
2/2/2023 7:01,8112
2/2/2023 7:01,8032
2/2/2023 7:02,8508
2/2/2023 7:02,8232
2/2/2023 7:03,7613
2/2/2023 7:03,8112
2/2/2023 7:04,8273
2/2/2023 7:04,8341
2/2/2023 7:05,8232
2/2/2023 7:05,8043
2/2/2023 7:06,8112
2/2/2023 7:07,8177
2/2/2023 7:07,7673
2/2/2023 7:08,8192
2/2/2023 7:08,8258
2/2/2023 7:09,8382
2/2/2023 7:09,8258
2/2/2023 7:10,8152
2/2/2023 7:10,8177
2/2/2023 7:11,8152
2/2/2023 7:11,8097
2/2/2023 7:12,7939
2/2/2023 7:12,8177
2/2/2023 7:13,8232
2/2/2023 7:13,7748
2/2/2023 7:14,8409
2/2/2023 7:14,8137
2/2/2023 7:15,8057
2/2/2023 7:15,8152
2/2/2023 7:16,8152
2/2/2023 7:16,8192
2/2/2023 7:17,8152
2/2/2023 7:17,8057
2/2/2023 7:18,8192
2/2/2023 7:18,8192
2/2/2023 7:19,8566
2/2/2023 7:19,8137
2/2/2023 7:20,7939
2/2/2023 7:20,7915
2/2/2023 7:21,7762
2/2/2023 7:21,8112
2/2/2023 7:22,8166
2/2/2023 7:22,8356
2/2/2023 7:23,8523
2/2/2023 7:23,8152
2/2/2023 7:24,7925
2/2/2023 7:24,8232
2/2/2023 7:25,8192
2/2/2023 7:25,8203
2/2/2023 7:26,8466
2/2/2023 7:26,8356
2/2/2023 7:27,7576
2/2/2023 7:27,8481
2/2/2023 7:28,8232
2/2/2023 7:28,8232
2/2/2023 7:29,7692
2/2/2023 7:29,8273
2/2/2023 7:30,8270
2/2/2023 7:30,8086
2/2/2023 7:31,8192
2/2/2023 7:31,8329
2/2/2023 7:32,7650
2/2/2023 7:32,8232
2/2/2023 7:33,8072
2/2/2023 7:34,8563
2/2/2023 7:34,8032
2/2/2023 7:35,8481
2/2/2023 7:35,8218
2/2/2023 7:36,8424
2/2/2023 7:36,7724
2/2/2023 7:37,8314
2/2/2023 7:37,7664
2/2/2023 7:38,8314
2/2/2023 7:38,7862
2/2/2023 7:39,8126
2/2/2023 7:39,8370
2/2/2023 7:40,8112
2/2/2023 7:40,8314
2/2/2023 7:41,8314
2/2/2023 7:41,7531
2/2/2023 7:42,8299
2/2/2023 7:42,8166
2/2/2023 7:43,8028
2/2/2023 7:43,8112
2/2/2023 7:44,8508
2/2/2023 7:44,8032
2/2/2023 7:45,8218
2/2/2023 7:45,8207
2/2/2023 7:46,7876
2/2/2023 7:47,8299
2/2/2023 7:47,7800
2/2/2023 7:48,8170
2/2/2023 7:48,8152
2/2/2023 7:49,8314
2/2/2023 7:49,8273
2/2/2023 7:50,8232
2/2/2023 7:50,8247
2/2/2023 7:51,8356
2/2/2023 7:51,8057
2/2/2023 7:52,7968
2/2/2023 7:52,8314
2/2/2023 7:53,8329
2/2/2023 7:53,8192
2/2/2023 7:54,7776
2/2/2023 7:54,8166
2/2/2023 7:55,8344
2/2/2023 7:55,8370
2/2/2023 7:56,8047
2/2/2023 7:56,8126
2/2/2023 7:57,8152
2/2/2023 7:57,8288
2/2/2023 7:58,8303
2/2/2023 7:58,8262
2/2/2023 7:59,8247
2/2/2023 8:00,8262
2/2/2023 8:00,8273
2/2/2023 8:01,8247
2/2/2023 8:01,8496
2/2/2023 8:02,8112
2/2/2023 8:02,8166
2/2/2023 8:03,8496
2/2/2023 8:03,8273
2/2/2023 8:04,8196
2/2/2023 8:04,7891
2/2/2023 8:05,8412
2/2/2023 8:05,8207
2/2/2023 8:06,8397
2/2/2023 8:06,8232
2/2/2023 8:07,8207
2/2/2023 8:07,7929
2/2/2023 8:08,8247
2/2/2023 8:08,8332
2/2/2023 8:09,8329
2/2/2023 8:09,8247
2/2/2023 8:10,8484
2/2/2023 8:10,8314
2/2/2023 8:11,8843
2/2/2023 8:11,8166
2/2/2023 8:12,8460
2/2/2023 8:12,8511
2/2/2023 8:13,8400
2/2/2023 8:13,8207
2/2/2023 8:14,8247
2/2/2023 8:14,8539
2/2/2023 8:15,7829
2/2/2023 8:15,8523
2/2/2023 8:16,8382
2/2/2023 8:16,7983
2/2/2023 8:17,7701
2/2/2023 8:17,7929
2/2/2023 8:18,7838
2/2/2023 8:18,8007
2/2/2023 8:19,8481
2/2/2023 8:19,8288
2/2/2023 8:20,7495
2/2/2023 8:20,8303
2/2/2023 8:21,7739
2/2/2023 8:21,8356
2/2/2023 8:22,8254
2/2/2023 8:22,8329
2/2/2023 8:23,8385
2/2/2023 8:23,8288
2/2/2023 8:24,7968
2/2/2023 8:24,8329
2/2/2023 8:25,8303
2/2/2023 8:25,8207
2/2/2023 8:26,8207
2/2/2023 8:27,8126
2/2/2023 8:27,8196
2/2/2023 8:28,8262
2/2/2023 8:28,8166
2/2/2023 8:29,8329
2/2/2023 8:29,8141
2/2/2023 8:30,8288
2/2/2023 8:30,8166
2/2/2023 8:31,7678
2/2/2023 8:31,7423
2/2/2023 8:32,8247
2/2/2023 8:32,8086
2/2/2023 8:33,7944
2/2/2023 8:33,8412
2/2/2023 8:34,8105
2/2/2023 8:34,8472
2/2/2023 8:35,8036
2/2/2023 8:35,8469
2/2/2023 8:36,7724
2/2/2023 8:36,8118
2/2/2023 8:37,7664
2/2/2023 8:37,8412
2/2/2023 8:38,8303
2/2/2023 8:38,7791
2/2/2023 8:39,8192
2/2/2023 8:39,8141
2/2/2023 8:40,7554
2/2/2023 8:40,7650
2/2/2023 8:41,8141
2/2/2023 8:41,8112
2/2/2023 8:42,7664
2/2/2023 8:42,7929
2/2/2023 8:43,8022
2/2/2023 8:43,8166
2/2/2023 8:44,7829
2/2/2023 8:44,8288
2/2/2023 8:45,7929
2/2/2023 8:45,8126
2/2/2023 8:46,8356
2/2/2023 8:46,7968
2/2/2023 8:47,8277
2/2/2023 8:47,8007
2/2/2023 8:48,7596
2/2/2023 8:48,8273
2/2/2023 8:49,8101
2/2/2023 8:49,8166
2/2/2023 8:50,8221
2/2/2023 8:50,7852
2/2/2023 8:51,8344
2/2/2023 8:51,8412
2/2/2023 8:52,8469
2/2/2023 8:52,8118
2/2/2023 8:53,7739
2/2/2023 8:54,8329
2/2/2023 8:54,7492
2/2/2023 8:55,8439
2/2/2023 8:55,8218
2/2/2023 8:56,8288
2/2/2023 8:56,7791
2/2/2023 8:57,8126
2/2/2023 8:57,8007
2/2/2023 8:58,8288
2/2/2023 8:58,8370
2/2/2023 8:59,7929
2/2/2023 8:59,8303
2/2/2023 9:00,8181
2/2/2023 9:00,8086
2/2/2023 9:01,8740
2/2/2023 9:01,8436
2/2/2023 9:02,8683
2/2/2023 9:02,7404
2/2/2023 9:03,7929
2/2/2023 9:03,7627
2/2/2023 9:04,8288
2/2/2023 9:04,8303
2/2/2023 9:05,8247
2/2/2023 9:05,8086
2/2/2023 9:06,8356
2/2/2023 9:06,7627
2/2/2023 9:07,8329
2/2/2023 9:07,8152
2/2/2023 9:08,8181
2/2/2023 9:08,8303
2/2/2023 9:09,8112
2/2/2023 9:09,8262
2/2/2023 9:10,7881
2/2/2023 9:10,7445
2/2/2023 9:11,8207
2/2/2023 9:11,7891
2/2/2023 9:12,7929
2/2/2023 9:12,7791
2/2/2023 9:13,8247
2/2/2023 9:13,8314
2/2/2023 9:14,8484
2/2/2023 9:14,8427
2/2/2023 9:15,8047
2/2/2023 9:15,8262
2/2/2023 9:16,8061
2/2/2023 9:16,8086
2/2/2023 9:17,8192
2/2/2023 9:17,7604
2/2/2023 9:18,8076
2/2/2023 9:18,7968
2/2/2023 9:19,8166
2/2/2023 9:19,7678
2/2/2023 9:20,8385
2/2/2023 9:21,8061
2/2/2023 9:21,8207
2/2/2023 9:22,8303
2/2/2023 9:22,8101
2/2/2023 9:23,7554
2/2/2023 9:23,8207
2/2/2023 9:24,8303
2/2/2023 9:24,8370
2/2/2023 9:25,8284
2/2/2023 9:25,7989
2/2/2023 9:26,8166
2/2/2023 9:26,7824
2/2/2023 9:27,7568
2/2/2023 9:27,7748
2/2/2023 9:28,7678
2/2/2023 9:28,8122
2/2/2023 9:29,7627
2/2/2023 9:29,8221
2/2/2023 9:30,8068
2/2/2023 9:30,8262
2/2/2023 9:31,8162
2/2/2023 9:31,7459
2/2/2023 9:32,8397
2/2/2023 9:32,7891
2/2/2023 9:33,8192
2/2/2023 9:33,8166
2/2/2023 9:34,8036
2/2/2023 9:34,8141
2/2/2023 9:35,7495
2/2/2023 9:35,8314
2/2/2023 9:36,7867
2/2/2023 9:36,8207
2/2/2023 9:37,7867
2/2/2023 9:37,8155
2/2/2023 9:38,8207
2/2/2023 9:38,8221
2/2/2023 9:39,8207
2/2/2023 9:39,7234
2/2/2023 9:40,8101
2/2/2023 9:40,7409
2/2/2023 9:41,7111
2/2/2023 9:41,8126
2/2/2023 9:42,7891
2/2/2023 9:42,7891
2/2/2023 9:43,7584
2/2/2023 9:43,7409
2/2/2023 9:44,8101
2/2/2023 9:44,8166
2/2/2023 9:45,7983
2/2/2023 9:45,7724
2/2/2023 9:46,7829
2/2/2023 9:47,7929
2/2/2023 9:47,7944
2/2/2023 9:48,8022
2/2/2023 9:48,8181
2/2/2023 9:49,7944
2/2/2023 9:49,7891
2/2/2023 9:50,8116
2/2/2023 9:50,7891
2/2/2023 9:51,8347
2/2/2023 9:51,8181
2/2/2023 9:52,8181
2/2/2023 9:52,7920
2/2/2023 9:53,7715
2/2/2023 9:53,8181
2/2/2023 9:54,8141
2/2/2023 9:54,7582
2/2/2023 9:55,8484
2/2/2023 9:55,8090
2/2/2023 9:56,7852
2/2/2023 9:56,8061
2/2/2023 9:57,7473
2/2/2023 9:57,7664
2/2/2023 9:58,8047
2/2/2023 9:58,8051
2/2/2023 9:59,8126
2/2/2023 9:59,7867
2/2/2023 10:00,8221
2/2/2023 10:00,7664
2/2/2023 10:01,8181
2/2/2023 10:01,7678
2/2/2023 10:02,7829
2/2/2023 10:02,8332
2/2/2023 10:03,7867
2/2/2023 10:03,8303
2/2/2023 10:04,8086
2/2/2023 10:04,8105
2/2/2023 10:05,8247
2/2/2023 10:05,7843
2/2/2023 10:06,8329
2/2/2023 10:06,7829
2/2/2023 10:07,8141
2/2/2023 10:07,7517
2/2/2023 10:08,8221
2/2/2023 10:08,8126
2/2/2023 10:09,7929
2/2/2023 10:09,8116
2/2/2023 10:10,7920
2/2/2023 10:10,8359
2/2/2023 10:11,8181
2/2/2023 10:11,7867
2/2/2023 10:12,8057
2/2/2023 10:12,7568
2/2/2023 10:13,8181
2/2/2023 10:14,8022
2/2/2023 10:14,7867
2/2/2023 10:15,8022
2/2/2023 10:15,8232
2/2/2023 10:16,7867
2/2/2023 10:16,8415
2/2/2023 10:17,7791
2/2/2023 10:17,8181
2/2/2023 10:18,8181
2/2/2023 10:18,8152
2/2/2023 10:19,8412
2/2/2023 10:19,7867
2/2/2023 10:20,8359
2/2/2023 10:20,8303
2/2/2023 10:21,8511
2/2/2023 10:21,7905
2/2/2023 10:22,7829
2/2/2023 10:22,7905
2/2/2023 10:23,7958
2/2/2023 10:23,7791
2/2/2023 10:24,8262
2/2/2023 10:24,8036
2/2/2023 10:25,7977
2/2/2023 10:25,8061
2/2/2023 10:26,7997
2/2/2023 10:26,8196
2/2/2023 10:27,8141
2/2/2023 10:27,8181
2/2/2023 10:28,8022
2/2/2023 10:28,8141
2/2/2023 10:29,8303
2/2/2023 10:29,7891
2/2/2023 10:30,8032
2/2/2023 10:30,7983
2/2/2023 10:31,7843
2/2/2023 10:31,8166
2/2/2023 10:32,7819
2/2/2023 10:32,7944
2/2/2023 10:33,8262
2/2/2023 10:33,7240
2/2/2023 10:34,7867
2/2/2023 10:34,8370
2/2/2023 10:35,8166
2/2/2023 10:35,7920
2/2/2023 10:36,8221
2/2/2023 10:36,8105
2/2/2023 10:37,8112
2/2/2023 10:37,8116
2/2/2023 10:38,8022
2/2/2023 10:38,7944
2/2/2023 10:39,7891
2/2/2023 10:39,7929
2/2/2023 10:40,7876
2/2/2023 10:41,8155
2/2/2023 10:41,7829
2/2/2023 10:42,8141
2/2/2023 10:42,7303
2/2/2023 10:43,8022
2/2/2023 10:43,8061
2/2/2023 10:44,8221
2/2/2023 10:44,7983
2/2/2023 10:45,7891
2/2/2023 10:45,8047
2/2/2023 10:46,8496
2/2/2023 10:46,7954
2/2/2023 10:47,8247
2/2/2023 10:47,7562
2/2/2023 10:48,8288
2/2/2023 10:48,7852
2/2/2023 10:49,7762
2/2/2023 10:49,8072
2/2/2023 10:50,7867
2/2/2023 10:50,7968
2/2/2023 10:51,8258
2/2/2023 10:51,7701
2/2/2023 10:52,8166
2/2/2023 10:52,8112
2/2/2023 10:53,7664
2/2/2023 10:53,7852
2/2/2023 10:54,7517
2/2/2023 10:54,8047
2/2/2023 10:55,7929
2/2/2023 10:55,7867
2/2/2023 10:56,7795
2/2/2023 10:56,8032
2/2/2023 10:57,8007
2/2/2023 10:57,8711
2/2/2023 10:58,8192
2/2/2023 10:58,7687
2/2/2023 10:59,8232
2/2/2023 10:59,7993
2/2/2023 11:00,7613
2/2/2023 11:00,8451
2/2/2023 11:01,8152
2/2/2023 11:01,7613
2/2/2023 11:02,7762
2/2/2023 11:02,7687
2/2/2023 11:03,8166
2/2/2023 11:03,8112
2/2/2023 11:04,7910
2/2/2023 11:04,7838
2/2/2023 11:05,8061
2/2/2023 11:05,7613
2/2/2023 11:06,7687
2/2/2023 11:06,7540
2/2/2023 11:07,7473
2/2/2023 11:08,7800
2/2/2023 11:08,8007
2/2/2023 11:09,7664
2/2/2023 11:09,7748
2/2/2023 11:10,7987
2/2/2023 11:10,8137
2/2/2023 11:11,8007
2/2/2023 11:11,8192
2/2/2023 11:12,7590
2/2/2023 11:12,8273
2/2/2023 11:13,8126
2/2/2023 11:13,8022
2/2/2023 11:14,7862
2/2/2023 11:14,8481
2/2/2023 11:15,8072
2/2/2023 11:15,7867
2/2/2023 11:16,7757
2/2/2023 11:16,8299
2/2/2023 11:17,7876
2/2/2023 11:17,7901
2/2/2023 11:18,8442
2/2/2023 11:18,7915
2/2/2023 11:19,7852
2/2/2023 11:19,7554
2/2/2023 11:20,7993
2/2/2023 11:20,7944
2/2/2023 11:21,7739
2/2/2023 11:21,8007
2/2/2023 11:22,7891
2/2/2023 11:22,7814
2/2/2023 11:23,7762
2/2/2023 11:23,8181
2/2/2023 11:24,7968
2/2/2023 11:24,8126
2/2/2023 11:25,7800
2/2/2023 11:25,8243
2/2/2023 11:26,7650
2/2/2023 11:26,7317
2/2/2023 11:27,7905
2/2/2023 11:27,8303
2/2/2023 11:28,7664
2/2/2023 11:28,8061
2/2/2023 11:29,7678
2/2/2023 11:29,7701
2/2/2023 11:30,8359
2/2/2023 11:30,7954
2/2/2023 11:31,7701
2/2/2023 11:31,7838
2/2/2023 11:32,7724
2/2/2023 11:32,8221
2/2/2023 11:33,7876
2/2/2023 11:33,7983
2/2/2023 11:34,7791
2/2/2023 11:35,8152
2/2/2023 11:35,7627
2/2/2023 11:36,7786
2/2/2023 11:36,7983
2/2/2023 11:37,7838
2/2/2023 11:37,7905
2/2/2023 11:38,8086
2/2/2023 11:38,8007
2/2/2023 11:39,8166
2/2/2023 11:39,8086
2/2/2023 11:40,7559
2/2/2023 11:40,7517
2/2/2023 11:41,7776
2/2/2023 11:41,7590
2/2/2023 11:42,8166
2/2/2023 11:42,8126
2/2/2023 11:43,7762
2/2/2023 11:43,7701
2/2/2023 11:44,8397
2/2/2023 11:44,8101
2/2/2023 11:45,7944
2/2/2023 11:45,8159
2/2/2023 11:46,8303
2/2/2023 11:46,7929
2/2/2023 11:47,8061
2/2/2023 11:47,7905
2/2/2023 11:48,8155
2/2/2023 11:48,7891
2/2/2023 11:49,8362
2/2/2023 11:49,7929
2/2/2023 11:50,8397
2/2/2023 11:50,7867
2/2/2023 11:51,8101
2/2/2023 11:51,7687
2/2/2023 11:52,7715
2/2/2023 11:52,8460
2/2/2023 11:53,7944
2/2/2023 11:53,7929
2/2/2023 11:54,8385
2/2/2023 11:54,7895
2/2/2023 11:55,7753
2/2/2023 11:55,8116
2/2/2023 11:56,8315
2/2/2023 11:56,8061
2/2/2023 11:57,7739
2/2/2023 11:57,7509
2/2/2023 11:58,8141
2/2/2023 11:58,8668
2/2/2023 11:59,7776
2/2/2023 11:59,7753
2/2/2023 12:00,8166
2/2/2023 12:00,8022
2/2/2023 12:01,7954
2/2/2023 12:02,7905
2/2/2023 12:02,7833
2/2/2023 12:03,7762
2/2/2023 12:03,7905
2/2/2023 12:04,7944
2/2/2023 12:04,8457
2/2/2023 12:05,8022
2/2/2023 12:05,8101
2/2/2023 12:06,7805
2/2/2023 12:06,9055
2/2/2023 12:07,7388
2/2/2023 12:07,7753
2/2/2023 12:08,7604
2/2/2023 12:08,8469
2/2/2023 12:09,7459
2/2/2023 12:09,7958
2/2/2023 12:10,7968
2/2/2023 12:10,7829
2/2/2023 12:11,8061
2/2/2023 12:11,8181
2/2/2023 12:12,8036
2/2/2023 12:12,7819
2/2/2023 12:13,7814
2/2/2023 12:13,8141
2/2/2023 12:14,8155
2/2/2023 12:14,7881
2/2/2023 12:15,7891
2/2/2023 12:15,8076
2/2/2023 12:16,7905
2/2/2023 12:16,7833
2/2/2023 12:17,7905
2/2/2023 12:17,8022
2/2/2023 12:18,8126
2/2/2023 12:18,8155
2/2/2023 12:19,7604
2/2/2023 12:19,8454
2/2/2023 12:20,8303
2/2/2023 12:20,8262
2/2/2023 12:21,7944
2/2/2023 12:21,8359
2/2/2023 12:22,8141
2/2/2023 12:22,7920
2/2/2023 12:23,7582
2/2/2023 12:23,8166
2/2/2023 12:24,8032
2/2/2023 12:24,8101
2/2/2023 12:25,7805
2/2/2023 12:25,7641
2/2/2023 12:26,7730
2/2/2023 12:26,8155
2/2/2023 12:27,7983
2/2/2023 12:28,7805
2/2/2023 12:28,7545
2/2/2023 12:29,8385
2/2/2023 12:29,7944
2/2/2023 12:30,7939
2/2/2023 12:30,7944
2/2/2023 12:31,8057
2/2/2023 12:31,8047
2/2/2023 12:32,8303
2/2/2023 12:32,8026
2/2/2023 12:33,8196
2/2/2023 12:33,8400
2/2/2023 12:34,7692
2/2/2023 12:34,8061
2/2/2023 12:35,7920
2/2/2023 12:35,8207
2/2/2023 12:36,7604
2/2/2023 12:36,8332
2/2/2023 12:37,8041
2/2/2023 12:37,7776
2/2/2023 12:38,7915
2/2/2023 12:38,8292
2/2/2023 12:39,8262
2/2/2023 12:39,7983
2/2/2023 12:40,7920
2/2/2023 12:40,8012
2/2/2023 12:41,8116
2/2/2023 12:41,7983
2/2/2023 12:42,7457
2/2/2023 12:42,8090
2/2/2023 12:43,8624
2/2/2023 12:43,7554
2/2/2023 12:44,7852
2/2/2023 12:44,7791
2/2/2023 12:45,8344
2/2/2023 12:45,8061
2/2/2023 12:46,8065
2/2/2023 12:46,7881
2/2/2023 12:47,8321
2/2/2023 12:47,7929
2/2/2023 12:48,7843
2/2/2023 12:48,8344
2/2/2023 12:49,8344
2/2/2023 12:49,7891
2/2/2023 12:50,8116
2/2/2023 12:50,7881
2/2/2023 12:51,8262
2/2/2023 12:51,7437
2/2/2023 12:52,8155
2/2/2023 12:52,7762
2/2/2023 12:53,7632
2/2/2023 12:53,7920
2/2/2023 12:54,8012
2/2/2023 12:55,8303
2/2/2023 12:55,8036
2/2/2023 12:56,8086
2/2/2023 12:56,7843
2/2/2023 12:57,8116
2/2/2023 12:57,8318
2/2/2023 12:58,8022
2/2/2023 12:58,7545
2/2/2023 12:59,7767
2/2/2023 12:59,7730
2/2/2023 13:00,7944
2/2/2023 13:00,8236
2/2/2023 13:01,8116
2/2/2023 13:01,8292
2/2/2023 13:02,8344
2/2/2023 13:02,8189
2/2/2023 13:03,8007
2/2/2023 13:03,8116
2/2/2023 13:04,8141
2/2/2023 13:04,8318
2/2/2023 13:05,7473
2/2/2023 13:05,7437
2/2/2023 13:06,7905
2/2/2023 13:06,7715
2/2/2023 13:07,7805
2/2/2023 13:07,7867
2/2/2023 13:08,8318
2/2/2023 13:08,7669
2/2/2023 13:09,8141
2/2/2023 13:09,7104
2/2/2023 13:10,8236
2/2/2023 13:10,8859
2/2/2023 13:11,8116
2/2/2023 13:11,8007
2/2/2023 13:12,7958
2/2/2023 13:12,7495
2/2/2023 13:13,7767
2/2/2023 13:13,7920
2/2/2023 13:14,8155
2/2/2023 13:14,8036
2/2/2023 13:15,8061
2/2/2023 13:15,8221
2/2/2023 13:16,8454
2/2/2023 13:16,8155
2/2/2023 13:17,7900
2/2/2023 13:17,8569
2/2/2023 13:18,8061
2/2/2023 13:18,7997
2/2/2023 13:19,7618
2/2/2023 13:19,8181
2/2/2023 13:20,8141
2/2/2023 13:20,8277
2/2/2023 13:21,8318
2/2/2023 13:22,7669
2/2/2023 13:22,8277
2/2/2023 13:23,8086
2/2/2023 13:23,8314
2/2/2023 13:24,7730
2/2/2023 13:24,7706
2/2/2023 13:25,7934
2/2/2023 13:25,7934
2/2/2023 13:26,7776
2/2/2023 13:26,7891
2/2/2023 13:27,7881
2/2/2023 13:27,7881
2/2/2023 13:28,8101
2/2/2023 13:28,7881
2/2/2023 13:29,8236
2/2/2023 13:29,7559
2/2/2023 13:30,8022
2/2/2023 13:30,8155
2/2/2023 13:31,8130
2/2/2023 13:31,7895
2/2/2023 13:32,8036
2/2/2023 13:32,7641
2/2/2023 13:33,7862
2/2/2023 13:33,8002
2/2/2023 13:34,8026
2/2/2023 13:34,7275
2/2/2023 13:35,7997
2/2/2023 13:35,7568
2/2/2023 13:36,8051
2/2/2023 13:36,7692
2/2/2023 13:37,7958
2/2/2023 13:37,7973
2/2/2023 13:38,8374
2/2/2023 13:38,7509
2/2/2023 13:39,7632
2/2/2023 13:39,7920
2/2/2023 13:40,7905
2/2/2023 13:40,7758
2/2/2023 13:41,8236
2/2/2023 13:41,7800
2/2/2023 13:42,8036
2/2/2023 13:42,7632
2/2/2023 13:43,7545
2/2/2023 13:43,8061
2/2/2023 13:44,8181
2/2/2023 13:44,8155
2/2/2023 13:45,7800
2/2/2023 13:45,8036
2/2/2023 13:46,8203
2/2/2023 13:46,8116
2/2/2023 13:47,7958
2/2/2023 13:47,7814
2/2/2023 13:48,8155
2/2/2023 13:49,7669
2/2/2023 13:49,7791
2/2/2023 13:50,7715
2/2/2023 13:50,8155
2/2/2023 13:51,7934
2/2/2023 13:51,7587
2/2/2023 13:52,7997
2/2/2023 13:52,7986
2/2/2023 13:53,8210
2/2/2023 13:53,7900
2/2/2023 13:54,7934
2/2/2023 13:54,8359
2/2/2023 13:55,7819
2/2/2023 13:55,8051
2/2/2023 13:56,7934
2/2/2023 13:56,8036
2/2/2023 13:57,8065
2/2/2023 13:57,7920
2/2/2023 13:58,8109
2/2/2023 13:58,7996
2/2/2023 13:59,8076
2/2/2023 13:59,8076
2/2/2023 14:00,7669
2/2/2023 14:00,7920
2/2/2023 14:01,8152
2/2/2023 14:01,8041
2/2/2023 14:02,7819
2/2/2023 14:02,7934
2/2/2023 14:03,8181
2/2/2023 14:03,7767
2/2/2023 14:04,7634
2/2/2023 14:04,8130
2/2/2023 14:05,8170
2/2/2023 14:05,7852
2/2/2023 14:06,7227
2/2/2023 14:06,7881
2/2/2023 14:07,7871
2/2/2023 14:07,7857
2/2/2023 14:08,8196
2/2/2023 14:08,7692
2/2/2023 14:09,8116
2/2/2023 14:09,7973
2/2/2023 14:10,8036
2/2/2023 14:10,7655
2/2/2023 14:11,7958
2/2/2023 14:11,7730
2/2/2023 14:12,7843
2/2/2023 14:12,7829
2/2/2023 14:13,7781
2/2/2023 14:13,8057
2/2/2023 14:14,8130
2/2/2023 14:15,7753
2/2/2023 14:15,7958
2/2/2023 14:16,8012
2/2/2023 14:16,7767
2/2/2023 14:17,8036
2/2/2023 14:17,8149
2/2/2023 14:18,7934
2/2/2023 14:18,7920
2/2/2023 14:19,7934
2/2/2023 14:19,7997
2/2/2023 14:20,7380
2/2/2023 14:20,7857
2/2/2023 14:21,8181
2/2/2023 14:21,7829
2/2/2023 14:22,7523
2/2/2023 14:22,7568
2/2/2023 14:23,7973
2/2/2023 14:23,8051
2/2/2023 14:24,7795
2/2/2023 14:24,7345
2/2/2023 14:25,7973
2/2/2023 14:25,8036
2/2/2023 14:26,8155
2/2/2023 14:26,7857
2/2/2023 14:27,8026
2/2/2023 14:27,7805
2/2/2023 14:28,7720
2/2/2023 14:28,7795
2/2/2023 14:29,8051
2/2/2023 14:29,8057
2/2/2023 14:30,8012
2/2/2023 14:30,8051
2/2/2023 14:31,7997
2/2/2023 14:31,7697
2/2/2023 14:32,7910
2/2/2023 14:32,7655
2/2/2023 14:33,7537
2/2/2023 14:33,8112
2/2/2023 14:34,7871
2/2/2023 14:34,8012
2/2/2023 14:35,7192
2/2/2023 14:35,7857
2/2/2023 14:36,8065
2/2/2023 14:36,8120
2/2/2023 14:37,7862
2/2/2023 14:37,7910
2/2/2023 14:38,8374
2/2/2023 14:38,7843
2/2/2023 14:39,8036
2/2/2023 14:39,7767
2/2/2023 14:40,7819
2/2/2023 14:40,7895
2/2/2023 14:41,7934
2/2/2023 14:42,8036
2/2/2023 14:42,7386
2/2/2023 14:43,8036
2/2/2023 14:43,8277
2/2/2023 14:44,7487
2/2/2023 14:44,8116
2/2/2023 14:45,7934
2/2/2023 14:45,8076
2/2/2023 14:46,7781
2/2/2023 14:46,8155
2/2/2023 14:47,7559
2/2/2023 14:47,7394
2/2/2023 14:48,7944
2/2/2023 14:48,8236
2/2/2023 14:49,8090
2/2/2023 14:49,7158
2/2/2023 14:50,7920
2/2/2023 14:50,7781
2/2/2023 14:51,7819
2/2/2023 14:51,8303
2/2/2023 14:52,7646
2/2/2023 14:52,8090
2/2/2023 14:53,7857
2/2/2023 14:53,7632
2/2/2023 14:54,7973
2/2/2023 14:54,7795
2/2/2023 14:55,8347
2/2/2023 14:55,7881
2/2/2023 14:56,7632
2/2/2023 14:56,8130
2/2/2023 14:57,7655
2/2/2023 14:57,7973
2/2/2023 14:58,8090
2/2/2023 14:58,7296
2/2/2023 14:59,8086
2/2/2023 14:59,7920
2/2/2023 15:00,8116
2/2/2023 15:00,8729
2/2/2023 15:01,8051
2/2/2023 15:01,7795
2/2/2023 15:02,8141
2/2/2023 15:02,8196
2/2/2023 15:03,7997
2/2/2023 15:03,7582
2/2/2023 15:04,8196
2/2/2023 15:04,8112
2/2/2023 15:05,7920
2/2/2023 15:05,7582
2/2/2023 15:06,7795
2/2/2023 15:06,7881
2/2/2023 15:07,7437
2/2/2023 15:07,8076
2/2/2023 15:08,7692
2/2/2023 15:09,7958
2/2/2023 15:09,7531
2/2/2023 15:10,8262
2/2/2023 15:10,7473
2/2/2023 15:11,8036
2/2/2023 15:11,7997
2/2/2023 15:12,7891
2/2/2023 15:12,8155
2/2/2023 15:13,7627
2/2/2023 15:13,7920
2/2/2023 15:14,7920
2/2/2023 15:14,7881
2/2/2023 15:15,8116
2/2/2023 15:15,8051
2/2/2023 15:16,8022
2/2/2023 15:16,7997
2/2/2023 15:17,7958
2/2/2023 15:17,8236
2/2/2023 15:18,7944
2/2/2023 15:18,7730
2/2/2023 15:19,7401
2/2/2023 15:19,7900
2/2/2023 15:20,7632
2/2/2023 15:20,7843
2/2/2023 15:21,8076
2/2/2023 15:21,8076
2/2/2023 15:22,7881
2/2/2023 15:22,7781
2/2/2023 15:23,7819
2/2/2023 15:23,8036
2/2/2023 15:24,7920
2/2/2023 15:24,7881
2/2/2023 15:25,7920
2/2/2023 15:25,8196
2/2/2023 15:26,8022
2/2/2023 15:26,8116
2/2/2023 15:27,7895
2/2/2023 15:27,8155
2/2/2023 15:28,8236
2/2/2023 15:28,8076
2/2/2023 15:29,7261
2/2/2023 15:29,8225
2/2/2023 15:30,7857
2/2/2023 15:30,8101
2/2/2023 15:31,7618
2/2/2023 15:31,8303
2/2/2023 15:32,8314
2/2/2023 15:32,8163
2/2/2023 15:33,7929
2/2/2023 15:33,8086
2/2/2023 15:34,7934
2/2/2023 15:35,8236
2/2/2023 15:35,8026
2/2/2023 15:36,8332
2/2/2023 15:36,8036
2/2/2023 15:37,8332
2/2/2023 15:37,8318
2/2/2023 15:38,8061
2/2/2023 15:38,7655
2/2/2023 15:39,7730
2/2/2023 15:39,8303
2/2/2023 15:40,8207
2/2/2023 15:40,7791
2/2/2023 15:41,8076
2/2/2023 15:41,8022
2/2/2023 15:42,8007
2/2/2023 15:42,8262
2/2/2023 15:43,7814
2/2/2023 15:43,8247
2/2/2023 15:44,7520
2/2/2023 15:44,8086
2/2/2023 15:45,7437
2/2/2023 15:45,8116
2/2/2023 15:46,8141
2/2/2023 15:46,7753
2/2/2023 15:47,8007
2/2/2023 15:47,8061
2/2/2023 15:48,7905
2/2/2023 15:48,7655
2/2/2023 15:49,7604
2/2/2023 15:49,8003
2/2/2023 15:50,8057
2/2/2023 15:50,7531
2/2/2023 15:51,8101
2/2/2023 15:51,7983
2/2/2023 15:52,8101
2/2/2023 15:52,8221
2/2/2023 15:53,8247
2/2/2023 15:53,7739
2/2/2023 15:54,8061
2/2/2023 15:54,8427
2/2/2023 15:55,7958
2/2/2023 15:55,7829
2/2/2023 15:56,7829
2/2/2023 15:56,7701
2/2/2023 15:57,7767
2/2/2023 15:57,7710
2/2/2023 15:58,7710
2/2/2023 15:58,7905
2/2/2023 15:59,8141
2/2/2023 15:59,8022
2/2/2023 16:00,8155
2/2/2023 16:00,8221
2/2/2023 16:01,7632
2/2/2023 16:02,7678
2/2/2023 16:02,8022
2/2/2023 16:03,8086
2/2/2023 16:03,8101
2/2/2023 16:04,7730
2/2/2023 16:04,7852
2/2/2023 16:05,7545
2/2/2023 16:05,7867
2/2/2023 16:06,7944
2/2/2023 16:06,7944
2/2/2023 16:07,8181
2/2/2023 16:07,8101
2/2/2023 16:08,7573
2/2/2023 16:08,7829
2/2/2023 16:09,8047
2/2/2023 16:09,7664
2/2/2023 16:10,8076
2/2/2023 16:10,8166
2/2/2023 16:11,8303
2/2/2023 16:11,7867
2/2/2023 16:12,7753
2/2/2023 16:12,8022
2/2/2023 16:13,8496
2/2/2023 16:13,7993
2/2/2023 16:14,8329
2/2/2023 16:14,7968
2/2/2023 16:15,8303
2/2/2023 16:15,8221
2/2/2023 16:16,8232
2/2/2023 16:16,7753
2/2/2023 16:17,7905
2/2/2023 16:17,7701
2/2/2023 16:18,8181
2/2/2023 16:18,7682
2/2/2023 16:19,7867
2/2/2023 16:19,8152
2/2/2023 16:20,7517
2/2/2023 16:20,7791
2/2/2023 16:21,8141
2/2/2023 16:21,8273
2/2/2023 16:22,7852
2/2/2023 16:22,8469
2/2/2023 16:23,7944
2/2/2023 16:23,7303
2/2/2023 16:24,7833
2/2/2023 16:24,7944
2/2/2023 16:25,8770
2/2/2023 16:25,8126
2/2/2023 16:26,7710
2/2/2023 16:26,7997
2/2/2023 16:27,8207
2/2/2023 16:27,7739
2/2/2023 16:28,7954
2/2/2023 16:29,7445
2/2/2023 16:29,7993
2/2/2023 16:30,8047
2/2/2023 16:30,7739
2/2/2023 16:31,8207
2/2/2023 16:31,7165
2/2/2023 16:32,7852
2/2/2023 16:32,7814
2/2/2023 16:33,7207
2/2/2023 16:33,7954
2/2/2023 16:34,8247
2/2/2023 16:34,8210
2/2/2023 16:35,7710
2/2/2023 16:35,8007
2/2/2023 16:36,8370
2/2/2023 16:36,8061
2/2/2023 16:37,8112
2/2/2023 16:37,8288
2/2/2023 16:38,8057
2/2/2023 16:38,8303
2/2/2023 16:39,8466
2/2/2023 16:39,7978
2/2/2023 16:40,7800
2/2/2023 16:40,8007
2/2/2023 16:41,8012
2/2/2023 16:41,7739
2/2/2023 16:42,8041
2/2/2023 16:42,7678
2/2/2023 16:43,8007
2/2/2023 16:43,7590
2/2/2023 16:44,8126
2/2/2023 16:44,8221
2/2/2023 16:45,8126
2/2/2023 16:45,7993
2/2/2023 16:46,7944
2/2/2023 16:46,8288
2/2/2023 16:47,8344
2/2/2023 16:47,8018
2/2/2023 16:48,8523
2/2/2023 16:48,7867
2/2/2023 16:49,7944
2/2/2023 16:49,7876
2/2/2023 16:50,8061
2/2/2023 16:50,8086
2/2/2023 16:51,7791
2/2/2023 16:51,7954
2/2/2023 16:52,8454
2/2/2023 16:52,8454
2/2/2023 16:53,8022
2/2/2023 16:53,7814
2/2/2023 16:54,7905
2/2/2023 16:54,7641
2/2/2023 16:55,7905
2/2/2023 16:56,7739
2/2/2023 16:56,8126
2/2/2023 16:57,7929
2/2/2023 16:57,7983
2/2/2023 16:58,8424
2/2/2023 16:58,7388
2/2/2023 16:59,7791
2/2/2023 16:59,7814
2/2/2023 17:00,8547
2/2/2023 17:00,7791
2/2/2023 17:01,8221
2/2/2023 17:01,8022
2/2/2023 17:02,8262
2/2/2023 17:02,8061
2/2/2023 17:03,7753
2/2/2023 17:03,7983
2/2/2023 17:04,8288
2/2/2023 17:04,7920
2/2/2023 17:05,7944
2/2/2023 17:05,8262
2/2/2023 17:06,7582
2/2/2023 17:06,7739
2/2/2023 17:07,8126
2/2/2023 17:07,8262
2/2/2023 17:08,8086
2/2/2023 17:08,8061
2/2/2023 17:09,8460
2/2/2023 17:09,8469
2/2/2023 17:10,8496
2/2/2023 17:10,8022
2/2/2023 17:11,7983
2/2/2023 17:11,8196
2/2/2023 17:12,8116
2/2/2023 17:12,8445
2/2/2023 17:13,7757
2/2/2023 17:13,8061
2/2/2023 17:14,8141
2/2/2023 17:14,8221
2/2/2023 17:15,8356
2/2/2023 17:15,7618
2/2/2023 17:16,8359
2/2/2023 17:16,7997
2/2/2023 17:17,8303
2/2/2023 17:17,7814
2/2/2023 17:18,7983
2/2/2023 17:18,8292
2/2/2023 17:19,7968
2/2/2023 17:19,8036
2/2/2023 17:20,7715
2/2/2023 17:20,8170
2/2/2023 17:21,8061
2/2/2023 17:21,7805
2/2/2023 17:22,8141
2/2/2023 17:23,8277
2/2/2023 17:23,7641
2/2/2023 17:24,8026
2/2/2023 17:24,7997
2/2/2023 17:25,8101
2/2/2023 17:25,7814
2/2/2023 17:26,7730
2/2/2023 17:26,7655
2/2/2023 17:27,7881
2/2/2023 17:27,7968
2/2/2023 17:28,7706
2/2/2023 17:28,7604
2/2/2023 17:29,8207
2/2/2023 17:29,8511
2/2/2023 17:30,8101
2/2/2023 17:30,7753
2/2/2023 17:31,7715
2/2/2023 17:31,7958
2/2/2023 17:32,8221
2/2/2023 17:32,8061
2/2/2023 17:33,8370
2/2/2023 17:33,8152
2/2/2023 17:34,8036
2/2/2023 17:34,7730
2/2/2023 17:35,8655
2/2/2023 17:35,7958
2/2/2023 17:36,8295
2/2/2023 17:36,8076
2/2/2023 17:37,8277
2/2/2023 17:37,8329
2/2/2023 17:38,8280
2/2/2023 17:38,8496
2/2/2023 17:39,7939
2/2/2023 17:39,8047
2/2/2023 17:40,8539
2/2/2023 17:40,8427
2/2/2023 17:41,7720
2/2/2023 17:41,7814
2/2/2023 17:42,7715
2/2/2023 17:42,7791
2/2/2023 17:43,7809
2/2/2023 17:43,8012
2/2/2023 17:44,8303
2/2/2023 17:44,8007
2/2/2023 17:45,7983
2/2/2023 17:45,7944
2/2/2023 17:46,8370
2/2/2023 17:46,8344
2/2/2023 17:47,8303
2/2/2023 17:47,8166
2/2/2023 17:48,7929
2/2/2023 17:49,7944
2/2/2023 17:49,8181
2/2/2023 17:50,7632
2/2/2023 17:50,7715
2/2/2023 17:51,7929
2/2/2023 17:51,7881
2/2/2023 17:52,8427
2/2/2023 17:52,7604
2/2/2023 17:53,7867
2/2/2023 17:53,8196
2/2/2023 17:54,7753
2/2/2023 17:54,8061
2/2/2023 17:55,7867
2/2/2023 17:55,7983
2/2/2023 17:56,7944
2/2/2023 17:56,8288
2/2/2023 17:57,7983
2/2/2023 17:57,8090
2/2/2023 17:58,8022
2/2/2023 17:58,8032
2/2/2023 17:59,8126
2/2/2023 17:59,7944
2/2/2023 18:00,7920
2/2/2023 18:00,7983
2/2/2023 18:01,8061
2/2/2023 18:01,8221
2/2/2023 18:02,8061
2/2/2023 18:02,8385
2/2/2023 18:03,7791
2/2/2023 18:03,8192
2/2/2023 18:04,8022
2/2/2023 18:04,7481
2/2/2023 18:05,7791
2/2/2023 18:05,8061
2/2/2023 18:06,8101
2/2/2023 18:06,8076
2/2/2023 18:07,8155
2/2/2023 18:07,8277
2/2/2023 18:08,8047
2/2/2023 18:08,8247
2/2/2023 18:09,8022
2/2/2023 18:09,8022
2/2/2023 18:10,7791
2/2/2023 18:10,7852
2/2/2023 18:11,8181
2/2/2023 18:11,7958
2/2/2023 18:12,7829
2/2/2023 18:12,7791
2/2/2023 18:13,8177
2/2/2023 18:13,8799
2/2/2023 18:14,8244
2/2/2023 18:14,7673
2/2/2023 18:15,8329
2/2/2023 18:16,8251
2/2/2023 18:16,7983
2/2/2023 18:17,7997
2/2/2023 18:17,7352
2/2/2023 18:18,8051
2/2/2023 18:18,7983
2/2/2023 18:19,7867
2/2/2023 18:19,8236
2/2/2023 18:20,7791
2/2/2023 18:20,8007
2/2/2023 18:21,7706
2/2/2023 18:21,8385
2/2/2023 18:22,7915
2/2/2023 18:22,7881
2/2/2023 18:23,8770
2/2/2023 18:23,7852
2/2/2023 18:24,7867
2/2/2023 18:24,7983
2/2/2023 18:25,8036
2/2/2023 18:25,8262
2/2/2023 18:26,7829
2/2/2023 18:26,8370
2/2/2023 18:27,7954
2/2/2023 18:27,7958
2/2/2023 18:28,8496
2/2/2023 18:28,8007
2/2/2023 18:29,7983
2/2/2023 18:29,7627
2/2/2023 18:30,7944
2/2/2023 18:30,8442
2/2/2023 18:31,8022
2/2/2023 18:31,7715
2/2/2023 18:32,7715
2/2/2023 18:32,7983
2/2/2023 18:33,7762
2/2/2023 18:33,7983
2/2/2023 18:34,8652
2/2/2023 18:34,8068
2/2/2023 18:35,8624
2/2/2023 18:35,8236
2/2/2023 18:36,8726
2/2/2023 18:36,8022
2/2/2023 18:37,8047
2/2/2023 18:37,7604
2/2/2023 18:38,8036
2/2/2023 18:38,8554
2/2/2023 18:39,7791
2/2/2023 18:39,8511
2/2/2023 18:40,8007
2/2/2023 18:40,7973
2/2/2023 18:41,8101
2/2/2023 18:41,8101
2/2/2023 18:42,8596
2/2/2023 18:43,8065
2/2/2023 18:43,8126
2/2/2023 18:44,7891
2/2/2023 18:44,8385
2/2/2023 18:45,7910
2/2/2023 18:45,7954
2/2/2023 18:46,8569
2/2/2023 18:46,7814
2/2/2023 18:47,7905
2/2/2023 18:47,8116
2/2/2023 18:48,7829
2/2/2023 18:48,8076
2/2/2023 18:49,7829
2/2/2023 18:49,8670
2/2/2023 18:50,8065
2/2/2023 18:50,8859
2/2/2023 18:51,8003
2/2/2023 18:51,8086
2/2/2023 18:52,8484
2/2/2023 18:52,8207
2/2/2023 18:53,8022
2/2/2023 18:53,8400
2/2/2023 18:54,7881
2/2/2023 18:54,8036
2/2/2023 18:55,8207
2/2/2023 18:55,7944
2/2/2023 18:56,7692
2/2/2023 18:56,7983
2/2/2023 18:57,8554
2/2/2023 18:57,8596
2/2/2023 18:58,8022
2/2/2023 18:58,8469
2/2/2023 18:59,8118
2/2/2023 18:59,8155
2/2/2023 19:00,8514
2/2/2023 19:00,8277
2/2/2023 19:01,8442
2/2/2023 19:01,8076
2/2/2023 19:02,7829
2/2/2023 19:02,7881
2/2/2023 19:03,8696
2/2/2023 19:03,8101
2/2/2023 19:04,7901
2/2/2023 19:04,7829
2/2/2023 19:05,8047
2/2/2023 19:05,8022
2/2/2023 19:06,8344
2/2/2023 19:06,7944
2/2/2023 19:07,7627
2/2/2023 19:07,8511
2/2/2023 19:08,7730
2/2/2023 19:08,8022
2/2/2023 19:09,8499
2/2/2023 19:10,7867
2/2/2023 19:10,7983
2/2/2023 19:11,8007
2/2/2023 19:11,8385
2/2/2023 19:12,8596
2/2/2023 19:12,8155
2/2/2023 19:13,8400
2/2/2023 19:13,8022
2/2/2023 19:14,8288
2/2/2023 19:14,8065
2/2/2023 19:15,8262
2/2/2023 19:15,8617
2/2/2023 19:16,8196
2/2/2023 19:16,8569
2/2/2023 19:17,8076
2/2/2023 19:17,7997
2/2/2023 19:18,8596
2/2/2023 19:18,8303
2/2/2023 19:19,8385
2/2/2023 19:19,8303
2/2/2023 19:20,8596
2/2/2023 19:20,7929
2/2/2023 19:21,7958
2/2/2023 19:21,8221
2/2/2023 19:22,7795
2/2/2023 19:22,8207
2/2/2023 19:23,7958
2/2/2023 19:23,8556
2/2/2023 19:24,8262
2/2/2023 19:24,8141
2/2/2023 19:25,8196
2/2/2023 19:25,8303
2/2/2023 19:26,8262
2/2/2023 19:26,8332
2/2/2023 19:27,8196
2/2/2023 19:27,8496
2/2/2023 19:28,7843
2/2/2023 19:28,7905
2/2/2023 19:29,7891
2/2/2023 19:29,7805
2/2/2023 19:30,8225
2/2/2023 19:30,8359
2/2/2023 19:31,8277
2/2/2023 19:31,8683
2/2/2023 19:32,8061
2/2/2023 19:32,8221
2/2/2023 19:33,8303
2/2/2023 19:33,8061
2/2/2023 19:34,7920
2/2/2023 19:34,7920
2/2/2023 19:35,7531
2/2/2023 19:35,7997
2/2/2023 19:36,8036
2/2/2023 19:37,8076
2/2/2023 19:37,8141
2/2/2023 19:38,8155
2/2/2023 19:38,8499
2/2/2023 19:39,8116
2/2/2023 19:39,8344
2/2/2023 19:40,7944
2/2/2023 19:40,8101
2/2/2023 19:41,8196
2/2/2023 19:41,7843
2/2/2023 19:42,8427
2/2/2023 19:42,8007
2/2/2023 19:43,8207
2/2/2023 19:43,8181
2/2/2023 19:44,8116
2/2/2023 19:44,8221
2/2/2023 19:45,8511
2/2/2023 19:45,8076
2/2/2023 19:46,8094
2/2/2023 19:46,8698
2/2/2023 19:47,8385
2/2/2023 19:47,8155
2/2/2023 19:48,8374
2/2/2023 19:48,8036
2/2/2023 19:49,8469
2/2/2023 19:49,8298
2/2/2023 19:50,8061
2/2/2023 19:50,8022
2/2/2023 19:51,8612
2/2/2023 19:51,8155
2/2/2023 19:52,7891
2/2/2023 19:52,8076
2/2/2023 19:53,8370
2/2/2023 19:53,8277
2/2/2023 19:54,8742
2/2/2023 19:54,8639
2/2/2023 19:55,7997
2/2/2023 19:55,8385
2/2/2023 19:56,8221
2/2/2023 19:56,8236
2/2/2023 19:57,8086
2/2/2023 19:57,8101
2/2/2023 19:58,8569
2/2/2023 19:58,8061
2/2/2023 19:59,8236
2/2/2023 19:59,8199
2/2/2023 20:00,8385
2/2/2023 20:00,8090
2/2/2023 20:01,7983
2/2/2023 20:01,8409
2/2/2023 20:02,8035
2/2/2023 20:03,8683
2/2/2023 20:03,8262
2/2/2023 20:04,8141
2/2/2023 20:04,7655
2/2/2023 20:05,8655
2/2/2023 20:05,8076
2/2/2023 20:06,7867
2/2/2023 20:06,8116
2/2/2023 20:07,8061
2/2/2023 20:07,8318
2/2/2023 20:08,8698
2/2/2023 20:08,8116
2/2/2023 20:09,7997
2/2/2023 20:09,8359
2/2/2023 20:10,8359
2/2/2023 20:10,7920
2/2/2023 20:11,8685
2/2/2023 20:11,8109
2/2/2023 20:12,8463
2/2/2023 20:12,7692
2/2/2023 20:13,7934
2/2/2023 20:13,8051
2/2/2023 20:14,7771
2/2/2023 20:14,8076
2/2/2023 20:15,7805
2/2/2023 20:15,7991
2/2/2023 20:16,7920
2/2/2023 20:16,8196
2/2/2023 20:17,7758
2/2/2023 20:17,7944
2/2/2023 20:18,8101
2/2/2023 20:18,7881
2/2/2023 20:19,8145
2/2/2023 20:19,7730
2/2/2023 20:20,8698
2/2/2023 20:20,8541
2/2/2023 20:21,7867
2/2/2023 20:21,7843
2/2/2023 20:22,7973
2/2/2023 20:22,7829
2/2/2023 20:23,7805
2/2/2023 20:23,7582
2/2/2023 20:24,8496
2/2/2023 20:24,8581
2/2/2023 20:25,7829
2/2/2023 20:25,8196
2/2/2023 20:26,8101
2/2/2023 20:26,8116
2/2/2023 20:27,8036
2/2/2023 20:27,7692
2/2/2023 20:28,8047
2/2/2023 20:28,8116
2/2/2023 20:29,8757
2/2/2023 20:30,8400
2/2/2023 20:30,8359
2/2/2023 20:31,8318
2/2/2023 20:31,8232
2/2/2023 20:32,8036
2/2/2023 20:32,8236
2/2/2023 20:33,8236
2/2/2023 20:33,8310
2/2/2023 20:34,8196
2/2/2023 20:34,8126
2/2/2023 20:35,8251
2/2/2023 20:35,8266
2/2/2023 20:36,8299
2/2/2023 20:36,8116
2/2/2023 20:37,7920
2/2/2023 20:37,8400
2/2/2023 20:38,8236
2/2/2023 20:38,7706
2/2/2023 20:39,8359
2/2/2023 20:39,8318
2/2/2023 20:40,7905
2/2/2023 20:40,7934
2/2/2023 20:41,7881
2/2/2023 20:41,8541
2/2/2023 20:42,7767
2/2/2023 20:42,8318
2/2/2023 20:43,8105
2/2/2023 20:43,8412
2/2/2023 20:44,8196
2/2/2023 20:44,8012
2/2/2023 20:45,7944
2/2/2023 20:45,8116
2/2/2023 20:46,8170
2/2/2023 20:46,8051
2/2/2023 20:47,8061
2/2/2023 20:47,8207
2/2/2023 20:48,8141
2/2/2023 20:48,8047
2/2/2023 20:49,8318
2/2/2023 20:49,7881
2/2/2023 20:50,7977
2/2/2023 20:50,7983
2/2/2023 20:51,8155
2/2/2023 20:51,7881
2/2/2023 20:52,8359
2/2/2023 20:52,7805
2/2/2023 20:53,8400
2/2/2023 20:53,8105
2/2/2023 20:54,8478
2/2/2023 20:54,7618
2/2/2023 20:55,7968
2/2/2023 20:55,8668
2/2/2023 20:56,8155
2/2/2023 20:57,8266
2/2/2023 20:57,8116
2/2/2023 20:58,8105
2/2/2023 20:58,7867
2/2/2023 20:59,8061
2/2/2023 20:59,8036
2/2/2023 21:00,8090
2/2/2023 21:00,7997
2/2/2023 21:01,8116
2/2/2023 21:01,8221
2/2/2023 21:02,8569
2/2/2023 21:02,8713
2/2/2023 21:03,8012
2/2/2023 21:03,7920
2/2/2023 21:04,8596
2/2/2023 21:04,8469
2/2/2023 21:05,8236
2/2/2023 21:05,8126
2/2/2023 21:06,8409
2/2/2023 21:06,8207
2/2/2023 21:07,7920
2/2/2023 21:07,8210
2/2/2023 21:08,8251
2/2/2023 21:08,8584
2/2/2023 21:09,8036
2/2/2023 21:09,7997
2/2/2023 21:10,8374
2/2/2023 21:10,8344
2/2/2023 21:11,7997
2/2/2023 21:11,8427
2/2/2023 21:12,8277
2/2/2023 21:12,7767
2/2/2023 21:13,8225
2/2/2023 21:13,8051
2/2/2023 21:14,7891
2/2/2023 21:14,7948
2/2/2023 21:15,8374
2/2/2023 21:15,7852
2/2/2023 21:16,8210
2/2/2023 21:16,8155
2/2/2023 21:17,8051
2/2/2023 21:17,8036
2/2/2023 21:18,7767
2/2/2023 21:18,8655
2/2/2023 21:19,8012
2/2/2023 21:19,8036
2/2/2023 21:20,8359
2/2/2023 21:20,8061
2/2/2023 21:21,7973
2/2/2023 21:21,8262
2/2/2023 21:22,7655
2/2/2023 21:22,7997
2/2/2023 21:23,7881
2/2/2023 21:24,7843
2/2/2023 21:24,8362
2/2/2023 21:25,7934
2/2/2023 21:25,8155
2/2/2023 21:26,8055
2/2/2023 21:26,8556
2/2/2023 21:27,8170
2/2/2023 21:27,8526
2/2/2023 21:28,7920
2/2/2023 21:28,7843
2/2/2023 21:29,8122
2/2/2023 21:29,8484
2/2/2023 21:30,8155
2/2/2023 21:30,7997
2/2/2023 21:31,8076
2/2/2023 21:31,8614
2/2/2023 21:32,8277
2/2/2023 21:32,8061
2/2/2023 21:33,7744
2/2/2023 21:33,7997
2/2/2023 21:34,8170
2/2/2023 21:34,8057
2/2/2023 21:35,8149
2/2/2023 21:35,8442
2/2/2023 21:36,8076
2/2/2023 21:36,8400
2/2/2023 21:37,8076
2/2/2023 21:37,8306
2/2/2023 21:38,8116
2/2/2023 21:38,8155
2/2/2023 21:39,8596
2/2/2023 21:39,8141
2/2/2023 21:40,8116
2/2/2023 21:40,7843
2/2/2023 21:41,7920
2/2/2023 21:41,8101
2/2/2023 21:42,7958
2/2/2023 21:42,8116
2/2/2023 21:43,8170
2/2/2023 21:43,7730
2/2/2023 21:44,8225
2/2/2023 21:44,8026
2/2/2023 21:45,8442
2/2/2023 21:45,8101
2/2/2023 21:46,7920
2/2/2023 21:46,8251
2/2/2023 21:47,8076
2/2/2023 21:47,7920
2/2/2023 21:48,8517
2/2/2023 21:48,7895
2/2/2023 21:49,8240
2/2/2023 21:50,8442
2/2/2023 21:50,8116
2/2/2023 21:51,8400
2/2/2023 21:51,8332
2/2/2023 21:52,8415
2/2/2023 21:52,7881
2/2/2023 21:53,8359
2/2/2023 21:53,7767
2/2/2023 21:54,8596
2/2/2023 21:54,8236
2/2/2023 21:55,8251
2/2/2023 21:55,7758
2/2/2023 21:56,8332
2/2/2023 21:56,8382
2/2/2023 21:57,8562
2/2/2023 21:57,8400
2/2/2023 21:58,8362
2/2/2023 21:58,7948
2/2/2023 21:59,8412
2/2/2023 21:59,8221
2/2/2023 22:00,7895
2/2/2023 22:00,8655
2/2/2023 22:01,8359
2/2/2023 22:01,8130
2/2/2023 22:02,8332
2/2/2023 22:02,7881
2/2/2023 22:03,8155
2/2/2023 22:03,8292
2/2/2023 22:04,8116
2/2/2023 22:04,8415
2/2/2023 22:05,8612
2/2/2023 22:05,8596
2/2/2023 22:06,8359
2/2/2023 22:06,8225
2/2/2023 22:07,7967
2/2/2023 22:07,8757
2/2/2023 22:08,8022
2/2/2023 22:08,8698
2/2/2023 22:09,8061
2/2/2023 22:09,8344
2/2/2023 22:10,8551
2/2/2023 22:10,8036
2/2/2023 22:11,7819
2/2/2023 22:11,7706
2/2/2023 22:12,8076
2/2/2023 22:12,8627
2/2/2023 22:13,8170
2/2/2023 22:13,8130
2/2/2023 22:14,8076
2/2/2023 22:14,8454
2/2/2023 22:15,8642
2/2/2023 22:15,8065
2/2/2023 22:16,8116
2/2/2023 22:17,8318
2/2/2023 22:17,7983
2/2/2023 22:18,7857
2/2/2023 22:18,8155
2/2/2023 22:19,7857
2/2/2023 22:19,7857
2/2/2023 22:20,7805
2/2/2023 22:20,8036
2/2/2023 22:21,8116
2/2/2023 22:21,8726
2/2/2023 22:22,7819
2/2/2023 22:22,8442
2/2/2023 22:23,8036
2/2/2023 22:23,8189
2/2/2023 22:24,8196
2/2/2023 22:24,8022
2/2/2023 22:25,8167
2/2/2023 22:25,8051
2/2/2023 22:26,8380
2/2/2023 22:26,8318
2/2/2023 22:27,8130
2/2/2023 22:27,8726
2/2/2023 22:28,7545
2/2/2023 22:28,8076
2/2/2023 22:29,7983
2/2/2023 22:29,8639
2/2/2023 22:30,8303
2/2/2023 22:30,8469
2/2/2023 22:31,8196
2/2/2023 22:31,8374
2/2/2023 22:32,8105
2/2/2023 22:32,8236
2/2/2023 22:33,8036
2/2/2023 22:33,7881
2/2/2023 22:34,7881
2/2/2023 22:34,8236
2/2/2023 22:35,7881
2/2/2023 22:35,8170
2/2/2023 22:36,8155
2/2/2023 22:36,8036
2/2/2023 22:37,7944
2/2/2023 22:37,7973
2/2/2023 22:38,8090
2/2/2023 22:38,7983
2/2/2023 22:39,7857
2/2/2023 22:39,8196
2/2/2023 22:40,8254
2/2/2023 22:40,8116
2/2/2023 22:41,7730
2/2/2023 22:41,8569
2/2/2023 22:42,7843
2/2/2023 22:42,7852
2/2/2023 22:43,8442
2/2/2023 22:44,8076
2/2/2023 22:44,7997
2/2/2023 22:45,8729
2/2/2023 22:45,8400
2/2/2023 22:46,8210
2/2/2023 22:46,8101
2/2/2023 22:47,8036
2/2/2023 22:47,8170
2/2/2023 22:48,8076
2/2/2023 22:48,7692
2/2/2023 22:49,8571
2/2/2023 22:49,7867
2/2/2023 22:50,8639
2/2/2023 22:50,8076
2/2/2023 22:51,7944
2/2/2023 22:51,8303
2/2/2023 22:52,8329
2/2/2023 22:52,8236
2/2/2023 22:53,7983
2/2/2023 22:53,8036
2/2/2023 22:54,8306
2/2/2023 22:54,7867
2/2/2023 22:55,8086
2/2/2023 22:55,7968
2/2/2023 22:56,7867
2/2/2023 22:56,7958
2/2/2023 22:57,8412
2/2/2023 22:57,7829
2/2/2023 22:58,7810
2/2/2023 22:58,8007
2/2/2023 22:59,7929
2/2/2023 22:59,8007
2/2/2023 23:00,7929
2/2/2023 23:00,8047
2/2/2023 23:01,7993
2/2/2023 23:01,8454
2/2/2023 23:02,8424
2/2/2023 23:02,8007
2/2/2023 23:03,8155
2/2/2023 23:03,8385
2/2/2023 23:04,8382
2/2/2023 23:04,8247
2/2/2023 23:05,7929
2/2/2023 23:05,8207
2/2/2023 23:06,7891
2/2/2023 23:06,8192
2/2/2023 23:07,8454
2/2/2023 23:07,8314
2/2/2023 23:08,8112
2/2/2023 23:08,8126
2/2/2023 23:09,8344
2/2/2023 23:09,8126
2/2/2023 23:10,8609
2/2/2023 23:11,8192
2/2/2023 23:11,7934
2/2/2023 23:12,8101
2/2/2023 23:12,8439
2/2/2023 23:13,8072
2/2/2023 23:13,8523
2/2/2023 23:14,8112
2/2/2023 23:14,8072
2/2/2023 23:15,7664
2/2/2023 23:15,8356
2/2/2023 23:16,8696
2/2/2023 23:16,8424
2/2/2023 23:17,8523
2/2/2023 23:17,8581
2/2/2023 23:18,8207
2/2/2023 23:18,8061
2/2/2023 23:19,8427
2/2/2023 23:19,8152
2/2/2023 23:20,8539
2/2/2023 23:20,8232
2/2/2023 23:21,7753
2/2/2023 23:21,8454
2/2/2023 23:22,8126
2/2/2023 23:22,8047
2/2/2023 23:23,8236
2/2/2023 23:23,8344
2/2/2023 23:24,8166
2/2/2023 23:24,8022
2/2/2023 23:25,7944
2/2/2023 23:25,7891
2/2/2023 23:26,8581
2/2/2023 23:26,8236
2/2/2023 23:27,8454
2/2/2023 23:27,8385
2/2/2023 23:28,7791
2/2/2023 23:28,8022
2/2/2023 23:29,7753
2/2/2023 23:29,8007
2/2/2023 23:30,8521
2/2/2023 23:30,8221
2/2/2023 23:31,8207
2/2/2023 23:31,7905
2/2/2023 23:32,8351
2/2/2023 23:32,8424
2/2/2023 23:33,8412
2/2/2023 23:33,8329
2/2/2023 23:34,8262
2/2/2023 23:34,7944
2/2/2023 23:35,8036
2/2/2023 23:35,8116
2/2/2023 23:36,7867
2/2/2023 23:36,8303
2/2/2023 23:37,8047
2/2/2023 23:38,8022
2/2/2023 23:38,7692
2/2/2023 23:39,8221
2/2/2023 23:39,7997
2/2/2023 23:40,8022
2/2/2023 23:40,8155
2/2/2023 23:41,8726
2/2/2023 23:41,8374
2/2/2023 23:42,8400
2/2/2023 23:42,8236
2/2/2023 23:43,7881
2/2/2023 23:43,8026
2/2/2023 23:44,8026
2/2/2023 23:44,8076
2/2/2023 23:45,8196
2/2/2023 23:45,8036
2/2/2023 23:46,7997
2/2/2023 23:46,7997
2/2/2023 23:47,8814
2/2/2023 23:47,8214
2/2/2023 23:48,8196
2/2/2023 23:48,8612
2/2/2023 23:49,8012
2/2/2023 23:49,7905
2/2/2023 23:50,7881
2/2/2023 23:50,8344
2/2/2023 23:51,8539
2/2/2023 23:51,7753
2/2/2023 23:52,7678
2/2/2023 23:52,8469
2/2/2023 23:53,8502
2/2/2023 23:53,8116
2/2/2023 23:54,8427
2/2/2023 23:54,8041
2/2/2023 23:55,8101
2/2/2023 23:55,8196
2/2/2023 23:56,8359
2/2/2023 23:56,8427
2/2/2023 23:57,8221
2/2/2023 23:57,8639
2/2/2023 23:58,8076
2/2/2023 23:58,8196
2/2/2023 23:59,8036
2/2/2023 23:59,8496
2/3/2023 0:00,8698
2/3/2023 0:00,8247
2/3/2023 0:01,8122
2/3/2023 0:01,7983
2/3/2023 0:02,8101
2/3/2023 0:02,8181
2/3/2023 0:03,8554
2/3/2023 0:04,8493
2/3/2023 0:04,7791
2/3/2023 0:05,8569
2/3/2023 0:05,8554
2/3/2023 0:06,8181
2/3/2023 0:06,8155
2/3/2023 0:07,8655
2/3/2023 0:07,8221
2/3/2023 0:08,8303
2/3/2023 0:08,7983
2/3/2023 0:09,8427
2/3/2023 0:09,7958
2/3/2023 0:10,8036
2/3/2023 0:10,8262
2/3/2023 0:11,7753
2/3/2023 0:11,7997
2/3/2023 0:12,8181
2/3/2023 0:12,8427
2/3/2023 0:13,8112
2/3/2023 0:13,8141
2/3/2023 0:14,8022
2/3/2023 0:14,8051
2/3/2023 0:15,8047
2/3/2023 0:15,8874
2/3/2023 0:16,8061
2/3/2023 0:16,8061
2/3/2023 0:17,7852
2/3/2023 0:17,7852
2/3/2023 0:18,8523
2/3/2023 0:18,8141
2/3/2023 0:19,7920
2/3/2023 0:19,8711
2/3/2023 0:20,7983
2/3/2023 0:20,8022
2/3/2023 0:21,8442
2/3/2023 0:21,7920
2/3/2023 0:22,7791
2/3/2023 0:22,7958
2/3/2023 0:23,7618
2/3/2023 0:23,7829
2/3/2023 0:24,8469
2/3/2023 0:24,8359
2/3/2023 0:25,8022
2/3/2023 0:25,8116
2/3/2023 0:26,7829
2/3/2023 0:26,8277
2/3/2023 0:27,8207
2/3/2023 0:27,7867
2/3/2023 0:28,7944
2/3/2023 0:28,8484
2/3/2023 0:29,8262
2/3/2023 0:29,8236
2/3/2023 0:30,8596
2/3/2023 0:31,8101
2/3/2023 0:31,8022
2/3/2023 0:32,8116
2/3/2023 0:32,8269
2/3/2023 0:33,8036
2/3/2023 0:33,7968
2/3/2023 0:34,7829
2/3/2023 0:34,8581
2/3/2023 0:35,8385
2/3/2023 0:35,8199
2/3/2023 0:36,7983
2/3/2023 0:36,7905
2/3/2023 0:37,7920
2/3/2023 0:37,8141
2/3/2023 0:38,8076
2/3/2023 0:38,8101
2/3/2023 0:39,8511
2/3/2023 0:39,8427
2/3/2023 0:40,7701
2/3/2023 0:40,8262
2/3/2023 0:41,8427
2/3/2023 0:41,7852
2/3/2023 0:42,7983
2/3/2023 0:42,8370
2/3/2023 0:43,7944
2/3/2023 0:43,7983
2/3/2023 0:44,7867
2/3/2023 0:44,8047
2/3/2023 0:45,8036
2/3/2023 0:45,7881
2/3/2023 0:46,8122
2/3/2023 0:46,8032
2/3/2023 0:47,7948
2/3/2023 0:47,7968
2/3/2023 0:48,7983
2/3/2023 0:48,8232
2/3/2023 0:49,7983
2/3/2023 0:49,8469
2/3/2023 0:50,8303
2/3/2023 0:50,8596
2/3/2023 0:51,8262
2/3/2023 0:51,8262
2/3/2023 0:52,8314
2/3/2023 0:52,7948
2/3/2023 0:53,8454
2/3/2023 0:53,8126
2/3/2023 0:54,7829
2/3/2023 0:54,8007
2/3/2023 0:55,8400
2/3/2023 0:55,8181
2/3/2023 0:56,8262
2/3/2023 0:56,8554
2/3/2023 0:57,7791
2/3/2023 0:58,7983
2/3/2023 0:58,7905
2/3/2023 0:59,7867
2/3/2023 0:59,8055
2/3/2023 1:00,7905
2/3/2023 1:00,8166
2/3/2023 1:01,7867
2/3/2023 1:01,8141
2/3/2023 1:02,8032
2/3/2023 1:02,7852
2/3/2023 1:03,8755
2/3/2023 1:03,8303
2/3/2023 1:04,8047
2/3/2023 1:04,8262
2/3/2023 1:05,7983
2/3/2023 1:05,8790
2/3/2023 1:06,8262
2/3/2023 1:06,8047
2/3/2023 1:07,7905
2/3/2023 1:07,8711
2/3/2023 1:08,8726
2/3/2023 1:08,8247
2/3/2023 1:09,8047
2/3/2023 1:09,8221
2/3/2023 1:10,8002
2/3/2023 1:10,8218
2/3/2023 1:11,8511
2/3/2023 1:11,8356
2/3/2023 1:12,8251
2/3/2023 1:12,8711
2/3/2023 1:13,8076
2/3/2023 1:13,7905
2/3/2023 1:14,8192
2/3/2023 1:14,8469
2/3/2023 1:15,8647
2/3/2023 1:15,8152
2/3/2023 1:16,7852
2/3/2023 1:16,8624
2/3/2023 1:17,8101
2/3/2023 1:17,8888
2/3/2023 1:18,8126
2/3/2023 1:18,8262
2/3/2023 1:19,8247
2/3/2023 1:19,8086
2/3/2023 1:20,8262
2/3/2023 1:20,7983
2/3/2023 1:21,7715
2/3/2023 1:21,8181
2/3/2023 1:22,7739
2/3/2023 1:22,7715
2/3/2023 1:23,7983
2/3/2023 1:23,8481
2/3/2023 1:24,8076
2/3/2023 1:25,8112
2/3/2023 1:25,8288
2/3/2023 1:26,8539
2/3/2023 1:26,8047
2/3/2023 1:27,8288
2/3/2023 1:27,8166
2/3/2023 1:28,8007
2/3/2023 1:28,7388
2/3/2023 1:29,7881
2/3/2023 1:29,7929
2/3/2023 1:30,8181
2/3/2023 1:30,8273
2/3/2023 1:31,8469
2/3/2023 1:31,7954
2/3/2023 1:32,7829
2/3/2023 1:32,8181
2/3/2023 1:33,8047
2/3/2023 1:33,8668
2/3/2023 1:34,8303
2/3/2023 1:34,7929
2/3/2023 1:35,8481
2/3/2023 1:35,8007
2/3/2023 1:36,7829
2/3/2023 1:36,7905
2/3/2023 1:37,8356
2/3/2023 1:37,8022
2/3/2023 1:38,7748
2/3/2023 1:38,7791
2/3/2023 1:39,7989
2/3/2023 1:39,8314
2/3/2023 1:40,8101
2/3/2023 1:40,8496
2/3/2023 1:41,8061
2/3/2023 1:41,8303
2/3/2023 1:42,7814
2/3/2023 1:42,8148
2/3/2023 1:43,8288
2/3/2023 1:43,8084
2/3/2023 1:44,8247
2/3/2023 1:44,8668
2/3/2023 1:45,8262
2/3/2023 1:45,8196
2/3/2023 1:46,8336
2/3/2023 1:46,7715
2/3/2023 1:47,7701
2/3/2023 1:47,8370
2/3/2023 1:48,8007
2/3/2023 1:48,8427
2/3/2023 1:49,7954
2/3/2023 1:49,8454
2/3/2023 1:50,8166
2/3/2023 1:50,8166
2/3/2023 1:51,8247
2/3/2023 1:52,8672
2/3/2023 1:52,8370
2/3/2023 1:53,8454
2/3/2023 1:53,8218
2/3/2023 1:54,8196
2/3/2023 1:54,8218
2/3/2023 1:55,8581
2/3/2023 1:55,8047
2/3/2023 1:56,8329
2/3/2023 1:56,7905
2/3/2023 1:57,8032
2/3/2023 1:57,7776
2/3/2023 1:58,8207
2/3/2023 1:58,8166
2/3/2023 1:59,8652
2/3/2023 1:59,7739
2/3/2023 2:00,8126
2/3/2023 2:00,7915
2/3/2023 2:01,8496
2/3/2023 2:01,8086
2/3/2023 2:02,8448
2/3/2023 2:02,8594
2/3/2023 2:03,8032
2/3/2023 2:03,8303
2/3/2023 2:04,8584
2/3/2023 2:04,8155
2/3/2023 2:05,8460
2/3/2023 2:05,8412
2/3/2023 2:06,8624
2/3/2023 2:06,7993
2/3/2023 2:07,7910
2/3/2023 2:07,8032
2/3/2023 2:08,8126
2/3/2023 2:08,8247
2/3/2023 2:09,7852
2/3/2023 2:09,7852
2/3/2023 2:10,8481
2/3/2023 2:10,8177
2/3/2023 2:11,8466
2/3/2023 2:11,8755
2/3/2023 2:12,8247
2/3/2023 2:12,8726
2/3/2023 2:13,8288
2/3/2023 2:13,8303
2/3/2023 2:14,7753
2/3/2023 2:14,8843
2/3/2023 2:15,8166
2/3/2023 2:15,8609
2/3/2023 2:16,8624
2/3/2023 2:16,8288
2/3/2023 2:17,8181
2/3/2023 2:17,8022
2/3/2023 2:18,7814
2/3/2023 2:19,7636
2/3/2023 2:19,8963
2/3/2023 2:20,8523
2/3/2023 2:20,8273
2/3/2023 2:21,8192
2/3/2023 2:21,8032
2/3/2023 2:22,8072
2/3/2023 2:22,8566
2/3/2023 2:23,8288
2/3/2023 2:23,7958
2/3/2023 2:24,8057
2/3/2023 2:24,8581
2/3/2023 2:25,8740
2/3/2023 2:25,8639
2/3/2023 2:26,7838
2/3/2023 2:26,8412
2/3/2023 2:27,7929
2/3/2023 2:27,7935
2/3/2023 2:28,7968
2/3/2023 2:28,8086
2/3/2023 2:29,8454
2/3/2023 2:29,8668
2/3/2023 2:30,7824
2/3/2023 2:30,7968
2/3/2023 2:31,8799
2/3/2023 2:31,8370
2/3/2023 2:32,8284
2/3/2023 2:32,8090
2/3/2023 2:33,8466
2/3/2023 2:33,8288
2/3/2023 2:34,8496
2/3/2023 2:34,8652
2/3/2023 2:35,8370
2/3/2023 2:35,8843
2/3/2023 2:36,7915
2/3/2023 2:36,8232
2/3/2023 2:37,7701
2/3/2023 2:37,8828
2/3/2023 2:38,8032
2/3/2023 2:38,7939
2/3/2023 2:39,8207
2/3/2023 2:39,8072
2/3/2023 2:40,8288
2/3/2023 2:40,8359
2/3/2023 2:41,8581
2/3/2023 2:41,8086
2/3/2023 2:42,8299
2/3/2023 2:42,8799
2/3/2023 2:43,7829
2/3/2023 2:43,8247
2/3/2023 2:44,8247
2/3/2023 2:45,8273
2/3/2023 2:45,8047
2/3/2023 2:46,7929
2/3/2023 2:46,8362
2/3/2023 2:47,8166
2/3/2023 2:47,8032
2/3/2023 2:48,8755
2/3/2023 2:48,8072
2/3/2023 2:49,8318
2/3/2023 2:49,8784
2/3/2023 2:50,8152
2/3/2023 2:50,8032
2/3/2023 2:51,8232
2/3/2023 2:51,8740
2/3/2023 2:52,7915
2/3/2023 2:52,8329
2/3/2023 2:53,8273
2/3/2023 2:53,8207
2/3/2023 2:54,8374
2/3/2023 2:54,8218
2/3/2023 2:55,8454
2/3/2023 2:55,8609
2/3/2023 2:56,8933
2/3/2023 2:56,8247
2/3/2023 2:57,8675
2/3/2023 2:57,7814
2/3/2023 2:58,8799
2/3/2023 2:58,8166
2/3/2023 2:59,8152
2/3/2023 2:59,8086
2/3/2023 3:00,8232
2/3/2023 3:00,7944
2/3/2023 3:01,8196
2/3/2023 3:01,8539
2/3/2023 3:02,8192
2/3/2023 3:02,8696
2/3/2023 3:03,8207
2/3/2023 3:03,8421
2/3/2023 3:04,8130
2/3/2023 3:04,8454
2/3/2023 3:05,8724
2/3/2023 3:05,8539
2/3/2023 3:06,8888
2/3/2023 3:06,8711
2/3/2023 3:07,8740
2/3/2023 3:07,8481
2/3/2023 3:08,8152
2/3/2023 3:08,8126
2/3/2023 3:09,8566
2/3/2023 3:09,7786
2/3/2023 3:10,7901
2/3/2023 3:10,8828
2/3/2023 3:11,8496
2/3/2023 3:12,8412
2/3/2023 3:12,8232
2/3/2023 3:13,8018
2/3/2023 3:13,8424
2/3/2023 3:14,8314
2/3/2023 3:14,8101
2/3/2023 3:15,8439
2/3/2023 3:15,8523
2/3/2023 3:16,8341
2/3/2023 3:16,8113
2/3/2023 3:17,8370
2/3/2023 3:17,8299
2/3/2023 3:18,8288
2/3/2023 3:18,8072
2/3/2023 3:19,9054
2/3/2023 3:19,7954
2/3/2023 3:20,8400
2/3/2023 3:20,8484
2/3/2023 3:21,8451
2/3/2023 3:21,8192
2/3/2023 3:22,8813
2/3/2023 3:22,8329
2/3/2023 3:23,8412
2/3/2023 3:23,8711
2/3/2023 3:24,8244
2/3/2023 3:24,8047
2/3/2023 3:25,8299
2/3/2023 3:25,8072
2/3/2023 3:26,8523
2/3/2023 3:26,7954
2/3/2023 3:27,8668
2/3/2023 3:27,8126
2/3/2023 3:28,8439
2/3/2023 3:28,7929
2/3/2023 3:29,8247
2/3/2023 3:29,8652
2/3/2023 3:30,8539
2/3/2023 3:30,8963
2/3/2023 3:31,8508
2/3/2023 3:31,8412
2/3/2023 3:32,8236
2/3/2023 3:32,8740
2/3/2023 3:33,8329
2/3/2023 3:33,8329
2/3/2023 3:34,7814
2/3/2023 3:34,8496
2/3/2023 3:35,8247
2/3/2023 3:35,8755
2/3/2023 3:36,8247
2/3/2023 3:36,7939
2/3/2023 3:37,8740
2/3/2023 3:37,8594
2/3/2023 3:38,8112
2/3/2023 3:39,8902
2/3/2023 3:39,8247
2/3/2023 3:40,8022
2/3/2023 3:40,8382
2/3/2023 3:41,8314
2/3/2023 3:41,8284
2/3/2023 3:42,8412
2/3/2023 3:42,8247
2/3/2023 3:43,8840
2/3/2023 3:43,8496
2/3/2023 3:44,8152
2/3/2023 3:44,8018
2/3/2023 3:45,8329
2/3/2023 3:45,8356
2/3/2023 3:46,8409
2/3/2023 3:46,8288
2/3/2023 3:47,8152
2/3/2023 3:47,8047
2/3/2023 3:48,8439
2/3/2023 3:48,8412
2/3/2023 3:49,8007
2/3/2023 3:49,8341
2/3/2023 3:50,8273
2/3/2023 3:50,8329
2/3/2023 3:51,8240
2/3/2023 3:51,8177
2/3/2023 3:52,8566
2/3/2023 3:52,8192
2/3/2023 3:53,8454
2/3/2023 3:53,8032
2/3/2023 3:54,8397
2/3/2023 3:54,8086
2/3/2023 3:55,8755
2/3/2023 3:55,8322
2/3/2023 3:56,8007
2/3/2023 3:56,8152
2/3/2023 3:57,8299
2/3/2023 3:57,7762
2/3/2023 3:58,8280
2/3/2023 3:58,8652
2/3/2023 3:59,8112
2/3/2023 3:59,8192
2/3/2023 4:00,8356
2/3/2023 4:00,8314
2/3/2023 4:01,8466
2/3/2023 4:01,8888
2/3/2023 4:02,8126
2/3/2023 4:02,7886
2/3/2023 4:03,8232
2/3/2023 4:03,8341
2/3/2023 4:04,8329
2/3/2023 4:04,7636
2/3/2023 4:05,7954
2/3/2023 4:06,8273
2/3/2023 4:06,8481
2/3/2023 4:07,7891
2/3/2023 4:07,8696
2/3/2023 4:08,8755
2/3/2023 4:08,8341
2/3/2023 4:09,8007
2/3/2023 4:09,8181
2/3/2023 4:10,8508
2/3/2023 4:10,8481
2/3/2023 4:11,8288
2/3/2023 4:11,8018
2/3/2023 4:12,7627
2/3/2023 4:12,8112
2/3/2023 4:13,8696
2/3/2023 4:13,8784
2/3/2023 4:14,8469
2/3/2023 4:14,9133
2/3/2023 4:15,8799
2/3/2023 4:15,8724
2/3/2023 4:16,7929
2/3/2023 4:16,8424
2/3/2023 4:17,8370
2/3/2023 4:17,7939
2/3/2023 4:18,8192
2/3/2023 4:18,8740
2/3/2023 4:19,8273
2/3/2023 4:19,7993
2/3/2023 4:20,8258
2/3/2023 4:20,8057
2/3/2023 4:21,8112
2/3/2023 4:21,8097
2/3/2023 4:22,8367
2/3/2023 4:22,8873
2/3/2023 4:23,9058
2/3/2023 4:23,8755
2/3/2023 4:24,8273
2/3/2023 4:24,8003
2/3/2023 4:25,8424
2/3/2023 4:25,8873
2/3/2023 4:26,8072
2/3/2023 4:26,8207
2/3/2023 4:27,7800
2/3/2023 4:27,8247
2/3/2023 4:28,8857
2/3/2023 4:28,8105
2/3/2023 4:29,8784
2/3/2023 4:29,8566
2/3/2023 4:30,8594
2/3/2023 4:30,8166
2/3/2023 4:31,8635
2/3/2023 4:31,8273
2/3/2023 4:32,8828
2/3/2023 4:33,8709
2/3/2023 4:33,8192
2/3/2023 4:34,8152
2/3/2023 4:34,7939
2/3/2023 4:35,8397
2/3/2023 4:35,8508
2/3/2023 4:36,8696
2/3/2023 4:36,8397
2/3/2023 4:37,7915
2/3/2023 4:37,8873
2/3/2023 4:38,8584
2/3/2023 4:38,8166
2/3/2023 4:39,8329
2/3/2023 4:39,8873
2/3/2023 4:40,8566
2/3/2023 4:40,8668
2/3/2023 4:41,8247
2/3/2023 4:41,8086
2/3/2023 4:42,8466
2/3/2023 4:42,7954
2/3/2023 4:43,8270
2/3/2023 4:43,8724
2/3/2023 4:44,8247
2/3/2023 4:44,8790
2/3/2023 4:45,8112
2/3/2023 4:45,8258
2/3/2023 4:46,8152
2/3/2023 4:46,8299
2/3/2023 4:47,8481
2/3/2023 4:47,8481
2/3/2023 4:48,8454
2/3/2023 4:48,8813
2/3/2023 4:49,8177
2/3/2023 4:49,8439
2/3/2023 4:50,8207
2/3/2023 4:50,7954
2/3/2023 4:51,8454
2/3/2023 4:51,8637
2/3/2023 4:52,8677
2/3/2023 4:52,8247
2/3/2023 4:53,8421
2/3/2023 4:53,8232
2/3/2023 4:54,8141
2/3/2023 4:54,8740
2/3/2023 4:55,8539
2/3/2023 4:55,8496
2/3/2023 4:56,8232
2/3/2023 4:56,9194
2/3/2023 4:57,8314
2/3/2023 4:57,8637
2/3/2023 4:58,8566
2/3/2023 4:58,8993
2/3/2023 4:59,8566
2/3/2023 5:00,8566
2/3/2023 5:00,8152
2/3/2023 5:01,8367
2/3/2023 5:01,8314
2/3/2023 5:02,8481
2/3/2023 5:02,8652
2/3/2023 5:03,9178
2/3/2023 5:03,8842
2/3/2023 5:04,7968
2/3/2023 5:04,8137
2/3/2023 5:05,7852
2/3/2023 5:05,8828
2/3/2023 5:06,8412
2/3/2023 5:06,8539
2/3/2023 5:07,8566
2/3/2023 5:07,8963
2/3/2023 5:08,8356
2/3/2023 5:08,8072
2/3/2023 5:09,8314
2/3/2023 5:09,7968
2/3/2023 5:10,8523
2/3/2023 5:10,8873
2/3/2023 5:11,8192
2/3/2023 5:11,8086
2/3/2023 5:12,8032
2/3/2023 5:12,8166
2/3/2023 5:13,9038
2/3/2023 5:13,8314
2/3/2023 5:14,8177
2/3/2023 5:14,8273
2/3/2023 5:15,8341
2/3/2023 5:15,8341
2/3/2023 5:16,8797
2/3/2023 5:16,8696
2/3/2023 5:17,8273
2/3/2023 5:17,8652
2/3/2023 5:18,8460
2/3/2023 5:18,8740
2/3/2023 5:19,8356
2/3/2023 5:19,8192
2/3/2023 5:20,8918
2/3/2023 5:20,8356
2/3/2023 5:21,8166
2/3/2023 5:21,8356
2/3/2023 5:22,8421
2/3/2023 5:22,8599
2/3/2023 5:23,8873
2/3/2023 5:23,8902
2/3/2023 5:24,8273
2/3/2023 5:24,8356
2/3/2023 5:25,8400
2/3/2023 5:25,8828
2/3/2023 5:26,8857
2/3/2023 5:27,8508
2/3/2023 5:27,8247
2/3/2023 5:28,9085
2/3/2023 5:28,8266
2/3/2023 5:29,8397
2/3/2023 5:29,8314
2/3/2023 5:30,8539
2/3/2023 5:30,8314
2/3/2023 5:31,8258
2/3/2023 5:31,8740
2/3/2023 5:32,8341
2/3/2023 5:32,8288
2/3/2023 5:33,8397
2/3/2023 5:33,8007
2/3/2023 5:34,8439
2/3/2023 5:34,9100
2/3/2023 5:35,8382
2/3/2023 5:35,8314
2/3/2023 5:36,7739
2/3/2023 5:36,8273
2/3/2023 5:37,8523
2/3/2023 5:37,8594
2/3/2023 5:38,8341
2/3/2023 5:38,8685
2/3/2023 5:39,8314
2/3/2023 5:39,9194
2/3/2023 5:40,8177
2/3/2023 5:40,8218
2/3/2023 5:41,8947
2/3/2023 5:41,8784
2/3/2023 5:42,8523
2/3/2023 5:42,8813
2/3/2023 5:43,7876
2/3/2023 5:43,8579
2/3/2023 5:44,8273
2/3/2023 5:44,8581
2/3/2023 5:45,8481
2/3/2023 5:45,8141
2/3/2023 5:46,8412
2/3/2023 5:46,8652
2/3/2023 5:47,8032
2/3/2023 5:47,8370
2/3/2023 5:48,8232
2/3/2023 5:48,8152
2/3/2023 5:49,8192
2/3/2023 5:49,8523
2/3/2023 5:50,8466
2/3/2023 5:50,8637
2/3/2023 5:51,8490
2/3/2023 5:51,8551
2/3/2023 5:52,9054
2/3/2023 5:52,8397
2/3/2023 5:53,8397
2/3/2023 5:54,8916
2/3/2023 5:54,8551
2/3/2023 5:55,8481
2/3/2023 5:55,8696
2/3/2023 5:56,8232
2/3/2023 5:56,8137
2/3/2023 5:57,8262
2/3/2023 5:57,8266
2/3/2023 5:58,8032
2/3/2023 5:58,8551
2/3/2023 5:59,8439
2/3/2023 5:59,8412
2/3/2023 6:00,7915
2/3/2023 6:00,8314
2/3/2023 6:01,8496
2/3/2023 6:01,8652
2/3/2023 6:02,8137
2/3/2023 6:02,8273
2/3/2023 6:03,8466
2/3/2023 6:03,8177
2/3/2023 6:04,8886
2/3/2023 6:04,8356
2/3/2023 6:05,7915
2/3/2023 6:05,8152
2/3/2023 6:06,8258
2/3/2023 6:06,8594
2/3/2023 6:07,8314
2/3/2023 6:07,8709
2/3/2023 6:08,7939
2/3/2023 6:08,8493
2/3/2023 6:09,8481
2/3/2023 6:09,8481
2/3/2023 6:10,8496
2/3/2023 6:10,8382
2/3/2023 6:11,8152
2/3/2023 6:11,8341
2/3/2023 6:12,8382
2/3/2023 6:12,8813
2/3/2023 6:13,8523
2/3/2023 6:13,8382
2/3/2023 6:14,8273
2/3/2023 6:14,8508
2/3/2023 6:15,8273
2/3/2023 6:15,8566
2/3/2023 6:16,8273
2/3/2023 6:16,8594
2/3/2023 6:17,9023
2/3/2023 6:17,8481
2/3/2023 6:18,8177
2/3/2023 6:18,8076
2/3/2023 6:19,8356
2/3/2023 6:19,8409
2/3/2023 6:20,8609
2/3/2023 6:21,8273
2/3/2023 6:21,8022
2/3/2023 6:22,8481
2/3/2023 6:22,8466
2/3/2023 6:23,8192
2/3/2023 6:23,8314
2/3/2023 6:24,8481
2/3/2023 6:24,8356
2/3/2023 6:25,8828
2/3/2023 6:25,8247
2/3/2023 6:26,8314
2/3/2023 6:26,8122
2/3/2023 6:27,8356
2/3/2023 6:27,8247
2/3/2023 6:28,8469
2/3/2023 6:28,8424
2/3/2023 6:29,8466
2/3/2023 6:29,8314
2/3/2023 6:30,8181
2/3/2023 6:30,8177
2/3/2023 6:31,9024
2/3/2023 6:31,8152
2/3/2023 6:32,8314
2/3/2023 6:32,8072
2/3/2023 6:33,8644
2/3/2023 6:33,8466
2/3/2023 6:34,8424
2/3/2023 6:34,8356
2/3/2023 6:35,8932
2/3/2023 6:35,8624
2/3/2023 6:36,8622
2/3/2023 6:36,8466
2/3/2023 6:37,8977
2/3/2023 6:37,8594
2/3/2023 6:38,8696
2/3/2023 6:38,8652
2/3/2023 6:39,8696
2/3/2023 6:39,8918
2/3/2023 6:40,8609
2/3/2023 6:40,8203
2/3/2023 6:41,8523
2/3/2023 6:41,8768
2/3/2023 6:42,8813
2/3/2023 6:42,8842
2/3/2023 6:43,8680
2/3/2023 6:43,8828
2/3/2023 6:44,8424
2/3/2023 6:44,8609
2/3/2023 6:45,8857
2/3/2023 6:45,8341
2/3/2023 6:46,8541
2/3/2023 6:47,8382
2/3/2023 6:47,8258
2/3/2023 6:48,8382
2/3/2023 6:48,8637
2/3/2023 6:49,9038
2/3/2023 6:49,8609
2/3/2023 6:50,8397
2/3/2023 6:50,8439
2/3/2023 6:51,8566
2/3/2023 6:51,8523
2/3/2023 6:52,8397
2/3/2023 6:52,8472
2/3/2023 6:53,9085
2/3/2023 6:53,8740
2/3/2023 6:54,8382
2/3/2023 6:54,8397
2/3/2023 6:55,8481
2/3/2023 6:55,8523
2/3/2023 6:56,8857
2/3/2023 6:56,8508
2/3/2023 6:57,8382
2/3/2023 6:57,8637
2/3/2023 6:58,8523
2/3/2023 6:58,8637
2/3/2023 6:59,8218
2/3/2023 6:59,8273
2/3/2023 7:00,8579
2/3/2023 7:00,8740
2/3/2023 7:01,8594
2/3/2023 7:01,8072
2/3/2023 7:02,8523
2/3/2023 7:02,8539
2/3/2023 7:03,8857
2/3/2023 7:03,8766
2/3/2023 7:04,8813
2/3/2023 7:04,8341
2/3/2023 7:05,8288
2/3/2023 7:05,8566
2/3/2023 7:06,9038
2/3/2023 7:06,8637
2/3/2023 7:07,7901
2/3/2023 7:07,8652
2/3/2023 7:08,8813
2/3/2023 7:08,8711
2/3/2023 7:09,8652
2/3/2023 7:09,8439
2/3/2023 7:10,8481
2/3/2023 7:10,8551
2/3/2023 7:11,8680
2/3/2023 7:11,8698
2/3/2023 7:12,8496
2/3/2023 7:12,8481
2/3/2023 7:13,8961
2/3/2023 7:14,8539
2/3/2023 7:14,8551
2/3/2023 7:15,8356
2/3/2023 7:15,8496
2/3/2023 7:16,8737
2/3/2023 7:16,8523
2/3/2023 7:17,8784
2/3/2023 7:17,8382
2/3/2023 7:18,8539
2/3/2023 7:18,8566
2/3/2023 7:19,8270
2/3/2023 7:19,8412
2/3/2023 7:20,8478
2/3/2023 7:20,8753
2/3/2023 7:21,8451
2/3/2023 7:21,8784
2/3/2023 7:22,8412
2/3/2023 7:22,8711
2/3/2023 7:23,8784
2/3/2023 7:23,8273
2/3/2023 7:24,8566
2/3/2023 7:24,8993
2/3/2023 7:25,8902
2/3/2023 7:25,9053
2/3/2023 7:26,8755
2/3/2023 7:26,8768
2/3/2023 7:27,8424
2/3/2023 7:27,8152
2/3/2023 7:28,7915
2/3/2023 7:28,7910
2/3/2023 7:29,8523
2/3/2023 7:29,8888
2/3/2023 7:30,8454
2/3/2023 7:30,8696
2/3/2023 7:31,8594
2/3/2023 7:31,9100
2/3/2023 7:32,8072
2/3/2023 7:32,8412
2/3/2023 7:33,8963
2/3/2023 7:33,8855
2/3/2023 7:34,8448
2/3/2023 7:34,8232
2/3/2023 7:35,8288
2/3/2023 7:35,8724
2/3/2023 7:36,8668
2/3/2023 7:36,8740
2/3/2023 7:37,8551
2/3/2023 7:37,8288
2/3/2023 7:38,8454
2/3/2023 7:38,8427
2/3/2023 7:39,8740
2/3/2023 7:39,8726
2/3/2023 7:40,8382
2/3/2023 7:41,8617
2/3/2023 7:41,8668
2/3/2023 7:42,8711
2/3/2023 7:42,8740
2/3/2023 7:43,8696
2/3/2023 7:43,7929
2/3/2023 7:44,8624
2/3/2023 7:44,8861
2/3/2023 7:45,8454
2/3/2023 7:45,7944
2/3/2023 7:46,8086
2/3/2023 7:46,8314
2/3/2023 7:47,8356
2/3/2023 7:47,8828
2/3/2023 7:48,9024
2/3/2023 7:48,8696
2/3/2023 7:49,8273
2/3/2023 7:49,8181
2/3/2023 7:50,8624
2/3/2023 7:50,8755
2/3/2023 7:51,8698
2/3/2023 7:51,8496
2/3/2023 7:52,8412
2/3/2023 7:52,8232
2/3/2023 7:53,8539
2/3/2023 7:53,8668
2/3/2023 7:54,8873
2/3/2023 7:54,7881
2/3/2023 7:55,8726
2/3/2023 7:55,8581
2/3/2023 7:56,8770
2/3/2023 7:56,8786
2/3/2023 7:57,8814
2/3/2023 7:57,8828
2/3/2023 7:58,8711
2/3/2023 7:58,8126
2/3/2023 7:59,8873
2/3/2023 7:59,8639
2/3/2023 8:00,8857
2/3/2023 8:00,8768
2/3/2023 8:01,8596
2/3/2023 8:01,8788
2/3/2023 8:02,8385
2/3/2023 8:02,8978
2/3/2023 8:03,8382
2/3/2023 8:03,9194
2/3/2023 8:04,8740
2/3/2023 8:04,8918
2/3/2023 8:05,8624
2/3/2023 8:05,9041
2/3/2023 8:06,9070
2/3/2023 8:06,8799
2/3/2023 8:07,8933
2/3/2023 8:08,8770
2/3/2023 8:08,8596
2/3/2023 8:09,8843
2/3/2023 8:09,8814
2/3/2023 8:10,8668
2/3/2023 8:10,8207
2/3/2023 8:11,8828
2/3/2023 8:11,8624
2/3/2023 8:12,8711
2/3/2023 8:12,8007
2/3/2023 8:13,8683
2/3/2023 8:13,8711
2/3/2023 8:14,8382
2/3/2023 8:14,8007
2/3/2023 8:15,8427
2/3/2023 8:15,8288
2/3/2023 8:16,8820
2/3/2023 8:16,8978
2/3/2023 8:17,8505
2/3/2023 8:17,8726
2/3/2023 8:18,8329
2/3/2023 8:18,8454
2/3/2023 8:19,8828
2/3/2023 8:19,8726
2/3/2023 8:20,8303
2/3/2023 8:20,8594
2/3/2023 8:21,8814
2/3/2023 8:21,8683
2/3/2023 8:22,8526
2/3/2023 8:22,8412
2/3/2023 8:23,8624
2/3/2023 8:23,8859
2/3/2023 8:24,8711
2/3/2023 8:24,8442
2/3/2023 8:25,8724
2/3/2023 8:25,8696
2/3/2023 8:26,8581
2/3/2023 8:26,8624
2/3/2023 8:27,8711
2/3/2023 8:27,8859
2/3/2023 8:28,8511
2/3/2023 8:28,8344
2/3/2023 8:29,8742
2/3/2023 8:29,8755
2/3/2023 8:30,8086
2/3/2023 8:30,8888
2/3/2023 8:31,8740
2/3/2023 8:31,8755
2/3/2023 8:32,8166
2/3/2023 8:32,8696
2/3/2023 8:33,8061
2/3/2023 8:33,8799
2/3/2023 8:34,8683
2/3/2023 8:35,8843
2/3/2023 8:35,8933
2/3/2023 8:36,8181
2/3/2023 8:36,8288
2/3/2023 8:37,8859
2/3/2023 8:37,8994
2/3/2023 8:38,8859
2/3/2023 8:38,8770
2/3/2023 8:39,8539
2/3/2023 8:39,8101
2/3/2023 8:40,8847
2/3/2023 8:40,8624
2/3/2023 8:41,8696
2/3/2023 8:41,9056
2/3/2023 8:42,9513
2/3/2023 8:42,8454
2/3/2023 8:43,8022
2/3/2023 8:43,8612
2/3/2023 8:44,8329
2/3/2023 8:44,8668
2/3/2023 8:45,8288
2/3/2023 8:45,9055
2/3/2023 8:46,8624
2/3/2023 8:46,8609
2/3/2023 8:47,8385
2/3/2023 8:47,8511
2/3/2023 8:48,8830
2/3/2023 8:48,8116
2/3/2023 8:49,8273
2/3/2023 8:49,8861
2/3/2023 8:50,8859
2/3/2023 8:50,8442
2/3/2023 8:51,8344
2/3/2023 8:51,8126
2/3/2023 8:52,8799
2/3/2023 8:52,8424
2/3/2023 8:53,7715
2/3/2023 8:53,7915
2/3/2023 8:54,8587
2/3/2023 8:54,8828
2/3/2023 8:55,8022
2/3/2023 8:55,8508
2/3/2023 8:56,8770
2/3/2023 8:56,8584
2/3/2023 8:57,8683
2/3/2023 8:57,8529
2/3/2023 8:58,8964
2/3/2023 8:58,8814
2/3/2023 8:59,8726
2/3/2023 8:59,8919
2/3/2023 9:00,8770
2/3/2023 9:00,8596
2/3/2023 9:01,8919
2/3/2023 9:02,8888
2/3/2023 9:02,8698
2/3/2023 9:03,8713
2/3/2023 9:03,7715
2/3/2023 9:04,8332
2/3/2023 9:04,8116
2/3/2023 9:05,8696
2/3/2023 9:05,8566
2/3/2023 9:06,8400
2/3/2023 9:06,7929
2/3/2023 9:07,8729
2/3/2023 9:07,8496
2/3/2023 9:08,8596
2/3/2023 9:08,8511
2/3/2023 9:09,8696
2/3/2023 9:09,8544
2/3/2023 9:10,8919
2/3/2023 9:10,8624
2/3/2023 9:11,8683
2/3/2023 9:11,8511
2/3/2023 9:12,8859
2/3/2023 9:12,8101
2/3/2023 9:13,8726
2/3/2023 9:13,7958
2/3/2023 9:14,8329
2/3/2023 9:14,8303
2/3/2023 9:15,8539
2/3/2023 9:15,9040
2/3/2023 9:16,8639
2/3/2023 9:16,8569
2/3/2023 9:17,8770
2/3/2023 9:17,8415
2/3/2023 9:18,8454
2/3/2023 9:18,8757
2/3/2023 9:19,8418
2/3/2023 9:19,8639
2/3/2023 9:20,8344
2/3/2023 9:20,8496
2/3/2023 9:21,8484
2/3/2023 9:21,8655
2/3/2023 9:22,8814
2/3/2023 9:22,8047
2/3/2023 9:23,8874
2/3/2023 9:23,8726
2/3/2023 9:24,8315
2/3/2023 9:24,8284
2/3/2023 9:25,8247
2/3/2023 9:25,8526
2/3/2023 9:26,8683
2/3/2023 9:26,8683
2/3/2023 9:27,8303
2/3/2023 9:27,8469
2/3/2023 9:28,9148
2/3/2023 9:29,8541
2/3/2023 9:29,8427
2/3/2023 9:30,8859
2/3/2023 9:30,8890
2/3/2023 9:31,9225
2/3/2023 9:31,8344
2/3/2023 9:32,8415
2/3/2023 9:32,8526
2/3/2023 9:33,8370
2/3/2023 9:33,8639
2/3/2023 9:34,8612
2/3/2023 9:34,8303
2/3/2023 9:35,8141
2/3/2023 9:35,8469
2/3/2023 9:36,8584
2/3/2023 9:36,8713
2/3/2023 9:37,8318
2/3/2023 9:37,8359
2/3/2023 9:38,8385
2/3/2023 9:38,7843
2/3/2023 9:39,8655
2/3/2023 9:39,8683
2/3/2023 9:40,8484
2/3/2023 9:40,8454
2/3/2023 9:41,8047
2/3/2023 9:41,8484
2/3/2023 9:42,8624
2/3/2023 9:42,8617
2/3/2023 9:43,8400
2/3/2023 9:43,8683
2/3/2023 9:44,8579
2/3/2023 9:44,8385
2/3/2023 9:45,9116
2/3/2023 9:45,8181
2/3/2023 9:46,8356
2/3/2023 9:46,8359
2/3/2023 9:47,8061
2/3/2023 9:47,8596
2/3/2023 9:48,8655
2/3/2023 9:48,8668
2/3/2023 9:49,8655
2/3/2023 9:49,8584
2/3/2023 9:50,8469
2/3/2023 9:50,8569
2/3/2023 9:51,8427
2/3/2023 9:51,8499
2/3/2023 9:52,8770
2/3/2023 9:52,7934
2/3/2023 9:53,8116
2/3/2023 9:53,8022
2/3/2023 9:54,8539
2/3/2023 9:55,8627
2/3/2023 9:55,8469
2/3/2023 9:56,7895
2/3/2023 9:56,8859
2/3/2023 9:57,8554
2/3/2023 9:57,7997
2/3/2023 9:58,8526
2/3/2023 9:58,8460
2/3/2023 9:59,8698
2/3/2023 9:59,8442
2/3/2023 10:00,8581
2/3/2023 10:00,8799
2/3/2023 10:01,8830
2/3/2023 10:01,8830
2/3/2023 10:02,8569
2/3/2023 10:02,8742
2/3/2023 10:03,8236
2/3/2023 10:03,8427
2/3/2023 10:04,8181
2/3/2023 10:04,8874
2/3/2023 10:05,8499
2/3/2023 10:05,8236
2/3/2023 10:06,8792
2/3/2023 10:06,8145
2/3/2023 10:07,8683
2/3/2023 10:07,7905
2/3/2023 10:08,8581
2/3/2023 10:08,8554
2/3/2023 10:09,8744
2/3/2023 10:09,9010
2/3/2023 10:10,8726
2/3/2023 10:10,8584
2/3/2023 10:11,8805
2/3/2023 10:11,8318
2/3/2023 10:12,8596
2/3/2023 10:12,8919
2/3/2023 10:13,8526
2/3/2023 10:13,8964
2/3/2023 10:14,9132
2/3/2023 10:14,8400
2/3/2023 10:15,8400
2/3/2023 10:15,8770
2/3/2023 10:16,8770
2/3/2023 10:16,8469
2/3/2023 10:17,8484
2/3/2023 10:17,8385
2/3/2023 10:18,8698
2/3/2023 10:18,8344
2/3/2023 10:19,8541
2/3/2023 10:19,8596
2/3/2023 10:20,7881
2/3/2023 10:20,8526
2/3/2023 10:21,8526
2/3/2023 10:22,7655
2/3/2023 10:22,8584
2/3/2023 10:23,8655
2/3/2023 10:23,8277
2/3/2023 10:24,8196
2/3/2023 10:24,8599
2/3/2023 10:25,8141
2/3/2023 10:25,9010
2/3/2023 10:26,8499
2/3/2023 10:26,8469
2/3/2023 10:27,8596
2/3/2023 10:27,8415
2/3/2023 10:28,8236
2/3/2023 10:28,8356
2/3/2023 10:29,8318
2/3/2023 10:29,8329
2/3/2023 10:30,8670
2/3/2023 10:30,7701
2/3/2023 10:31,8076
2/3/2023 10:31,8713
2/3/2023 10:32,8247
2/3/2023 10:32,8155
2/3/2023 10:33,8905
2/3/2023 10:33,8484
2/3/2023 10:34,8496
2/3/2023 10:34,8581
2/3/2023 10:35,8359
2/3/2023 10:35,8859
2/3/2023 10:36,8484
2/3/2023 10:36,8919
2/3/2023 10:37,8980
2/3/2023 10:37,8526
2/3/2023 10:38,8711
2/3/2023 10:38,8742
2/3/2023 10:39,8012
2/3/2023 10:39,8627
2/3/2023 10:40,8526
2/3/2023 10:40,7618
2/3/2023 10:41,8526
2/3/2023 10:41,8359
2/3/2023 10:42,8584
2/3/2023 10:42,8344
2/3/2023 10:43,8874
2/3/2023 10:43,8318
2/3/2023 10:44,7971
2/3/2023 10:44,8978
2/3/2023 10:45,8587
2/3/2023 10:45,9225
2/3/2023 10:46,8511
2/3/2023 10:46,8511
2/3/2023 10:47,8571
2/3/2023 10:47,8742
2/3/2023 10:48,8484
2/3/2023 10:49,8116
2/3/2023 10:49,8318
2/3/2023 10:50,8683
2/3/2023 10:50,7997
2/3/2023 10:51,8627
2/3/2023 10:51,8460
2/3/2023 10:52,8574
2/3/2023 10:52,8130
2/3/2023 10:53,8569
2/3/2023 10:53,8698
2/3/2023 10:54,8919
2/3/2023 10:54,8554
2/3/2023 10:55,8668
2/3/2023 10:55,8683
2/3/2023 10:56,8427
2/3/2023 10:56,8359
2/3/2023 10:57,8830
2/3/2023 10:57,8612
2/3/2023 10:58,8427
2/3/2023 10:58,8770
2/3/2023 10:59,8292
2/3/2023 10:59,8155
2/3/2023 11:00,8639
2/3/2023 11:00,8655
2/3/2023 11:01,8469
2/3/2023 11:01,8442
2/3/2023 11:02,8141
2/3/2023 11:02,8185
2/3/2023 11:03,8828
2/3/2023 11:03,8755
2/3/2023 11:04,8888
2/3/2023 11:04,9288
2/3/2023 11:05,8022
2/3/2023 11:05,8036
2/3/2023 11:06,8385
2/3/2023 11:06,8442
2/3/2023 11:07,8612
2/3/2023 11:07,9101
2/3/2023 11:08,7767
2/3/2023 11:08,8698
2/3/2023 11:09,8336
2/3/2023 11:09,8469
2/3/2023 11:10,8374
2/3/2023 11:10,8065
2/3/2023 11:11,8849
2/3/2023 11:11,8698
2/3/2023 11:12,8454
2/3/2023 11:12,8061
2/3/2023 11:13,8400
2/3/2023 11:13,8569
2/3/2023 11:14,8130
2/3/2023 11:14,8359
2/3/2023 11:15,8400
2/3/2023 11:16,8511
2/3/2023 11:16,7997
2/3/2023 11:17,8541
2/3/2023 11:17,9055
2/3/2023 11:18,8484
2/3/2023 11:18,8612
2/3/2023 11:19,7934
2/3/2023 11:19,8526
2/3/2023 11:20,8526
2/3/2023 11:20,8554
2/3/2023 11:21,8295
2/3/2023 11:21,8526
2/3/2023 11:22,8786
2/3/2023 11:22,8594
2/3/2023 11:23,8469
2/3/2023 11:23,8612
2/3/2023 11:24,8484
2/3/2023 11:24,8359
2/3/2023 11:25,8329
2/3/2023 11:25,8770
2/3/2023 11:26,8639
2/3/2023 11:26,7973
2/3/2023 11:27,8742
2/3/2023 11:27,8318
2/3/2023 11:28,8499
2/3/2023 11:28,8207
2/3/2023 11:29,8442
2/3/2023 11:29,8813
2/3/2023 11:30,8292
2/3/2023 11:30,8612
2/3/2023 11:31,8170
2/3/2023 11:31,8612
2/3/2023 11:32,8427
2/3/2023 11:32,8539
2/3/2023 11:33,8639
2/3/2023 11:33,9010
2/3/2023 11:34,8770
2/3/2023 11:34,8541
2/3/2023 11:35,8569
2/3/2023 11:35,8921
2/3/2023 11:36,8584
2/3/2023 11:36,8617
2/3/2023 11:37,8484
2/3/2023 11:37,8569
2/3/2023 11:38,8569
2/3/2023 11:38,8469
2/3/2023 11:39,8484
2/3/2023 11:39,8277
2/3/2023 11:40,8526
2/3/2023 11:40,8526
2/3/2023 11:41,8726
2/3/2023 11:41,8569
2/3/2023 11:42,8086
2/3/2023 11:43,8359
2/3/2023 11:43,8569
2/3/2023 11:44,8612
2/3/2023 11:44,8569
2/3/2023 11:45,8196
2/3/2023 11:45,8400
2/3/2023 11:46,7948
2/3/2023 11:46,7920
2/3/2023 11:47,8484
2/3/2023 11:47,8484
2/3/2023 11:48,8554
2/3/2023 11:48,8400
2/3/2023 11:49,8484
2/3/2023 11:49,8496
2/3/2023 11:50,8442
2/3/2023 11:50,8584
2/3/2023 11:51,8277
2/3/2023 11:51,8036
2/3/2023 11:52,8569
2/3/2023 11:52,8624
2/3/2023 11:53,8318
2/3/2023 11:53,8207
2/3/2023 11:54,8526
2/3/2023 11:54,8569
2/3/2023 11:55,8400
2/3/2023 11:55,8511
2/3/2023 11:56,8814
2/3/2023 11:56,8490
2/3/2023 11:57,7944
2/3/2023 11:57,8036
2/3/2023 11:58,8874
2/3/2023 11:58,8427
2/3/2023 11:59,8511
2/3/2023 11:59,8511
2/3/2023 12:00,8484
2/3/2023 12:00,7632
2/3/2023 12:01,8236
2/3/2023 12:01,8344
2/3/2023 12:02,8526
2/3/2023 12:02,8469
2/3/2023 12:03,8612
2/3/2023 12:03,8469
2/3/2023 12:04,8726
2/3/2023 12:04,8742
2/3/2023 12:05,8155
2/3/2023 12:05,8155
2/3/2023 12:06,8698
2/3/2023 12:06,8755
2/3/2023 12:07,8612
2/3/2023 12:07,8347
2/3/2023 12:08,8904
2/3/2023 12:09,8356
2/3/2023 12:09,8442
2/3/2023 12:10,8683
2/3/2023 12:10,8236
2/3/2023 12:11,8303
2/3/2023 12:11,8318
2/3/2023 12:12,7857
2/3/2023 12:12,8729
2/3/2023 12:13,8442
2/3/2023 12:13,8442
2/3/2023 12:14,8584
2/3/2023 12:14,8236
2/3/2023 12:15,8713
2/3/2023 12:15,8359
2/3/2023 12:16,8457
2/3/2023 12:16,7805
2/3/2023 12:17,8642
2/3/2023 12:17,9010
2/3/2023 12:18,7997
2/3/2023 12:18,8814
2/3/2023 12:19,8469
2/3/2023 12:19,8617
2/3/2023 12:20,8526
2/3/2023 12:20,8569
2/3/2023 12:21,8639
2/3/2023 12:21,8526
2/3/2023 12:22,8655
2/3/2023 12:22,8514
2/3/2023 12:23,8919
2/3/2023 12:23,7983
2/3/2023 12:24,8861
2/3/2023 12:24,8655
2/3/2023 12:25,8742
2/3/2023 12:25,8541
2/3/2023 12:26,8472
2/3/2023 12:26,8807
2/3/2023 12:27,8155
2/3/2023 12:27,8499
2/3/2023 12:28,8359
2/3/2023 12:28,8469
2/3/2023 12:29,8251
2/3/2023 12:29,8196
2/3/2023 12:30,8698
2/3/2023 12:30,8484
2/3/2023 12:31,8698
2/3/2023 12:31,8442
2/3/2023 12:32,8484
2/3/2023 12:32,8569
2/3/2023 12:33,8511
2/3/2023 12:33,8541
2/3/2023 12:34,8655
2/3/2023 12:34,8814
2/3/2023 12:35,8359
2/3/2023 12:36,8400
2/3/2023 12:36,8639
2/3/2023 12:37,8457
2/3/2023 12:37,8374
2/3/2023 12:38,7655
2/3/2023 12:38,8919
2/3/2023 12:39,8484
2/3/2023 12:39,8541
2/3/2023 12:40,8670
2/3/2023 12:40,7920
2/3/2023 12:41,8415
2/3/2023 12:41,8292
2/3/2023 12:42,8569
2/3/2023 12:42,8541
2/3/2023 12:43,8757
2/3/2023 12:43,8814
2/3/2023 12:44,8442
2/3/2023 12:44,8786
2/3/2023 12:45,8101
2/3/2023 12:45,9117
2/3/2023 12:46,8347
2/3/2023 12:46,8400
2/3/2023 12:47,8332
2/3/2023 12:47,8262
2/3/2023 12:48,8569
2/3/2023 12:48,8786
2/3/2023 12:49,8683
2/3/2023 12:49,8919
2/3/2023 12:50,8303
2/3/2023 12:50,8670
2/3/2023 12:51,8786
2/3/2023 12:51,8116
2/3/2023 12:52,8374
2/3/2023 12:52,8442
2/3/2023 12:53,8511
2/3/2023 12:53,8683
2/3/2023 12:54,8359
2/3/2023 12:54,8713
2/3/2023 12:55,8266
2/3/2023 12:55,8770
2/3/2023 12:56,8318
2/3/2023 12:56,8627
2/3/2023 12:57,8830
2/3/2023 12:57,8890
2/3/2023 12:58,8742
2/3/2023 12:58,8554
2/3/2023 12:59,8596
2/3/2023 12:59,8569
2/3/2023 13:00,8655
2/3/2023 13:00,8442
2/3/2023 13:01,8332
2/3/2023 13:01,8499
2/3/2023 13:02,8400
2/3/2023 13:03,8698
2/3/2023 13:03,8832
2/3/2023 13:04,8442
2/3/2023 13:04,8526
2/3/2023 13:05,8389
2/3/2023 13:05,8569
2/3/2023 13:06,8236
2/3/2023 13:06,8460
2/3/2023 13:07,8541
2/3/2023 13:07,8569
2/3/2023 13:08,8277
2/3/2023 13:08,8427
2/3/2023 13:09,8036
2/3/2023 13:09,8670
2/3/2023 13:10,8374
2/3/2023 13:10,8210
2/3/2023 13:11,8890
2/3/2023 13:11,8584
2/3/2023 13:12,9132
2/3/2023 13:12,8051
2/3/2023 13:13,8670
2/3/2023 13:13,8090
2/3/2023 13:14,8511
2/3/2023 13:14,8012
2/3/2023 13:15,8251
2/3/2023 13:15,8554
2/3/2023 13:16,8830
2/3/2023 13:16,8051
2/3/2023 13:17,8801
2/3/2023 13:17,8511
2/3/2023 13:18,8415
2/3/2023 13:18,8332
2/3/2023 13:19,8569
2/3/2023 13:19,8639
2/3/2023 13:20,8526
2/3/2023 13:20,8952
2/3/2023 13:21,8210
2/3/2023 13:21,8324
2/3/2023 13:22,8584
2/3/2023 13:22,8786
2/3/2023 13:23,8612
2/3/2023 13:23,8716
2/3/2023 13:24,8845
2/3/2023 13:24,8786
2/3/2023 13:25,8425
2/3/2023 13:25,8584
2/3/2023 13:26,8499
2/3/2023 13:26,8484
2/3/2023 13:27,8627
2/3/2023 13:27,8400
2/3/2023 13:28,8415
2/3/2023 13:28,8427
2/3/2023 13:29,8978
2/3/2023 13:30,8210
2/3/2023 13:30,8526
2/3/2023 13:31,8277
2/3/2023 13:31,8526
2/3/2023 13:32,8359
2/3/2023 13:32,8757
2/3/2023 13:33,8569
2/3/2023 13:33,7983
2/3/2023 13:34,8742
2/3/2023 13:34,8569
2/3/2023 13:35,8713
2/3/2023 13:35,8225
2/3/2023 13:36,7833
2/3/2023 13:36,8430
2/3/2023 13:37,8980
2/3/2023 13:37,8347
2/3/2023 13:38,8457
2/3/2023 13:38,7973
2/3/2023 13:39,7973
2/3/2023 13:39,8318
2/3/2023 13:40,8484
2/3/2023 13:40,8251
2/3/2023 13:41,8251
2/3/2023 13:41,8499
2/3/2023 13:42,8526
2/3/2023 13:42,8484
2/3/2023 13:43,8584
2/3/2023 13:43,8541
2/3/2023 13:44,8415
2/3/2023 13:44,8442
2/3/2023 13:45,8292
2/3/2023 13:45,8170
2/3/2023 13:46,8303
2/3/2023 13:46,8359
2/3/2023 13:47,8859
2/3/2023 13:47,8332
2/3/2023 13:48,8541
2/3/2023 13:48,8904
2/3/2023 13:49,7627
2/3/2023 13:49,8874
2/3/2023 13:50,8627
2/3/2023 13:50,8541
2/3/2023 13:51,8026
2/3/2023 13:51,8051
2/3/2023 13:52,8698
2/3/2023 13:52,8439
2/3/2023 13:53,8627
2/3/2023 13:53,8584
2/3/2023 13:54,8457
2/3/2023 13:54,8472
2/3/2023 13:55,7632
2/3/2023 13:56,8569
2/3/2023 13:56,8457
2/3/2023 13:57,8499
2/3/2023 13:57,8980
2/3/2023 13:58,8511
2/3/2023 13:58,8051
2/3/2023 13:59,8980
2/3/2023 13:59,8225
2/3/2023 14:00,8569
2/3/2023 14:00,8057
2/3/2023 14:01,7523
2/3/2023 14:01,8511
2/3/2023 14:02,8457
2/3/2023 14:02,8529
2/3/2023 14:03,8415
2/3/2023 14:03,8556
2/3/2023 14:04,8430
2/3/2023 14:04,8556
2/3/2023 14:05,7669
2/3/2023 14:05,8801
2/3/2023 14:06,8890
2/3/2023 14:06,8141
2/3/2023 14:07,8541
2/3/2023 14:07,8347
2/3/2023 14:08,8251
2/3/2023 14:08,8292
2/3/2023 14:09,8292
2/3/2023 14:09,7857
2/3/2023 14:10,8933
2/3/2023 14:10,8499
2/3/2023 14:11,8487
2/3/2023 14:11,8655
2/3/2023 14:12,8801
2/3/2023 14:12,8845
2/3/2023 14:13,8757
2/3/2023 14:13,8874
2/3/2023 14:14,8427
2/3/2023 14:14,8359
2/3/2023 14:15,8627
2/3/2023 14:15,8277
2/3/2023 14:16,8251
2/3/2023 14:16,8484
2/3/2023 14:17,9010
2/3/2023 14:17,8514
2/3/2023 14:18,8374
2/3/2023 14:18,8499
2/3/2023 14:19,8541
2/3/2023 14:19,8599
2/3/2023 14:20,8517
2/3/2023 14:20,8472
2/3/2023 14:21,8130
2/3/2023 14:21,8657
2/3/2023 14:22,8713
2/3/2023 14:23,8472
2/3/2023 14:23,8845
2/3/2023 14:24,8556
2/3/2023 14:24,8065
2/3/2023 14:25,8742
2/3/2023 14:25,8596
2/3/2023 14:26,8584
2/3/2023 14:26,8655
2/3/2023 14:27,8845
2/3/2023 14:27,8614
2/3/2023 14:28,8457
2/3/2023 14:28,8757
2/3/2023 14:29,8670
2/3/2023 14:29,8225
2/3/2023 14:30,8051
2/3/2023 14:30,8890
2/3/2023 14:31,8612
2/3/2023 14:31,8365
2/3/2023 14:32,7953
2/3/2023 14:32,8460
2/3/2023 14:33,8742
2/3/2023 14:33,8890
2/3/2023 14:34,9071
2/3/2023 14:34,8652
2/3/2023 14:35,8757
2/3/2023 14:35,8170
2/3/2023 14:36,7948
2/3/2023 14:36,8845
2/3/2023 14:37,8698
2/3/2023 14:37,8484
2/3/2023 14:38,8801
2/3/2023 14:38,8801
2/3/2023 14:39,8729
2/3/2023 14:39,8627
2/3/2023 14:40,8584
2/3/2023 14:40,8415
2/3/2023 14:41,8786
2/3/2023 14:41,8074
2/3/2023 14:42,8457
2/3/2023 14:42,8670
2/3/2023 14:43,8830
2/3/2023 14:43,8670
2/3/2023 14:44,8964
2/3/2023 14:44,8457
2/3/2023 14:45,8584
2/3/2023 14:45,8890
2/3/2023 14:46,8374
2/3/2023 14:46,8713
2/3/2023 14:47,8490
2/3/2023 14:47,8713
2/3/2023 14:48,8726
2/3/2023 14:48,7910
2/3/2023 14:49,8670
2/3/2023 14:50,8890
2/3/2023 14:50,7805
2/3/2023 14:51,8713
2/3/2023 14:51,8713
2/3/2023 14:52,9010
2/3/2023 14:52,8526
2/3/2023 14:53,8022
2/3/2023 14:53,8655
2/3/2023 14:54,8698
2/3/2023 14:54,8786
2/3/2023 14:55,8874
2/3/2023 14:55,8612
2/3/2023 14:56,8786
2/3/2023 14:56,7958
2/3/2023 14:57,8499
2/3/2023 14:57,8830
2/3/2023 14:58,8569
2/3/2023 14:58,8415
2/3/2023 14:59,8457
2/3/2023 14:59,8457
2/3/2023 15:00,8742
2/3/2023 15:00,8683
2/3/2023 15:01,8786
2/3/2023 15:01,8757
2/3/2023 15:02,8359
2/3/2023 15:02,8210
2/3/2023 15:03,8442
2/3/2023 15:03,8439
2/3/2023 15:04,8670
2/3/2023 15:04,8670
2/3/2023 15:05,8627
2/3/2023 15:05,8556
2/3/2023 15:06,8415
2/3/2023 15:06,8415
2/3/2023 15:07,8890
2/3/2023 15:07,8627
2/3/2023 15:08,9010
2/3/2023 15:08,9028
2/3/2023 15:09,8964
2/3/2023 15:09,8526
2/3/2023 15:10,8655
2/3/2023 15:10,8584
2/3/2023 15:11,8499
2/3/2023 15:11,8457
2/3/2023 15:12,8523
2/3/2023 15:12,8210
2/3/2023 15:13,8569
2/3/2023 15:13,8277
2/3/2023 15:14,8374
2/3/2023 15:14,8499
2/3/2023 15:15,8830
2/3/2023 15:15,8554
2/3/2023 15:16,8801
2/3/2023 15:17,8155
2/3/2023 15:17,8511
2/3/2023 15:18,8210
2/3/2023 15:18,8950
2/3/2023 15:19,8950
2/3/2023 15:19,8919
2/3/2023 15:20,8698
2/3/2023 15:20,8818
2/3/2023 15:21,8526
2/3/2023 15:21,9040
2/3/2023 15:22,8874
2/3/2023 15:22,8757
2/3/2023 15:23,8698
2/3/2023 15:23,8341
2/3/2023 15:24,8427
2/3/2023 15:24,8919
2/3/2023 15:25,8617
2/3/2023 15:25,8919
2/3/2023 15:26,7958
2/3/2023 15:26,8484
2/3/2023 15:27,8061
2/3/2023 15:27,8964
2/3/2023 15:28,8683
2/3/2023 15:28,8236
2/3/2023 15:29,8430
2/3/2023 15:29,8430
2/3/2023 15:30,8726
2/3/2023 15:30,9040
2/3/2023 15:31,9071
2/3/2023 15:31,8427
2/3/2023 15:32,8830
2/3/2023 15:32,8511
2/3/2023 15:33,8329
2/3/2023 15:33,8624
2/3/2023 15:34,8012
2/3/2023 15:34,8551
2/3/2023 15:35,8526
2/3/2023 15:35,8400
2/3/2023 15:36,8612
2/3/2023 15:36,8770
2/3/2023 15:37,8624
2/3/2023 15:37,8116
2/3/2023 15:38,8843
2/3/2023 15:38,8116
2/3/2023 15:39,8469
2/3/2023 15:39,8012
2/3/2023 15:40,8742
2/3/2023 15:40,8919
2/3/2023 15:41,8683
2/3/2023 15:41,8036
2/3/2023 15:42,8919
2/3/2023 15:43,8670
2/3/2023 15:43,8698
2/3/2023 15:44,9320
2/3/2023 15:44,8569
2/3/2023 15:45,8770
2/3/2023 15:45,8904
2/3/2023 15:46,8329
2/3/2023 15:46,8786
2/3/2023 15:47,8639
2/3/2023 15:47,8579
2/3/2023 15:48,8919
2/3/2023 15:48,8400
2/3/2023 15:49,8612
2/3/2023 15:49,8711
2/3/2023 15:50,8994
2/3/2023 15:50,8890
2/3/2023 15:51,8652
2/3/2023 15:51,8742
2/3/2023 15:52,8496
2/3/2023 15:52,8770
2/3/2023 15:53,8683
2/3/2023 15:53,8612
2/3/2023 15:54,8683
2/3/2023 15:54,8770
2/3/2023 15:55,8683
2/3/2023 15:55,8642
2/3/2023 15:56,8639
2/3/2023 15:56,8705
2/3/2023 15:57,9040
2/3/2023 15:57,9135
2/3/2023 15:58,8655
2/3/2023 15:58,8726
2/3/2023 15:59,8359
2/3/2023 15:59,8726
2/3/2023 16:00,8569
2/3/2023 16:00,8526
2/3/2023 16:01,8181
2/3/2023 16:01,8596
2/3/2023 16:02,9055
2/3/2023 16:02,8207
2/3/2023 16:03,8742
2/3/2023 16:03,8698
2/3/2023 16:04,8262
2/3/2023 16:04,8221
2/3/2023 16:05,8303
2/3/2023 16:05,8742
2/3/2023 16:06,8514
2/3/2023 16:06,9086
2/3/2023 16:07,8757
2/3/2023 16:07,8770
2/3/2023 16:08,8949
2/3/2023 16:08,8581
2/3/2023 16:09,8554
2/3/2023 16:10,8469
2/3/2023 16:10,9040
2/3/2023 16:11,8655
2/3/2023 16:11,8469
2/3/2023 16:12,8526
2/3/2023 16:12,8919
2/3/2023 16:13,8655
2/3/2023 16:13,7944
2/3/2023 16:14,7848
2/3/2023 16:14,8683
2/3/2023 16:15,8251
2/3/2023 16:15,8830
2/3/2023 16:16,8344
2/3/2023 16:16,8022
2/3/2023 16:17,8949
2/3/2023 16:17,8904
2/3/2023 16:18,8639
2/3/2023 16:18,8683
2/3/2023 16:19,8442
2/3/2023 16:19,8639
2/3/2023 16:20,8799
2/3/2023 16:20,8427
2/3/2023 16:21,8303
2/3/2023 16:21,8873
2/3/2023 16:22,8755
2/3/2023 16:22,8843
2/3/2023 16:23,8288
2/3/2023 16:23,8314
2/3/2023 16:24,8786
2/3/2023 16:24,8799
2/3/2023 16:25,9368
2/3/2023 16:25,8415
2/3/2023 16:26,8566
2/3/2023 16:26,8412
2/3/2023 16:27,8873
2/3/2023 16:27,8668
2/3/2023 16:28,8101
2/3/2023 16:28,8609
2/3/2023 16:29,8022
2/3/2023 16:29,8207
2/3/2023 16:30,8902
2/3/2023 16:30,7891
2/3/2023 16:31,8554
2/3/2023 16:31,8539
2/3/2023 16:32,8412
2/3/2023 16:32,8888
2/3/2023 16:33,8314
2/3/2023 16:33,8207
2/3/2023 16:34,8181
2/3/2023 16:34,8683
2/3/2023 16:35,8412
2/3/2023 16:35,8484
2/3/2023 16:36,8740
2/3/2023 16:37,8536
2/3/2023 16:37,8918
2/3/2023 16:38,9101
2/3/2023 16:38,8918
2/3/2023 16:39,7901
2/3/2023 16:39,9130
2/3/2023 16:40,8496
2/3/2023 16:40,8637
2/3/2023 16:41,8652
2/3/2023 16:41,9011
2/3/2023 16:42,8554
2/3/2023 16:42,8356
2/3/2023 16:43,8454
2/3/2023 16:43,8843
2/3/2023 16:44,8726
2/3/2023 16:44,8454
2/3/2023 16:45,8888
2/3/2023 16:45,8711
2/3/2023 16:46,8523
2/3/2023 16:46,8726
2/3/2023 16:47,8624
2/3/2023 16:47,8994
2/3/2023 16:48,8329
2/3/2023 16:48,8814
2/3/2023 16:49,8412
2/3/2023 16:49,8753
2/3/2023 16:50,7739
2/3/2023 16:50,8454
2/3/2023 16:51,8711
2/3/2023 16:51,8639
2/3/2023 16:52,8726
2/3/2023 16:52,8262
2/3/2023 16:53,8581
2/3/2023 16:53,8624
2/3/2023 16:54,8624
2/3/2023 16:54,8596
2/3/2023 16:55,8963
2/3/2023 16:55,8539
2/3/2023 16:56,8668
2/3/2023 16:56,8726
2/3/2023 16:57,8344
2/3/2023 16:57,8726
2/3/2023 16:58,8799
2/3/2023 16:58,8964
2/3/2023 16:59,8814
2/3/2023 16:59,8814
2/3/2023 17:00,8801
2/3/2023 17:00,9070
2/3/2023 17:01,8814
2/3/2023 17:01,8859
2/3/2023 17:02,8280
2/3/2023 17:02,7958
2/3/2023 17:03,8596
2/3/2023 17:04,8370
2/3/2023 17:04,8639
2/3/2023 17:05,8539
2/3/2023 17:05,8657
2/3/2023 17:06,8076
2/3/2023 17:06,8859
2/3/2023 17:07,7739
2/3/2023 17:07,7829
2/3/2023 17:08,8511
2/3/2023 17:08,7791
2/3/2023 17:09,8740
2/3/2023 17:09,8770
2/3/2023 17:10,8933
2/3/2023 17:10,8683
2/3/2023 17:11,8759
2/3/2023 17:11,8726
2/3/2023 17:12,8709
2/3/2023 17:12,8344
2/3/2023 17:13,8711
2/3/2023 17:13,8554
2/3/2023 17:14,8713
2/3/2023 17:14,8770
2/3/2023 17:15,8891
2/3/2023 17:15,8742
2/3/2023 17:16,8612
2/3/2023 17:16,8639
2/3/2023 17:17,9040
2/3/2023 17:17,8472
2/3/2023 17:18,8816
2/3/2023 17:18,8612
2/3/2023 17:19,8511
2/3/2023 17:19,8857
2/3/2023 17:20,9257
2/3/2023 17:20,8859
2/3/2023 17:21,8729
2/3/2023 17:21,8400
2/3/2023 17:22,8830
2/3/2023 17:22,8454
2/3/2023 17:23,8539
2/3/2023 17:23,8726
2/3/2023 17:24,9040
2/3/2023 17:24,8622
2/3/2023 17:25,9086
2/3/2023 17:25,8698
2/3/2023 17:26,8964
2/3/2023 17:26,8685
2/3/2023 17:27,8830
2/3/2023 17:27,8609
2/3/2023 17:28,8859
2/3/2023 17:28,8759
2/3/2023 17:29,8655
2/3/2023 17:29,8427
2/3/2023 17:30,8596
2/3/2023 17:31,9179
2/3/2023 17:31,8742
2/3/2023 17:32,8814
2/3/2023 17:32,9086
2/3/2023 17:33,8569
2/3/2023 17:33,8236
2/3/2023 17:34,8830
2/3/2023 17:34,8569
2/3/2023 17:35,8359
2/3/2023 17:35,8612
2/3/2023 17:36,8400
2/3/2023 17:36,8904
2/3/2023 17:37,8949
2/3/2023 17:37,8994
2/3/2023 17:38,8830
2/3/2023 17:38,8933
2/3/2023 17:39,8484
2/3/2023 17:39,9416
2/3/2023 17:40,8933
2/3/2023 17:40,8742
2/3/2023 17:41,8554
2/3/2023 17:41,8612
2/3/2023 17:42,8221
2/3/2023 17:42,8288
2/3/2023 17:43,8554
2/3/2023 17:43,8964
2/3/2023 17:44,8442
2/3/2023 17:44,8655
2/3/2023 17:45,9289
2/3/2023 17:45,8874
2/3/2023 17:46,9148
2/3/2023 17:46,8427
2/3/2023 17:47,8964
2/3/2023 17:47,8655
2/3/2023 17:48,8210
2/3/2023 17:48,8400
2/3/2023 17:49,8469
2/3/2023 17:49,8874
2/3/2023 17:50,8499
2/3/2023 17:50,8539
2/3/2023 17:51,8415
2/3/2023 17:51,8385
2/3/2023 17:52,8655
2/3/2023 17:52,9132
2/3/2023 17:53,8874
2/3/2023 17:53,8484
2/3/2023 17:54,9178
2/3/2023 17:54,8814
2/3/2023 17:55,8415
2/3/2023 17:55,8609
2/3/2023 17:56,8484
2/3/2023 17:57,8442
2/3/2023 17:57,8526
2/3/2023 17:58,8569
2/3/2023 17:58,8061
2/3/2023 17:59,8385
2/3/2023 17:59,8698
2/3/2023 18:00,9101
2/3/2023 18:00,9210
2/3/2023 18:01,8469
2/3/2023 18:01,8400
2/3/2023 18:02,8830
2/3/2023 18:02,9070
2/3/2023 18:03,8627
2/3/2023 18:03,8442
2/3/2023 18:04,9055
2/3/2023 18:04,8400
2/3/2023 18:05,9288
2/3/2023 18:05,8526
2/3/2023 18:06,9087
2/3/2023 18:06,8442
2/3/2023 18:07,8469
2/3/2023 18:07,8442
2/3/2023 18:08,8655
2/3/2023 18:08,8181
2/3/2023 18:09,9178
2/3/2023 18:09,8830
2/3/2023 18:10,8569
2/3/2023 18:10,8385
2/3/2023 18:11,9055
2/3/2023 18:11,8359
2/3/2023 18:12,9352
2/3/2023 18:12,8539
2/3/2023 18:13,8526
2/3/2023 18:13,8668
2/3/2023 18:14,9055
2/3/2023 18:14,8919
2/3/2023 18:15,8318
2/3/2023 18:15,8814
2/3/2023 18:16,8742
2/3/2023 18:16,8637
2/3/2023 18:17,9101
2/3/2023 18:17,8657
2/3/2023 18:18,9273
2/3/2023 18:18,8277
2/3/2023 18:19,8596
2/3/2023 18:19,8415
2/3/2023 18:20,8874
2/3/2023 18:20,8642
2/3/2023 18:21,8556
2/3/2023 18:21,8729
2/3/2023 18:22,9148
2/3/2023 18:22,8292
2/3/2023 18:23,8612
2/3/2023 18:24,8814
2/3/2023 18:24,8830
2/3/2023 18:25,8642
2/3/2023 18:25,8210
2/3/2023 18:26,8584
2/3/2023 18:26,8713
2/3/2023 18:27,8786
2/3/2023 18:27,8427
2/3/2023 18:28,8639
2/3/2023 18:28,8726
2/3/2023 18:29,8359
2/3/2023 18:29,9025
2/3/2023 18:30,9132
2/3/2023 18:30,8742
2/3/2023 18:31,8526
2/3/2023 18:31,8541
2/3/2023 18:32,8830
2/3/2023 18:32,8344
2/3/2023 18:33,8036
2/3/2023 18:33,8400
2/3/2023 18:34,8698
2/3/2023 18:34,8670
2/3/2023 18:35,8874
2/3/2023 18:35,7944
2/3/2023 18:36,8318
2/3/2023 18:36,8713
2/3/2023 18:37,8874
2/3/2023 18:37,8801
2/3/2023 18:38,8499
2/3/2023 18:38,8415
2/3/2023 18:39,8556
2/3/2023 18:39,8878
2/3/2023 18:40,8801
2/3/2023 18:40,8786
2/3/2023 18:41,8639
2/3/2023 18:41,8554
2/3/2023 18:42,8210
2/3/2023 18:42,9304
2/3/2023 18:43,9055
2/3/2023 18:43,8400
2/3/2023 18:44,8442
2/3/2023 18:44,8949
2/3/2023 18:45,9148
2/3/2023 18:45,8526
2/3/2023 18:46,8579
2/3/2023 18:46,8612
2/3/2023 18:47,8541
2/3/2023 18:47,8359
2/3/2023 18:48,8400
2/3/2023 18:48,8484
2/3/2023 18:49,8584
2/3/2023 18:49,8612
2/3/2023 18:50,8292
2/3/2023 18:51,8496
2/3/2023 18:51,8683
2/3/2023 18:52,8262
2/3/2023 18:52,9101
2/3/2023 18:53,9148
2/3/2023 18:53,8655
2/3/2023 18:54,8949
2/3/2023 18:54,8729
2/3/2023 18:55,8801
2/3/2023 18:55,9273
2/3/2023 18:56,8947
2/3/2023 18:56,8742
2/3/2023 18:57,8627
2/3/2023 18:57,8612
2/3/2023 18:58,8569
2/3/2023 18:58,8612
2/3/2023 18:59,8612
2/3/2023 18:59,8919
2/3/2023 19:00,8612
2/3/2023 19:00,9194
2/3/2023 19:01,8617
2/3/2023 19:01,8757
2/3/2023 19:02,8874
2/3/2023 19:02,8277
2/3/2023 19:03,8698
2/3/2023 19:03,9194
2/3/2023 19:04,8529
2/3/2023 19:04,8698
2/3/2023 19:05,9194
2/3/2023 19:05,8683
2/3/2023 19:06,8859
2/3/2023 19:06,9225
2/3/2023 19:07,8318
2/3/2023 19:07,8742
2/3/2023 19:08,9179
2/3/2023 19:08,8919
2/3/2023 19:09,8627
2/3/2023 19:09,9010
2/3/2023 19:10,8484
2/3/2023 19:10,9288
2/3/2023 19:11,8670
2/3/2023 19:11,8344
2/3/2023 19:12,9288
2/3/2023 19:12,8698
2/3/2023 19:13,8251
2/3/2023 19:13,9194
2/3/2023 19:14,9132
2/3/2023 19:14,9089
2/3/2023 19:15,8076
2/3/2023 19:15,9241
2/3/2023 19:16,9288
2/3/2023 19:16,9055
2/3/2023 19:17,8874
2/3/2023 19:18,9257
2/3/2023 19:18,9071
2/3/2023 19:19,8526
2/3/2023 19:19,8919
2/3/2023 19:20,8845
2/3/2023 19:20,8655
2/3/2023 19:21,8995
2/3/2023 19:21,8698
2/3/2023 19:22,8813
2/3/2023 19:22,8655
2/3/2023 19:23,8612
2/3/2023 19:23,8742
2/3/2023 19:24,8627
2/3/2023 19:24,8541
2/3/2023 19:25,8415
2/3/2023 19:25,8472
2/3/2023 19:26,8511
2/3/2023 19:26,8415
2/3/2023 19:27,8627
2/3/2023 19:27,8742
2/3/2023 19:28,8612
2/3/2023 19:28,8344
2/3/2023 19:29,8247
2/3/2023 19:29,9010
2/3/2023 19:30,8571
2/3/2023 19:30,8569
2/3/2023 19:31,9225
2/3/2023 19:31,8816
2/3/2023 19:32,8890
2/3/2023 19:32,8442
2/3/2023 19:33,8596
2/3/2023 19:33,8683
2/3/2023 19:34,8698
2/3/2023 19:34,8251
2/3/2023 19:35,8642
2/3/2023 19:35,8655
2/3/2023 19:36,9148
2/3/2023 19:36,9148
2/3/2023 19:37,9163
2/3/2023 19:37,9133
2/3/2023 19:38,9320
2/3/2023 19:38,9288
2/3/2023 19:39,8935
2/3/2023 19:39,9320
2/3/2023 19:40,9225
2/3/2023 19:40,8511
2/3/2023 19:41,8210
2/3/2023 19:41,8845
2/3/2023 19:42,8921
2/3/2023 19:42,8683
2/3/2023 19:43,8742
2/3/2023 19:44,8726
2/3/2023 19:44,9056
2/3/2023 19:45,8845
2/3/2023 19:45,9194
2/3/2023 19:46,8670
2/3/2023 19:46,8569
2/3/2023 19:47,8457
2/3/2023 19:47,9041
2/3/2023 19:48,8683
2/3/2023 19:48,9163
2/3/2023 19:49,8584
2/3/2023 19:49,9086
2/3/2023 19:50,8935
2/3/2023 19:50,8890
2/3/2023 19:51,8670
2/3/2023 19:51,8612
2/3/2023 19:52,8251
2/3/2023 19:52,8427
2/3/2023 19:53,8757
2/3/2023 19:53,8520
2/3/2023 19:54,8801
2/3/2023 19:54,8642
2/3/2023 19:55,8890
2/3/2023 19:55,8845
2/3/2023 19:56,9273
2/3/2023 19:56,8584
2/3/2023 19:57,8729
2/3/2023 19:57,8757
2/3/2023 19:58,8484
2/3/2023 19:58,8964
2/3/2023 19:59,8584
2/3/2023 19:59,8415
2/3/2023 20:00,8698
2/3/2023 20:00,8801
2/3/2023 20:01,8639
2/3/2023 20:01,8400
2/3/2023 20:02,8757
2/3/2023 20:02,8541
2/3/2023 20:03,9010
2/3/2023 20:03,9055
2/3/2023 20:04,8571
2/3/2023 20:04,8814
2/3/2023 20:05,8757
2/3/2023 20:05,8484
2/3/2023 20:06,9101
2/3/2023 20:06,9117
2/3/2023 20:07,9117
2/3/2023 20:07,9288
2/3/2023 20:08,8442
2/3/2023 20:08,8499
2/3/2023 20:09,8612
2/3/2023 20:09,9384
2/3/2023 20:10,9432
2/3/2023 20:11,8400
2/3/2023 20:11,8442
2/3/2023 20:12,8569
2/3/2023 20:12,8442
2/3/2023 20:13,9432
2/3/2023 20:13,8890
2/3/2023 20:14,8830
2/3/2023 20:14,9055
2/3/2023 20:15,8511
2/3/2023 20:15,8612
2/3/2023 20:16,9024
2/3/2023 20:16,8845
2/3/2023 20:17,9025
2/3/2023 20:17,9086
2/3/2023 20:18,8742
2/3/2023 20:18,8980
2/3/2023 20:19,8655
2/3/2023 20:19,8698
2/3/2023 20:20,8612
2/3/2023 20:20,8698
2/3/2023 20:21,8742
2/3/2023 20:21,8816
2/3/2023 20:22,8554
2/3/2023 20:22,8639
2/3/2023 20:23,8584
2/3/2023 20:23,8874
2/3/2023 20:24,8786
2/3/2023 20:24,8569
2/3/2023 20:25,8683
2/3/2023 20:25,8742
2/3/2023 20:26,8770
2/3/2023 20:26,9041
2/3/2023 20:27,8569
2/3/2023 20:27,8655
2/3/2023 20:28,8469
2/3/2023 20:28,8484
2/3/2023 20:29,8683
2/3/2023 20:29,8442
2/3/2023 20:30,8359
2/3/2023 20:30,9384
2/3/2023 20:31,8612
2/3/2023 20:31,9163
2/3/2023 20:32,9101
2/3/2023 20:32,8770
2/3/2023 20:33,8469
2/3/2023 20:33,9026
2/3/2023 20:34,8994
2/3/2023 20:34,8451
2/3/2023 20:35,8385
2/3/2023 20:35,8713
2/3/2023 20:36,9194
2/3/2023 20:36,8541
2/3/2023 20:37,9101
2/3/2023 20:38,8484
2/3/2023 20:38,8801
2/3/2023 20:39,9101
2/3/2023 20:39,8994
2/3/2023 20:40,8874
2/3/2023 20:40,8221
2/3/2023 20:41,8698
2/3/2023 20:41,8596
2/3/2023 20:42,9288
2/3/2023 20:42,8612
2/3/2023 20:43,8933
2/3/2023 20:43,8511
2/3/2023 20:44,8344
2/3/2023 20:44,9194
2/3/2023 20:45,8627
2/3/2023 20:45,8442
2/3/2023 20:46,9178
2/3/2023 20:46,9178
2/3/2023 20:47,8874
2/3/2023 20:47,8786
2/3/2023 20:48,8742
2/3/2023 20:48,8713
2/3/2023 20:49,8873
2/3/2023 20:49,9101
2/3/2023 20:50,8484
2/3/2023 20:50,8541
2/3/2023 20:51,8757
2/3/2023 20:51,9448
2/3/2023 20:52,8367
2/3/2023 20:52,8668
2/3/2023 20:53,8770
2/3/2023 20:53,8344
2/3/2023 20:54,9178
2/3/2023 20:54,8511
2/3/2023 20:55,8886
2/3/2023 20:55,8859
2/3/2023 20:56,9086
2/3/2023 20:56,8639
2/3/2023 20:57,8569
2/3/2023 20:57,8683
2/3/2023 20:58,9368
2/3/2023 20:58,8469
2/3/2023 20:59,8859
2/3/2023 20:59,8874
2/3/2023 21:00,8596
2/3/2023 21:00,8949
2/3/2023 21:01,9225
2/3/2023 21:01,8904
2/3/2023 21:02,8539
2/3/2023 21:02,9241
2/3/2023 21:03,8439
2/3/2023 21:03,8994
2/3/2023 21:04,8978
2/3/2023 21:05,8624
2/3/2023 21:05,8581
2/3/2023 21:06,8828
2/3/2023 21:06,8994
2/3/2023 21:07,9257
2/3/2023 21:07,8502
2/3/2023 21:08,8799
2/3/2023 21:08,8978
2/3/2023 21:09,8303
2/3/2023 21:09,8511
2/3/2023 21:10,8581
2/3/2023 21:10,8554
2/3/2023 21:11,9040
2/3/2023 21:11,8696
2/3/2023 21:12,8726
2/3/2023 21:12,9273
2/3/2023 21:13,8594
2/3/2023 21:13,9116
2/3/2023 21:14,8919
2/3/2023 21:14,8318
2/3/2023 21:15,9416
2/3/2023 21:15,8902
2/3/2023 21:16,8961
2/3/2023 21:16,9147
2/3/2023 21:17,8683
2/3/2023 21:17,8329
2/3/2023 21:18,8427
2/3/2023 21:18,8523
2/3/2023 21:19,9273
2/3/2023 21:19,9117
2/3/2023 21:20,8711
2/3/2023 21:20,8683
2/3/2023 21:21,8755
2/3/2023 21:21,9024
2/3/2023 21:22,8535
2/3/2023 21:22,8554
2/3/2023 21:23,8994
2/3/2023 21:23,9208
2/3/2023 21:24,9241
2/3/2023 21:24,8755
2/3/2023 21:25,9227
2/3/2023 21:25,8814
2/3/2023 21:26,8843
2/3/2023 21:26,8949
2/3/2023 21:27,8655
2/3/2023 21:27,8612
2/3/2023 21:28,8683
2/3/2023 21:28,8584
2/3/2023 21:29,8814
2/3/2023 21:29,8511
2/3/2023 21:30,8742
2/3/2023 21:30,8845
2/3/2023 21:31,8964
2/3/2023 21:32,8400
2/3/2023 21:32,8639
2/3/2023 21:33,9148
2/3/2023 21:33,8262
2/3/2023 21:34,8556
2/3/2023 21:34,8141
2/3/2023 21:35,8581
2/3/2023 21:35,8569
2/3/2023 21:36,8786
2/3/2023 21:36,8596
2/3/2023 21:37,8526
2/3/2023 21:37,8742
2/3/2023 21:38,8830
2/3/2023 21:38,9101
2/3/2023 21:39,8612
2/3/2023 21:39,8655
2/3/2023 21:40,8726
2/3/2023 21:40,9086
2/3/2023 21:41,8994
2/3/2023 21:41,8554
2/3/2023 21:42,8526
2/3/2023 21:42,8359
2/3/2023 21:43,8303
2/3/2023 21:43,9055
2/3/2023 21:44,8427
2/3/2023 21:44,8888
2/3/2023 21:45,9257
2/3/2023 21:45,8919
2/3/2023 21:46,8624
2/3/2023 21:46,8904
2/3/2023 21:47,8949
2/3/2023 21:47,9116
2/3/2023 21:48,8655
2/3/2023 21:48,9163
2/3/2023 21:49,8624
2/3/2023 21:49,8427
2/3/2023 21:50,8329
2/3/2023 21:50,8830
2/3/2023 21:51,8511
2/3/2023 21:51,8484
2/3/2023 21:52,8262
2/3/2023 21:52,8499
2/3/2023 21:53,8713
2/3/2023 21:53,8742
2/3/2023 21:54,8713
2/3/2023 21:54,8994
2/3/2023 21:55,8770
2/3/2023 21:55,9210
2/3/2023 21:56,9163
2/3/2023 21:56,8770
2/3/2023 21:57,8655
2/3/2023 21:58,9178
2/3/2023 21:58,8786
2/3/2023 21:59,8905
2/3/2023 21:59,8569
2/3/2023 22:00,8786
2/3/2023 22:00,8469
2/3/2023 22:01,8828
2/3/2023 22:01,8596
2/3/2023 22:02,8784
2/3/2023 22:02,8830
2/3/2023 22:03,8511
2/3/2023 22:03,9086
2/3/2023 22:04,9465
2/3/2023 22:04,8655
2/3/2023 22:05,8830
2/3/2023 22:05,8757
2/3/2023 22:06,8612
2/3/2023 22:06,8698
2/3/2023 22:07,8554
2/3/2023 22:07,9116
2/3/2023 22:08,8076
2/3/2023 22:08,9194
2/3/2023 22:09,8469
2/3/2023 22:09,8457
2/3/2023 22:10,9040
2/3/2023 22:10,8484
2/3/2023 22:11,8484
2/3/2023 22:11,8698
2/3/2023 22:12,8400
2/3/2023 22:12,8344
2/3/2023 22:13,9241
2/3/2023 22:13,8816
2/3/2023 22:14,9320
2/3/2023 22:14,8814
2/3/2023 22:15,9273
2/3/2023 22:15,8587
2/3/2023 22:16,8698
2/3/2023 22:16,8526
2/3/2023 22:17,8936
2/3/2023 22:17,9010
2/3/2023 22:18,8569
2/3/2023 22:18,9210
2/3/2023 22:19,8919
2/3/2023 22:19,8400
2/3/2023 22:20,8786
2/3/2023 22:20,8670
2/3/2023 22:21,9117
2/3/2023 22:21,8874
2/3/2023 22:22,8655
2/3/2023 22:22,8617
2/3/2023 22:23,9273
2/3/2023 22:23,8541
2/3/2023 22:24,8874
2/3/2023 22:25,9225
2/3/2023 22:25,8698
2/3/2023 22:26,8627
2/3/2023 22:26,8655
2/3/2023 22:27,8292
2/3/2023 22:27,8569
2/3/2023 22:28,9384
2/3/2023 22:28,8874
2/3/2023 22:29,8442
2/3/2023 22:29,8700
2/3/2023 22:30,8554
2/3/2023 22:30,8685
2/3/2023 22:31,8874
2/3/2023 22:31,9025
2/3/2023 22:32,9257
2/3/2023 22:32,8569
2/3/2023 22:33,8457
2/3/2023 22:33,8786
2/3/2023 22:34,9336
2/3/2023 22:34,8569
2/3/2023 22:35,8415
2/3/2023 22:35,8526
2/3/2023 22:36,8303
2/3/2023 22:36,9178
2/3/2023 22:37,8845
2/3/2023 22:37,8627
2/3/2023 22:38,9073
2/3/2023 22:38,8277
2/3/2023 22:39,8155
2/3/2023 22:39,9040
2/3/2023 22:40,8639
2/3/2023 22:40,8670
2/3/2023 22:41,8801
2/3/2023 22:41,8511
2/3/2023 22:42,8891
2/3/2023 22:42,8713
2/3/2023 22:43,8994
2/3/2023 22:43,9148
2/3/2023 22:44,8864
2/3/2023 22:44,9117
2/3/2023 22:45,8742
2/3/2023 22:45,9241
2/3/2023 22:46,9101
2/3/2023 22:46,8698
2/3/2023 22:47,8526
2/3/2023 22:47,8919
2/3/2023 22:48,9025
2/3/2023 22:48,8655
2/3/2023 22:49,8599
2/3/2023 22:49,8584
2/3/2023 22:50,8627
2/3/2023 22:50,9288
2/3/2023 22:51,8639
2/3/2023 22:52,8904
2/3/2023 22:52,8584
2/3/2023 22:53,8639
2/3/2023 22:53,9288
2/3/2023 22:54,8685
2/3/2023 22:54,8980
2/3/2023 22:55,8668
2/3/2023 22:55,8584
2/3/2023 22:56,9132
2/3/2023 22:56,8845
2/3/2023 22:57,8484
2/3/2023 22:57,8526
2/3/2023 22:58,9210
2/3/2023 22:58,8400
2/3/2023 22:59,8742
2/3/2023 22:59,8685
2/3/2023 23:00,8742
2/3/2023 23:00,8801
2/3/2023 23:01,9148
2/3/2023 23:01,8713
2/3/2023 23:02,8770
2/3/2023 23:02,8904
2/3/2023 23:03,9071
2/3/2023 23:03,9257
2/3/2023 23:04,9288
2/3/2023 23:04,8757
2/3/2023 23:05,9288
2/3/2023 23:05,9010
2/3/2023 23:06,8919
2/3/2023 23:06,8541
2/3/2023 23:07,9336
2/3/2023 23:07,8713
2/3/2023 23:08,9288
2/3/2023 23:08,8919
2/3/2023 23:09,9163
2/3/2023 23:09,9025
2/3/2023 23:10,9384
2/3/2023 23:10,8657
2/3/2023 23:11,8469
2/3/2023 23:11,8814
2/3/2023 23:12,9513
2/3/2023 23:12,9132
2/3/2023 23:13,9465
2/3/2023 23:13,8569
2/3/2023 23:14,8273
2/3/2023 23:14,8801
2/3/2023 23:15,8415
2/3/2023 23:15,9336
2/3/2023 23:16,8460
2/3/2023 23:16,8627
2/3/2023 23:17,8670
2/3/2023 23:17,8457
2/3/2023 23:18,8526
2/3/2023 23:19,9118
2/3/2023 23:19,8170
2/3/2023 23:20,8670
2/3/2023 23:20,9432
2/3/2023 23:21,9008
2/3/2023 23:21,8627
2/3/2023 23:22,8895
2/3/2023 23:22,8843
2/3/2023 23:23,8742
2/3/2023 23:23,8742
2/3/2023 23:24,8457
2/3/2023 23:24,9465
2/3/2023 23:25,8726
2/3/2023 23:25,8469
2/3/2023 23:26,9288
2/3/2023 23:26,8874
2/3/2023 23:27,8457
2/3/2023 23:27,8442
2/3/2023 23:28,8596
2/3/2023 23:28,8786
2/3/2023 23:29,8742
2/3/2023 23:29,9352
2/3/2023 23:30,9148
2/3/2023 23:30,9481
2/3/2023 23:31,9320
2/3/2023 23:31,9071
2/3/2023 23:32,8511
2/3/2023 23:32,8995
2/3/2023 23:33,8318
2/3/2023 23:33,9304
2/3/2023 23:34,8541
2/3/2023 23:34,8584
2/3/2023 23:35,8933
2/3/2023 23:35,8757
2/3/2023 23:36,8729
2/3/2023 23:36,9273
2/3/2023 23:37,9010
2/3/2023 23:37,9241
2/3/2023 23:38,8442
2/3/2023 23:38,8980
2/3/2023 23:39,8670
2/3/2023 23:39,8786
2/3/2023 23:40,8698
2/3/2023 23:40,9712
2/3/2023 23:41,8980
2/3/2023 23:41,9040
2/3/2023 23:42,8457
2/3/2023 23:42,8539
2/3/2023 23:43,8587
2/3/2023 23:43,9148
2/3/2023 23:44,8642
2/3/2023 23:44,8949
2/3/2023 23:45,8556
2/3/2023 23:46,9257
2/3/2023 23:46,8541
2/3/2023 23:47,8409
2/3/2023 23:47,8670
2/3/2023 23:48,8415
2/3/2023 23:48,8457
2/3/2023 23:49,9194
2/3/2023 23:49,9055
2/3/2023 23:50,8772
2/3/2023 23:50,8757
2/3/2023 23:51,8726
2/3/2023 23:51,8347
2/3/2023 23:52,8670
2/3/2023 23:52,8668
2/3/2023 23:53,8487
2/3/2023 23:53,9384
2/3/2023 23:54,8612
2/3/2023 23:54,9400
2/3/2023 23:55,8556
2/3/2023 23:55,8980
2/3/2023 23:56,9132
2/3/2023 23:56,8933
2/3/2023 23:57,8801
2/3/2023 23:57,8742
2/3/2023 23:58,8511
2/3/2023 23:58,8670
2/3/2023 23:59,8964
2/3/2023 23:59,9086
2/4/2023 0:00,8799
2/4/2023 0:00,9384
2/4/2023 0:01,8711
2/4/2023 0:01,8801
2/4/2023 0:02,9148
2/4/2023 0:02,8539
2/4/2023 0:03,9513
2/4/2023 0:03,8332
2/4/2023 0:04,8729
2/4/2023 0:04,8830
2/4/2023 0:05,8457
2/4/2023 0:05,8415
2/4/2023 0:06,8236
2/4/2023 0:06,8949
2/4/2023 0:07,8612
2/4/2023 0:07,8801
2/4/2023 0:08,8359
2/4/2023 0:08,9210
2/4/2023 0:09,9210
2/4/2023 0:09,8670
2/4/2023 0:10,8612
2/4/2023 0:10,8484
2/4/2023 0:11,8713
2/4/2023 0:12,9010
2/4/2023 0:12,8874
2/4/2023 0:13,8332
2/4/2023 0:13,8713
2/4/2023 0:14,8670
2/4/2023 0:14,8935
2/4/2023 0:15,9336
2/4/2023 0:15,8655
2/4/2023 0:16,8890
2/4/2023 0:16,8861
2/4/2023 0:17,8400
2/4/2023 0:17,9179
2/4/2023 0:18,8786
2/4/2023 0:18,8499
2/4/2023 0:19,8698
2/4/2023 0:19,8786
2/4/2023 0:20,8740
2/4/2023 0:20,8457
2/4/2023 0:21,8484
2/4/2023 0:21,8332
2/4/2023 0:22,8499
2/4/2023 0:22,9368
2/4/2023 0:23,9304
2/4/2023 0:23,8740
2/4/2023 0:24,8801
2/4/2023 0:24,8980
2/4/2023 0:25,8554
2/4/2023 0:25,9497
2/4/2023 0:26,8713
2/4/2023 0:26,8400
2/4/2023 0:27,8306
2/4/2023 0:27,9320
2/4/2023 0:28,8236
2/4/2023 0:28,8457
2/4/2023 0:29,8713
2/4/2023 0:29,8196
2/4/2023 0:30,8845
2/4/2023 0:30,9180
2/4/2023 0:31,8843
2/4/2023 0:31,8442
2/4/2023 0:32,9416
2/4/2023 0:32,8569
2/4/2023 0:33,8742
2/4/2023 0:33,8874
2/4/2023 0:34,8742
2/4/2023 0:34,8786
2/4/2023 0:35,9352
2/4/2023 0:35,9148
2/4/2023 0:36,8770
2/4/2023 0:36,8698
2/4/2023 0:37,8400
2/4/2023 0:37,8262
2/4/2023 0:38,8801
2/4/2023 0:39,8919
2/4/2023 0:39,8786
2/4/2023 0:40,8526
2/4/2023 0:40,8596
2/4/2023 0:41,8668
2/4/2023 0:41,8726
2/4/2023 0:42,8742
2/4/2023 0:42,9352
2/4/2023 0:43,8888
2/4/2023 0:43,8683
2/4/2023 0:44,9241
2/4/2023 0:44,9089
2/4/2023 0:45,8683
2/4/2023 0:45,8919
2/4/2023 0:46,8526
2/4/2023 0:46,8539
2/4/2023 0:47,8639
2/4/2023 0:47,9040
2/4/2023 0:48,8755
2/4/2023 0:48,8698
2/4/2023 0:49,8711
2/4/2023 0:49,9513
2/4/2023 0:50,8978
2/4/2023 0:50,9116
2/4/2023 0:51,8683
2/4/2023 0:51,9055
2/4/2023 0:52,8857
2/4/2023 0:52,8816
2/4/2023 0:53,8554
2/4/2023 0:53,9148
2/4/2023 0:54,8581
2/4/2023 0:54,8843
2/4/2023 0:55,8683
2/4/2023 0:55,8412
2/4/2023 0:56,8624
2/4/2023 0:56,8569
2/4/2023 0:57,8657
2/4/2023 0:57,8964
2/4/2023 0:58,9320
2/4/2023 0:58,8755
2/4/2023 0:59,8624
2/4/2023 0:59,8904
2/4/2023 1:00,8554
2/4/2023 1:00,8277
2/4/2023 1:01,9225
2/4/2023 1:01,9024
2/4/2023 1:02,8318
2/4/2023 1:02,8952
2/4/2023 1:03,8814
2/4/2023 1:03,9101
2/4/2023 1:04,8830
2/4/2023 1:04,9465
2/4/2023 1:05,8412
2/4/2023 1:06,8964
2/4/2023 1:06,9481
2/4/2023 1:07,9070
2/4/2023 1:07,8484
2/4/2023 1:08,8639
2/4/2023 1:08,8726
2/4/2023 1:09,8828
2/4/2023 1:09,8569
2/4/2023 1:10,8539
2/4/2023 1:10,8400
2/4/2023 1:11,8755
2/4/2023 1:11,8596
2/4/2023 1:12,9400
2/4/2023 1:12,8577
2/4/2023 1:13,8711
2/4/2023 1:13,9132
2/4/2023 1:14,8344
2/4/2023 1:14,8596
2/4/2023 1:15,8609
2/4/2023 1:15,8668
2/4/2023 1:16,8496
2/4/2023 1:16,9465
2/4/2023 1:17,8523
2/4/2023 1:17,8596
2/4/2023 1:18,8683
2/4/2023 1:18,8683
2/4/2023 1:19,9400
2/4/2023 1:19,8288
2/4/2023 1:20,8207
2/4/2023 1:20,8639
2/4/2023 1:21,9055
2/4/2023 1:21,9116
2/4/2023 1:22,9611
2/4/2023 1:22,8469
2/4/2023 1:23,8859
2/4/2023 1:23,8799
2/4/2023 1:24,8469
2/4/2023 1:24,8581
2/4/2023 1:25,9416
2/4/2023 1:25,8799
2/4/2023 1:26,9100
2/4/2023 1:26,9010
2/4/2023 1:27,8890
2/4/2023 1:27,8668
2/4/2023 1:28,8554
2/4/2023 1:28,8814
2/4/2023 1:29,8655
2/4/2023 1:29,8994
2/4/2023 1:30,8637
2/4/2023 1:30,8814
2/4/2023 1:31,8511
2/4/2023 1:31,8770
2/4/2023 1:32,8639
2/4/2023 1:33,8726
2/4/2023 1:33,8612
2/4/2023 1:34,8556
2/4/2023 1:34,8726
2/4/2023 1:35,9100
2/4/2023 1:35,8511
2/4/2023 1:36,8554
2/4/2023 1:36,8356
2/4/2023 1:37,9563
2/4/2023 1:37,8469
2/4/2023 1:38,8412
2/4/2023 1:38,8207
2/4/2023 1:39,8629
2/4/2023 1:39,8668
2/4/2023 1:40,8814
2/4/2023 1:40,8554
2/4/2023 1:41,8627
2/4/2023 1:41,8639
2/4/2023 1:42,9163
2/4/2023 1:42,9024
2/4/2023 1:43,8755
2/4/2023 1:43,8526
2/4/2023 1:44,8978
2/4/2023 1:44,9086
2/4/2023 1:45,9132
2/4/2023 1:45,8888
2/4/2023 1:46,9646
2/4/2023 1:46,8166
2/4/2023 1:47,9178
2/4/2023 1:47,8655
2/4/2023 1:48,8814
2/4/2023 1:48,8949
2/4/2023 1:49,8978
2/4/2023 1:49,8454
2/4/2023 1:50,9513
2/4/2023 1:50,9448
2/4/2023 1:51,8427
2/4/2023 1:51,8569
2/4/2023 1:52,9163
2/4/2023 1:52,8933
2/4/2023 1:53,8385
2/4/2023 1:53,8639
2/4/2023 1:54,8919
2/4/2023 1:54,9513
2/4/2023 1:55,9320
2/4/2023 1:55,8439
2/4/2023 1:56,8344
2/4/2023 1:56,8742
2/4/2023 1:57,9008
2/4/2023 1:57,9070
2/4/2023 1:58,8511
2/4/2023 1:58,9400
2/4/2023 1:59,9086
2/4/2023 2:00,8442
2/4/2023 2:00,9763
2/4/2023 2:01,8639
2/4/2023 2:01,8859
2/4/2023 2:02,8799
2/4/2023 2:02,8859
2/4/2023 2:03,8803
2/4/2023 2:03,9116
2/4/2023 2:04,8652
2/4/2023 2:04,9352
2/4/2023 2:05,8757
2/4/2023 2:05,9400
2/4/2023 2:06,9384
2/4/2023 2:06,8726
2/4/2023 2:07,8581
2/4/2023 2:07,8950
2/4/2023 2:08,9497
2/4/2023 2:08,9546
2/4/2023 2:09,8711
2/4/2023 2:09,9178
2/4/2023 2:10,9040
2/4/2023 2:10,9432
2/4/2023 2:11,8786
2/4/2023 2:11,8726
2/4/2023 2:12,8639
2/4/2023 2:12,9384
2/4/2023 2:13,9040
2/4/2023 2:13,9531
2/4/2023 2:14,9209
2/4/2023 2:14,8606
2/4/2023 2:15,9163
2/4/2023 2:15,10057
2/4/2023 2:16,8539
2/4/2023 2:16,9257
2/4/2023 2:17,8581
2/4/2023 2:17,8726
2/4/2023 2:18,8814
2/4/2023 2:18,8770
2/4/2023 2:19,9596
2/4/2023 2:19,8828
2/4/2023 2:20,8949
2/4/2023 2:20,8878
2/4/2023 2:21,9400
2/4/2023 2:21,8496
2/4/2023 2:22,8859
2/4/2023 2:22,8496
2/4/2023 2:23,8933
2/4/2023 2:23,9400
2/4/2023 2:24,8711
2/4/2023 2:24,8874
2/4/2023 2:25,9209
2/4/2023 2:26,8772
2/4/2023 2:26,9070
2/4/2023 2:27,8683
2/4/2023 2:27,9273
2/4/2023 2:28,8539
2/4/2023 2:28,8978
2/4/2023 2:29,8770
2/4/2023 2:29,8711
2/4/2023 2:30,8933
2/4/2023 2:30,8683
2/4/2023 2:31,8554
2/4/2023 2:31,8935
2/4/2023 2:32,8949
2/4/2023 2:32,8711
2/4/2023 2:33,9546
2/4/2023 2:33,8726
2/4/2023 2:34,8843
2/4/2023 2:34,9257
2/4/2023 2:35,8711
2/4/2023 2:35,8596
2/4/2023 2:36,9007
2/4/2023 2:36,9116
2/4/2023 2:37,8652
2/4/2023 2:37,8511
2/4/2023 2:38,8481
2/4/2023 2:38,8566
2/4/2023 2:39,9225
2/4/2023 2:39,8668
2/4/2023 2:40,8859
2/4/2023 2:40,9448
2/4/2023 2:41,8726
2/4/2023 2:41,8385
2/4/2023 2:42,8711
2/4/2023 2:42,9320
2/4/2023 2:43,8814
2/4/2023 2:43,9883
2/4/2023 2:44,8460
2/4/2023 2:44,8888
2/4/2023 2:45,8454
2/4/2023 2:45,9304
2/4/2023 2:46,9400
2/4/2023 2:46,8978
2/4/2023 2:47,9257
2/4/2023 2:47,8581
2/4/2023 2:48,8843
2/4/2023 2:48,8888
2/4/2023 2:49,9546
2/4/2023 2:49,8755
2/4/2023 2:50,8288
2/4/2023 2:50,9384
2/4/2023 2:51,8439
2/4/2023 2:51,9178
2/4/2023 2:52,8581
2/4/2023 2:53,8843
2/4/2023 2:53,8755
2/4/2023 2:54,8799
2/4/2023 2:54,8711
2/4/2023 2:55,8652
2/4/2023 2:55,8484
2/4/2023 2:56,8711
2/4/2023 2:56,8683
2/4/2023 2:57,8933
2/4/2023 2:57,8481
2/4/2023 2:58,8726
2/4/2023 2:58,8466
2/4/2023 2:59,8770
2/4/2023 2:59,8799
2/4/2023 3:00,8581
2/4/2023 3:00,9241
2/4/2023 3:01,8318
2/4/2023 3:01,8624
2/4/2023 3:02,8594
2/4/2023 3:02,9513
2/4/2023 3:03,8007
2/4/2023 3:03,8755
2/4/2023 3:04,8581
2/4/2023 3:04,8828
2/4/2023 3:05,8166
2/4/2023 3:05,8799
2/4/2023 3:06,8755
2/4/2023 3:06,8933
2/4/2023 3:07,8933
2/4/2023 3:07,9116
2/4/2023 3:08,8609
2/4/2023 3:08,8539
2/4/2023 3:09,8670
2/4/2023 3:09,8843
2/4/2023 3:10,8755
2/4/2023 3:10,8370
2/4/2023 3:11,8770
2/4/2023 3:11,8606
2/4/2023 3:12,7949
2/4/2023 3:12,8711
2/4/2023 3:13,8873
2/4/2023 3:13,8755
2/4/2023 3:14,9257
2/4/2023 3:14,9116
2/4/2023 3:15,8496
2/4/2023 3:15,9546
2/4/2023 3:16,8539
2/4/2023 3:16,9070
2/4/2023 3:17,9746
2/4/2023 3:17,8356
2/4/2023 3:18,9194
2/4/2023 3:18,8668
2/4/2023 3:19,8843
2/4/2023 3:20,8859
2/4/2023 3:20,8581
2/4/2023 3:21,9400
2/4/2023 3:21,8711
2/4/2023 3:22,8668
2/4/2023 3:22,8888
2/4/2023 3:23,8826
2/4/2023 3:23,8947
2/4/2023 3:24,8624
2/4/2023 3:24,8918
2/4/2023 3:25,8596
2/4/2023 3:25,8973
2/4/2023 3:26,9100
2/4/2023 3:26,8828
2/4/2023 3:27,8539
2/4/2023 3:27,9514
2/4/2023 3:28,9241
2/4/2023 3:28,8849
2/4/2023 3:29,8888
2/4/2023 3:29,8668
2/4/2023 3:30,8624
2/4/2023 3:30,8696
2/4/2023 3:31,9147
2/4/2023 3:31,8439
2/4/2023 3:32,8843
2/4/2023 3:32,9024
2/4/2023 3:33,9368
2/4/2023 3:33,8843
2/4/2023 3:34,9352
2/4/2023 3:34,8539
2/4/2023 3:35,8711
2/4/2023 3:35,8902
2/4/2023 3:36,8918
2/4/2023 3:36,8755
2/4/2023 3:37,9352
2/4/2023 3:37,9352
2/4/2023 3:38,9163
2/4/2023 3:38,8551
2/4/2023 3:39,8813
2/4/2023 3:39,8740
2/4/2023 3:40,8978
2/4/2023 3:40,8554
2/4/2023 3:41,8581
2/4/2023 3:41,9646
2/4/2023 3:42,9116
2/4/2023 3:42,8784
2/4/2023 3:43,8454
2/4/2023 3:43,9116
2/4/2023 3:44,8768
2/4/2023 3:44,9147
2/4/2023 3:45,8813
2/4/2023 3:45,9116
2/4/2023 3:46,8755
2/4/2023 3:47,8963
2/4/2023 3:47,8536
2/4/2023 3:48,8385
2/4/2023 3:48,9400
2/4/2023 3:49,9257
2/4/2023 3:49,8451
2/4/2023 3:50,8755
2/4/2023 3:50,8799
2/4/2023 3:51,9024
2/4/2023 3:51,8859
2/4/2023 3:52,8624
2/4/2023 3:52,8755
2/4/2023 3:53,9224
2/4/2023 3:53,8711
2/4/2023 3:54,8693
2/4/2023 3:54,8799
2/4/2023 3:55,9432
2/4/2023 3:55,9024
2/4/2023 3:56,8496
2/4/2023 3:56,9040
2/4/2023 3:57,8799
2/4/2023 3:57,8755
2/4/2023 3:58,8843
2/4/2023 3:58,8496
2/4/2023 3:59,8786
2/4/2023 3:59,9194
2/4/2023 4:00,9971
2/4/2023 4:00,9513
2/4/2023 4:01,9832
2/4/2023 4:01,8786
2/4/2023 4:02,8904
2/4/2023 4:02,8828
2/4/2023 4:03,8609
2/4/2023 4:03,8904
2/4/2023 4:04,8594
2/4/2023 4:04,8624
2/4/2023 4:05,8799
2/4/2023 4:05,8696
2/4/2023 4:06,9288
2/4/2023 4:06,8627
2/4/2023 4:07,9513
2/4/2023 4:07,9070
2/4/2023 4:08,8799
2/4/2023 4:08,8596
2/4/2023 4:09,8635
2/4/2023 4:09,8273
2/4/2023 4:10,8177
2/4/2023 4:10,8698
2/4/2023 4:11,9085
2/4/2023 4:11,8637
2/4/2023 4:12,9194
2/4/2023 4:12,9272
2/4/2023 4:13,8740
2/4/2023 4:14,8696
2/4/2023 4:14,8755
2/4/2023 4:15,8963
2/4/2023 4:15,8696
2/4/2023 4:16,9530
2/4/2023 4:16,8753
2/4/2023 4:17,9163
2/4/2023 4:17,9352
2/4/2023 4:18,8978
2/4/2023 4:18,8799
2/4/2023 4:19,8784
2/4/2023 4:19,9336
2/4/2023 4:20,9530
2/4/2023 4:20,9304
2/4/2023 4:21,9530
2/4/2023 4:21,9498
2/4/2023 4:22,8784
2/4/2023 4:22,9256
2/4/2023 4:23,9147
2/4/2023 4:23,8918
2/4/2023 4:24,8784
2/4/2023 4:24,8668
2/4/2023 4:25,9696
2/4/2023 4:25,8740
2/4/2023 4:26,9400
2/4/2023 4:26,9288
2/4/2023 4:27,8724
2/4/2023 4:27,8273
2/4/2023 4:28,8511
2/4/2023 4:28,8933
2/4/2023 4:29,9054
2/4/2023 4:29,9352
2/4/2023 4:30,8799
2/4/2023 4:30,8755
2/4/2023 4:31,9241
2/4/2023 4:31,9497
2/4/2023 4:32,8329
2/4/2023 4:32,8539
2/4/2023 4:33,9100
2/4/2023 4:33,9209
2/4/2023 4:34,8888
2/4/2023 4:34,8696
2/4/2023 4:35,9352
2/4/2023 4:35,8624
2/4/2023 4:36,9257
2/4/2023 4:36,8668
2/4/2023 4:37,8888
2/4/2023 4:37,8624
2/4/2023 4:38,9040
2/4/2023 4:38,8918
2/4/2023 4:39,8668
2/4/2023 4:39,9368
2/4/2023 4:40,8755
2/4/2023 4:41,8784
2/4/2023 4:41,9530
2/4/2023 4:42,8933
2/4/2023 4:42,8711
2/4/2023 4:43,8711
2/4/2023 4:43,8784
2/4/2023 4:44,8724
2/4/2023 4:44,8496
2/4/2023 4:45,9746
2/4/2023 4:45,8843
2/4/2023 4:46,8813
2/4/2023 4:46,8496
2/4/2023 4:47,9100
2/4/2023 4:47,8947
2/4/2023 4:48,8740
2/4/2023 4:48,8797
2/4/2023 4:49,8873
2/4/2023 4:49,8963
2/4/2023 4:50,8581
2/4/2023 4:50,9225
2/4/2023 4:51,8918
2/4/2023 4:51,8232
2/4/2023 4:52,9011
2/4/2023 4:52,8919
2/4/2023 4:53,9148
2/4/2023 4:53,8696
2/4/2023 4:54,8799
2/4/2023 4:54,8918
2/4/2023 4:55,8859
2/4/2023 4:55,8696
2/4/2023 4:56,9352
2/4/2023 4:56,8888
2/4/2023 4:57,8696
2/4/2023 4:57,8873
2/4/2023 4:58,8469
2/4/2023 4:58,8784
2/4/2023 4:59,9115
2/4/2023 4:59,8596
2/4/2023 5:00,8680
2/4/2023 5:00,8828
2/4/2023 5:01,9177
2/4/2023 5:01,8799
2/4/2023 5:02,9038
2/4/2023 5:02,9663
2/4/2023 5:03,9008
2/4/2023 5:03,9448
2/4/2023 5:04,9024
2/4/2023 5:04,8581
2/4/2023 5:05,8711
2/4/2023 5:05,9288
2/4/2023 5:06,8652
2/4/2023 5:06,9320
2/4/2023 5:07,8873
2/4/2023 5:08,8978
2/4/2023 5:08,8680
2/4/2023 5:09,8711
2/4/2023 5:09,9384
2/4/2023 5:10,8711
2/4/2023 5:10,9432
2/4/2023 5:11,8933
2/4/2023 5:11,8843
2/4/2023 5:12,8873
2/4/2023 5:12,9024
2/4/2023 5:13,9384
2/4/2023 5:13,9070
2/4/2023 5:14,8813
2/4/2023 5:14,9448
2/4/2023 5:15,8696
2/4/2023 5:15,8740
2/4/2023 5:16,9596
2/4/2023 5:16,9320
2/4/2023 5:17,9448
2/4/2023 5:17,8680
2/4/2023 5:18,9008
2/4/2023 5:18,8843
2/4/2023 5:19,9116
2/4/2023 5:19,8828
2/4/2023 5:20,8668
2/4/2023 5:20,9596
2/4/2023 5:21,8799
2/4/2023 5:21,8680
2/4/2023 5:22,9847
2/4/2023 5:22,9514
2/4/2023 5:23,8496
2/4/2023 5:23,9400
2/4/2023 5:24,8888
2/4/2023 5:24,8696
2/4/2023 5:25,9209
2/4/2023 5:25,8356
2/4/2023 5:26,9530
2/4/2023 5:26,8843
2/4/2023 5:27,8523
2/4/2023 5:27,8919
2/4/2023 5:28,9038
2/4/2023 5:28,9432
2/4/2023 5:29,8888
2/4/2023 5:29,9336
2/4/2023 5:30,9178
2/4/2023 5:30,8637
2/4/2023 5:31,8918
2/4/2023 5:31,9530
2/4/2023 5:32,8857
2/4/2023 5:32,8724
2/4/2023 5:33,8314
2/4/2023 5:33,9336
2/4/2023 5:34,9513
2/4/2023 5:35,8828
2/4/2023 5:35,8857
2/4/2023 5:36,9117
2/4/2023 5:36,9100
2/4/2023 5:37,8873
2/4/2023 5:37,8993
2/4/2023 5:38,8724
2/4/2023 5:38,8768
2/4/2023 5:39,9336
2/4/2023 5:39,8652
2/4/2023 5:40,9194
2/4/2023 5:40,8933
2/4/2023 5:41,8963
2/4/2023 5:41,8740
2/4/2023 5:42,8828
2/4/2023 5:42,8828
2/4/2023 5:43,8740
2/4/2023 5:43,8933
2/4/2023 5:44,9100
2/4/2023 5:44,9613
2/4/2023 5:45,9178
2/4/2023 5:45,8947
2/4/2023 5:46,9697
2/4/2023 5:46,9336
2/4/2023 5:47,9008
2/4/2023 5:47,9116
2/4/2023 5:48,9147
2/4/2023 5:48,8873
2/4/2023 5:49,9209
2/4/2023 5:49,9596
2/4/2023 5:50,9054
2/4/2023 5:50,8314
2/4/2023 5:51,8978
2/4/2023 5:51,9008
2/4/2023 5:52,8609
2/4/2023 5:52,9225
2/4/2023 5:53,9563
2/4/2023 5:53,9131
2/4/2023 5:54,8696
2/4/2023 5:54,9432
2/4/2023 5:55,9465
2/4/2023 5:55,9288
2/4/2023 5:56,8740
2/4/2023 5:56,8637
2/4/2023 5:57,8977
2/4/2023 5:57,9480
2/4/2023 5:58,9054
2/4/2023 5:58,9070
2/4/2023 5:59,9416
2/4/2023 5:59,8594
2/4/2023 6:00,9225
2/4/2023 6:00,9147
2/4/2023 6:01,8724
2/4/2023 6:02,8902
2/4/2023 6:02,9116
2/4/2023 6:03,9008
2/4/2023 6:03,8873
2/4/2023 6:04,8993
2/4/2023 6:04,9085
2/4/2023 6:05,9147
2/4/2023 6:05,8740
2/4/2023 6:06,9481
2/4/2023 6:06,9815
2/4/2023 6:07,9481
2/4/2023 6:07,9481
2/4/2023 6:08,8813
2/4/2023 6:08,8918
2/4/2023 6:09,9288
2/4/2023 6:09,9647
2/4/2023 6:10,9225
2/4/2023 6:10,9241
2/4/2023 6:11,8949
2/4/2023 6:11,9241
2/4/2023 6:12,8652
2/4/2023 6:12,9304
2/4/2023 6:13,9194
2/4/2023 6:13,8993
2/4/2023 6:14,8799
2/4/2023 6:14,9100
2/4/2023 6:15,8963
2/4/2023 6:15,9100
2/4/2023 6:16,9178
2/4/2023 6:16,9613
2/4/2023 6:17,9209
2/4/2023 6:17,8784
2/4/2023 6:18,9100
2/4/2023 6:18,9012
2/4/2023 6:19,9497
2/4/2023 6:19,8828
2/4/2023 6:20,8740
2/4/2023 6:20,9320
2/4/2023 6:21,8232
2/4/2023 6:21,9336
2/4/2023 6:22,9023
2/4/2023 6:22,9432
2/4/2023 6:23,8711
2/4/2023 6:23,8624
2/4/2023 6:24,9272
2/4/2023 6:24,9613
2/4/2023 6:25,9241
2/4/2023 6:25,9352
2/4/2023 6:26,8566
2/4/2023 6:26,9131
2/4/2023 6:27,9225
2/4/2023 6:27,8784
2/4/2023 6:28,8993
2/4/2023 6:29,8902
2/4/2023 6:29,9054
2/4/2023 6:30,8652
2/4/2023 6:30,8905
2/4/2023 6:31,8828
2/4/2023 6:31,8828
2/4/2023 6:32,9530
2/4/2023 6:32,9400
2/4/2023 6:33,9288
2/4/2023 6:33,9465
2/4/2023 6:34,9580
2/4/2023 6:34,9085
2/4/2023 6:35,9241
2/4/2023 6:35,9209
2/4/2023 6:36,8724
2/4/2023 6:36,9257
2/4/2023 6:37,9147
2/4/2023 6:37,8341
2/4/2023 6:38,9194
2/4/2023 6:38,9971
2/4/2023 6:39,9100
2/4/2023 6:39,9256
2/4/2023 6:40,9288
2/4/2023 6:40,9580
2/4/2023 6:41,9134
2/4/2023 6:41,9320
2/4/2023 6:42,9131
2/4/2023 6:42,9384
2/4/2023 6:43,9481
2/4/2023 6:43,9336
2/4/2023 6:44,9288
2/4/2023 6:44,9100
2/4/2023 6:45,8427
2/4/2023 6:45,9400
2/4/2023 6:46,9257
2/4/2023 6:46,9257
2/4/2023 6:47,9432
2/4/2023 6:47,9384
2/4/2023 6:48,9400
2/4/2023 6:48,9679
2/4/2023 6:49,9288
2/4/2023 6:49,8609
2/4/2023 6:50,9225
2/4/2023 6:50,9580
2/4/2023 6:51,8993
2/4/2023 6:51,8993
2/4/2023 6:52,8828
2/4/2023 6:52,9416
2/4/2023 6:53,9288
2/4/2023 6:53,9400
2/4/2023 6:54,9194
2/4/2023 6:55,9131
2/4/2023 6:55,8813
2/4/2023 6:56,9629
2/4/2023 6:56,9432
2/4/2023 6:57,8581
2/4/2023 6:57,8828
2/4/2023 6:58,9225
2/4/2023 6:58,9209
2/4/2023 6:59,8963
2/4/2023 6:59,8650
2/4/2023 7:00,9530
2/4/2023 7:00,8932
2/4/2023 7:01,9384
2/4/2023 7:01,9085
2/4/2023 7:02,9240
2/4/2023 7:02,9288
2/4/2023 7:03,9100
2/4/2023 7:03,9037
2/4/2023 7:04,8314
2/4/2023 7:04,8963
2/4/2023 7:05,9178
2/4/2023 7:05,9320
2/4/2023 7:06,8993
2/4/2023 7:06,8813
2/4/2023 7:07,9131
2/4/2023 7:07,8978
2/4/2023 7:08,9163
2/4/2023 7:08,8918
2/4/2023 7:09,8918
2/4/2023 7:09,9241
2/4/2023 7:10,8918
2/4/2023 7:10,8977
2/4/2023 7:11,8696
2/4/2023 7:11,8963
2/4/2023 7:12,9194
2/4/2023 7:12,9530
2/4/2023 7:13,9068
2/4/2023 7:13,8993
2/4/2023 7:14,9054
2/4/2023 7:14,8902
2/4/2023 7:15,9163
2/4/2023 7:15,9086
2/4/2023 7:16,9008
2/4/2023 7:16,9038
2/4/2023 7:17,8466
2/4/2023 7:17,8902
2/4/2023 7:18,9008
2/4/2023 7:18,9100
2/4/2023 7:19,8963
2/4/2023 7:19,8784
2/4/2023 7:20,9336
2/4/2023 7:20,8581
2/4/2023 7:21,9131
2/4/2023 7:22,9194
2/4/2023 7:22,8918
2/4/2023 7:23,9320
2/4/2023 7:23,9070
2/4/2023 7:24,9147
2/4/2023 7:24,8609
2/4/2023 7:25,9530
2/4/2023 7:25,9131
2/4/2023 7:26,9194
2/4/2023 7:26,8963
2/4/2023 7:27,8993
2/4/2023 7:27,8412
2/4/2023 7:28,9257
2/4/2023 7:28,9116
2/4/2023 7:29,9209
2/4/2023 7:29,9241
2/4/2023 7:30,9400
2/4/2023 7:30,9054
2/4/2023 7:31,9288
2/4/2023 7:31,9100
2/4/2023 7:32,8857
2/4/2023 7:32,9241
2/4/2023 7:33,9273
2/4/2023 7:33,9257
2/4/2023 7:34,8740
2/4/2023 7:34,9209
2/4/2023 7:35,8397
2/4/2023 7:35,9194
2/4/2023 7:36,8799
2/4/2023 7:36,8978
2/4/2023 7:37,9054
2/4/2023 7:37,9024
2/4/2023 7:38,9629
2/4/2023 7:38,9070
2/4/2023 7:39,9147
2/4/2023 7:39,9147
2/4/2023 7:40,9038
2/4/2023 7:40,9352
2/4/2023 7:41,9304
2/4/2023 7:41,9054
2/4/2023 7:42,9163
2/4/2023 7:42,9432
2/4/2023 7:43,9024
2/4/2023 7:43,8843
2/4/2023 7:44,8496
2/4/2023 7:44,9320
2/4/2023 7:45,8843
2/4/2023 7:45,9465
2/4/2023 7:46,9070
2/4/2023 7:46,9194
2/4/2023 7:47,9257
2/4/2023 7:47,9100
2/4/2023 7:48,9194
2/4/2023 7:49,9273
2/4/2023 7:49,9530
2/4/2023 7:50,9209
2/4/2023 7:50,9730
2/4/2023 7:51,9210
2/4/2023 7:51,8696
2/4/2023 7:52,9070
2/4/2023 7:52,8888
2/4/2023 7:53,8711
2/4/2023 7:53,9132
2/4/2023 7:54,9086
2/4/2023 7:54,9070
2/4/2023 7:55,9163
2/4/2023 7:55,9116
2/4/2023 7:56,8888
2/4/2023 7:56,8904
2/4/2023 7:57,9257
2/4/2023 7:57,9209
2/4/2023 7:58,9257
2/4/2023 7:58,8933
2/4/2023 7:59,9304
2/4/2023 7:59,8843
2/4/2023 8:00,9194
2/4/2023 8:00,8993
2/4/2023 8:01,8740
2/4/2023 8:01,9163
2/4/2023 8:02,9116
2/4/2023 8:02,8469
2/4/2023 8:03,9225
2/4/2023 8:03,8978
2/4/2023 8:04,9086
2/4/2023 8:04,9070
2/4/2023 8:05,8711
2/4/2023 8:05,9148
2/4/2023 8:06,9257
2/4/2023 8:06,9179
2/4/2023 8:07,9257
2/4/2023 8:07,8918
2/4/2023 8:08,8873
2/4/2023 8:08,9257
2/4/2023 8:09,8918
2/4/2023 8:09,8166
2/4/2023 8:10,8799
2/4/2023 8:10,9336
2/4/2023 8:11,9163
2/4/2023 8:11,9304
2/4/2023 8:12,9086
2/4/2023 8:12,7939
2/4/2023 8:13,8639
2/4/2023 8:13,9116
2/4/2023 8:14,9055
2/4/2023 8:14,9085
2/4/2023 8:15,8740
2/4/2023 8:16,9147
2/4/2023 8:16,8344
2/4/2023 8:17,8755
2/4/2023 8:17,8262
2/4/2023 8:18,8382
2/4/2023 8:18,9580
2/4/2023 8:19,9163
2/4/2023 8:19,8770
2/4/2023 8:20,9679
2/4/2023 8:20,9449
2/4/2023 8:21,9596
2/4/2023 8:21,9352
2/4/2023 8:22,8284
2/4/2023 8:22,9070
2/4/2023 8:23,9024
2/4/2023 8:23,8181
2/4/2023 8:24,9086
2/4/2023 8:24,9629
2/4/2023 8:25,9352
2/4/2023 8:25,9086
2/4/2023 8:26,9352
2/4/2023 8:26,9225
2/4/2023 8:27,9040
2/4/2023 8:27,9100
2/4/2023 8:28,8288
2/4/2023 8:28,9696
2/4/2023 8:29,9024
2/4/2023 8:29,9400
2/4/2023 8:30,9900
2/4/2023 8:30,8668
2/4/2023 8:31,9416
2/4/2023 8:31,9024
2/4/2023 8:32,9416
2/4/2023 8:32,8933
2/4/2023 8:33,9055
2/4/2023 8:33,8873
2/4/2023 8:34,9384
2/4/2023 8:34,8933
2/4/2023 8:35,9012
2/4/2023 8:35,9746
2/4/2023 8:36,8949
2/4/2023 8:36,9546
2/4/2023 8:37,8454
2/4/2023 8:37,9546
2/4/2023 8:38,9040
2/4/2023 8:38,9209
2/4/2023 8:39,8859
2/4/2023 8:39,9304
2/4/2023 8:40,8581
2/4/2023 8:40,9194
2/4/2023 8:41,9070
2/4/2023 8:41,8859
2/4/2023 8:42,8978
2/4/2023 8:43,8873
2/4/2023 8:43,9352
2/4/2023 8:44,8859
2/4/2023 8:44,8755
2/4/2023 8:45,8949
2/4/2023 8:45,8949
2/4/2023 8:46,9448
2/4/2023 8:46,8726
2/4/2023 8:47,8755
2/4/2023 8:47,9040
2/4/2023 8:48,8740
2/4/2023 8:48,8978
2/4/2023 8:49,9368
2/4/2023 8:49,9745
2/4/2023 8:50,8799
2/4/2023 8:50,9288
2/4/2023 8:51,9024
2/4/2023 8:51,9352
2/4/2023 8:52,9070
2/4/2023 8:52,8670
2/4/2023 8:53,8904
2/4/2023 8:53,8963
2/4/2023 8:54,8949
2/4/2023 8:54,8904
2/4/2023 8:55,9513
2/4/2023 8:55,9225
2/4/2023 8:56,8994
2/4/2023 8:56,9178
2/4/2023 8:57,8232
2/4/2023 8:57,8523
2/4/2023 8:58,8022
2/4/2023 8:58,9273
2/4/2023 8:59,8980
2/4/2023 8:59,9101
2/4/2023 9:00,9273
2/4/2023 9:00,8770
2/4/2023 9:01,9086
2/4/2023 9:01,8770
2/4/2023 9:02,8859
2/4/2023 9:02,8814
2/4/2023 9:03,9056
2/4/2023 9:03,8994
2/4/2023 9:04,8639
2/4/2023 9:04,9116
2/4/2023 9:05,8668
2/4/2023 9:05,8726
2/4/2023 9:06,9448
2/4/2023 9:06,9086
2/4/2023 9:07,8454
2/4/2023 9:07,9465
2/4/2023 9:08,9225
2/4/2023 9:08,8742
2/4/2023 9:09,9273
2/4/2023 9:10,9225
2/4/2023 9:10,9368
2/4/2023 9:11,8904
2/4/2023 9:11,9400
2/4/2023 9:12,9116
2/4/2023 9:12,9008
2/4/2023 9:13,9086
2/4/2023 9:13,9432
2/4/2023 9:14,8581
2/4/2023 9:14,9209
2/4/2023 9:15,8994
2/4/2023 9:15,9646
2/4/2023 9:16,9257
2/4/2023 9:16,9086
2/4/2023 9:17,8454
2/4/2023 9:17,9513
2/4/2023 9:18,9010
2/4/2023 9:18,9163
2/4/2023 9:19,8994
2/4/2023 9:19,8554
2/4/2023 9:20,8262
2/4/2023 9:20,8770
2/4/2023 9:21,8770
2/4/2023 9:21,8949
2/4/2023 9:22,8454
2/4/2023 9:22,8554
2/4/2023 9:23,9779
2/4/2023 9:23,9116
2/4/2023 9:24,8978
2/4/2023 9:24,9163
2/4/2023 9:25,9497
2/4/2023 9:25,8770
2/4/2023 9:26,8977
2/4/2023 9:26,9400
2/4/2023 9:27,9038
2/4/2023 9:27,9040
2/4/2023 9:28,8830
2/4/2023 9:28,9225
2/4/2023 9:29,9194
2/4/2023 9:29,9163
2/4/2023 9:30,9040
2/4/2023 9:30,8427
2/4/2023 9:31,9288
2/4/2023 9:31,8499
2/4/2023 9:32,8755
2/4/2023 9:32,8554
2/4/2023 9:33,8904
2/4/2023 9:33,9288
2/4/2023 9:34,8642
2/4/2023 9:34,9416
2/4/2023 9:35,8478
2/4/2023 9:35,8950
2/4/2023 9:36,9178
2/4/2023 9:37,8627
2/4/2023 9:37,8904
2/4/2023 9:38,9086
2/4/2023 9:38,9178
2/4/2023 9:39,9225
2/4/2023 9:39,8874
2/4/2023 9:40,9416
2/4/2023 9:40,8569
2/4/2023 9:41,9336
2/4/2023 9:41,9578
2/4/2023 9:42,8786
2/4/2023 9:42,9040
2/4/2023 9:43,9070
2/4/2023 9:43,9086
2/4/2023 9:44,8484
2/4/2023 9:44,9024
2/4/2023 9:45,9225
2/4/2023 9:45,8742
2/4/2023 9:46,9513
2/4/2023 9:46,9645
2/4/2023 9:47,9040
2/4/2023 9:47,8344
2/4/2023 9:48,8994
2/4/2023 9:48,9465
2/4/2023 9:49,9225
2/4/2023 9:49,9578
2/4/2023 9:50,9241
2/4/2023 9:50,9336
2/4/2023 9:51,9178
2/4/2023 9:51,9352
2/4/2023 9:52,9010
2/4/2023 9:52,8724
2/4/2023 9:53,8442
2/4/2023 9:53,8874
2/4/2023 9:54,8221
2/4/2023 9:54,9563
2/4/2023 9:55,9040
2/4/2023 9:55,9178
2/4/2023 9:56,9304
2/4/2023 9:56,9384
2/4/2023 9:57,9336
2/4/2023 9:57,9148
2/4/2023 9:58,8076
2/4/2023 9:58,9273
2/4/2023 9:59,9465
2/4/2023 9:59,8949
2/4/2023 10:00,9368
2/4/2023 10:00,9132
2/4/2023 10:01,9178
2/4/2023 10:01,8554
2/4/2023 10:02,9273
2/4/2023 10:03,9055
2/4/2023 10:03,9148
2/4/2023 10:04,9195
2/4/2023 10:04,8683
2/4/2023 10:05,9178
2/4/2023 10:05,9336
2/4/2023 10:06,8786
2/4/2023 10:06,8814
2/4/2023 10:07,9180
2/4/2023 10:07,8886
2/4/2023 10:08,8126
2/4/2023 10:08,9242
2/4/2023 10:09,9163
2/4/2023 10:09,9225
2/4/2023 10:10,9194
2/4/2023 10:10,9368
2/4/2023 10:11,9178
2/4/2023 10:11,8612
2/4/2023 10:12,8994
2/4/2023 10:12,8698
2/4/2023 10:13,8994
2/4/2023 10:13,9086
2/4/2023 10:14,8859
2/4/2023 10:14,9148
2/4/2023 10:15,8770
2/4/2023 10:15,9273
2/4/2023 10:16,9352
2/4/2023 10:16,9305
2/4/2023 10:17,9273
2/4/2023 10:17,9148
2/4/2023 10:18,8994
2/4/2023 10:18,9273
2/4/2023 10:19,9055
2/4/2023 10:19,9273
2/4/2023 10:20,9086
2/4/2023 10:20,9209
2/4/2023 10:21,9416
2/4/2023 10:21,9384
2/4/2023 10:22,9040
2/4/2023 10:22,9320
2/4/2023 10:23,9055
2/4/2023 10:23,8904
2/4/2023 10:24,9497
2/4/2023 10:24,9070
2/4/2023 10:25,9273
2/4/2023 10:25,9225
2/4/2023 10:26,9163
2/4/2023 10:26,9288
2/4/2023 10:27,9148
2/4/2023 10:27,8770
2/4/2023 10:28,9209
2/4/2023 10:28,8949
2/4/2023 10:29,9384
2/4/2023 10:30,8919
2/4/2023 10:30,9320
2/4/2023 10:31,9273
2/4/2023 10:31,9086
2/4/2023 10:32,9497
2/4/2023 10:32,8529
2/4/2023 10:33,8949
2/4/2023 10:33,8904
2/4/2023 10:34,9148
2/4/2023 10:34,9304
2/4/2023 10:35,9320
2/4/2023 10:35,9086
2/4/2023 10:36,9194
2/4/2023 10:36,8442
2/4/2023 10:37,9497
2/4/2023 10:37,9696
2/4/2023 10:38,9132
2/4/2023 10:38,8318
2/4/2023 10:39,9352
2/4/2023 10:39,8919
2/4/2023 10:40,9055
2/4/2023 10:40,8724
2/4/2023 10:41,9070
2/4/2023 10:41,8994
2/4/2023 10:42,9148
2/4/2023 10:42,9010
2/4/2023 10:43,9101
2/4/2023 10:43,9086
2/4/2023 10:44,8919
2/4/2023 10:44,8830
2/4/2023 10:45,9368
2/4/2023 10:45,9530
2/4/2023 10:46,9513
2/4/2023 10:46,8786
2/4/2023 10:47,8742
2/4/2023 10:47,9023
2/4/2023 10:48,9150
2/4/2023 10:48,9101
2/4/2023 10:49,9432
2/4/2023 10:49,9288
2/4/2023 10:50,8994
2/4/2023 10:50,9133
2/4/2023 10:51,9400
2/4/2023 10:51,9101
2/4/2023 10:52,9132
2/4/2023 10:52,9178
2/4/2023 10:53,9304
2/4/2023 10:53,8770
2/4/2023 10:54,8655
2/4/2023 10:54,8460
2/4/2023 10:55,9010
2/4/2023 10:55,9662
2/4/2023 10:56,9055
2/4/2023 10:57,8981
2/4/2023 10:57,9010
2/4/2023 10:58,9336
2/4/2023 10:58,9040
2/4/2023 10:59,7997
2/4/2023 10:59,9116
2/4/2023 11:00,9012
2/4/2023 11:00,8919
2/4/2023 11:01,8978
2/4/2023 11:01,9086
2/4/2023 11:02,8878
2/4/2023 11:02,9040
2/4/2023 11:03,9024
2/4/2023 11:03,8919
2/4/2023 11:04,8813
2/4/2023 11:04,9304
2/4/2023 11:05,9055
2/4/2023 11:05,9148
2/4/2023 11:06,9546
2/4/2023 11:06,8757
2/4/2023 11:07,8830
2/4/2023 11:07,8814
2/4/2023 11:08,8442
2/4/2023 11:08,8484
2/4/2023 11:09,8427
2/4/2023 11:09,9662
2/4/2023 11:10,8874
2/4/2023 11:10,8843
2/4/2023 11:11,9258
2/4/2023 11:11,9225
2/4/2023 11:12,9101
2/4/2023 11:12,9055
2/4/2023 11:13,9117
2/4/2023 11:13,9163
2/4/2023 11:14,9071
2/4/2023 11:14,9336
2/4/2023 11:15,9101
2/4/2023 11:15,9273
2/4/2023 11:16,9194
2/4/2023 11:16,9119
2/4/2023 11:17,8933
2/4/2023 11:17,9040
2/4/2023 11:18,9304
2/4/2023 11:18,8786
2/4/2023 11:19,9662
2/4/2023 11:19,8888
2/4/2023 11:20,9628
2/4/2023 11:20,9148
2/4/2023 11:21,8683
2/4/2023 11:21,8359
2/4/2023 11:22,8581
2/4/2023 11:22,9210
2/4/2023 11:23,9288
2/4/2023 11:24,9100
2/4/2023 11:24,8526
2/4/2023 11:25,9225
2/4/2023 11:25,8919
2/4/2023 11:26,9241
2/4/2023 11:26,9101
2/4/2023 11:27,8612
2/4/2023 11:27,8569
2/4/2023 11:28,8484
2/4/2023 11:28,8859
2/4/2023 11:29,8356
2/4/2023 11:29,9041
2/4/2023 11:30,9055
2/4/2023 11:30,9101
2/4/2023 11:31,9368
2/4/2023 11:31,9194
2/4/2023 11:32,8788
2/4/2023 11:32,9040
2/4/2023 11:33,9086
2/4/2023 11:33,9163
2/4/2023 11:34,8801
2/4/2023 11:34,9400
2/4/2023 11:35,9209
2/4/2023 11:35,9010
2/4/2023 11:36,8919
2/4/2023 11:36,8964
2/4/2023 11:37,9273
2/4/2023 11:37,9010
2/4/2023 11:38,9400
2/4/2023 11:38,8980
2/4/2023 11:39,8904
2/4/2023 11:39,9289
2/4/2023 11:40,9163
2/4/2023 11:40,8668
2/4/2023 11:41,9288
2/4/2023 11:41,9163
2/4/2023 11:42,8964
2/4/2023 11:42,9304
2/4/2023 11:43,8830
2/4/2023 11:43,9241
2/4/2023 11:44,9530
2/4/2023 11:44,8770
2/4/2023 11:45,9273
2/4/2023 11:45,9194
2/4/2023 11:46,8801
2/4/2023 11:46,9257
2/4/2023 11:47,9010
2/4/2023 11:47,9194
2/4/2023 11:48,9513
2/4/2023 11:48,8935
2/4/2023 11:49,9178
2/4/2023 11:49,9985
2/4/2023 11:50,9678
2/4/2023 11:51,9054
2/4/2023 11:51,9148
2/4/2023 11:52,9117
2/4/2023 11:52,8859
2/4/2023 11:53,8698
2/4/2023 11:53,9055
2/4/2023 11:54,9693
2/4/2023 11:54,9101
2/4/2023 11:55,8874
2/4/2023 11:55,9041
2/4/2023 11:56,9071
2/4/2023 11:56,9148
2/4/2023 11:57,9086
2/4/2023 11:57,8526
2/4/2023 11:58,9465
2/4/2023 11:58,9210
2/4/2023 11:59,9677
2/4/2023 11:59,9148
2/4/2023 12:00,8526
2/4/2023 12:00,9273
2/4/2023 12:01,9257
2/4/2023 12:01,8935
2/4/2023 12:02,8845
2/4/2023 12:02,9368
2/4/2023 12:03,9288
2/4/2023 12:03,9054
2/4/2023 12:04,9087
2/4/2023 12:04,8612
2/4/2023 12:05,9481
2/4/2023 12:05,8905
2/4/2023 12:06,8786
2/4/2023 12:06,9304
2/4/2023 12:07,8742
2/4/2023 12:07,8964
2/4/2023 12:08,9352
2/4/2023 12:08,8904
2/4/2023 12:09,9055
2/4/2023 12:09,9040
2/4/2023 12:10,9336
2/4/2023 12:10,8786
2/4/2023 12:11,8859
2/4/2023 12:11,8830
2/4/2023 12:12,9101
2/4/2023 12:12,9148
2/4/2023 12:13,9432
2/4/2023 12:13,9010
2/4/2023 12:14,9116
2/4/2023 12:14,9336
2/4/2023 12:15,9087
2/4/2023 12:15,9101
2/4/2023 12:16,9178
2/4/2023 12:17,9010
2/4/2023 12:17,9178
2/4/2023 12:18,9257
2/4/2023 12:18,9101
2/4/2023 12:19,9148
2/4/2023 12:19,9352
2/4/2023 12:20,9529
2/4/2023 12:20,9400
2/4/2023 12:21,9336
2/4/2023 12:21,9432
2/4/2023 12:22,9132
2/4/2023 12:22,9117
2/4/2023 12:23,8569
2/4/2023 12:23,9400
2/4/2023 12:24,9288
2/4/2023 12:24,8919
2/4/2023 12:25,9288
2/4/2023 12:25,8830
2/4/2023 12:26,9148
2/4/2023 12:26,9336
2/4/2023 12:27,8830
2/4/2023 12:27,9273
2/4/2023 12:28,9194
2/4/2023 12:28,9257
2/4/2023 12:29,8484
2/4/2023 12:29,9288
2/4/2023 12:30,8919
2/4/2023 12:30,8400
2/4/2023 12:31,8919
2/4/2023 12:31,9352
2/4/2023 12:32,9225
2/4/2023 12:32,9115
2/4/2023 12:33,9288
2/4/2023 12:33,9148
2/4/2023 12:34,9432
2/4/2023 12:34,8978
2/4/2023 12:35,9101
2/4/2023 12:35,8814
2/4/2023 12:36,8634
2/4/2023 12:36,8569
2/4/2023 12:37,8683
2/4/2023 12:37,9210
2/4/2023 12:38,9352
2/4/2023 12:38,8814
2/4/2023 12:39,8742
2/4/2023 12:39,9101
2/4/2023 12:40,9101
2/4/2023 12:40,8415
2/4/2023 12:41,8845
2/4/2023 12:41,9432
2/4/2023 12:42,9288
2/4/2023 12:42,9579
2/4/2023 12:43,9352
2/4/2023 12:44,9628
2/4/2023 12:44,9352
2/4/2023 12:45,8874
2/4/2023 12:45,9040
2/4/2023 12:46,8541
2/4/2023 12:46,9336
2/4/2023 12:47,9086
2/4/2023 12:47,9384
2/4/2023 12:48,8919
2/4/2023 12:48,8874
2/4/2023 12:49,9336
2/4/2023 12:49,9273
2/4/2023 12:50,9225
2/4/2023 12:50,8786
2/4/2023 12:51,8980
2/4/2023 12:51,9101
2/4/2023 12:52,8816
2/4/2023 12:52,8499
2/4/2023 12:53,9336
2/4/2023 12:53,9288
2/4/2023 12:54,8874
2/4/2023 12:54,8890
2/4/2023 12:55,8859
2/4/2023 12:55,8801
2/4/2023 12:56,9101
2/4/2023 12:56,8980
2/4/2023 12:57,9304
2/4/2023 12:57,9256
2/4/2023 12:58,8374
2/4/2023 12:58,9321
2/4/2023 12:59,8857
2/4/2023 12:59,9010
2/4/2023 13:00,9071
2/4/2023 13:00,9241
2/4/2023 13:01,9432
2/4/2023 13:01,8921
2/4/2023 13:02,9225
2/4/2023 13:02,8770
2/4/2023 13:03,9481
2/4/2023 13:03,8801
2/4/2023 13:04,9041
2/4/2023 13:04,8845
2/4/2023 13:05,9241
2/4/2023 13:05,9595
2/4/2023 13:06,9273
2/4/2023 13:06,9071
2/4/2023 13:07,8347
2/4/2023 13:07,9257
2/4/2023 13:08,9148
2/4/2023 13:08,9148
2/4/2023 13:09,9384
2/4/2023 13:09,9071
2/4/2023 13:10,9101
2/4/2023 13:11,9148
2/4/2023 13:11,9241
2/4/2023 13:12,8698
2/4/2023 13:12,8919
2/4/2023 13:13,9055
2/4/2023 13:13,9117
2/4/2023 13:14,9352
2/4/2023 13:14,8964
2/4/2023 13:15,9288
2/4/2023 13:15,9071
2/4/2023 13:16,8813
2/4/2023 13:16,8499
2/4/2023 13:17,8890
2/4/2023 13:17,8713
2/4/2023 13:18,9086
2/4/2023 13:18,9210
2/4/2023 13:19,8874
2/4/2023 13:19,8729
2/4/2023 13:20,9163
2/4/2023 13:20,9086
2/4/2023 13:21,9117
2/4/2023 13:21,8995
2/4/2023 13:22,9164
2/4/2023 13:22,9194
2/4/2023 13:23,8890
2/4/2023 13:23,8801
2/4/2023 13:24,9225
2/4/2023 13:24,8980
2/4/2023 13:25,8359
2/4/2023 13:25,9304
2/4/2023 13:26,9148
2/4/2023 13:26,9194
2/4/2023 13:27,9071
2/4/2023 13:27,8526
2/4/2023 13:28,8332
2/4/2023 13:28,9011
2/4/2023 13:29,9400
2/4/2023 13:29,8642
2/4/2023 13:30,8627
2/4/2023 13:30,8980
2/4/2023 13:31,8814
2/4/2023 13:31,9481
2/4/2023 13:32,9304
2/4/2023 13:32,9400
2/4/2023 13:33,9071
2/4/2023 13:33,8874
2/4/2023 13:34,9010
2/4/2023 13:34,8225
2/4/2023 13:35,9025
2/4/2023 13:35,8949
2/4/2023 13:36,8964
2/4/2023 13:36,8683
2/4/2023 13:37,8859
2/4/2023 13:38,8655
2/4/2023 13:38,8904
2/4/2023 13:39,9562
2/4/2023 13:39,8511
2/4/2023 13:40,8845
2/4/2023 13:40,8415
2/4/2023 13:41,8584
2/4/2023 13:41,8685
2/4/2023 13:42,8964
2/4/2023 13:42,9117
2/4/2023 13:43,9352
2/4/2023 13:43,8845
2/4/2023 13:44,8742
2/4/2023 13:44,8874
2/4/2023 13:45,8292
2/4/2023 13:45,8713
2/4/2023 13:46,8845
2/4/2023 13:46,9040
2/4/2023 13:47,8905
2/4/2023 13:47,9257
2/4/2023 13:48,9400
2/4/2023 13:48,8584
2/4/2023 13:49,8569
2/4/2023 13:49,9010
2/4/2023 13:50,9025
2/4/2023 13:50,8499
2/4/2023 13:51,8935
2/4/2023 13:51,9243
2/4/2023 13:52,8155
2/4/2023 13:52,8861
2/4/2023 13:53,9013
2/4/2023 13:53,9847
2/4/2023 13:54,8876
2/4/2023 13:54,8499
2/4/2023 13:55,9257
2/4/2023 13:55,8845
2/4/2023 13:56,8499
2/4/2023 13:56,9117
2/4/2023 13:57,8890
2/4/2023 13:57,8845
2/4/2023 13:58,8876
2/4/2023 13:58,8713
2/4/2023 13:59,8814
2/4/2023 13:59,8670
2/4/2023 14:00,8713
2/4/2023 14:00,7895
2/4/2023 14:01,9448
2/4/2023 14:01,8980
2/4/2023 14:02,9010
2/4/2023 14:02,9071
2/4/2023 14:03,8742
2/4/2023 14:04,8845
2/4/2023 14:04,9148
2/4/2023 14:05,9071
2/4/2023 14:05,8830
2/4/2023 14:06,8801
2/4/2023 14:06,8251
2/4/2023 14:07,8655
2/4/2023 14:07,9038
2/4/2023 14:08,8655
2/4/2023 14:08,8627
2/4/2023 14:09,8801
2/4/2023 14:09,9304
2/4/2023 14:10,8980
2/4/2023 14:10,9678
2/4/2023 14:11,9163
2/4/2023 14:11,9087
2/4/2023 14:12,8627
2/4/2023 14:12,9530
2/4/2023 14:13,8374
2/4/2023 14:13,8874
2/4/2023 14:14,8571
2/4/2023 14:14,9432
2/4/2023 14:15,8526
2/4/2023 14:15,9950
2/4/2023 14:16,8845
2/4/2023 14:16,8857
2/4/2023 14:17,9025
2/4/2023 14:17,8670
2/4/2023 14:18,8950
2/4/2023 14:18,7934
2/4/2023 14:19,9041
2/4/2023 14:19,8670
2/4/2023 14:20,9241
2/4/2023 14:20,8554
2/4/2023 14:21,8685
2/4/2023 14:21,8832
2/4/2023 14:22,9432
2/4/2023 14:22,8890
2/4/2023 14:23,9025
2/4/2023 14:23,9025
2/4/2023 14:24,9163
2/4/2023 14:24,9133
2/4/2023 14:25,8757
2/4/2023 14:25,9225
2/4/2023 14:26,8919
2/4/2023 14:26,8277
2/4/2023 14:27,8742
2/4/2023 14:27,8980
2/4/2023 14:28,8935
2/4/2023 14:28,8457
2/4/2023 14:29,8935
2/4/2023 14:29,8845
2/4/2023 14:30,9025
2/4/2023 14:31,9257
2/4/2023 14:31,8541
2/4/2023 14:32,9010
2/4/2023 14:32,9241
2/4/2023 14:33,9025
2/4/2023 14:33,9102
2/4/2023 14:34,8772
2/4/2023 14:34,8964
2/4/2023 14:35,8757
2/4/2023 14:35,8980
2/4/2023 14:36,8801
2/4/2023 14:36,9163
2/4/2023 14:37,9257
2/4/2023 14:37,9055
2/4/2023 14:38,8919
2/4/2023 14:38,9163
2/4/2023 14:39,8861
2/4/2023 14:39,9432
2/4/2023 14:40,9400
2/4/2023 14:40,8891
2/4/2023 14:41,8980
2/4/2023 14:41,9071
2/4/2023 14:42,8556
2/4/2023 14:42,9025
2/4/2023 14:43,8830
2/4/2023 14:43,8713
2/4/2023 14:44,9336
2/4/2023 14:44,9210
2/4/2023 14:45,8457
2/4/2023 14:45,8786
2/4/2023 14:46,8830
2/4/2023 14:46,8890
2/4/2023 14:47,8995
2/4/2023 14:47,8980
2/4/2023 14:48,9179
2/4/2023 14:48,8845
2/4/2023 14:49,8460
2/4/2023 14:49,9400
2/4/2023 14:50,9148
2/4/2023 14:50,9530
2/4/2023 14:51,8670
2/4/2023 14:51,9025
2/4/2023 14:52,8655
2/4/2023 14:52,8966
2/4/2023 14:53,8374
2/4/2023 14:53,8980
2/4/2023 14:54,8843
2/4/2023 14:54,8890
2/4/2023 14:55,9225
2/4/2023 14:55,9010
2/4/2023 14:56,8980
2/4/2023 14:56,8713
2/4/2023 14:57,9133
2/4/2023 14:58,8757
2/4/2023 14:58,8950
2/4/2023 14:59,8772
2/4/2023 14:59,9072
2/4/2023 15:00,8801
2/4/2023 15:00,9117
2/4/2023 15:01,8292
2/4/2023 15:01,9058
2/4/2023 15:02,9071
2/4/2023 15:02,8919
2/4/2023 15:03,9180
2/4/2023 15:03,8980
2/4/2023 15:04,9087
2/4/2023 15:04,8816
2/4/2023 15:05,9041
2/4/2023 15:05,8890
2/4/2023 15:06,9148
2/4/2023 15:06,9384
2/4/2023 15:07,9288
2/4/2023 15:07,9025
2/4/2023 15:08,8845
2/4/2023 15:08,9071
2/4/2023 15:09,9025
2/4/2023 15:09,8919
2/4/2023 15:10,9257
2/4/2023 15:10,8627
2/4/2023 15:11,8949
2/4/2023 15:11,8318
2/4/2023 15:12,9257
2/4/2023 15:12,8627
2/4/2023 15:13,8713
2/4/2023 15:13,9226
2/4/2023 15:14,9289
2/4/2023 15:14,9101
2/4/2023 15:15,8627
2/4/2023 15:15,9352
2/4/2023 15:16,8612
2/4/2023 15:16,8935
2/4/2023 15:17,9178
2/4/2023 15:17,9432
2/4/2023 15:18,9117
2/4/2023 15:18,9257
2/4/2023 15:19,9134
2/4/2023 15:19,8935
2/4/2023 15:20,9117
2/4/2023 15:20,8947
2/4/2023 15:21,8964
2/4/2023 15:21,8801
2/4/2023 15:22,9210
2/4/2023 15:22,9087
2/4/2023 15:23,8642
2/4/2023 15:23,9448
2/4/2023 15:24,9055
2/4/2023 15:25,9368
2/4/2023 15:25,9101
2/4/2023 15:26,9320
2/4/2023 15:26,8950
2/4/2023 15:27,9210
2/4/2023 15:27,8980
2/4/2023 15:28,8457
2/4/2023 15:28,8980
2/4/2023 15:29,8947
2/4/2023 15:29,9178
2/4/2023 15:30,8874
2/4/2023 15:30,8830
2/4/2023 15:31,9195
2/4/2023 15:31,9101
2/4/2023 15:32,9384
2/4/2023 15:32,8845
2/4/2023 15:33,9133
2/4/2023 15:33,8830
2/4/2023 15:34,9336
2/4/2023 15:34,9071
2/4/2023 15:35,9055
2/4/2023 15:35,8292
2/4/2023 15:36,9194
2/4/2023 15:36,8541
2/4/2023 15:37,8964
2/4/2023 15:37,9117
2/4/2023 15:38,9320
2/4/2023 15:38,9010
2/4/2023 15:39,8980
2/4/2023 15:39,9241
2/4/2023 15:40,9304
2/4/2023 15:40,9101
2/4/2023 15:41,9546
2/4/2023 15:41,9400
2/4/2023 15:42,9432
2/4/2023 15:42,9010
2/4/2023 15:43,8950
2/4/2023 15:43,8726
2/4/2023 15:44,8236
2/4/2023 15:44,8845
2/4/2023 15:45,9304
2/4/2023 15:45,8612
2/4/2023 15:46,9336
2/4/2023 15:46,8612
2/4/2023 15:47,9273
2/4/2023 15:47,9481
2/4/2023 15:48,9040
2/4/2023 15:48,8726
2/4/2023 15:49,9225
2/4/2023 15:49,9304
2/4/2023 15:50,9178
2/4/2023 15:51,8830
2/4/2023 15:51,8949
2/4/2023 15:52,8964
2/4/2023 15:52,8949
2/4/2023 15:53,9024
2/4/2023 15:53,8949
2/4/2023 15:54,8859
2/4/2023 15:54,9085
2/4/2023 15:55,8799
2/4/2023 15:55,8409
2/4/2023 15:56,8639
2/4/2023 15:56,9465
2/4/2023 15:57,8554
2/4/2023 15:57,8726
2/4/2023 15:58,8799
2/4/2023 15:58,9086
2/4/2023 15:59,9040
2/4/2023 15:59,8919
2/4/2023 16:00,8904
2/4/2023 16:00,8994
2/4/2023 16:01,9024
2/4/2023 16:01,8713
2/4/2023 16:02,8904
2/4/2023 16:02,8859
2/4/2023 16:03,8919
2/4/2023 16:03,8859
2/4/2023 16:04,9010
2/4/2023 16:04,8496
2/4/2023 16:05,8919
2/4/2023 16:05,9194
2/4/2023 16:06,9178
2/4/2023 16:06,9562
2/4/2023 16:07,9101
2/4/2023 16:07,8949
2/4/2023 16:08,8726
2/4/2023 16:08,7920
2/4/2023 16:09,8859
2/4/2023 16:09,8933
2/4/2023 16:10,8639
2/4/2023 16:10,9241
2/4/2023 16:11,9055
2/4/2023 16:11,9148
2/4/2023 16:12,8950
2/4/2023 16:12,8919
2/4/2023 16:13,9117
2/4/2023 16:13,8541
2/4/2023 16:14,8814
2/4/2023 16:14,8726
2/4/2023 16:15,9288
2/4/2023 16:15,8904
2/4/2023 16:16,9010
2/4/2023 16:16,8874
2/4/2023 16:17,9148
2/4/2023 16:18,9025
2/4/2023 16:18,8890
2/4/2023 16:19,9273
2/4/2023 16:19,8845
2/4/2023 16:20,8994
2/4/2023 16:20,8935
2/4/2023 16:21,9241
2/4/2023 16:21,9368
2/4/2023 16:22,9480
2/4/2023 16:22,9101
2/4/2023 16:23,8786
2/4/2023 16:23,8845
2/4/2023 16:24,8980
2/4/2023 16:24,8924
2/4/2023 16:25,8890
2/4/2023 16:25,8874
2/4/2023 16:26,8277
2/4/2023 16:26,9352
2/4/2023 16:27,8964
2/4/2023 16:27,9025
2/4/2023 16:28,8571
2/4/2023 16:28,9101
2/4/2023 16:29,8774
2/4/2023 16:29,8949
2/4/2023 16:30,8225
2/4/2023 16:30,8935
2/4/2023 16:31,8874
2/4/2023 16:31,8994
2/4/2023 16:32,8374
2/4/2023 16:32,8859
2/4/2023 16:33,9416
2/4/2023 16:33,8742
2/4/2023 16:34,8772
2/4/2023 16:34,9695
2/4/2023 16:35,8581
2/4/2023 16:35,9950
2/4/2023 16:36,8935
2/4/2023 16:36,8627
2/4/2023 16:37,8170
2/4/2023 16:37,8832
2/4/2023 16:38,8757
2/4/2023 16:38,8890
2/4/2023 16:39,8713
2/4/2023 16:39,8757
2/4/2023 16:40,9117
2/4/2023 16:40,8770
2/4/2023 16:41,9010
2/4/2023 16:41,9352
2/4/2023 16:42,8614
2/4/2023 16:42,9132
2/4/2023 16:43,8801
2/4/2023 16:43,8490
2/4/2023 16:44,9071
2/4/2023 16:45,9368
2/4/2023 16:45,9117
2/4/2023 16:46,9071
2/4/2023 16:46,8772
2/4/2023 16:47,9055
2/4/2023 16:47,9100
2/4/2023 16:48,8904
2/4/2023 16:48,8742
2/4/2023 16:49,8526
2/4/2023 16:49,8359
2/4/2023 16:50,8713
2/4/2023 16:50,8786
2/4/2023 16:51,8266
2/4/2023 16:51,8964
2/4/2023 16:52,9513
2/4/2023 16:52,8713
2/4/2023 16:53,9273
2/4/2023 16:53,8757
2/4/2023 16:54,8801
2/4/2023 16:54,9226
2/4/2023 16:55,8786
2/4/2023 16:55,8994
2/4/2023 16:56,8935
2/4/2023 16:56,8845
2/4/2023 16:57,9071
2/4/2023 16:57,8772
2/4/2023 16:58,8599
2/4/2023 16:58,9448
2/4/2023 16:59,9273
2/4/2023 16:59,9148
2/4/2023 17:00,9384
2/4/2023 17:00,9241
2/4/2023 17:01,7997
2/4/2023 17:01,8786
2/4/2023 17:02,9336
2/4/2023 17:02,9320
2/4/2023 17:03,9040
2/4/2023 17:03,9226
2/4/2023 17:04,9071
2/4/2023 17:04,8786
2/4/2023 17:05,9288
2/4/2023 17:05,9210
2/4/2023 17:06,8742
2/4/2023 17:06,9579
2/4/2023 17:07,9241
2/4/2023 17:07,8683
2/4/2023 17:08,8949
2/4/2023 17:08,8813
2/4/2023 17:09,8786
2/4/2023 17:09,8921
2/4/2023 17:10,9546
2/4/2023 17:10,9194
2/4/2023 17:11,9210
2/4/2023 17:12,9448
2/4/2023 17:12,9530
2/4/2023 17:13,8655
2/4/2023 17:13,9133
2/4/2023 17:14,8541
2/4/2023 17:14,8374
2/4/2023 17:15,9163
2/4/2023 17:15,9210
2/4/2023 17:16,9304
2/4/2023 17:16,8770
2/4/2023 17:17,9384
2/4/2023 17:17,9513
2/4/2023 17:18,8657
2/4/2023 17:18,8786
2/4/2023 17:19,9432
2/4/2023 17:19,9352
2/4/2023 17:20,9336
2/4/2023 17:20,9400
2/4/2023 17:21,8919
2/4/2023 17:21,9336
2/4/2023 17:22,9709
2/4/2023 17:22,8816
2/4/2023 17:23,8655
2/4/2023 17:23,9086
2/4/2023 17:24,8814
2/4/2023 17:24,9148
2/4/2023 17:25,8843
2/4/2023 17:25,9400
2/4/2023 17:26,8874
2/4/2023 17:26,9336
2/4/2023 17:27,8755
2/4/2023 17:27,8949
2/4/2023 17:28,9368
2/4/2023 17:28,9194
2/4/2023 17:29,8830
2/4/2023 17:29,9148
2/4/2023 17:30,9481
2/4/2023 17:30,8949
2/4/2023 17:31,9148
2/4/2023 17:31,9055
2/4/2023 17:32,9148
2/4/2023 17:32,9546
2/4/2023 17:33,9226
2/4/2023 17:33,8813
2/4/2023 17:34,9678
2/4/2023 17:34,8786
2/4/2023 17:35,9241
2/4/2023 17:35,9336
2/4/2023 17:36,8994
2/4/2023 17:36,9010
2/4/2023 17:37,8814
2/4/2023 17:37,9352
2/4/2023 17:38,9241
2/4/2023 17:39,9352
2/4/2023 17:39,9352
2/4/2023 17:40,8698
2/4/2023 17:40,9070
2/4/2023 17:41,8904
2/4/2023 17:41,8874
2/4/2023 17:42,9530
2/4/2023 17:42,9596
2/4/2023 17:43,9465
2/4/2023 17:43,8874
2/4/2023 17:44,9481
2/4/2023 17:44,8814
2/4/2023 17:45,9148
2/4/2023 17:45,8569
2/4/2023 17:46,8874
2/4/2023 17:46,8919
2/4/2023 17:47,8935
2/4/2023 17:47,9194
2/4/2023 17:48,9178
2/4/2023 17:48,9513
2/4/2023 17:49,8742
2/4/2023 17:49,9010
2/4/2023 17:50,8711
2/4/2023 17:50,8980
2/4/2023 17:51,9008
2/4/2023 17:51,9448
2/4/2023 17:52,9101
2/4/2023 17:52,9101
2/4/2023 17:53,9257
2/4/2023 17:53,9481
2/4/2023 17:54,9497
2/4/2023 17:54,9288
2/4/2023 17:55,9148
2/4/2023 17:55,9304
2/4/2023 17:56,9010
2/4/2023 17:56,9163
2/4/2023 17:57,8830
2/4/2023 17:57,8770
2/4/2023 17:58,8874
2/4/2023 17:58,9085
2/4/2023 17:59,9465
2/4/2023 17:59,8830
2/4/2023 18:00,8569
2/4/2023 18:00,9481
2/4/2023 18:01,8801
2/4/2023 18:01,9579
2/4/2023 18:02,8742
2/4/2023 18:02,9132
2/4/2023 18:03,8845
2/4/2023 18:03,8755
2/4/2023 18:04,8890
2/4/2023 18:05,9304
2/4/2023 18:05,8726
2/4/2023 18:06,9010
2/4/2023 18:06,8786
2/4/2023 18:07,9336
2/4/2023 18:07,9055
2/4/2023 18:08,8385
2/4/2023 18:08,9352
2/4/2023 18:09,9320
2/4/2023 18:09,8919
2/4/2023 18:10,9400
2/4/2023 18:10,9729
2/4/2023 18:11,8415
2/4/2023 18:11,8627
2/4/2023 18:12,9628
2/4/2023 18:12,8843
2/4/2023 18:13,8786
2/4/2023 18:13,8828
2/4/2023 18:14,9288
2/4/2023 18:14,8964
2/4/2023 18:15,8693
2/4/2023 18:15,8541
2/4/2023 18:16,8526
2/4/2023 18:16,9384
2/4/2023 18:17,9163
2/4/2023 18:17,9432
2/4/2023 18:18,8655
2/4/2023 18:18,9241
2/4/2023 18:19,9101
2/4/2023 18:19,9025
2/4/2023 18:20,8890
2/4/2023 18:20,9179
2/4/2023 18:21,9273
2/4/2023 18:21,9432
2/4/2023 18:22,8890
2/4/2023 18:22,9117
2/4/2023 18:23,8427
2/4/2023 18:23,8930
2/4/2023 18:24,8569
2/4/2023 18:24,9944
2/4/2023 18:25,8935
2/4/2023 18:25,8670
2/4/2023 18:26,8890
2/4/2023 18:26,9086
2/4/2023 18:27,8919
2/4/2023 18:27,9071
2/4/2023 18:28,9562
2/4/2023 18:28,8935
2/4/2023 18:29,9763
2/4/2023 18:29,9024
2/4/2023 18:30,9055
2/4/2023 18:30,9288
2/4/2023 18:31,9562
2/4/2023 18:32,9432
2/4/2023 18:32,8935
2/4/2023 18:33,8683
2/4/2023 18:33,9779
2/4/2023 18:34,8612
2/4/2023 18:34,9563
2/4/2023 18:35,8874
2/4/2023 18:35,8698
2/4/2023 18:36,9416
2/4/2023 18:36,8770
2/4/2023 18:37,9882
2/4/2023 18:37,9288
2/4/2023 18:38,8612
2/4/2023 18:38,8859
2/4/2023 18:39,8964
2/4/2023 18:39,9384
2/4/2023 18:40,9481
2/4/2023 18:40,9546
2/4/2023 18:41,8949
2/4/2023 18:41,9696
2/4/2023 18:42,10197
2/4/2023 18:42,8828
2/4/2023 18:43,9101
2/4/2023 18:43,9148
2/4/2023 18:44,9178
2/4/2023 18:44,8919
2/4/2023 18:45,9497
2/4/2023 18:45,8859
2/4/2023 18:46,8874
2/4/2023 18:46,8683
2/4/2023 18:47,9040
2/4/2023 18:47,8742
2/4/2023 18:48,8442
2/4/2023 18:48,8581
2/4/2023 18:49,9304
2/4/2023 18:49,8874
2/4/2023 18:50,8596
2/4/2023 18:50,8874
2/4/2023 18:51,9384
2/4/2023 18:51,8814
2/4/2023 18:52,9368
2/4/2023 18:52,8830
2/4/2023 18:53,8786
2/4/2023 18:53,8919
2/4/2023 18:54,9368
2/4/2023 18:54,9882
2/4/2023 18:55,9416
2/4/2023 18:55,9645
2/4/2023 18:56,9101
2/4/2023 18:56,9178
2/4/2023 18:57,9368
2/4/2023 18:57,9530
2/4/2023 18:58,8596
2/4/2023 18:59,9070
2/4/2023 18:59,8949
2/4/2023 19:00,8888
2/4/2023 19:00,9481
2/4/2023 19:01,9273
2/4/2023 19:01,8994
2/4/2023 19:02,9336
2/4/2023 19:02,8814
2/4/2023 19:03,9025
2/4/2023 19:03,9178
2/4/2023 19:04,9209
2/4/2023 19:04,9210
2/4/2023 19:05,8919
2/4/2023 19:05,8964
2/4/2023 19:06,9400
2/4/2023 19:06,8698
2/4/2023 19:07,8919
2/4/2023 19:07,8895
2/4/2023 19:08,9678
2/4/2023 19:08,8949
2/4/2023 19:09,9513
2/4/2023 19:09,8874
2/4/2023 19:10,8935
2/4/2023 19:10,9481
2/4/2023 19:11,9070
2/4/2023 19:11,8786
2/4/2023 19:12,8859
2/4/2023 19:12,8874
2/4/2023 19:13,8801
2/4/2023 19:13,8933
2/4/2023 19:14,9628
2/4/2023 19:14,9101
2/4/2023 19:15,9320
2/4/2023 19:15,9562
2/4/2023 19:16,8814
2/4/2023 19:16,9352
2/4/2023 19:17,8859
2/4/2023 19:17,8964
2/4/2023 19:18,9814
2/4/2023 19:18,9041
2/4/2023 19:19,9257
2/4/2023 19:19,9563
2/4/2023 19:20,9148
2/4/2023 19:20,9010
2/4/2023 19:21,8770
2/4/2023 19:21,9481
2/4/2023 19:22,8814
2/4/2023 19:22,9563
2/4/2023 19:23,8964
2/4/2023 19:23,8888
2/4/2023 19:24,8742
2/4/2023 19:24,9178
2/4/2023 19:25,8874
2/4/2023 19:26,9579
2/4/2023 19:26,9336
2/4/2023 19:27,9678
2/4/2023 19:27,8993
2/4/2023 19:28,8964
2/4/2023 19:28,8786
2/4/2023 19:29,9194
2/4/2023 19:29,8859
2/4/2023 19:30,9132
2/4/2023 19:30,8698
2/4/2023 19:31,9101
2/4/2023 19:31,8757
2/4/2023 19:32,9010
2/4/2023 19:32,9148
2/4/2023 19:33,9086
2/4/2023 19:33,9384
2/4/2023 19:34,8919
2/4/2023 19:34,9830
2/4/2023 19:35,9132
2/4/2023 19:35,8859
2/4/2023 19:36,8978
2/4/2023 19:36,8830
2/4/2023 19:37,9055
2/4/2023 19:37,8919
2/4/2023 19:38,9384
2/4/2023 19:38,9148
2/4/2023 19:39,9384
2/4/2023 19:39,9025
2/4/2023 19:40,8770
2/4/2023 19:40,9257
2/4/2023 19:41,8799
2/4/2023 19:41,9241
2/4/2023 19:42,9546
2/4/2023 19:42,8845
2/4/2023 19:43,9273
2/4/2023 19:43,8964
2/4/2023 19:44,8672
2/4/2023 19:44,8830
2/4/2023 19:45,8874
2/4/2023 19:45,9729
2/4/2023 19:46,9595
2/4/2023 19:46,9678
2/4/2023 19:47,8786
2/4/2023 19:47,9273
2/4/2023 19:48,8830
2/4/2023 19:48,8964
2/4/2023 19:49,9384
2/4/2023 19:49,9210
2/4/2023 19:50,8830
2/4/2023 19:50,9025
2/4/2023 19:51,9056
2/4/2023 19:51,9563
2/4/2023 19:52,9662
2/4/2023 19:53,9010
2/4/2023 19:53,8935
2/4/2023 19:54,8964
2/4/2023 19:54,9288
2/4/2023 19:55,8874
2/4/2023 19:55,8845
2/4/2023 19:56,8874
2/4/2023 19:56,8874
2/4/2023 19:57,9118
2/4/2023 19:57,8502
2/4/2023 19:58,8612
2/4/2023 19:58,8874
2/4/2023 19:59,9086
2/4/2023 19:59,9579
2/4/2023 20:00,9336
2/4/2023 20:00,9546
2/4/2023 20:01,9038
2/4/2023 20:01,9242
2/4/2023 20:02,9563
2/4/2023 20:02,8919
2/4/2023 20:03,9465
2/4/2023 20:03,9010
2/4/2023 20:04,8949
2/4/2023 20:04,8859
2/4/2023 20:05,9101
2/4/2023 20:05,8755
2/4/2023 20:06,9612
2/4/2023 20:06,8845
2/4/2023 20:07,8919
2/4/2023 20:07,9241
2/4/2023 20:08,9132
2/4/2023 20:08,9597
2/4/2023 20:09,9040
2/4/2023 20:09,8569
2/4/2023 20:10,9481
2/4/2023 20:10,9678
2/4/2023 20:11,9368
2/4/2023 20:11,8981
2/4/2023 20:12,8888
2/4/2023 20:12,9546
2/4/2023 20:13,9304
2/4/2023 20:13,9042
2/4/2023 20:14,9304
2/4/2023 20:14,9194
2/4/2023 20:15,9779
2/4/2023 20:15,8874
2/4/2023 20:16,9040
2/4/2023 20:16,8830
2/4/2023 20:17,9998
2/4/2023 20:17,8845
2/4/2023 20:18,8904
2/4/2023 20:19,9025
2/4/2023 20:19,9055
2/4/2023 20:20,9612
2/4/2023 20:20,9416
2/4/2023 20:21,8698
2/4/2023 20:21,9010
2/4/2023 20:22,9194
2/4/2023 20:22,8799
2/4/2023 20:23,9132
2/4/2023 20:23,8698
2/4/2023 20:24,8890
2/4/2023 20:24,8919
2/4/2023 20:25,9241
2/4/2023 20:25,9730
2/4/2023 20:26,9241
2/4/2023 20:26,8861
2/4/2023 20:27,8698
2/4/2023 20:27,8964
2/4/2023 20:28,9465
2/4/2023 20:28,9848
2/4/2023 20:29,9662
2/4/2023 20:29,9178
2/4/2023 20:30,9058
2/4/2023 20:30,9400
2/4/2023 20:31,9432
2/4/2023 20:31,8786
2/4/2023 20:32,8612
2/4/2023 20:32,9400
2/4/2023 20:33,8935
2/4/2023 20:33,9025
2/4/2023 20:34,8935
2/4/2023 20:34,9882
2/4/2023 20:35,9779
2/4/2023 20:35,8786
2/4/2023 20:36,9320
2/4/2023 20:36,9320
2/4/2023 20:37,9194
2/4/2023 20:37,8919
2/4/2023 20:38,9010
2/4/2023 20:38,9481
2/4/2023 20:39,8980
2/4/2023 20:39,9070
2/4/2023 20:40,9882
2/4/2023 20:40,8949
2/4/2023 20:41,8890
2/4/2023 20:41,9071
2/4/2023 20:42,9209
2/4/2023 20:42,9662
2/4/2023 20:43,8919
2/4/2023 20:43,8919
2/4/2023 20:44,9148
2/4/2023 20:44,8742
2/4/2023 20:45,9432
2/4/2023 20:46,9055
2/4/2023 20:46,8788
2/4/2023 20:47,9029
2/4/2023 20:47,9087
2/4/2023 20:48,8713
2/4/2023 20:48,8726
2/4/2023 20:49,8933
2/4/2023 20:49,9055
2/4/2023 20:50,8980
2/4/2023 20:50,8801
2/4/2023 20:51,9010
2/4/2023 20:51,8859
2/4/2023 20:52,8499
2/4/2023 20:52,9225
2/4/2023 20:53,9497
2/4/2023 20:53,8890
2/4/2023 20:54,9814
2/4/2023 20:54,8921
2/4/2023 20:55,9162
2/4/2023 20:55,8980
2/4/2023 20:56,8442
2/4/2023 20:56,8935
2/4/2023 20:57,8890
2/4/2023 20:57,8859
2/4/2023 20:58,9163
2/4/2023 20:58,9225
2/4/2023 20:59,9384
2/4/2023 20:59,9481
2/4/2023 21:00,8964
2/4/2023 21:00,9242
2/4/2023 21:01,9194
2/4/2023 21:01,8890
2/4/2023 21:02,8814
2/4/2023 21:02,8801
2/4/2023 21:03,8919
2/4/2023 21:03,9695
2/4/2023 21:04,8919
2/4/2023 21:04,9064
2/4/2023 21:05,8890
2/4/2023 21:05,9384
2/4/2023 21:06,9025
2/4/2023 21:06,8994
2/4/2023 21:07,8904
2/4/2023 21:07,10108
2/4/2023 21:08,9497
2/4/2023 21:08,8627
2/4/2023 21:09,8814
2/4/2023 21:09,9745
2/4/2023 21:10,9071
2/4/2023 21:10,9763
2/4/2023 21:11,8786
2/4/2023 21:11,9695
2/4/2023 21:12,8964
2/4/2023 21:13,8935
2/4/2023 21:13,8980
2/4/2023 21:14,8845
2/4/2023 21:14,8713
2/4/2023 21:15,9304
2/4/2023 21:15,8964
2/4/2023 21:16,9010
2/4/2023 21:16,8801
2/4/2023 21:17,9148
2/4/2023 21:17,9117
2/4/2023 21:18,9400
2/4/2023 21:18,8980
2/4/2023 21:19,9071
2/4/2023 21:19,9086
2/4/2023 21:20,9085
2/4/2023 21:20,9071
2/4/2023 21:21,9563
2/4/2023 21:21,9210
2/4/2023 21:22,9847
2/4/2023 21:22,9241
2/4/2023 21:23,9010
2/4/2023 21:23,9546
2/4/2023 21:24,9400
2/4/2023 21:24,8830
2/4/2023 21:25,8935
2/4/2023 21:25,9272
2/4/2023 21:26,8655
2/4/2023 21:26,9465
2/4/2023 21:27,9432
2/4/2023 21:27,9544
2/4/2023 21:28,9117
2/4/2023 21:28,8949
2/4/2023 21:29,9779
2/4/2023 21:29,9695
2/4/2023 21:30,9195
2/4/2023 21:30,8980
2/4/2023 21:31,8830
2/4/2023 21:31,9830
2/4/2023 21:32,9464
2/4/2023 21:32,8935
2/4/2023 21:33,9101
2/4/2023 21:33,9847
2/4/2023 21:34,9336
2/4/2023 21:34,9041
2/4/2023 21:35,9117
2/4/2023 21:35,8816
2/4/2023 21:36,9210
2/4/2023 21:36,9513
2/4/2023 21:37,9179
2/4/2023 21:37,9117
2/4/2023 21:38,8950
2/4/2023 21:38,10214
2/4/2023 21:39,9194
2/4/2023 21:40,8935
2/4/2023 21:40,9611
2/4/2023 21:41,9071
2/4/2023 21:41,9273
2/4/2023 21:42,9241
2/4/2023 21:42,9133
2/4/2023 21:43,9163
2/4/2023 21:43,10086
2/4/2023 21:44,9352
2/4/2023 21:44,8950
2/4/2023 21:45,9465
2/4/2023 21:45,9025
2/4/2023 21:46,8995
2/4/2023 21:46,9711
2/4/2023 21:47,10038
2/4/2023 21:47,9071
2/4/2023 21:48,8905
2/4/2023 21:48,9210
2/4/2023 21:49,9562
2/4/2023 21:49,8995
2/4/2023 21:50,8713
2/4/2023 21:50,10038
2/4/2023 21:51,8742
2/4/2023 21:51,9226
2/4/2023 21:52,9273
2/4/2023 21:52,9117
2/4/2023 21:53,9117
2/4/2023 21:53,8857
2/4/2023 21:54,8997
2/4/2023 21:54,8816
2/4/2023 21:55,8874
2/4/2023 21:55,9071
2/4/2023 21:56,8890
2/4/2023 21:56,9101
2/4/2023 21:57,9179
2/4/2023 21:57,9931
2/4/2023 21:58,9352
2/4/2023 21:58,9148
2/4/2023 21:59,9025
2/4/2023 21:59,9400
2/4/2023 22:00,9104
2/4/2023 22:00,9210
2/4/2023 22:01,9071
2/4/2023 22:01,9628
2/4/2023 22:02,9530
2/4/2023 22:02,9304
2/4/2023 22:03,8905
2/4/2023 22:03,9985
2/4/2023 22:04,10108
2/4/2023 22:04,10088
2/4/2023 22:05,8890
2/4/2023 22:06,9179
2/4/2023 22:06,9304
2/4/2023 22:07,9432
2/4/2023 22:07,9898
2/4/2023 22:08,9241
2/4/2023 22:08,8980
2/4/2023 22:09,9481
2/4/2023 22:09,9101
2/4/2023 22:10,9933
2/4/2023 22:10,9257
2/4/2023 22:11,9210
2/4/2023 22:11,9695
2/4/2023 22:12,9257
2/4/2023 22:12,9087
2/4/2023 22:13,9898
2/4/2023 22:13,9400
2/4/2023 22:14,9950
2/4/2023 22:14,9225
2/4/2023 22:15,9304
2/4/2023 22:15,9546
2/4/2023 22:16,9400
2/4/2023 22:16,9041
2/4/2023 22:17,9101
2/4/2023 22:17,9745
2/4/2023 22:18,8845
2/4/2023 22:18,9289
2/4/2023 22:19,10144
2/4/2023 22:19,8905
2/4/2023 22:20,8935
2/4/2023 22:20,9257
2/4/2023 22:21,9102
2/4/2023 22:21,9071
2/4/2023 22:22,8845
2/4/2023 22:22,8786
2/4/2023 22:23,9662
2/4/2023 22:23,8845
2/4/2023 22:24,9148
2/4/2023 22:24,9163
2/4/2023 22:25,10038
2/4/2023 22:25,8935
2/4/2023 22:26,9320
2/4/2023 22:26,9448
2/4/2023 22:27,8816
2/4/2023 22:27,9040
2/4/2023 22:28,9025
2/4/2023 22:28,10055
2/4/2023 22:29,9133
2/4/2023 22:29,9595
2/4/2023 22:30,9210
2/4/2023 22:30,9010
2/4/2023 22:31,9368
2/4/2023 22:31,9321
2/4/2023 22:32,10286
2/4/2023 22:33,9228
2/4/2023 22:33,9195
2/4/2023 22:34,9950
2/4/2023 22:34,9384
2/4/2023 22:35,9628
2/4/2023 22:35,9368
2/4/2023 22:36,9304
2/4/2023 22:36,8980
2/4/2023 22:37,9464
2/4/2023 22:37,9071
2/4/2023 22:38,9579
2/4/2023 22:38,9416
2/4/2023 22:39,9695
2/4/2023 22:39,9400
2/4/2023 22:40,8980
2/4/2023 22:40,9163
2/4/2023 22:41,9384
2/4/2023 22:41,9512
2/4/2023 22:42,9352
2/4/2023 22:42,8919
2/4/2023 22:43,9101
2/4/2023 22:43,9227
2/4/2023 22:44,8966
2/4/2023 22:44,9729
2/4/2023 22:45,9745
2/4/2023 22:45,9226
2/4/2023 22:46,8830
2/4/2023 22:46,10002
2/4/2023 22:47,9400
2/4/2023 22:47,9304
2/4/2023 22:48,9101
2/4/2023 22:48,9101
2/4/2023 22:49,10144
2/4/2023 22:49,9695
2/4/2023 22:50,9416
2/4/2023 22:50,9148
2/4/2023 22:51,9194
2/4/2023 22:51,9148
2/4/2023 22:52,9448
2/4/2023 22:52,9368
2/4/2023 22:53,9779
2/4/2023 22:53,9163
2/4/2023 22:54,9117
2/4/2023 22:54,9163
2/4/2023 22:55,9179
2/4/2023 22:55,10002
2/4/2023 22:56,9352
2/4/2023 22:56,9830
2/4/2023 22:57,9210
2/4/2023 22:57,9796
2/4/2023 22:58,9288
2/4/2023 22:58,9384
2/4/2023 22:59,9194
2/4/2023 23:00,9210
2/4/2023 23:00,9225
2/4/2023 23:01,9055
2/4/2023 23:01,9711
2/4/2023 23:02,8919
2/4/2023 23:02,9448
2/4/2023 23:03,10161
2/4/2023 23:03,9257
2/4/2023 23:04,8935
2/4/2023 23:04,9712
2/4/2023 23:05,9320
2/4/2023 23:05,9288
2/4/2023 23:06,9194
2/4/2023 23:06,9304
2/4/2023 23:07,9101
2/4/2023 23:07,9952
2/4/2023 23:08,9481
2/4/2023 23:08,9226
2/4/2023 23:09,9830
2/4/2023 23:09,9729
2/4/2023 23:10,9384
2/4/2023 23:10,9596
2/4/2023 23:11,9194
2/4/2023 23:11,9273
2/4/2023 23:12,9336
2/4/2023 23:12,9368
2/4/2023 23:13,9257
2/4/2023 23:13,9241
2/4/2023 23:14,8980
2/4/2023 23:14,9257
2/4/2023 23:15,9178
2/4/2023 23:15,9148
2/4/2023 23:16,9273
2/4/2023 23:16,10074
2/4/2023 23:17,9148
2/4/2023 23:17,9679
2/4/2023 23:18,9273
2/4/2023 23:18,10074
2/4/2023 23:19,9695
2/4/2023 23:19,9384
2/4/2023 23:20,9134
2/4/2023 23:20,10141
2/4/2023 23:21,9416
2/4/2023 23:21,9101
2/4/2023 23:22,9336
2/4/2023 23:22,10091
2/4/2023 23:23,9226
2/4/2023 23:23,9055
2/4/2023 23:24,9579
2/4/2023 23:24,9988
2/4/2023 23:25,9779
2/4/2023 23:25,9288
2/4/2023 23:26,8813
2/4/2023 23:27,9101
2/4/2023 23:27,10091
2/4/2023 23:28,8814
2/4/2023 23:28,9497
2/4/2023 23:29,9101
2/4/2023 23:29,9071
2/4/2023 23:30,9194
2/4/2023 23:30,9546
2/4/2023 23:31,9025
2/4/2023 23:31,9882
2/4/2023 23:32,9915
2/4/2023 23:32,9352
2/4/2023 23:33,9497
2/4/2023 23:33,9563
2/4/2023 23:34,9865
2/4/2023 23:34,9194
2/4/2023 23:35,9498
2/4/2023 23:35,9400
2/4/2023 23:36,9712
2/4/2023 23:36,9241
2/4/2023 23:37,9882
2/4/2023 23:37,10021
2/4/2023 23:38,9194
2/4/2023 23:38,8949
2/4/2023 23:39,9400
2/4/2023 23:39,9304
2/4/2023 23:40,10091
2/4/2023 23:40,9117
2/4/2023 23:41,9384
2/4/2023 23:41,9628
2/4/2023 23:42,8890
2/4/2023 23:42,9055
2/4/2023 23:43,9163
2/4/2023 23:43,9241
2/4/2023 23:44,9353
2/4/2023 23:44,9148
2/4/2023 23:45,9320
2/4/2023 23:45,9898
2/4/2023 23:46,9241
2/4/2023 23:46,9612
2/4/2023 23:47,9352
2/4/2023 23:47,9465
2/4/2023 23:48,9779
2/4/2023 23:48,9257
2/4/2023 23:49,9337
2/4/2023 23:49,9320
2/4/2023 23:50,8905
2/4/2023 23:50,10416
2/4/2023 23:51,9210
2/4/2023 23:51,9135
2/4/2023 23:52,9546
2/4/2023 23:52,9071
2/4/2023 23:53,9041
2/4/2023 23:54,9481
2/4/2023 23:54,9055
2/4/2023 23:55,9352
2/4/2023 23:55,9400
2/4/2023 23:56,9481
2/4/2023 23:56,8430
2/4/2023 23:57,9416
2/4/2023 23:57,9985
2/4/2023 23:58,9179
2/4/2023 23:58,9530
2/4/2023 23:59,9432
2/4/2023 23:59,9148
2/5/2023 0:00,10251
2/5/2023 0:00,10343
2/5/2023 0:01,9465
2/5/2023 0:01,10144
2/5/2023 0:02,9010
2/5/2023 0:02,9289
2/5/2023 0:03,9628
2/5/2023 0:03,9194
2/5/2023 0:04,9432
2/5/2023 0:04,9071
2/5/2023 0:05,9241
2/5/2023 0:05,9304
2/5/2023 0:06,9662
2/5/2023 0:06,9288
2/5/2023 0:07,8612
2/5/2023 0:07,9432
2/5/2023 0:08,9288
2/5/2023 0:08,9178
2/5/2023 0:09,9241
2/5/2023 0:09,9696
2/5/2023 0:10,9194
2/5/2023 0:10,9465
2/5/2023 0:11,9530
2/5/2023 0:11,9448
2/5/2023 0:12,9304
2/5/2023 0:12,9465
2/5/2023 0:13,9148
2/5/2023 0:13,9465
2/5/2023 0:14,9432
2/5/2023 0:14,9304
2/5/2023 0:15,9101
2/5/2023 0:15,9432
2/5/2023 0:16,9712
2/5/2023 0:16,9400
2/5/2023 0:17,9579
2/5/2023 0:17,10091
2/5/2023 0:18,9194
2/5/2023 0:18,9384
2/5/2023 0:19,9055
2/5/2023 0:20,9273
2/5/2023 0:20,9465
2/5/2023 0:21,9288
2/5/2023 0:21,9546
2/5/2023 0:22,9178
2/5/2023 0:22,9497
2/5/2023 0:23,9178
2/5/2023 0:23,9432
2/5/2023 0:24,9481
2/5/2023 0:24,9432
2/5/2023 0:25,9497
2/5/2023 0:25,9241
2/5/2023 0:26,9513
2/5/2023 0:26,9086
2/5/2023 0:27,10289
2/5/2023 0:27,10144
2/5/2023 0:28,9882
2/5/2023 0:28,9830
2/5/2023 0:29,9745
2/5/2023 0:29,9384
2/5/2023 0:30,9288
2/5/2023 0:30,9132
2/5/2023 0:31,9448
2/5/2023 0:31,9416
2/5/2023 0:32,9797
2/5/2023 0:32,9763
2/5/2023 0:33,9546
2/5/2023 0:33,10074
2/5/2023 0:34,9304
2/5/2023 0:34,9273
2/5/2023 0:35,9400
2/5/2023 0:35,9226
2/5/2023 0:36,9320
2/5/2023 0:36,9746
2/5/2023 0:37,9194
2/5/2023 0:37,9336
2/5/2023 0:38,9596
2/5/2023 0:38,10074
2/5/2023 0:39,10057
2/5/2023 0:39,10272
2/5/2023 0:40,9480
2/5/2023 0:40,9416
2/5/2023 0:41,8949
2/5/2023 0:41,10038
2/5/2023 0:42,9530
2/5/2023 0:42,9432
2/5/2023 0:43,9595
2/5/2023 0:43,9746
2/5/2023 0:44,9546
2/5/2023 0:44,9465
2/5/2023 0:45,9830
2/5/2023 0:45,9696
2/5/2023 0:46,9400
2/5/2023 0:47,10217
2/5/2023 0:47,9336
2/5/2023 0:48,9513
2/5/2023 0:48,9273
2/5/2023 0:49,9530
2/5/2023 0:49,9368
2/5/2023 0:50,9432
2/5/2023 0:50,10074
2/5/2023 0:51,9273
2/5/2023 0:51,9448
2/5/2023 0:52,9384
2/5/2023 0:52,9273
2/5/2023 0:53,9416
2/5/2023 0:53,10181
2/5/2023 0:54,9848
2/5/2023 0:54,9848
2/5/2023 0:55,9416
2/5/2023 0:55,9432
2/5/2023 0:56,9497
2/5/2023 0:56,10381
2/5/2023 0:57,9814
2/5/2023 0:57,9368
2/5/2023 0:58,9273
2/5/2023 0:58,9513
2/5/2023 0:59,10272
2/5/2023 0:59,9416
2/5/2023 1:00,9257
2/5/2023 1:00,10381
2/5/2023 1:01,9132
2/5/2023 1:01,9304
2/5/2023 1:02,9368
2/5/2023 1:02,9465
2/5/2023 1:03,9596
2/5/2023 1:03,9273
2/5/2023 1:04,9629
2/5/2023 1:04,9596
2/5/2023 1:05,9304
2/5/2023 1:05,9178
2/5/2023 1:06,10326
2/5/2023 1:06,9832
2/5/2023 1:07,9179
2/5/2023 1:07,9432
2/5/2023 1:08,9225
2/5/2023 1:08,10164
2/5/2023 1:09,9352
2/5/2023 1:09,9662
2/5/2023 1:10,9513
2/5/2023 1:10,10326
2/5/2023 1:11,9848
2/5/2023 1:11,9596
2/5/2023 1:12,9629
2/5/2023 1:12,10289
2/5/2023 1:13,9432
2/5/2023 1:14,10326
2/5/2023 1:14,9320
2/5/2023 1:15,9352
2/5/2023 1:15,9257
2/5/2023 1:16,9416
2/5/2023 1:16,9162
2/5/2023 1:17,9796
2/5/2023 1:17,10272
2/5/2023 1:18,9781
2/5/2023 1:18,10217
2/5/2023 1:19,9596
2/5/2023 1:19,9900
2/5/2023 1:20,9693
2/5/2023 1:20,9416
2/5/2023 1:21,9481
2/5/2023 1:21,9209
2/5/2023 1:22,9400
2/5/2023 1:22,9273
2/5/2023 1:23,9833
2/5/2023 1:23,10124
2/5/2023 1:24,10181
2/5/2023 1:24,9304
2/5/2023 1:25,9416
2/5/2023 1:25,10309
2/5/2023 1:26,9781
2/5/2023 1:26,9481
2/5/2023 1:27,10217
2/5/2023 1:27,9304
2/5/2023 1:28,9400
2/5/2023 1:28,9352
2/5/2023 1:29,10183
2/5/2023 1:29,9225
2/5/2023 1:30,9132
2/5/2023 1:30,9241
2/5/2023 1:31,9612
2/5/2023 1:31,10004
2/5/2023 1:32,10255
2/5/2023 1:32,9288
2/5/2023 1:33,9465
2/5/2023 1:33,10217
2/5/2023 1:34,9288
2/5/2023 1:34,8624
2/5/2023 1:35,9612
2/5/2023 1:35,9352
2/5/2023 1:36,9497
2/5/2023 1:36,9416
2/5/2023 1:37,9400
2/5/2023 1:37,9696
2/5/2023 1:38,9765
2/5/2023 1:38,8799
2/5/2023 1:39,9384
2/5/2023 1:39,10164
2/5/2023 1:40,9596
2/5/2023 1:41,9241
2/5/2023 1:41,9645
2/5/2023 1:42,9163
2/5/2023 1:42,9256
2/5/2023 1:43,9563
2/5/2023 1:43,9596
2/5/2023 1:44,9613
2/5/2023 1:44,9352
2/5/2023 1:45,9352
2/5/2023 1:45,9830
2/5/2023 1:46,9952
2/5/2023 1:46,9336
2/5/2023 1:47,9416
2/5/2023 1:47,9209
2/5/2023 1:48,10057
2/5/2023 1:48,9384
2/5/2023 1:49,10164
2/5/2023 1:49,9384
2/5/2023 1:50,9352
2/5/2023 1:50,9352
2/5/2023 1:51,9352
2/5/2023 1:51,8918
2/5/2023 1:52,9400
2/5/2023 1:52,9497
2/5/2023 1:53,9257
2/5/2023 1:53,9530
2/5/2023 1:54,9952
2/5/2023 1:54,9448
2/5/2023 1:55,9147
2/5/2023 1:55,9900
2/5/2023 1:56,9646
2/5/2023 1:56,9629
2/5/2023 1:57,9465
2/5/2023 1:57,9368
2/5/2023 1:58,9497
2/5/2023 1:58,9257
2/5/2023 1:59,9900
2/5/2023 1:59,9580
2/5/2023 2:00,9612
2/5/2023 2:00,9629
2/5/2023 2:01,9432
2/5/2023 2:01,10057
2/5/2023 2:02,9194
2/5/2023 2:02,9304
2/5/2023 2:03,9629
2/5/2023 2:03,9746
2/5/2023 2:04,9116
2/5/2023 2:04,10497
2/5/2023 2:05,9400
2/5/2023 2:05,9432
2/5/2023 2:06,9546
2/5/2023 2:06,9497
2/5/2023 2:07,9241
2/5/2023 2:08,9211
2/5/2023 2:08,9209
2/5/2023 2:09,9563
2/5/2023 2:09,9546
2/5/2023 2:10,9336
2/5/2023 2:10,10200
2/5/2023 2:11,9781
2/5/2023 2:11,9241
2/5/2023 2:12,10381
2/5/2023 2:12,9563
2/5/2023 2:13,9304
2/5/2023 2:13,10272
2/5/2023 2:14,10040
2/5/2023 2:14,9448
2/5/2023 2:15,10347
2/5/2023 2:15,9115
2/5/2023 2:16,9336
2/5/2023 2:16,9730
2/5/2023 2:17,9400
2/5/2023 2:17,9900
2/5/2023 2:18,9596
2/5/2023 2:18,10217
2/5/2023 2:19,9448
2/5/2023 2:19,9448
2/5/2023 2:20,9497
2/5/2023 2:20,10197
2/5/2023 2:21,10057
2/5/2023 2:21,8888
2/5/2023 2:22,9147
2/5/2023 2:22,9629
2/5/2023 2:23,10381
2/5/2023 2:23,9241
2/5/2023 2:24,9481
2/5/2023 2:24,9730
2/5/2023 2:25,9900
2/5/2023 2:25,9848
2/5/2023 2:26,9900
2/5/2023 2:26,9781
2/5/2023 2:27,9781
2/5/2023 2:27,9832
2/5/2023 2:28,10130
2/5/2023 2:28,9304
2/5/2023 2:29,9241
2/5/2023 2:29,9563
2/5/2023 2:30,10237
2/5/2023 2:30,9147
2/5/2023 2:31,9304
2/5/2023 2:31,9971
2/5/2023 2:32,9935
2/5/2023 2:32,9195
2/5/2023 2:33,9194
2/5/2023 2:33,9368
2/5/2023 2:34,9416
2/5/2023 2:35,9465
2/5/2023 2:35,8978
2/5/2023 2:36,10292
2/5/2023 2:36,9848
2/5/2023 2:37,10475
2/5/2023 2:37,9530
2/5/2023 2:38,9481
2/5/2023 2:38,9935
2/5/2023 2:39,9497
2/5/2023 2:39,9514
2/5/2023 2:40,9865
2/5/2023 2:40,9817
2/5/2023 2:41,10255
2/5/2023 2:41,9764
2/5/2023 2:42,9563
2/5/2023 2:42,10040
2/5/2023 2:43,9400
2/5/2023 2:43,9241
2/5/2023 2:44,9713
2/5/2023 2:44,9988
2/5/2023 2:45,9900
2/5/2023 2:45,9913
2/5/2023 2:46,10093
2/5/2023 2:46,9241
2/5/2023 2:47,9116
2/5/2023 2:47,9336
2/5/2023 2:48,9481
2/5/2023 2:48,9497
2/5/2023 2:49,9432
2/5/2023 2:49,9432
2/5/2023 2:50,9448
2/5/2023 2:50,10040
2/5/2023 2:51,9630
2/5/2023 2:51,9952
2/5/2023 2:52,9241
2/5/2023 2:52,9432
2/5/2023 2:53,9304
2/5/2023 2:53,9241
2/5/2023 2:54,9530
2/5/2023 2:54,10130
2/5/2023 2:55,9679
2/5/2023 2:55,9116
2/5/2023 2:56,9580
2/5/2023 2:56,9546
2/5/2023 2:57,9481
2/5/2023 2:57,9384
2/5/2023 2:58,9663
2/5/2023 2:58,8900
2/5/2023 2:59,9481
2/5/2023 2:59,9194
2/5/2023 3:00,9465
2/5/2023 3:00,9832
2/5/2023 3:01,9580
2/5/2023 3:02,9696
2/5/2023 3:02,9497
2/5/2023 3:03,9917
2/5/2023 3:03,9320
2/5/2023 3:04,9384
2/5/2023 3:04,9764
2/5/2023 3:05,9448
2/5/2023 3:05,9241
2/5/2023 3:06,9713
2/5/2023 3:06,9432
2/5/2023 3:07,10004
2/5/2023 3:07,9799
2/5/2023 3:08,9746
2/5/2023 3:08,9919
2/5/2023 3:09,9629
2/5/2023 3:09,10237
2/5/2023 3:10,10255
2/5/2023 3:10,9730
2/5/2023 3:11,9832
2/5/2023 3:11,9480
2/5/2023 3:12,9679
2/5/2023 3:12,9663
2/5/2023 3:13,9730
2/5/2023 3:13,10458
2/5/2023 3:14,9352
2/5/2023 3:14,9730
2/5/2023 3:15,9147
2/5/2023 3:15,9730
2/5/2023 3:16,9416
2/5/2023 3:16,9848
2/5/2023 3:17,9400
2/5/2023 3:17,9580
2/5/2023 3:18,9288
2/5/2023 3:18,10110
2/5/2023 3:19,9336
2/5/2023 3:19,9241
2/5/2023 3:20,10292
2/5/2023 3:20,9679
2/5/2023 3:21,9935
2/5/2023 3:21,9580
2/5/2023 3:22,9580
2/5/2023 3:22,9663
2/5/2023 3:23,9629
2/5/2023 3:23,9563
2/5/2023 3:24,9497
2/5/2023 3:24,10093
2/5/2023 3:25,9679
2/5/2023 3:25,9241
2/5/2023 3:26,9779
2/5/2023 3:26,9241
2/5/2023 3:27,9288
2/5/2023 3:28,9514
2/5/2023 3:28,9288
2/5/2023 3:29,9432
2/5/2023 3:29,9867
2/5/2023 3:30,9320
2/5/2023 3:30,9320
2/5/2023 3:31,9629
2/5/2023 3:31,9481
2/5/2023 3:32,9352
2/5/2023 3:32,9194
2/5/2023 3:33,9579
2/5/2023 3:33,9400
2/5/2023 3:34,9647
2/5/2023 3:34,9384
2/5/2023 3:35,10454
2/5/2023 3:35,9935
2/5/2023 3:36,9497
2/5/2023 3:36,9416
2/5/2023 3:37,9629
2/5/2023 3:37,8977
2/5/2023 3:38,9400
2/5/2023 3:38,9883
2/5/2023 3:39,9498
2/5/2023 3:39,9679
2/5/2023 3:40,10309
2/5/2023 3:40,9679
2/5/2023 3:41,9900
2/5/2023 3:41,9514
2/5/2023 3:42,9781
2/5/2023 3:42,10110
2/5/2023 3:43,9563
2/5/2023 3:43,9497
2/5/2023 3:44,8696
2/5/2023 3:44,9730
2/5/2023 3:45,9988
2/5/2023 3:45,10292
2/5/2023 3:46,10553
2/5/2023 3:46,10040
2/5/2023 3:47,9952
2/5/2023 3:47,9563
2/5/2023 3:48,9867
2/5/2023 3:48,9384
2/5/2023 3:49,10147
2/5/2023 3:49,9288
2/5/2023 3:50,10364
2/5/2023 3:50,9580
2/5/2023 3:51,9304
2/5/2023 3:51,9867
2/5/2023 3:52,10130
2/5/2023 3:52,9288
2/5/2023 3:53,9613
2/5/2023 3:53,9883
2/5/2023 3:54,9115
2/5/2023 3:55,10023
2/5/2023 3:55,9432
2/5/2023 3:56,9352
2/5/2023 3:56,9352
2/5/2023 3:57,9697
2/5/2023 3:57,9530
2/5/2023 3:58,9432
2/5/2023 3:58,10458
2/5/2023 3:59,9629
2/5/2023 3:59,9988
2/5/2023 4:00,9530
2/5/2023 4:00,9530
2/5/2023 4:01,9596
2/5/2023 4:01,9867
2/5/2023 4:02,9563
2/5/2023 4:02,10023
2/5/2023 4:03,9481
2/5/2023 4:03,9530
2/5/2023 4:04,9629
2/5/2023 4:04,9563
2/5/2023 4:05,9514
2/5/2023 4:05,9902
2/5/2023 4:06,9696
2/5/2023 4:06,9514
2/5/2023 4:07,9530
2/5/2023 4:07,9679
2/5/2023 4:08,9563
2/5/2023 4:08,9069
2/5/2023 4:09,9563
2/5/2023 4:09,9465
2/5/2023 4:10,10093
2/5/2023 4:10,9696
2/5/2023 4:11,10364
2/5/2023 4:11,10801
2/5/2023 4:12,10275
2/5/2023 4:12,9764
2/5/2023 4:13,9730
2/5/2023 4:13,9320
2/5/2023 4:14,9416
2/5/2023 4:14,9115
2/5/2023 4:15,9272
2/5/2023 4:15,9336
2/5/2023 4:16,9054
2/5/2023 4:16,9448
2/5/2023 4:17,10364
2/5/2023 4:17,9272
2/5/2023 4:18,10220
2/5/2023 4:18,10458
2/5/2023 4:19,10130
2/5/2023 4:19,9530
2/5/2023 4:20,9613
2/5/2023 4:20,9514
2/5/2023 4:21,10402
2/5/2023 4:22,9481
2/5/2023 4:22,9662
2/5/2023 4:23,9946
2/5/2023 4:23,9867
2/5/2023 4:24,9713
2/5/2023 4:24,10347
2/5/2023 4:25,10023
2/5/2023 4:25,10255
2/5/2023 4:26,9956
2/5/2023 4:26,9663
2/5/2023 4:27,9514
2/5/2023 4:27,9629
2/5/2023 4:28,10514
2/5/2023 4:28,10113
2/5/2023 4:29,10272
2/5/2023 4:29,9971
2/5/2023 4:30,10340
2/5/2023 4:30,9796
2/5/2023 4:31,9832
2/5/2023 4:31,10076
2/5/2023 4:32,9629
2/5/2023 4:32,9416
2/5/2023 4:33,9988
2/5/2023 4:33,10130
2/5/2023 4:34,9697
2/5/2023 4:34,9850
2/5/2023 4:35,9629
2/5/2023 4:35,9497
2/5/2023 4:36,9713
2/5/2023 4:36,10292
2/5/2023 4:37,9663
2/5/2023 4:37,10200
2/5/2023 4:38,9288
2/5/2023 4:38,10203
2/5/2023 4:39,10347
2/5/2023 4:39,9613
2/5/2023 4:40,9629
2/5/2023 4:40,9416
2/5/2023 4:41,9937
2/5/2023 4:41,9580
2/5/2023 4:42,10220
2/5/2023 4:42,9679
2/5/2023 4:43,9679
2/5/2023 4:43,10462
2/5/2023 4:44,9580
2/5/2023 4:44,10275
2/5/2023 4:45,9713
2/5/2023 4:45,9513
2/5/2023 4:46,9530
2/5/2023 4:46,9416
2/5/2023 4:47,9678
2/5/2023 4:47,10347
2/5/2023 4:48,9646
2/5/2023 4:49,10237
2/5/2023 4:49,9194
2/5/2023 4:50,10130
2/5/2023 4:50,9844
2/5/2023 4:51,9580
2/5/2023 4:51,10801
2/5/2023 4:52,9497
2/5/2023 4:52,9713
2/5/2023 4:53,9646
2/5/2023 4:53,10419
2/5/2023 4:54,9563
2/5/2023 4:54,9764
2/5/2023 4:55,9867
2/5/2023 4:55,9613
2/5/2023 4:56,10347
2/5/2023 4:56,10181
2/5/2023 4:57,10217
2/5/2023 4:57,9416
2/5/2023 4:58,9465
2/5/2023 4:58,9194
2/5/2023 4:59,9832
2/5/2023 4:59,9919
2/5/2023 5:00,10258
2/5/2023 5:00,9902
2/5/2023 5:01,9580
2/5/2023 5:01,9726
2/5/2023 5:02,9563
2/5/2023 5:02,10130
2/5/2023 5:03,9713
2/5/2023 5:03,9597
2/5/2023 5:04,9563
2/5/2023 5:04,9580
2/5/2023 5:05,10237
2/5/2023 5:05,9400
2/5/2023 5:06,9580
2/5/2023 5:06,9711
2/5/2023 5:07,9627
2/5/2023 5:07,9919
2/5/2023 5:08,9481
2/5/2023 5:08,9850
2/5/2023 5:09,9867
2/5/2023 5:09,10113
2/5/2023 5:10,9883
2/5/2023 5:10,9797
2/5/2023 5:11,9611
2/5/2023 5:11,9563
2/5/2023 5:12,10347
2/5/2023 5:12,9850
2/5/2023 5:13,9629
2/5/2023 5:13,9815
2/5/2023 5:14,9764
2/5/2023 5:14,9547
2/5/2023 5:15,9710
2/5/2023 5:16,10040
2/5/2023 5:16,10571
2/5/2023 5:17,10571
2/5/2023 5:17,9629
2/5/2023 5:18,9368
2/5/2023 5:18,9935
2/5/2023 5:19,9432
2/5/2023 5:19,9530
2/5/2023 5:20,9613
2/5/2023 5:20,9368
2/5/2023 5:21,10023
2/5/2023 5:21,10458
2/5/2023 5:22,10200
2/5/2023 5:22,9971
2/5/2023 5:23,9513
2/5/2023 5:23,9902
2/5/2023 5:24,9815
2/5/2023 5:24,9580
2/5/2023 5:25,10096
2/5/2023 5:25,9613
2/5/2023 5:26,8993
2/5/2023 5:26,9764
2/5/2023 5:27,9971
2/5/2023 5:27,9663
2/5/2023 5:28,9730
2/5/2023 5:28,9530
2/5/2023 5:29,9781
2/5/2023 5:29,9764
2/5/2023 5:30,9613
2/5/2023 5:30,9850
2/5/2023 5:31,10514
2/5/2023 5:31,9563
2/5/2023 5:32,9971
2/5/2023 5:32,9547
2/5/2023 5:33,9530
2/5/2023 5:33,9883
2/5/2023 5:34,9697
2/5/2023 5:34,9971
2/5/2023 5:35,10514
2/5/2023 5:35,10497
2/5/2023 5:36,9919
2/5/2023 5:36,9730
2/5/2023 5:37,9919
2/5/2023 5:37,9663
2/5/2023 5:38,9432
2/5/2023 5:38,9797
2/5/2023 5:39,9713
2/5/2023 5:39,9730
2/5/2023 5:40,9613
2/5/2023 5:40,9384
2/5/2023 5:41,10006
2/5/2023 5:41,10458
2/5/2023 5:42,9611
2/5/2023 5:43,9815
2/5/2023 5:43,10183
2/5/2023 5:44,10130
2/5/2023 5:44,9713
2/5/2023 5:45,9647
2/5/2023 5:45,9514
2/5/2023 5:46,9713
2/5/2023 5:46,10093
2/5/2023 5:47,9613
2/5/2023 5:47,10433
2/5/2023 5:48,10076
2/5/2023 5:48,9465
2/5/2023 5:49,9400
2/5/2023 5:49,9749
2/5/2023 5:50,9679
2/5/2023 5:50,10237
2/5/2023 5:51,9498
2/5/2023 5:51,9971
2/5/2023 5:52,10514
2/5/2023 5:52,9919
2/5/2023 5:53,9762
2/5/2023 5:53,10076
2/5/2023 5:54,9971
2/5/2023 5:54,9713
2/5/2023 5:55,10320
2/5/2023 5:55,10237
2/5/2023 5:56,9613
2/5/2023 5:56,9748
2/5/2023 5:57,9563
2/5/2023 5:57,10275
2/5/2023 5:58,10292
2/5/2023 5:58,9612
2/5/2023 5:59,9815
2/5/2023 5:59,9432
2/5/2023 6:00,9865
2/5/2023 6:00,9563
2/5/2023 6:01,10127
2/5/2023 6:01,10330
2/5/2023 6:02,10183
2/5/2023 6:02,9416
2/5/2023 6:03,10801
2/5/2023 6:03,10059
2/5/2023 6:04,9902
2/5/2023 6:04,9256
2/5/2023 6:05,10255
2/5/2023 6:05,9194
2/5/2023 6:06,9613
2/5/2023 6:06,9679
2/5/2023 6:07,9697
2/5/2023 6:07,9680
2/5/2023 6:08,9147
2/5/2023 6:08,9679
2/5/2023 6:09,10402
2/5/2023 6:10,10183
2/5/2023 6:10,9663
2/5/2023 6:11,10514
2/5/2023 6:11,9563
2/5/2023 6:12,9730
2/5/2023 6:12,10458
2/5/2023 6:13,10588
2/5/2023 6:13,9799
2/5/2023 6:14,10076
2/5/2023 6:14,9664
2/5/2023 6:15,10441
2/5/2023 6:15,10130
2/5/2023 6:16,9919
2/5/2023 6:16,9919
2/5/2023 6:17,10385
2/5/2023 6:17,9919
2/5/2023 6:18,10076
2/5/2023 6:18,9713
2/5/2023 6:19,10571
2/5/2023 6:19,10023
2/5/2023 6:20,9368
2/5/2023 6:20,9146
2/5/2023 6:21,9465
2/5/2023 6:21,9867
2/5/2023 6:22,10364
2/5/2023 6:22,10076
2/5/2023 6:23,9384
2/5/2023 6:23,9902
2/5/2023 6:24,10514
2/5/2023 6:24,10203
2/5/2023 6:25,9919
2/5/2023 6:25,9799
2/5/2023 6:26,9697
2/5/2023 6:26,9696
2/5/2023 6:27,9713
2/5/2023 6:27,9663
2/5/2023 6:28,9647
2/5/2023 6:28,9647
2/5/2023 6:29,9988
2/5/2023 6:29,10113
2/5/2023 6:30,10059
2/5/2023 6:30,10234
2/5/2023 6:31,10023
2/5/2023 6:31,9713
2/5/2023 6:32,10023
2/5/2023 6:32,9764
2/5/2023 6:33,9919
2/5/2023 6:33,10076
2/5/2023 6:34,10364
2/5/2023 6:34,10076
2/5/2023 6:35,10368
2/5/2023 6:35,10237
2/5/2023 6:36,10441
2/5/2023 6:37,9867
2/5/2023 6:37,10130
2/5/2023 6:38,9988
2/5/2023 6:38,10309
2/5/2023 6:39,10076
2/5/2023 6:39,10385
2/5/2023 6:40,10553
2/5/2023 6:40,9240
2/5/2023 6:41,10385
2/5/2023 6:41,9663
2/5/2023 6:42,10110
2/5/2023 6:42,9696
2/5/2023 6:43,10312
2/5/2023 6:43,10130
2/5/2023 6:44,10330
2/5/2023 6:44,9514
2/5/2023 6:45,9713
2/5/2023 6:45,10347
2/5/2023 6:46,10130
2/5/2023 6:46,10130
2/5/2023 6:47,10330
2/5/2023 6:47,9613
2/5/2023 6:48,9990
2/5/2023 6:48,9730
2/5/2023 6:49,10033
2/5/2023 6:49,9597
2/5/2023 6:50,10023
2/5/2023 6:50,10292
2/5/2023 6:51,10183
2/5/2023 6:51,9256
2/5/2023 6:52,9596
2/5/2023 6:52,10258
2/5/2023 6:53,10536
2/5/2023 6:53,10347
2/5/2023 6:54,10220
2/5/2023 6:54,9400
2/5/2023 6:55,9629
2/5/2023 6:55,10497
2/5/2023 6:56,10220
2/5/2023 6:56,10006
2/5/2023 6:57,9465
2/5/2023 6:57,9713
2/5/2023 6:58,10237
2/5/2023 6:58,10237
2/5/2023 6:59,9954
2/5/2023 6:59,10220
2/5/2023 7:00,10186
2/5/2023 7:00,10183
2/5/2023 7:01,10166
2/5/2023 7:01,9368
2/5/2023 7:02,10347
2/5/2023 7:02,10057
2/5/2023 7:03,10292
2/5/2023 7:04,9902
2/5/2023 7:04,9781
2/5/2023 7:05,10220
2/5/2023 7:05,10330
2/5/2023 7:06,10237
2/5/2023 7:06,10006
2/5/2023 7:07,9400
2/5/2023 7:07,10406
2/5/2023 7:08,10241
2/5/2023 7:08,10130
2/5/2023 7:09,10113
2/5/2023 7:09,9902
2/5/2023 7:10,10062
2/5/2023 7:10,10402
2/5/2023 7:11,10237
2/5/2023 7:11,9416
2/5/2023 7:12,10183
2/5/2023 7:12,10042
2/5/2023 7:13,10275
2/5/2023 7:13,10183
2/5/2023 7:14,9514
2/5/2023 7:14,10130
2/5/2023 7:15,10275
2/5/2023 7:15,9919
2/5/2023 7:16,10183
2/5/2023 7:16,10292
2/5/2023 7:17,10458
2/5/2023 7:17,9647
2/5/2023 7:18,9580
2/5/2023 7:18,10292
2/5/2023 7:19,10275
2/5/2023 7:19,10309
2/5/2023 7:20,10402
2/5/2023 7:20,9563
2/5/2023 7:21,10385
2/5/2023 7:21,10166
2/5/2023 7:22,10130
2/5/2023 7:22,10258
2/5/2023 7:23,9416
2/5/2023 7:23,9933
2/5/2023 7:24,9696
2/5/2023 7:24,10441
2/5/2023 7:25,10292
2/5/2023 7:25,9815
2/5/2023 7:26,10340
2/5/2023 7:26,9867
2/5/2023 7:27,10330
2/5/2023 7:27,10536
2/5/2023 7:28,9764
2/5/2023 7:28,10347
2/5/2023 7:29,10042
2/5/2023 7:29,10220
2/5/2023 7:30,9272
2/5/2023 7:31,10113
2/5/2023 7:31,10458
2/5/2023 7:32,9530
2/5/2023 7:32,9481
2/5/2023 7:33,10076
2/5/2023 7:33,9850
2/5/2023 7:34,9850
2/5/2023 7:34,9352
2/5/2023 7:35,10275
2/5/2023 7:35,10130
2/5/2023 7:36,10113
2/5/2023 7:36,10130
2/5/2023 7:37,10166
2/5/2023 7:37,10628
2/5/2023 7:38,9629
2/5/2023 7:38,9697
2/5/2023 7:39,10178
2/5/2023 7:39,10258
2/5/2023 7:40,10441
2/5/2023 7:40,10458
2/5/2023 7:41,9514
2/5/2023 7:41,10368
2/5/2023 7:42,9920
2/5/2023 7:42,10166
2/5/2023 7:43,9272
2/5/2023 7:43,10427
2/5/2023 7:44,9954
2/5/2023 7:44,10113
2/5/2023 7:45,10536
2/5/2023 7:45,10312
2/5/2023 7:46,9815
2/5/2023 7:47,10309
2/5/2023 7:47,10096
2/5/2023 7:48,10149
2/5/2023 7:48,9697
2/5/2023 7:49,9514
2/5/2023 7:49,10347
2/5/2023 7:50,10312
2/5/2023 7:50,9613
2/5/2023 7:51,9971
2/5/2023 7:51,10076
2/5/2023 7:52,10295
2/5/2023 7:52,10347
2/5/2023 7:53,10183
2/5/2023 7:53,10183
2/5/2023 7:54,9867
2/5/2023 7:54,10113
2/5/2023 7:55,10183
2/5/2023 7:55,10292
2/5/2023 7:56,10130
2/5/2023 7:57,10275
2/5/2023 7:57,10275
2/5/2023 7:58,10402
2/5/2023 7:58,10292
2/5/2023 7:59,9069
2/5/2023 7:59,10347
2/5/2023 8:00,10130
2/5/2023 8:00,10183
2/5/2023 8:01,10497
2/5/2023 8:01,10220
2/5/2023 8:02,9954
2/5/2023 8:02,10113
2/5/2023 8:03,10059
2/5/2023 8:03,10076
2/5/2023 8:04,10275
2/5/2023 8:04,10220
2/5/2023 8:05,10330
2/5/2023 8:05,9209
2/5/2023 8:06,9799
2/5/2023 8:06,10203
2/5/2023 8:07,10402
2/5/2023 8:07,9748
2/5/2023 8:08,10006
2/5/2023 8:08,10292
2/5/2023 8:09,10275
2/5/2023 8:09,10220
2/5/2023 8:10,10571
2/5/2023 8:10,9336
2/5/2023 8:11,9971
2/5/2023 8:11,10130
2/5/2023 8:12,10183
2/5/2023 8:12,10113
2/5/2023 8:13,10309
2/5/2023 8:13,10514
2/5/2023 8:14,10059
2/5/2023 8:14,10096
2/5/2023 8:15,9710
2/5/2023 8:15,10023
2/5/2023 8:16,10419
2/5/2023 8:16,10076
2/5/2023 8:17,10023
2/5/2023 8:17,9885
2/5/2023 8:18,10237
2/5/2023 8:18,9647
2/5/2023 8:19,10130
2/5/2023 8:19,10023
2/5/2023 8:20,10402
2/5/2023 8:20,9902
2/5/2023 8:21,10203
2/5/2023 8:21,10183
2/5/2023 8:22,10130
2/5/2023 8:22,10312
2/5/2023 8:23,10330
2/5/2023 8:24,10023
2/5/2023 8:24,9400
2/5/2023 8:25,10423
2/5/2023 8:25,10703
2/5/2023 8:26,10330
2/5/2023 8:26,9465
2/5/2023 8:27,10183
2/5/2023 8:27,10076
2/5/2023 8:28,10423
2/5/2023 8:28,10076
2/5/2023 8:29,9919
2/5/2023 8:29,10385
2/5/2023 8:30,10347
2/5/2023 8:30,10214
2/5/2023 8:31,10076
2/5/2023 8:31,10023
2/5/2023 8:32,10023
2/5/2023 8:32,10385
2/5/2023 8:33,10458
2/5/2023 8:33,9580
2/5/2023 8:34,10514
2/5/2023 8:34,10510
2/5/2023 8:35,10261
2/5/2023 8:35,9664
2/5/2023 8:36,9746
2/5/2023 8:36,10183
2/5/2023 8:37,10006
2/5/2023 8:37,9629
2/5/2023 8:38,9465
2/5/2023 8:38,9611
2/5/2023 8:39,10042
2/5/2023 8:39,9514
2/5/2023 8:40,10076
2/5/2023 8:40,10514
2/5/2023 8:41,10347
2/5/2023 8:41,10292
2/5/2023 8:42,9514
2/5/2023 8:42,10203
2/5/2023 8:43,10220
2/5/2023 8:43,10479
2/5/2023 8:44,10183
2/5/2023 8:44,10406
2/5/2023 8:45,10130
2/5/2023 8:45,10441
2/5/2023 8:46,10901
2/5/2023 8:46,10497
2/5/2023 8:47,10514
2/5/2023 8:47,10149
2/5/2023 8:48,10385
2/5/2023 8:48,10347
2/5/2023 8:49,9697
2/5/2023 8:49,10237
2/5/2023 8:50,9629
2/5/2023 8:51,10571
2/5/2023 8:51,9663
2/5/2023 8:52,9885
2/5/2023 8:52,10076
2/5/2023 8:53,10183
2/5/2023 8:53,9730
2/5/2023 8:54,10113
2/5/2023 8:54,10183
2/5/2023 8:55,10275
2/5/2023 8:55,9697
2/5/2023 8:56,9449
2/5/2023 8:56,9713
2/5/2023 8:57,9400
2/5/2023 8:57,10023
2/5/2023 8:58,10347
2/5/2023 8:58,10183
2/5/2023 8:59,10347
2/5/2023 8:59,10571
2/5/2023 9:00,9885
2/5/2023 9:00,10006
2/5/2023 9:01,10479
2/5/2023 9:01,9613
2/5/2023 9:02,9971
2/5/2023 9:02,9713
2/5/2023 9:03,10514
2/5/2023 9:03,9990
2/5/2023 9:04,10237
2/5/2023 9:04,10096
2/5/2023 9:05,9971
2/5/2023 9:05,10147
2/5/2023 9:06,10312
2/5/2023 9:06,10023
2/5/2023 9:07,9384
2/5/2023 9:07,10610
2/5/2023 9:08,10040
2/5/2023 9:08,9713
2/5/2023 9:09,10275
2/5/2023 9:09,10402
2/5/2023 9:10,10368
2/5/2023 9:10,10326
2/5/2023 9:11,10292
2/5/2023 9:11,10076
2/5/2023 9:12,10255
2/5/2023 9:12,10023
2/5/2023 9:13,9400
2/5/2023 9:13,9730
2/5/2023 9:14,10275
2/5/2023 9:14,10220
2/5/2023 9:15,10292
2/5/2023 9:15,10113
2/5/2023 9:16,10292
2/5/2023 9:16,9162
2/5/2023 9:17,10237
2/5/2023 9:18,9320
2/5/2023 9:18,9416
2/5/2023 9:19,10023
2/5/2023 9:19,10059
2/5/2023 9:20,9971
2/5/2023 9:20,9209
2/5/2023 9:21,10340
2/5/2023 9:21,10200
2/5/2023 9:22,10237
2/5/2023 9:22,10419
2/5/2023 9:23,9713
2/5/2023 9:23,10183
2/5/2023 9:24,10183
2/5/2023 9:24,10485
2/5/2023 9:25,9867
2/5/2023 9:25,9954
2/5/2023 9:26,9256
2/5/2023 9:26,10347
2/5/2023 9:27,10641
2/5/2023 9:27,10023
2/5/2023 9:28,10347
2/5/2023 9:28,9815
2/5/2023 9:29,10364
2/5/2023 9:29,10347
2/5/2023 9:30,9971
2/5/2023 9:30,9713
2/5/2023 9:31,10237
2/5/2023 9:31,10042
2/5/2023 9:32,10006
2/5/2023 9:32,10441
2/5/2023 9:33,10536
2/5/2023 9:33,10076
2/5/2023 9:34,10130
2/5/2023 9:34,10071
2/5/2023 9:35,10164
2/5/2023 9:35,9748
2/5/2023 9:36,10164
2/5/2023 9:36,9919
2/5/2023 9:37,10192
2/5/2023 9:37,10237
2/5/2023 9:38,10166
2/5/2023 9:38,10571
2/5/2023 9:39,10183
2/5/2023 9:39,9939
2/5/2023 9:40,10347
2/5/2023 9:40,10200
2/5/2023 9:41,9085
2/5/2023 9:41,10195
2/5/2023 9:42,10330
2/5/2023 9:42,9971
2/5/2023 9:43,10237
2/5/2023 9:43,10183
2/5/2023 9:44,10113
2/5/2023 9:45,9465
2/5/2023 9:45,10093
2/5/2023 9:46,10275
2/5/2023 9:46,9937
2/5/2023 9:47,10093
2/5/2023 9:47,9935
2/5/2023 9:48,10093
2/5/2023 9:48,10292
2/5/2023 9:49,10166
2/5/2023 9:49,10147
2/5/2023 9:50,10571
2/5/2023 9:50,10076
2/5/2023 9:51,9971
2/5/2023 9:51,9935
2/5/2023 9:52,10076
2/5/2023 9:52,9867
2/5/2023 9:53,10514
2/5/2023 9:53,9764
2/5/2023 9:54,9971
2/5/2023 9:54,10650
2/5/2023 9:55,9613
2/5/2023 9:55,9194
2/5/2023 9:56,9867
2/5/2023 9:56,10147
2/5/2023 9:57,9971
2/5/2023 9:57,10292
2/5/2023 9:58,10292
2/5/2023 9:58,10275
2/5/2023 9:59,9580
2/5/2023 9:59,9919
2/5/2023 10:00,10166
2/5/2023 10:00,10255
2/5/2023 10:01,10402
2/5/2023 10:01,10217
2/5/2023 10:02,9352
2/5/2023 10:02,9131
2/5/2023 10:03,9008
2/5/2023 10:03,9935
2/5/2023 10:04,9815
2/5/2023 10:04,9481
2/5/2023 10:05,10183
2/5/2023 10:05,9956
2/5/2023 10:06,8753
2/5/2023 10:06,10385
2/5/2023 10:07,9832
2/5/2023 10:07,10076
2/5/2023 10:08,10130
2/5/2023 10:08,10402
2/5/2023 10:09,9817
2/5/2023 10:09,10023
2/5/2023 10:10,10237
2/5/2023 10:11,10531
2/5/2023 10:11,9663
2/5/2023 10:12,10203
2/5/2023 10:12,9713
2/5/2023 10:13,10183
2/5/2023 10:13,10389
2/5/2023 10:14,10183
2/5/2023 10:14,10292
2/5/2023 10:15,10364
2/5/2023 10:15,10571
2/5/2023 10:16,10130
2/5/2023 10:16,10076
2/5/2023 10:17,10571
2/5/2023 10:17,9647
2/5/2023 10:18,10347
2/5/2023 10:18,9272
2/5/2023 10:19,10110
2/5/2023 10:19,9713
2/5/2023 10:20,10183
2/5/2023 10:20,10023
2/5/2023 10:21,10510
2/5/2023 10:21,9832
2/5/2023 10:22,10347
2/5/2023 10:22,10347
2/5/2023 10:23,10237
2/5/2023 10:23,10200
2/5/2023 10:24,10006
2/5/2023 10:24,9954
2/5/2023 10:25,9954
2/5/2023 10:25,9935
2/5/2023 10:26,9902
2/5/2023 10:26,10497
2/5/2023 10:27,9256
2/5/2023 10:27,10147
2/5/2023 10:28,9225
2/5/2023 10:28,10685
2/5/2023 10:29,9514
2/5/2023 10:29,9919
2/5/2023 10:30,10130
2/5/2023 10:30,9971
2/5/2023 10:31,9713
2/5/2023 10:31,10385
2/5/2023 10:32,10076
2/5/2023 10:32,10127
2/5/2023 10:33,10203
2/5/2023 10:33,9919
2/5/2023 10:34,9069
2/5/2023 10:34,9919
2/5/2023 10:35,10783
2/5/2023 10:35,9971
2/5/2023 10:36,9008
2/5/2023 10:36,9915
2/5/2023 10:37,9272
2/5/2023 10:38,10076
2/5/2023 10:38,9320
2/5/2023 10:39,9563
2/5/2023 10:39,10237
2/5/2023 10:40,10023
2/5/2023 10:40,10340
2/5/2023 10:41,10667
2/5/2023 10:41,10023
2/5/2023 10:42,10023
2/5/2023 10:42,9400
2/5/2023 10:43,10040
2/5/2023 10:43,9597
2/5/2023 10:44,10237
2/5/2023 10:44,10166
2/5/2023 10:45,10147
2/5/2023 10:45,9178
2/5/2023 10:46,10458
2/5/2023 10:46,9867
2/5/2023 10:47,10006
2/5/2023 10:47,10113
2/5/2023 10:48,10023
2/5/2023 10:48,9988
2/5/2023 10:49,10130
2/5/2023 10:49,10093
2/5/2023 10:50,9939
2/5/2023 10:50,10610
2/5/2023 10:51,9919
2/5/2023 10:51,10272
2/5/2023 10:52,9764
2/5/2023 10:52,10130
2/5/2023 10:53,9919
2/5/2023 10:53,10181
2/5/2023 10:54,10130
2/5/2023 10:54,10023
2/5/2023 10:55,10130
2/5/2023 10:55,9580
2/5/2023 10:56,10347
2/5/2023 10:56,9919
2/5/2023 10:57,9465
2/5/2023 10:57,10023
2/5/2023 10:58,10004
2/5/2023 10:58,10571
2/5/2023 10:59,10237
2/5/2023 10:59,9764
2/5/2023 11:00,10130
2/5/2023 11:00,10076
2/5/2023 11:01,9832
2/5/2023 11:01,10040
2/5/2023 11:02,10108
2/5/2023 11:02,10004
2/5/2023 11:03,9971
2/5/2023 11:03,8993
2/5/2023 11:04,10132
2/5/2023 11:05,10076
2/5/2023 11:05,10200
2/5/2023 11:06,10023
2/5/2023 11:06,10040
2/5/2023 11:07,9939
2/5/2023 11:07,10076
2/5/2023 11:08,9867
2/5/2023 11:08,9336
2/5/2023 11:09,10130
2/5/2023 11:09,10255
2/5/2023 11:10,10272
2/5/2023 11:10,9990
2/5/2023 11:11,9883
2/5/2023 11:11,9514
2/5/2023 11:12,10220
2/5/2023 11:12,10076
2/5/2023 11:13,10147
2/5/2023 11:13,9935
2/5/2023 11:14,10147
2/5/2023 11:14,10130
2/5/2023 11:15,10147
2/5/2023 11:15,10183
2/5/2023 11:16,10096
2/5/2023 11:16,10149
2/5/2023 11:17,10183
2/5/2023 11:17,10237
2/5/2023 11:18,10402
2/5/2023 11:18,10685
2/5/2023 11:19,9481
2/5/2023 11:19,9919
2/5/2023 11:20,9729
2/5/2023 11:20,10200
2/5/2023 11:21,9713
2/5/2023 11:21,9530
2/5/2023 11:22,10059
2/5/2023 11:22,9971
2/5/2023 11:23,9352
2/5/2023 11:23,10183
2/5/2023 11:24,9971
2/5/2023 11:24,9832
2/5/2023 11:25,10183
2/5/2023 11:25,10385
2/5/2023 11:26,10237
2/5/2023 11:26,9465
2/5/2023 11:27,10402
2/5/2023 11:27,10042
2/5/2023 11:28,10292
2/5/2023 11:28,9498
2/5/2023 11:29,9336
2/5/2023 11:29,10217
2/5/2023 11:30,10023
2/5/2023 11:30,9764
2/5/2023 11:31,9988
2/5/2023 11:32,9713
2/5/2023 11:32,10364
2/5/2023 11:33,10347
2/5/2023 11:33,9971
2/5/2023 11:34,9919
2/5/2023 11:34,9580
2/5/2023 11:35,9919
2/5/2023 11:35,10402
2/5/2023 11:36,9613
2/5/2023 11:36,10347
2/5/2023 11:37,9971
2/5/2023 11:37,9850
2/5/2023 11:38,9530
2/5/2023 11:38,9988
2/5/2023 11:39,10391
2/5/2023 11:39,9850
2/5/2023 11:40,9563
2/5/2023 11:40,9935
2/5/2023 11:41,9937
2/5/2023 11:41,10186
2/5/2023 11:42,10292
2/5/2023 11:42,9580
2/5/2023 11:43,9336
2/5/2023 11:43,9629
2/5/2023 11:44,10062
2/5/2023 11:44,10251
2/5/2023 11:45,10166
2/5/2023 11:45,10292
2/5/2023 11:46,9971
2/5/2023 11:46,10347
2/5/2023 11:47,10130
2/5/2023 11:47,10275
2/5/2023 11:48,10004
2/5/2023 11:48,9352
2/5/2023 11:49,9465
2/5/2023 11:49,10364
2/5/2023 11:50,10093
2/5/2023 11:50,9902
2/5/2023 11:51,10130
2/5/2023 11:51,9815
2/5/2023 11:52,9225
2/5/2023 11:52,9663
2/5/2023 11:53,10475
2/5/2023 11:53,10183
2/5/2023 11:54,10289
2/5/2023 11:54,10130
2/5/2023 11:55,10217
2/5/2023 11:55,10347
2/5/2023 11:56,9990
2/5/2023 11:56,10458
2/5/2023 11:57,9815
2/5/2023 11:57,10113
2/5/2023 11:58,10514
2/5/2023 11:59,10628
2/5/2023 11:59,9612
2/5/2023 12:00,10292
2/5/2023 12:00,9613
2/5/2023 12:01,10309
2/5/2023 12:01,9432
2/5/2023 12:02,10458
2/5/2023 12:02,10381
2/5/2023 12:03,10023
2/5/2023 12:03,10023
2/5/2023 12:04,10275
2/5/2023 12:04,10685
2/5/2023 12:05,10220
2/5/2023 12:05,9954
2/5/2023 12:06,9781
2/5/2023 12:06,9481
2/5/2023 12:07,10183
2/5/2023 12:07,10023
2/5/2023 12:08,10309
2/5/2023 12:08,10441
2/5/2023 12:09,10183
2/5/2023 12:09,9797
2/5/2023 12:10,10004
2/5/2023 12:10,10292
2/5/2023 12:11,10292
2/5/2023 12:11,10475
2/5/2023 12:12,9663
2/5/2023 12:12,9919
2/5/2023 12:13,10093
2/5/2023 12:13,10130
2/5/2023 12:14,10113
2/5/2023 12:14,10292
2/5/2023 12:15,10292
2/5/2023 12:15,10402
2/5/2023 12:16,10458
2/5/2023 12:16,10441
2/5/2023 12:17,10255
2/5/2023 12:17,10237
2/5/2023 12:18,10057
2/5/2023 12:18,10130
2/5/2023 12:19,10023
2/5/2023 12:19,9935
2/5/2023 12:20,10275
2/5/2023 12:20,10006
2/5/2023 12:21,10130
2/5/2023 12:21,10076
2/5/2023 12:22,9304
2/5/2023 12:22,10347
2/5/2023 12:23,10200
2/5/2023 12:23,10347
2/5/2023 12:24,10347
2/5/2023 12:24,10458
2/5/2023 12:25,10237
2/5/2023 12:26,9954
2/5/2023 12:26,10130
2/5/2023 12:27,9336
2/5/2023 12:27,9256
2/5/2023 12:28,10237
2/5/2023 12:28,10292
2/5/2023 12:29,10255
2/5/2023 12:29,9730
2/5/2023 12:30,10076
2/5/2023 12:30,10402
2/5/2023 12:31,10076
2/5/2023 12:31,10347
2/5/2023 12:32,10217
2/5/2023 12:32,10347
2/5/2023 12:33,10292
2/5/2023 12:33,10258
2/5/2023 12:34,10402
2/5/2023 12:34,9988
2/5/2023 12:35,10299
2/5/2023 12:35,10458
2/5/2023 12:36,10275
2/5/2023 12:36,10258
2/5/2023 12:37,10183
2/5/2023 12:37,10292
2/5/2023 12:38,9465
2/5/2023 12:38,10237
2/5/2023 12:39,10330
2/5/2023 12:39,10385
2/5/2023 12:40,10330
2/5/2023 12:40,9815
2/5/2023 12:41,10217
2/5/2023 12:41,10023
2/5/2023 12:42,10558
2/5/2023 12:42,10091
2/5/2023 12:43,10860
2/5/2023 12:43,10183
2/5/2023 12:44,10096
2/5/2023 12:44,10292
2/5/2023 12:45,10571
2/5/2023 12:45,10255
2/5/2023 12:46,10040
2/5/2023 12:46,10402
2/5/2023 12:47,10292
2/5/2023 12:47,9629
2/5/2023 12:48,10275
2/5/2023 12:48,9848
2/5/2023 12:49,9547
2/5/2023 12:49,10441
2/5/2023 12:50,10275
2/5/2023 12:50,9514
2/5/2023 12:51,10113
2/5/2023 12:51,10458
2/5/2023 12:52,10220
2/5/2023 12:53,10237
2/5/2023 12:53,10183
2/5/2023 12:54,10330
2/5/2023 12:54,9799
2/5/2023 12:55,10059
2/5/2023 12:55,10423
2/5/2023 12:56,10183
2/5/2023 12:56,10402
2/5/2023 12:57,9432
2/5/2023 12:57,10326
2/5/2023 12:58,10275
2/5/2023 12:58,10819
2/5/2023 12:59,10514
2/5/2023 12:59,9919
2/5/2023 13:00,9988
2/5/2023 13:00,10166
2/5/2023 13:01,10183
2/5/2023 13:01,10076
2/5/2023 13:02,10130
2/5/2023 13:02,10292
2/5/2023 13:03,10347
2/5/2023 13:03,10441
2/5/2023 13:04,10183
2/5/2023 13:04,10347
2/5/2023 13:05,10419
2/5/2023 13:05,10147
2/5/2023 13:06,10076
2/5/2023 13:06,9990
2/5/2023 13:07,10309
2/5/2023 13:07,10149
2/5/2023 13:08,9320
2/5/2023 13:08,10306
2/5/2023 13:09,10475
2/5/2023 13:09,9713
2/5/2023 13:10,10437
2/5/2023 13:10,10183
2/5/2023 13:11,9971
2/5/2023 13:11,10312
2/5/2023 13:12,10130
2/5/2023 13:12,10076
2/5/2023 13:13,9867
2/5/2023 13:13,10497
2/5/2023 13:14,10059
2/5/2023 13:14,10183
2/5/2023 13:15,10130
2/5/2023 13:15,10441
2/5/2023 13:16,10553
2/5/2023 13:16,10183
2/5/2023 13:17,10292
2/5/2023 13:17,10475
2/5/2023 13:18,10347
2/5/2023 13:18,10347
2/5/2023 13:19,10437
2/5/2023 13:20,10275
2/5/2023 13:20,10402
2/5/2023 13:21,10309
2/5/2023 13:21,10023
2/5/2023 13:22,10402
2/5/2023 13:22,9764
2/5/2023 13:23,9432
2/5/2023 13:23,10255
2/5/2023 13:24,9885
2/5/2023 13:24,10220
2/5/2023 13:25,9971
2/5/2023 13:25,9580
2/5/2023 13:26,11099
2/5/2023 13:26,9288
2/5/2023 13:27,10402
2/5/2023 13:27,10347
2/5/2023 13:28,9400
2/5/2023 13:28,9937
2/5/2023 13:29,10429
2/5/2023 13:29,9988
2/5/2023 13:30,10200
2/5/2023 13:30,10166
2/5/2023 13:31,9815
2/5/2023 13:31,8845
2/5/2023 13:32,10183
2/5/2023 13:32,9147
2/5/2023 13:33,10419
2/5/2023 13:33,10006
2/5/2023 13:34,10441
2/5/2023 13:34,10006
2/5/2023 13:35,10223
2/5/2023 13:35,10458
2/5/2023 13:36,10147
2/5/2023 13:36,9596
2/5/2023 13:37,9971
2/5/2023 13:37,9867
2/5/2023 13:38,10166
2/5/2023 13:38,10130
2/5/2023 13:39,10475
2/5/2023 13:39,10055
2/5/2023 13:40,10761
2/5/2023 13:40,9971
2/5/2023 13:41,10237
2/5/2023 13:41,10130
2/5/2023 13:42,10023
2/5/2023 13:42,10347
2/5/2023 13:43,10076
2/5/2023 13:43,10385
2/5/2023 13:44,10458
2/5/2023 13:44,10040
2/5/2023 13:45,10588
2/5/2023 13:45,10130
2/5/2023 13:46,10130
2/5/2023 13:47,10402
2/5/2023 13:47,9178
2/5/2023 13:48,10234
2/5/2023 13:48,10361
2/5/2023 13:49,9973
2/5/2023 13:49,9971
2/5/2023 13:50,10164
2/5/2023 13:50,10628
2/5/2023 13:51,9432
2/5/2023 13:51,10571
2/5/2023 13:52,10458
2/5/2023 13:52,10497
2/5/2023 13:53,10200
2/5/2023 13:53,10130
2/5/2023 13:54,9481
2/5/2023 13:54,10237
2/5/2023 13:55,10402
2/5/2023 13:55,10292
2/5/2023 13:56,10402
2/5/2023 13:56,9663
2/5/2023 13:57,10309
2/5/2023 13:57,9883
2/5/2023 13:58,10347
2/5/2023 13:58,10130
2/5/2023 13:59,10571
2/5/2023 13:59,10255
2/5/2023 14:00,10130
2/5/2023 14:00,10237
2/5/2023 14:01,10419
2/5/2023 14:01,10237
2/5/2023 14:02,10330
2/5/2023 14:02,10571
2/5/2023 14:03,9416
2/5/2023 14:03,10241
2/5/2023 14:04,10278
2/5/2023 14:04,10076
2/5/2023 14:05,9679
2/5/2023 14:05,10347
2/5/2023 14:06,10255
2/5/2023 14:06,10217
2/5/2023 14:07,10130
2/5/2023 14:07,10514
2/5/2023 14:08,10200
2/5/2023 14:08,9647
2/5/2023 14:09,10166
2/5/2023 14:09,10275
2/5/2023 14:10,10200
2/5/2023 14:10,10183
2/5/2023 14:11,10292
2/5/2023 14:11,10419
2/5/2023 14:12,10275
2/5/2023 14:12,10514
2/5/2023 14:13,10076
2/5/2023 14:14,10147
2/5/2023 14:14,10076
2/5/2023 14:15,9814
2/5/2023 14:15,10402
2/5/2023 14:16,10147
2/5/2023 14:16,10292
2/5/2023 14:17,10295
2/5/2023 14:17,10130
2/5/2023 14:18,10183
2/5/2023 14:18,10343
2/5/2023 14:19,10510
2/5/2023 14:19,10093
2/5/2023 14:20,10237
2/5/2023 14:20,10347
2/5/2023 14:21,9697
2/5/2023 14:21,10251
2/5/2023 14:22,10423
2/5/2023 14:22,10347
2/5/2023 14:23,10309
2/5/2023 14:23,10385
2/5/2023 14:24,10347
2/5/2023 14:24,10076
2/5/2023 14:25,10309
2/5/2023 14:25,10454
2/5/2023 14:26,10200
2/5/2023 14:26,10385
2/5/2023 14:27,10237
2/5/2023 14:27,10292
2/5/2023 14:28,9971
2/5/2023 14:28,10361
2/5/2023 14:29,10514
2/5/2023 14:29,10023
2/5/2023 14:30,10113
2/5/2023 14:30,10113
2/5/2023 14:31,10040
2/5/2023 14:31,10330
2/5/2023 14:32,10183
2/5/2023 14:32,10237
2/5/2023 14:33,9416
2/5/2023 14:33,10402
2/5/2023 14:34,10475
2/5/2023 14:34,10258
2/5/2023 14:35,10347
2/5/2023 14:35,10237
2/5/2023 14:36,10237
2/5/2023 14:36,9547
2/5/2023 14:37,9832
2/5/2023 14:37,10458
2/5/2023 14:38,10545
2/5/2023 14:38,10419
2/5/2023 14:39,9867
2/5/2023 14:40,10514
2/5/2023 14:40,10059
2/5/2023 14:41,10076
2/5/2023 14:41,10255
2/5/2023 14:42,10255
2/5/2023 14:42,10419
2/5/2023 14:43,10890
2/5/2023 14:43,10458
2/5/2023 14:44,10178
2/5/2023 14:44,9954
2/5/2023 14:45,10309
2/5/2023 14:45,9713
2/5/2023 14:46,10166
2/5/2023 14:46,10458
2/5/2023 14:47,9730
2/5/2023 14:47,10326
2/5/2023 14:48,10309
2/5/2023 14:48,9580
2/5/2023 14:49,10340
2/5/2023 14:49,10330
2/5/2023 14:50,9988
2/5/2023 14:50,9919
2/5/2023 14:51,10292
2/5/2023 14:51,9748
2/5/2023 14:52,10458
2/5/2023 14:52,10147
2/5/2023 14:53,9885
2/5/2023 14:53,10419
2/5/2023 14:54,10479
2/5/2023 14:54,10255
2/5/2023 14:55,10023
2/5/2023 14:55,10292
2/5/2023 14:56,10183
2/5/2023 14:56,10183
2/5/2023 14:57,10275
2/5/2023 14:57,10433
2/5/2023 14:58,10237
2/5/2023 14:58,10183
2/5/2023 14:59,10292
2/5/2023 14:59,10292
2/5/2023 15:00,9647
2/5/2023 15:00,10237
2/5/2023 15:01,9832
2/5/2023 15:01,10130
2/5/2023 15:02,10057
2/5/2023 15:02,10130
2/5/2023 15:03,9867
2/5/2023 15:03,10006
2/5/2023 15:04,10364
2/5/2023 15:04,10059
2/5/2023 15:05,10458
2/5/2023 15:05,10553
2/5/2023 15:06,9815
2/5/2023 15:07,10076
2/5/2023 15:07,10130
2/5/2023 15:08,10402
2/5/2023 15:08,10292
2/5/2023 15:09,10645
2/5/2023 15:09,10402
2/5/2023 15:10,10402
2/5/2023 15:10,10183
2/5/2023 15:11,10147
2/5/2023 15:11,10364
2/5/2023 15:12,10497
2/5/2023 15:12,9764
2/5/2023 15:13,9919
2/5/2023 15:13,10571
2/5/2023 15:14,10023
2/5/2023 15:14,9178
2/5/2023 15:15,10183
2/5/2023 15:15,9288
2/5/2023 15:16,9481
2/5/2023 15:16,10040
2/5/2023 15:17,10040
2/5/2023 15:17,10347
2/5/2023 15:18,9867
2/5/2023 15:18,10023
2/5/2023 15:19,10076
2/5/2023 15:19,9449
2/5/2023 15:20,10166
2/5/2023 15:20,10093
2/5/2023 15:21,10040
2/5/2023 15:21,10130
2/5/2023 15:22,10441
2/5/2023 15:22,10553
2/5/2023 15:23,10130
2/5/2023 15:23,9679
2/5/2023 15:24,10237
2/5/2023 15:24,10147
2/5/2023 15:25,9481
2/5/2023 15:25,10023
2/5/2023 15:26,10588
2/5/2023 15:26,9085
2/5/2023 15:27,10497
2/5/2023 15:27,9971
2/5/2023 15:28,10169
2/5/2023 15:28,9629
2/5/2023 15:29,10458
2/5/2023 15:29,10427
2/5/2023 15:30,10289
2/5/2023 15:30,9883
2/5/2023 15:31,10166
2/5/2023 15:31,10385
2/5/2023 15:32,9832
2/5/2023 15:32,10130
2/5/2023 15:33,10076
2/5/2023 15:34,10237
2/5/2023 15:34,10949
2/5/2023 15:35,10292
2/5/2023 15:35,9971
2/5/2023 15:36,10347
2/5/2023 15:36,10023
2/5/2023 15:37,10571
2/5/2023 15:37,10364
2/5/2023 15:38,10023
2/5/2023 15:38,10149
2/5/2023 15:39,10292
2/5/2023 15:39,10149
2/5/2023 15:40,10309
2/5/2023 15:40,10475
2/5/2023 15:41,10441
2/5/2023 15:41,10571
2/5/2023 15:42,10059
2/5/2023 15:42,9764
2/5/2023 15:43,10937
2/5/2023 15:43,10437
2/5/2023 15:44,10006
2/5/2023 15:44,10076
2/5/2023 15:45,9883
2/5/2023 15:45,10536
2/5/2023 15:46,10064
2/5/2023 15:46,10347
2/5/2023 15:47,10183
2/5/2023 15:47,10571
2/5/2023 15:48,9971
2/5/2023 15:48,10536
2/5/2023 15:49,10237
2/5/2023 15:49,10023
2/5/2023 15:50,10076
2/5/2023 15:50,10364
2/5/2023 15:51,9950
2/5/2023 15:51,10292
2/5/2023 15:52,9481
2/5/2023 15:52,10023
2/5/2023 15:53,10743
2/5/2023 15:53,10183
2/5/2023 15:54,9697
2/5/2023 15:54,10237
2/5/2023 15:55,10458
2/5/2023 15:55,10023
2/5/2023 15:56,10220
2/5/2023 15:56,10203
2/5/2023 15:57,10076
2/5/2023 15:57,9815
2/5/2023 15:58,10147
2/5/2023 15:58,10402
2/5/2023 15:59,9613
2/5/2023 15:59,10130
2/5/2023 16:00,10419
2/5/2023 16:01,9647
2/5/2023 16:01,10130
2/5/2023 16:02,10237
2/5/2023 16:02,10330
2/5/2023 16:03,9971
2/5/2023 16:03,10006
2/5/2023 16:04,10023
2/5/2023 16:04,9919
2/5/2023 16:05,10588
2/5/2023 16:05,8963
2/5/2023 16:06,10385
2/5/2023 16:06,10113
2/5/2023 16:07,9832
2/5/2023 16:07,9919
2/5/2023 16:08,10183
2/5/2023 16:08,10237
2/5/2023 16:09,10292
2/5/2023 16:09,9547
2/5/2023 16:10,9131
2/5/2023 16:10,10113
2/5/2023 16:11,10076
2/5/2023 16:11,10023
2/5/2023 16:12,9832
2/5/2023 16:12,10483
2/5/2023 16:13,10217
2/5/2023 16:13,10076
2/5/2023 16:14,9919
2/5/2023 16:14,10385
2/5/2023 16:15,10130
2/5/2023 16:15,10330
2/5/2023 16:16,10237
2/5/2023 16:16,10166
2/5/2023 16:17,10076
2/5/2023 16:17,10149
2/5/2023 16:18,10458
2/5/2023 16:18,9416
2/5/2023 16:19,10183
2/5/2023 16:19,10152
2/5/2023 16:20,10203
2/5/2023 16:20,10183
2/5/2023 16:21,10292
2/5/2023 16:21,10098
2/5/2023 16:22,10130
2/5/2023 16:22,10275
2/5/2023 16:23,10113
2/5/2023 16:23,10685
2/5/2023 16:24,9465
2/5/2023 16:24,9988
2/5/2023 16:25,10402
2/5/2023 16:25,10497
2/5/2023 16:26,10237
2/5/2023 16:26,10309
2/5/2023 16:27,10419
2/5/2023 16:28,10437
2/5/2023 16:28,10402
2/5/2023 16:29,9764
2/5/2023 16:29,10783
2/5/2023 16:30,10458
2/5/2023 16:30,10347
2/5/2023 16:31,10220
2/5/2023 16:31,9971
2/5/2023 16:32,10347
2/5/2023 16:32,9256
2/5/2023 16:33,10076
2/5/2023 16:33,10343
2/5/2023 16:34,10347
2/5/2023 16:34,9563
2/5/2023 16:35,10079
2/5/2023 16:35,10076
2/5/2023 16:36,10183
2/5/2023 16:36,10402
2/5/2023 16:37,9952
2/5/2023 16:37,10381
2/5/2023 16:38,10220
2/5/2023 16:38,9781
2/5/2023 16:39,9400
2/5/2023 16:39,10309
2/5/2023 16:40,9867
2/5/2023 16:40,10237
2/5/2023 16:41,10166
2/5/2023 16:41,10200
2/5/2023 16:42,9530
2/5/2023 16:42,9713
2/5/2023 16:43,10458
2/5/2023 16:43,10628
2/5/2023 16:44,10610
2/5/2023 16:44,10076
2/5/2023 16:45,9697
2/5/2023 16:45,10292
2/5/2023 16:46,9971
2/5/2023 16:46,10096
2/5/2023 16:47,10023
2/5/2023 16:47,10200
2/5/2023 16:48,10076
2/5/2023 16:48,10514
2/5/2023 16:49,9867
2/5/2023 16:49,10006
2/5/2023 16:50,9580
2/5/2023 16:50,10093
2/5/2023 16:51,10166
2/5/2023 16:51,10536
2/5/2023 16:52,10237
2/5/2023 16:52,10258
2/5/2023 16:53,10610
2/5/2023 16:53,9815
2/5/2023 16:54,9336
2/5/2023 16:55,10783
2/5/2023 16:55,10458
2/5/2023 16:56,10347
2/5/2023 16:56,10183
2/5/2023 16:57,10514
2/5/2023 16:57,10441
2/5/2023 16:58,10166
2/5/2023 16:58,10130
2/5/2023 16:59,10819
2/5/2023 16:59,9985
2/5/2023 17:00,10458
2/5/2023 17:00,10115
2/5/2023 17:01,10458
2/5/2023 17:01,10330
2/5/2023 17:02,10214
2/5/2023 17:02,9799
2/5/2023 17:03,9400
2/5/2023 17:03,10096
2/5/2023 17:04,10364
2/5/2023 17:04,10385
2/5/2023 17:05,10093
2/5/2023 17:05,10237
2/5/2023 17:06,10272
2/5/2023 17:06,10523
2/5/2023 17:07,9597
2/5/2023 17:07,10189
2/5/2023 17:08,10147
2/5/2023 17:08,10183
2/5/2023 17:09,10183
2/5/2023 17:09,9848
2/5/2023 17:10,10237
2/5/2023 17:10,9764
2/5/2023 17:11,9971
2/5/2023 17:11,10275
2/5/2023 17:12,10584
2/5/2023 17:12,10408
2/5/2023 17:13,10347
2/5/2023 17:13,9799
2/5/2023 17:14,10441
2/5/2023 17:14,10275
2/5/2023 17:15,10113
2/5/2023 17:15,10059
2/5/2023 17:16,10402
2/5/2023 17:16,10059
2/5/2023 17:17,9952
2/5/2023 17:17,10441
2/5/2023 17:18,10531
2/5/2023 17:18,10183
2/5/2023 17:19,10571
2/5/2023 17:19,10183
2/5/2023 17:20,10347
2/5/2023 17:20,10292
2/5/2023 17:21,10183
2/5/2023 17:22,10292
2/5/2023 17:22,10309
2/5/2023 17:23,10347
2/5/2023 17:23,9613
2/5/2023 17:24,10593
2/5/2023 17:24,10042
2/5/2023 17:25,9919
2/5/2023 17:25,10402
2/5/2023 17:26,10237
2/5/2023 17:26,10458
2/5/2023 17:27,10309
2/5/2023 17:27,10113
2/5/2023 17:28,10514
2/5/2023 17:28,10258
2/5/2023 17:29,9832
2/5/2023 17:29,9850
2/5/2023 17:30,10023
2/5/2023 17:30,10402
2/5/2023 17:31,9384
2/5/2023 17:31,9954
2/5/2023 17:32,10330
2/5/2023 17:32,9799
2/5/2023 17:33,10040
2/5/2023 17:33,9988
2/5/2023 17:34,10402
2/5/2023 17:34,9731
2/5/2023 17:35,9883
2/5/2023 17:35,10237
2/5/2023 17:36,10458
2/5/2023 17:36,10055
2/5/2023 17:37,10458
2/5/2023 17:37,10943
2/5/2023 17:38,9663
2/5/2023 17:38,9919
2/5/2023 17:39,10685
2/5/2023 17:39,10783
2/5/2023 17:40,10237
2/5/2023 17:40,10458
2/5/2023 17:41,9679
2/5/2023 17:41,10514
2/5/2023 17:42,9967
2/5/2023 17:42,9883
2/5/2023 17:43,10110
2/5/2023 17:43,9867
2/5/2023 17:44,10200
2/5/2023 17:44,10628
2/5/2023 17:45,9988
2/5/2023 17:45,9971
2/5/2023 17:46,9764
2/5/2023 17:46,9971
2/5/2023 17:47,10571
2/5/2023 17:47,9832
2/5/2023 17:48,9713
2/5/2023 17:49,10040
2/5/2023 17:49,10093
2/5/2023 17:50,10076
2/5/2023 17:50,9988
2/5/2023 17:51,10203
2/5/2023 17:51,9919
2/5/2023 17:52,9764
2/5/2023 17:52,9730
2/5/2023 17:53,10093
2/5/2023 17:53,10093
2/5/2023 17:54,10685
2/5/2023 17:54,9713
2/5/2023 17:55,10292
2/5/2023 17:55,10531
2/5/2023 17:56,10531
2/5/2023 17:56,9988
2/5/2023 17:57,10628
2/5/2023 17:57,10402
2/5/2023 17:58,9988
2/5/2023 17:58,9748
2/5/2023 17:59,9971
2/5/2023 17:59,9971
2/5/2023 18:00,10441
2/5/2023 18:00,9730
2/5/2023 18:01,10217
2/5/2023 18:01,10057
2/5/2023 18:02,9730
2/5/2023 18:02,10147
2/5/2023 18:03,10437
2/5/2023 18:03,9514
2/5/2023 18:04,10497
2/5/2023 18:04,9679
2/5/2023 18:05,10057
2/5/2023 18:05,9713
2/5/2023 18:06,9481
2/5/2023 18:06,10549
2/5/2023 18:07,10326
2/5/2023 18:07,10743
2/5/2023 18:08,10399
2/5/2023 18:08,10675
2/5/2023 18:09,10093
2/5/2023 18:09,9883
2/5/2023 18:10,10801
2/5/2023 18:10,9646
2/5/2023 18:11,9848
2/5/2023 18:11,9848
2/5/2023 18:12,9696
2/5/2023 18:12,9530
2/5/2023 18:13,10004
2/5/2023 18:13,10475
2/5/2023 18:14,10588
2/5/2023 18:14,9696
2/5/2023 18:15,10588
2/5/2023 18:16,10531
2/5/2023 18:16,10778
2/5/2023 18:17,9988
2/5/2023 18:17,9969
2/5/2023 18:18,10361
2/5/2023 18:18,10057
2/5/2023 18:19,9647
2/5/2023 18:19,10110
2/5/2023 18:20,10004
2/5/2023 18:20,10450
2/5/2023 18:21,10908
2/5/2023 18:21,10566
2/5/2023 18:22,9965
2/5/2023 18:22,10023
2/5/2023 18:23,10606
2/5/2023 18:23,9696
2/5/2023 18:24,10531
2/5/2023 18:24,9814
2/5/2023 18:25,9814
2/5/2023 18:25,10289
2/5/2023 18:26,9746
2/5/2023 18:26,9646
2/5/2023 18:27,10895
2/5/2023 18:27,10913
2/5/2023 18:28,10878
2/5/2023 18:28,10004
2/5/2023 18:29,10381
2/5/2023 18:29,9797
2/5/2023 18:30,10326
2/5/2023 18:30,9917
2/5/2023 18:31,10761
2/5/2023 18:31,10110
2/5/2023 18:32,9900
2/5/2023 18:32,10021
2/5/2023 18:33,10074
2/5/2023 18:33,9481
2/5/2023 18:34,10272
2/5/2023 18:34,9612
2/5/2023 18:35,10147
2/5/2023 18:35,9865
2/5/2023 18:36,10623
2/5/2023 18:36,10437
2/5/2023 18:37,9563
2/5/2023 18:37,9935
2/5/2023 18:38,9797
2/5/2023 18:38,10127
2/5/2023 18:39,10326
2/5/2023 18:39,9288
2/5/2023 18:40,10399
2/5/2023 18:40,9729
2/5/2023 18:41,10197
2/5/2023 18:41,10399
2/5/2023 18:42,9257
2/5/2023 18:43,9848
2/5/2023 18:43,9848
2/5/2023 18:44,9847
2/5/2023 18:44,9917
2/5/2023 18:45,9933
2/5/2023 18:45,9900
2/5/2023 18:46,10091
2/5/2023 18:46,10272
2/5/2023 18:47,10663
2/5/2023 18:47,9763
2/5/2023 18:48,9865
2/5/2023 18:48,10381
2/5/2023 18:49,9969
2/5/2023 18:49,9797
2/5/2023 18:50,9712
2/5/2023 18:50,10416
2/5/2023 18:51,10272
2/5/2023 18:51,9848
2/5/2023 18:52,10002
2/5/2023 18:52,9933
2/5/2023 18:53,10217
2/5/2023 18:53,9546
2/5/2023 18:54,9865
2/5/2023 18:54,9763
2/5/2023 18:55,9448
2/5/2023 18:55,9832
2/5/2023 18:56,10127
2/5/2023 18:56,9865
2/5/2023 18:57,9867
2/5/2023 18:57,10021
2/5/2023 18:58,10057
2/5/2023 18:58,9830
2/5/2023 18:59,10038
2/5/2023 18:59,9917
2/5/2023 19:00,10399
2/5/2023 19:00,9814
2/5/2023 19:01,10437
2/5/2023 19:01,10549
2/5/2023 19:02,10854
2/5/2023 19:02,9781
2/5/2023 19:03,10510
2/5/2023 19:03,10021
2/5/2023 19:04,9814
2/5/2023 19:04,9969
2/5/2023 19:05,9746
2/5/2023 19:05,9830
2/5/2023 19:06,9900
2/5/2023 19:06,9812
2/5/2023 19:07,9679
2/5/2023 19:07,10074
2/5/2023 19:08,10361
2/5/2023 19:09,9900
2/5/2023 19:09,9882
2/5/2023 19:10,10878
2/5/2023 19:10,9830
2/5/2023 19:11,10158
2/5/2023 19:11,10074
2/5/2023 19:12,10091
2/5/2023 19:12,10837
2/5/2023 19:13,10164
2/5/2023 19:13,10127
2/5/2023 19:14,9900
2/5/2023 19:14,10004
2/5/2023 19:15,9595
2/5/2023 19:15,10854
2/5/2023 19:16,9969
2/5/2023 19:16,10584
2/5/2023 19:17,10038
2/5/2023 19:17,10217
2/5/2023 19:18,9933
2/5/2023 19:18,10038
2/5/2023 19:19,10437
2/5/2023 19:19,9933
2/5/2023 19:20,10623
2/5/2023 19:20,10378
2/5/2023 19:21,10606
2/5/2023 19:21,9830
2/5/2023 19:22,11075
2/5/2023 19:22,10641
2/5/2023 19:23,9917
2/5/2023 19:23,10606
2/5/2023 19:24,10021
2/5/2023 19:24,9917
2/5/2023 19:25,9513
2/5/2023 19:25,10127
2/5/2023 19:26,10755
2/5/2023 19:26,10074
2/5/2023 19:27,10399
2/5/2023 19:27,9448
2/5/2023 19:28,9952
2/5/2023 19:28,10884
2/5/2023 19:29,10038
2/5/2023 19:29,10038
2/5/2023 19:30,10755
2/5/2023 19:30,10234
2/5/2023 19:31,10510
2/5/2023 19:31,10038
2/5/2023 19:32,10416
2/5/2023 19:32,10641
2/5/2023 19:33,10289
2/5/2023 19:33,10289
2/5/2023 19:34,10057
2/5/2023 19:34,10074
2/5/2023 19:35,10471
2/5/2023 19:36,9779
2/5/2023 19:36,10385
2/5/2023 19:37,10074
2/5/2023 19:37,10416
2/5/2023 19:38,10181
2/5/2023 19:38,10454
2/5/2023 19:39,9933
2/5/2023 19:39,10234
2/5/2023 19:40,10493
2/5/2023 19:40,10429
2/5/2023 19:41,9712
2/5/2023 19:41,9763
2/5/2023 19:42,9917
2/5/2023 19:42,10454
2/5/2023 19:43,9696
2/5/2023 19:43,10361
2/5/2023 19:44,10144
2/5/2023 19:44,10038
2/5/2023 19:45,9865
2/5/2023 19:45,10955
2/5/2023 19:46,9695
2/5/2023 19:46,10715
2/5/2023 19:47,10057
2/5/2023 19:47,10021
2/5/2023 19:48,9481
2/5/2023 19:48,10343
2/5/2023 19:49,9865
2/5/2023 19:49,10144
2/5/2023 19:50,10038
2/5/2023 19:50,10698
2/5/2023 19:51,10641
2/5/2023 19:51,10343
2/5/2023 19:52,9814
2/5/2023 19:52,9917
2/5/2023 19:53,10181
2/5/2023 19:53,9933
2/5/2023 19:54,10059
2/5/2023 19:54,10289
2/5/2023 19:55,10663
2/5/2023 19:55,10584
2/5/2023 19:56,9678
2/5/2023 19:56,10361
2/5/2023 19:57,10038
2/5/2023 19:57,10286
2/5/2023 19:58,9844
2/5/2023 19:58,11197
2/5/2023 19:59,10831
2/5/2023 19:59,10796
2/5/2023 20:00,9850
2/5/2023 20:00,9882
2/5/2023 20:01,10343
2/5/2023 20:01,10076
2/5/2023 20:02,10584
2/5/2023 20:03,10738
2/5/2023 20:03,10738
2/5/2023 20:04,10004
2/5/2023 20:04,9985
2/5/2023 20:05,10144
2/5/2023 20:05,9933
2/5/2023 20:06,10471
2/5/2023 20:06,10021
2/5/2023 20:07,10854
2/5/2023 20:07,10161
2/5/2023 20:08,9882
2/5/2023 20:08,10527
2/5/2023 20:09,9368
2/5/2023 20:09,10144
2/5/2023 20:10,10144
2/5/2023 20:10,10306
2/5/2023 20:11,9933
2/5/2023 20:11,9898
2/5/2023 20:12,9933
2/5/2023 20:12,9779
2/5/2023 20:13,10872
2/5/2023 20:13,10289
2/5/2023 20:14,9865
2/5/2023 20:14,10306
2/5/2023 20:15,9814
2/5/2023 20:15,10127
2/5/2023 20:16,10105
2/5/2023 20:16,9546
2/5/2023 20:17,10074
2/5/2023 20:17,10091
2/5/2023 20:18,10680
2/5/2023 20:18,9796
2/5/2023 20:19,10055
2/5/2023 20:19,10268
2/5/2023 20:20,10990
2/5/2023 20:20,10091
2/5/2023 20:21,10931
2/5/2023 20:21,10197
2/5/2023 20:22,10381
2/5/2023 20:22,9933
2/5/2023 20:23,10055
2/5/2023 20:23,10510
2/5/2023 20:24,9729
2/5/2023 20:24,9746
2/5/2023 20:25,9712
2/5/2023 20:25,10641
2/5/2023 20:26,9779
2/5/2023 20:26,9967
2/5/2023 20:27,9950
2/5/2023 20:27,10658
2/5/2023 20:28,10450
2/5/2023 20:28,10091
2/5/2023 20:29,10091
2/5/2023 20:30,10641
2/5/2023 20:30,10214
2/5/2023 20:31,9950
2/5/2023 20:31,10755
2/5/2023 20:32,9985
2/5/2023 20:32,10416
2/5/2023 20:33,10527
2/5/2023 20:33,10854
2/5/2023 20:34,9384
2/5/2023 20:34,10545
2/5/2023 20:35,9830
2/5/2023 20:35,9969
2/5/2023 20:36,10698
2/5/2023 20:36,9645
2/5/2023 20:37,9595
2/5/2023 20:37,9678
2/5/2023 20:38,10831
2/5/2023 20:38,10161
2/5/2023 20:39,10091
2/5/2023 20:39,10002
2/5/2023 20:40,10584
2/5/2023 20:40,10074
2/5/2023 20:41,9645
2/5/2023 20:41,10197
2/5/2023 20:42,10038
2/5/2023 20:42,9979
2/5/2023 20:43,10489
2/5/2023 20:43,10002
2/5/2023 20:44,10108
2/5/2023 20:44,10773
2/5/2023 20:45,9847
2/5/2023 20:45,10523
2/5/2023 20:46,9661
2/5/2023 20:46,10161
2/5/2023 20:47,9898
2/5/2023 20:47,10808
2/5/2023 20:48,9645
2/5/2023 20:48,9815
2/5/2023 20:49,10967
2/5/2023 20:49,9931
2/5/2023 20:50,10698
2/5/2023 20:50,10055
2/5/2023 20:51,10641
2/5/2023 20:51,10074
2/5/2023 20:52,9933
2/5/2023 20:52,10931
2/5/2023 20:53,10416
2/5/2023 20:53,10306
2/5/2023 20:54,10002
2/5/2023 20:54,9611
2/5/2023 20:55,10055
2/5/2023 20:56,10527
2/5/2023 20:56,10055
2/5/2023 20:57,10144
2/5/2023 20:57,10545
2/5/2023 20:58,10698
2/5/2023 20:58,9967
2/5/2023 20:59,10601
2/5/2023 20:59,10814
2/5/2023 21:00,10323
2/5/2023 21:00,10755
2/5/2023 21:01,10715
2/5/2023 21:01,9847
2/5/2023 21:02,9917
2/5/2023 21:02,10019
2/5/2023 21:03,10675
2/5/2023 21:03,10091
2/5/2023 21:04,10326
2/5/2023 21:04,10038
2/5/2023 21:05,10055
2/5/2023 21:05,10715
2/5/2023 21:06,10158
2/5/2023 21:06,10231
2/5/2023 21:07,10931
2/5/2023 21:07,10023
2/5/2023 21:08,10055
2/5/2023 21:08,10071
2/5/2023 21:09,10990
2/5/2023 21:09,9898
2/5/2023 21:10,10038
2/5/2023 21:10,9847
2/5/2023 21:11,10108
2/5/2023 21:11,10680
2/5/2023 21:12,10867
2/5/2023 21:12,10527
2/5/2023 21:13,9830
2/5/2023 21:13,10671
2/5/2023 21:14,10161
2/5/2023 21:14,10433
2/5/2023 21:15,10067
2/5/2023 21:15,10773
2/5/2023 21:16,10773
2/5/2023 21:16,10108
2/5/2023 21:17,10108
2/5/2023 21:17,10178
2/5/2023 21:18,10433
2/5/2023 21:18,10715
2/5/2023 21:19,10641
2/5/2023 21:19,9678
2/5/2023 21:20,10214
2/5/2023 21:20,10021
2/5/2023 21:21,10798
2/5/2023 21:21,9729
2/5/2023 21:22,10158
2/5/2023 21:23,10814
2/5/2023 21:23,10890
2/5/2023 21:24,9847
2/5/2023 21:24,10872
2/5/2023 21:25,9847
2/5/2023 21:25,10019
2/5/2023 21:26,9898
2/5/2023 21:26,9745
2/5/2023 21:27,9796
2/5/2023 21:27,9898
2/5/2023 21:28,10055
2/5/2023 21:28,9883
2/5/2023 21:29,10231
2/5/2023 21:29,10071
2/5/2023 21:30,10575
2/5/2023 21:30,9930
2/5/2023 21:31,10627
2/5/2023 21:31,10019
2/5/2023 21:32,9830
2/5/2023 21:32,9865
2/5/2023 21:33,10601
2/5/2023 21:33,9812
2/5/2023 21:34,11093
2/5/2023 21:34,9847
2/5/2023 21:35,9779
2/5/2023 21:35,11208
2/5/2023 21:36,9847
2/5/2023 21:36,10197
2/5/2023 21:37,10108
2/5/2023 21:37,10231
2/5/2023 21:38,10002
2/5/2023 21:38,10161
2/5/2023 21:39,10144
2/5/2023 21:39,10395
2/5/2023 21:40,10019
2/5/2023 21:40,9985
2/5/2023 21:41,10071
2/5/2023 21:41,10523
2/5/2023 21:42,10108
2/5/2023 21:42,11008
2/5/2023 21:43,9967
2/5/2023 21:43,9745
2/5/2023 21:44,10872
2/5/2023 21:44,10773
2/5/2023 21:45,9898
2/5/2023 21:45,10340
2/5/2023 21:46,10105
2/5/2023 21:46,9796
2/5/2023 21:47,10378
2/5/2023 21:47,11305
2/5/2023 21:48,10071
2/5/2023 21:48,9967
2/5/2023 21:49,10450
2/5/2023 21:50,10733
2/5/2023 21:50,10831
2/5/2023 21:51,10306
2/5/2023 21:51,9762
2/5/2023 21:52,10489
2/5/2023 21:52,10489
2/5/2023 21:53,10002
2/5/2023 21:53,9796
2/5/2023 21:54,10601
2/5/2023 21:54,10178
2/5/2023 21:55,10471
2/5/2023 21:55,9967
2/5/2023 21:56,10108
2/5/2023 21:56,9416
2/5/2023 21:57,9812
2/5/2023 21:57,10306
2/5/2023 21:58,10124
2/5/2023 21:58,10450
2/5/2023 21:59,9695
2/5/2023 21:59,9882
2/5/2023 22:00,10831
2/5/2023 22:00,10251
2/5/2023 22:01,10178
2/5/2023 22:01,10601
2/5/2023 22:02,10108
2/5/2023 22:02,10286
2/5/2023 22:03,10506
2/5/2023 22:03,11375
2/5/2023 22:04,10733
2/5/2023 22:04,9898
2/5/2023 22:05,10433
2/5/2023 22:05,10144
2/5/2023 22:06,9645
2/5/2023 22:06,10197
2/5/2023 22:07,10395
2/5/2023 22:07,10323
2/5/2023 22:08,10040
2/5/2023 22:08,10231
2/5/2023 22:09,9863
2/5/2023 22:09,9847
2/5/2023 22:10,10675
2/5/2023 22:10,10019
2/5/2023 22:11,9898
2/5/2023 22:11,10108
2/5/2023 22:12,10091
2/5/2023 22:12,10144
2/5/2023 22:13,10601
2/5/2023 22:13,10108
2/5/2023 22:14,10161
2/5/2023 22:14,10124
2/5/2023 22:15,10214
2/5/2023 22:15,10510
2/5/2023 22:16,10088
2/5/2023 22:17,10361
2/5/2023 22:17,10527
2/5/2023 22:18,10144
2/5/2023 22:18,10038
2/5/2023 22:19,10002
2/5/2023 22:19,10108
2/5/2023 22:20,10108
2/5/2023 22:20,9915
2/5/2023 22:21,10108
2/5/2023 22:21,10197
2/5/2023 22:22,10715
2/5/2023 22:22,10019
2/5/2023 22:23,10272
2/5/2023 22:23,11050
2/5/2023 22:24,10303
2/5/2023 22:24,10002
2/5/2023 22:25,9546
2/5/2023 22:25,10248
2/5/2023 22:26,10973
2/5/2023 22:26,10161
2/5/2023 22:27,10814
2/5/2023 22:27,9915
2/5/2023 22:28,10161
2/5/2023 22:28,9915
2/5/2023 22:29,10214
2/5/2023 22:29,10055
2/5/2023 22:30,10675
2/5/2023 22:30,10715
2/5/2023 22:31,9695
2/5/2023 22:31,10144
2/5/2023 22:32,9830
2/5/2023 22:32,11129
2/5/2023 22:33,10837
2/5/2023 22:33,10108
2/5/2023 22:34,9898
2/5/2023 22:34,10055
2/5/2023 22:35,9898
2/5/2023 22:35,10416
2/5/2023 22:36,10178
2/5/2023 22:36,10212
2/5/2023 22:37,10471
2/5/2023 22:37,10178
2/5/2023 22:38,10378
2/5/2023 22:38,10545
2/5/2023 22:39,9695
2/5/2023 22:39,10931
2/5/2023 22:40,10038
2/5/2023 22:40,10323
2/5/2023 22:41,10343
2/5/2023 22:41,10773
2/5/2023 22:42,10245
2/5/2023 22:43,10715
2/5/2023 22:43,10949
2/5/2023 22:44,10641
2/5/2023 22:44,10119
2/5/2023 22:45,10038
2/5/2023 22:45,9811
2/5/2023 22:46,10091
2/5/2023 22:46,10268
2/5/2023 22:47,10347
2/5/2023 22:47,10566
2/5/2023 22:48,10074
2/5/2023 22:48,10002
2/5/2023 22:49,9898
2/5/2023 22:49,10055
2/5/2023 22:50,11093
2/5/2023 22:50,9847
2/5/2023 22:51,10340
2/5/2023 22:51,10214
2/5/2023 22:52,9915
2/5/2023 22:52,11190
2/5/2023 22:53,10161
2/5/2023 22:53,10323
2/5/2023 22:54,10161
2/5/2023 22:54,10378
2/5/2023 22:55,9933
2/5/2023 22:55,10378
2/5/2023 22:56,10055
2/5/2023 22:56,9352
2/5/2023 22:57,9950
2/5/2023 22:57,9847
2/5/2023 22:58,9865
2/5/2023 22:58,10601
2/5/2023 22:59,10715
2/5/2023 22:59,9969
2/5/2023 23:00,10071
2/5/2023 23:00,10002
2/5/2023 23:01,10265
2/5/2023 23:01,10108
2/5/2023 23:02,11129
2/5/2023 23:02,10489
2/5/2023 23:03,9948
2/5/2023 23:03,10178
2/5/2023 23:04,9933
2/5/2023 23:04,10038
2/5/2023 23:05,10378
2/5/2023 23:05,10002
2/5/2023 23:06,10071
2/5/2023 23:06,9950
2/5/2023 23:07,10579
2/5/2023 23:07,10658
2/5/2023 23:08,9933
2/5/2023 23:08,9595
2/5/2023 23:09,9763
2/5/2023 23:10,10161
2/5/2023 23:10,10019
2/5/2023 23:11,10251
2/5/2023 23:11,10967
2/5/2023 23:12,9847
2/5/2023 23:12,10323
2/5/2023 23:13,11062
2/5/2023 23:13,10890
2/5/2023 23:14,9950
2/5/2023 23:14,10036
2/5/2023 23:15,9880
2/5/2023 23:15,9950
2/5/2023 23:16,10831
2/5/2023 23:16,10124
2/5/2023 23:17,9915
2/5/2023 23:17,9645
2/5/2023 23:18,10849
2/5/2023 23:18,10161
2/5/2023 23:19,9796
2/5/2023 23:19,10251
2/5/2023 23:20,10019
2/5/2023 23:20,10733
2/5/2023 23:21,10019
2/5/2023 23:21,9967
2/5/2023 23:22,9829
2/5/2023 23:22,10108
2/5/2023 23:23,9661
2/5/2023 23:23,10108
2/5/2023 23:24,10002
2/5/2023 23:24,9967
2/5/2023 23:25,9762
2/5/2023 23:25,9796
2/5/2023 23:26,10195
2/5/2023 23:26,9628
2/5/2023 23:27,9898
2/5/2023 23:27,9882
2/5/2023 23:28,10658
2/5/2023 23:28,9464
2/5/2023 23:29,10450
2/5/2023 23:29,10890
2/5/2023 23:30,9711
2/5/2023 23:30,10038
2/5/2023 23:31,9967
2/5/2023 23:31,10323
2/5/2023 23:32,9304
2/5/2023 23:32,10108
2/5/2023 23:33,9762
2/5/2023 23:33,9562
2/5/2023 23:34,9830
2/5/2023 23:34,11008
2/5/2023 23:35,10231
2/5/2023 23:35,10161
2/5/2023 23:36,10354
2/5/2023 23:37,10395
2/5/2023 23:37,10733
2/5/2023 23:38,9745
2/5/2023 23:38,10071
2/5/2023 23:39,10450
2/5/2023 23:39,9847
2/5/2023 23:40,9950
2/5/2023 23:40,10019
2/5/2023 23:41,9898
2/5/2023 23:41,9882
2/5/2023 23:42,9967
2/5/2023 23:42,10268
2/5/2023 23:43,9796
2/5/2023 23:43,10619
2/5/2023 23:44,10108
2/5/2023 23:44,9711
2/5/2023 23:45,10161
2/5/2023 23:45,10340
2/5/2023 23:46,10127
2/5/2023 23:46,9931
2/5/2023 23:47,11050
2/5/2023 23:47,10395
2/5/2023 23:48,10562
2/5/2023 23:48,10195
2/5/2023 23:49,9762
2/5/2023 23:49,9933
2/5/2023 23:50,10108
2/5/2023 23:50,9948
2/5/2023 23:51,9611
2/5/2023 23:51,9898
2/5/2023 23:52,9915
2/5/2023 23:52,9967
2/5/2023 23:53,9950
2/5/2023 23:53,9933
2/5/2023 23:54,10433
2/5/2023 23:54,9865
2/5/2023 23:55,11456
2/5/2023 23:55,10450
2/5/2023 23:56,10195
2/5/2023 23:56,10071
2/5/2023 23:57,10055
2/5/2023 23:57,10619
2/5/2023 23:58,10178
2/5/2023 23:58,9464
2/5/2023 23:59,9967
2/5/2023 23:59,10019
2/6/2023 0:00,10052
2/6/2023 0:00,11111
2/6/2023 0:01,9611
2/6/2023 0:01,10323
2/6/2023 0:02,9988
2/6/2023 0:03,9847
2/6/2023 0:03,10527
2/6/2023 0:04,10268
2/6/2023 0:04,9863
2/6/2023 0:05,10231
2/6/2023 0:05,10276
2/6/2023 0:06,10506
2/6/2023 0:06,10019
2/6/2023 0:07,10619
2/6/2023 0:07,10340
2/6/2023 0:08,9950
2/6/2023 0:08,10055
2/6/2023 0:09,10178
2/6/2023 0:09,10675
2/6/2023 0:10,9611
2/6/2023 0:10,10144
2/6/2023 0:11,10395
2/6/2023 0:11,10248
2/6/2023 0:12,10124
2/6/2023 0:12,9983
2/6/2023 0:13,10467
2/6/2023 0:13,9950
2/6/2023 0:14,10831
2/6/2023 0:14,9915
2/6/2023 0:15,11002
2/6/2023 0:15,10925
2/6/2023 0:16,10071
2/6/2023 0:16,10071
2/6/2023 0:17,9863
2/6/2023 0:17,10450
2/6/2023 0:18,10088
2/6/2023 0:18,10384
2/6/2023 0:19,10908
2/6/2023 0:19,10967
2/6/2023 0:20,10323
2/6/2023 0:20,10214
2/6/2023 0:21,11068
2/6/2023 0:21,10658
2/6/2023 0:22,10584
2/6/2023 0:22,9931
2/6/2023 0:23,10038
2/6/2023 0:23,10378
2/6/2023 0:24,9915
2/6/2023 0:24,10949
2/6/2023 0:25,9898
2/6/2023 0:25,11129
2/6/2023 0:26,10584
2/6/2023 0:26,10178
2/6/2023 0:27,9712
2/6/2023 0:27,10738
2/6/2023 0:28,9796
2/6/2023 0:28,10002
2/6/2023 0:29,9967
2/6/2023 0:30,9933
2/6/2023 0:30,10306
2/6/2023 0:31,10268
2/6/2023 0:31,9728
2/6/2023 0:32,10623
2/6/2023 0:32,10454
2/6/2023 0:33,11068
2/6/2023 0:33,10055
2/6/2023 0:34,9763
2/6/2023 0:34,10798
2/6/2023 0:35,10251
2/6/2023 0:35,9729
2/6/2023 0:36,10545
2/6/2023 0:36,10091
2/6/2023 0:37,10399
2/6/2023 0:37,10251
2/6/2023 0:38,10378
2/6/2023 0:38,9882
2/6/2023 0:39,11172
2/6/2023 0:39,9882
2/6/2023 0:40,10545
2/6/2023 0:40,10796
2/6/2023 0:41,10371
2/6/2023 0:41,10251
2/6/2023 0:42,10091
2/6/2023 0:42,9830
2/6/2023 0:43,10361
2/6/2023 0:43,10791
2/6/2023 0:44,10584
2/6/2023 0:44,10416
2/6/2023 0:45,10698
2/6/2023 0:45,10002
2/6/2023 0:46,9985
2/6/2023 0:46,10021
2/6/2023 0:47,9969
2/6/2023 0:47,9922
2/6/2023 0:48,9931
2/6/2023 0:48,9919
2/6/2023 0:49,10234
2/6/2023 0:49,10527
2/6/2023 0:50,10038
2/6/2023 0:50,10127
2/6/2023 0:51,10306
2/6/2023 0:51,10268
2/6/2023 0:52,9830
2/6/2023 0:52,10268
2/6/2023 0:53,10755
2/6/2023 0:53,10343
2/6/2023 0:54,10323
2/6/2023 0:54,10038
2/6/2023 0:55,10144
2/6/2023 0:55,10144
2/6/2023 0:56,10108
2/6/2023 0:57,10606
2/6/2023 0:57,9865
2/6/2023 0:58,10601
2/6/2023 0:58,10197
2/6/2023 0:59,10890
2/6/2023 0:59,10872
2/6/2023 1:00,11015
2/6/2023 1:00,9729
2/6/2023 1:01,10091
2/6/2023 1:01,10955
2/6/2023 1:02,10878
2/6/2023 1:02,9969
2/6/2023 1:03,10510
2/6/2023 1:03,10399
2/6/2023 1:04,10955
2/6/2023 1:04,10680
2/6/2023 1:05,10091
2/6/2023 1:05,10251
2/6/2023 1:06,10814
2/6/2023 1:06,10680
2/6/2023 1:07,10289
2/6/2023 1:07,10038
2/6/2023 1:08,10234
2/6/2023 1:08,10110
2/6/2023 1:09,9481
2/6/2023 1:09,10854
2/6/2023 1:10,10778
2/6/2023 1:10,10872
2/6/2023 1:11,10361
2/6/2023 1:11,10663
2/6/2023 1:12,10268
2/6/2023 1:12,10074
2/6/2023 1:13,10091
2/6/2023 1:13,10197
2/6/2023 1:14,10493
2/6/2023 1:14,10955
2/6/2023 1:15,10680
2/6/2023 1:15,10755
2/6/2023 1:16,10289
2/6/2023 1:16,9969
2/6/2023 1:17,10663
2/6/2023 1:17,10091
2/6/2023 1:18,10597
2/6/2023 1:18,10454
2/6/2023 1:19,10038
2/6/2023 1:19,10955
2/6/2023 1:20,9817
2/6/2023 1:20,10454
2/6/2023 1:21,10623
2/6/2023 1:21,10074
2/6/2023 1:22,9814
2/6/2023 1:22,9848
2/6/2023 1:23,10234
2/6/2023 1:24,10361
2/6/2023 1:24,10144
2/6/2023 1:25,9969
2/6/2023 1:25,10057
2/6/2023 1:26,10680
2/6/2023 1:26,10074
2/6/2023 1:27,10141
2/6/2023 1:27,10057
2/6/2023 1:28,10214
2/6/2023 1:28,10130
2/6/2023 1:29,10549
2/6/2023 1:29,10720
2/6/2023 1:30,10088
2/6/2023 1:30,11015
2/6/2023 1:31,10074
2/6/2023 1:31,11015
2/6/2023 1:32,10937
2/6/2023 1:32,10527
2/6/2023 1:33,11075
2/6/2023 1:33,10289
2/6/2023 1:34,11093
2/6/2023 1:34,11075
2/6/2023 1:35,9969
2/6/2023 1:35,9865
2/6/2023 1:36,9917
2/6/2023 1:36,10796
2/6/2023 1:37,10144
2/6/2023 1:37,10326
2/6/2023 1:38,10454
2/6/2023 1:38,10057
2/6/2023 1:39,10588
2/6/2023 1:39,10955
2/6/2023 1:40,10454
2/6/2023 1:40,9320
2/6/2023 1:41,10623
2/6/2023 1:41,10361
2/6/2023 1:42,10286
2/6/2023 1:42,10510
2/6/2023 1:43,10606
2/6/2023 1:43,10234
2/6/2023 1:44,10127
2/6/2023 1:44,10234
2/6/2023 1:45,9969
2/6/2023 1:45,10475
2/6/2023 1:46,10127
2/6/2023 1:46,10110
2/6/2023 1:47,9497
2/6/2023 1:47,10566
2/6/2023 1:48,10698
2/6/2023 1:48,9969
2/6/2023 1:49,10110
2/6/2023 1:50,10268
2/6/2023 1:50,9952
2/6/2023 1:51,9917
2/6/2023 1:51,10074
2/6/2023 1:52,10720
2/6/2023 1:52,10289
2/6/2023 1:53,10234
2/6/2023 1:53,10289
2/6/2023 1:54,10326
2/6/2023 1:54,10588
2/6/2023 1:55,10074
2/6/2023 1:55,10361
2/6/2023 1:56,10399
2/6/2023 1:56,10680
2/6/2023 1:57,10649
2/6/2023 1:57,10444
2/6/2023 1:58,10720
2/6/2023 1:58,10110
2/6/2023 1:59,10164
2/6/2023 1:59,10040
2/6/2023 2:00,10074
2/6/2023 2:00,10796
2/6/2023 2:01,10299
2/6/2023 2:01,10967
2/6/2023 2:02,9990
2/6/2023 2:02,10312
2/6/2023 2:03,10272
2/6/2023 2:03,10399
2/6/2023 2:04,9814
2/6/2023 2:04,10127
2/6/2023 2:05,10234
2/6/2023 2:05,10663
2/6/2023 2:06,10493
2/6/2023 2:06,10720
2/6/2023 2:07,10967
2/6/2023 2:07,10127
2/6/2023 2:08,9917
2/6/2023 2:08,9900
2/6/2023 2:09,10778
2/6/2023 2:09,10272
2/6/2023 2:10,10040
2/6/2023 2:10,10200
2/6/2023 2:11,9917
2/6/2023 2:11,11135
2/6/2023 2:12,10955
2/6/2023 2:12,10606
2/6/2023 2:13,10289
2/6/2023 2:13,10399
2/6/2023 2:14,10606
2/6/2023 2:14,10514
2/6/2023 2:15,10566
2/6/2023 2:15,10181
2/6/2023 2:16,10040
2/6/2023 2:17,10091
2/6/2023 2:17,10272
2/6/2023 2:18,9730
2/6/2023 2:18,10217
2/6/2023 2:19,10306
2/6/2023 2:19,9969
2/6/2023 2:20,10493
2/6/2023 2:20,10778
2/6/2023 2:21,10819
2/6/2023 2:21,11075
2/6/2023 2:22,10272
2/6/2023 2:22,9713
2/6/2023 2:23,10326
2/6/2023 2:23,10493
2/6/2023 2:24,10493
2/6/2023 2:24,10961
2/6/2023 2:25,10566
2/6/2023 2:25,10458
2/6/2023 2:26,11021
2/6/2023 2:26,10698
2/6/2023 2:27,9848
2/6/2023 2:27,10110
2/6/2023 2:28,10217
2/6/2023 2:28,10289
2/6/2023 2:29,9952
2/6/2023 2:29,10004
2/6/2023 2:30,10147
2/6/2023 2:30,10437
2/6/2023 2:31,9952
2/6/2023 2:31,10164
2/6/2023 2:32,10566
2/6/2023 2:32,10343
2/6/2023 2:33,10074
2/6/2023 2:33,10110
2/6/2023 2:34,10663
2/6/2023 2:34,10419
2/6/2023 2:35,10255
2/6/2023 2:35,10955
2/6/2023 2:36,10166
2/6/2023 2:36,11178
2/6/2023 2:37,10961
2/6/2023 2:37,10437
2/6/2023 2:38,10796
2/6/2023 2:38,10919
2/6/2023 2:39,10645
2/6/2023 2:39,10234
2/6/2023 2:40,10584
2/6/2023 2:40,10493
2/6/2023 2:41,10057
2/6/2023 2:41,10217
2/6/2023 2:42,10326
2/6/2023 2:42,10326
2/6/2023 2:43,10108
2/6/2023 2:44,10164
2/6/2023 2:44,10057
2/6/2023 2:45,10493
2/6/2023 2:45,10110
2/6/2023 2:46,10023
2/6/2023 2:46,10217
2/6/2023 2:47,10004
2/6/2023 2:47,10632
2/6/2023 2:48,11015
2/6/2023 2:48,10955
2/6/2023 2:49,11039
2/6/2023 2:49,10493
2/6/2023 2:50,10057
2/6/2023 2:50,10628
2/6/2023 2:51,11409
2/6/2023 2:51,10040
2/6/2023 2:52,10255
2/6/2023 2:52,10703
2/6/2023 2:53,11284
2/6/2023 2:53,9952
2/6/2023 2:54,10164
2/6/2023 2:54,10200
2/6/2023 2:55,10364
2/6/2023 2:55,10878
2/6/2023 2:56,10217
2/6/2023 2:56,11117
2/6/2023 2:57,10110
2/6/2023 2:57,9917
2/6/2023 2:58,10217
2/6/2023 2:58,10703
2/6/2023 2:59,10381
2/6/2023 2:59,10437
2/6/2023 3:00,9915
2/6/2023 3:00,11178
2/6/2023 3:01,11032
2/6/2023 3:01,10761
2/6/2023 3:02,9952
2/6/2023 3:02,10748
2/6/2023 3:03,10130
2/6/2023 3:03,10979
2/6/2023 3:04,10200
2/6/2023 3:04,10783
2/6/2023 3:05,10326
2/6/2023 3:05,10549
2/6/2023 3:06,10040
2/6/2023 3:06,10164
2/6/2023 3:07,10419
2/6/2023 3:07,10166
2/6/2023 3:08,10937
2/6/2023 3:08,10913
2/6/2023 3:09,9988
2/6/2023 3:09,10419
2/6/2023 3:10,10057
2/6/2023 3:11,10004
2/6/2023 3:11,10575
2/6/2023 3:12,10419
2/6/2023 3:12,10272
2/6/2023 3:13,10110
2/6/2023 3:13,10147
2/6/2023 3:14,10217
2/6/2023 3:14,10819
2/6/2023 3:15,11135
2/6/2023 3:15,10093
2/6/2023 3:16,10531
2/6/2023 3:16,9696
2/6/2023 3:17,10110
2/6/2023 3:17,10183
2/6/2023 3:18,10203
2/6/2023 3:18,11057
2/6/2023 3:19,9848
2/6/2023 3:19,10606
2/6/2023 3:20,9900
2/6/2023 3:20,10437
2/6/2023 3:21,9971
2/6/2023 3:21,10255
2/6/2023 3:22,10272
2/6/2023 3:22,10645
2/6/2023 3:23,10575
2/6/2023 3:23,10381
2/6/2023 3:24,10006
2/6/2023 3:24,10130
2/6/2023 3:25,10326
2/6/2023 3:25,10419
2/6/2023 3:26,10237
2/6/2023 3:26,10475
2/6/2023 3:27,9952
2/6/2023 3:27,9971
2/6/2023 3:28,10147
2/6/2023 3:28,10878
2/6/2023 3:29,11044
2/6/2023 3:29,10164
2/6/2023 3:30,10725
2/6/2023 3:30,10937
2/6/2023 3:31,10309
2/6/2023 3:31,11015
2/6/2023 3:32,10895
2/6/2023 3:32,10234
2/6/2023 3:33,10419
2/6/2023 3:33,9988
2/6/2023 3:34,10309
2/6/2023 3:34,9988
2/6/2023 3:35,10326
2/6/2023 3:35,10566
2/6/2023 3:36,10381
2/6/2023 3:36,9883
2/6/2023 3:37,10663
2/6/2023 3:38,10164
2/6/2023 3:38,10330
2/6/2023 3:39,10347
2/6/2023 3:39,10645
2/6/2023 3:40,10364
2/6/2023 3:40,11302
2/6/2023 3:41,10200
2/6/2023 3:41,10878
2/6/2023 3:42,10130
2/6/2023 3:42,10309
2/6/2023 3:43,10837
2/6/2023 3:43,10130
2/6/2023 3:44,10057
2/6/2023 3:44,10381
2/6/2023 3:45,9883
2/6/2023 3:45,10130
2/6/2023 3:46,10076
2/6/2023 3:46,10720
2/6/2023 3:47,11039
2/6/2023 3:47,10783
2/6/2023 3:48,10200
2/6/2023 3:48,10955
2/6/2023 3:49,10720
2/6/2023 3:49,10272
2/6/2023 3:50,10309
2/6/2023 3:50,10458
2/6/2023 3:51,10919
2/6/2023 3:51,10667
2/6/2023 3:52,10130
2/6/2023 3:52,10130
2/6/2023 3:53,10309
2/6/2023 3:53,11135
2/6/2023 3:54,10183
2/6/2023 3:54,10419
2/6/2023 3:55,10997
2/6/2023 3:55,10113
2/6/2023 3:56,10471
2/6/2023 3:56,10703
2/6/2023 3:57,10381
2/6/2023 3:57,10645
2/6/2023 3:58,11409
2/6/2023 3:58,10040
2/6/2023 3:59,10698
2/6/2023 3:59,10837
2/6/2023 4:00,10419
2/6/2023 4:00,11057
2/6/2023 4:01,10819
2/6/2023 4:01,10093
2/6/2023 4:02,9988
2/6/2023 4:02,10076
2/6/2023 4:03,10997
2/6/2023 4:03,10183
2/6/2023 4:04,10549
2/6/2023 4:05,10685
2/6/2023 4:05,9883
2/6/2023 4:06,9969
2/6/2023 4:06,10076
2/6/2023 4:07,11417
2/6/2023 4:07,10200
2/6/2023 4:08,9988
2/6/2023 4:08,10761
2/6/2023 4:09,11222
2/6/2023 4:09,10997
2/6/2023 4:10,11153
2/6/2023 4:10,10471
2/6/2023 4:11,10801
2/6/2023 4:11,11364
2/6/2023 4:12,10406
2/6/2023 4:12,11302
2/6/2023 4:13,10645
2/6/2023 4:13,9848
2/6/2023 4:14,10419
2/6/2023 4:14,10937
2/6/2023 4:15,11409
2/6/2023 4:15,11039
2/6/2023 4:16,10979
2/6/2023 4:16,10416
2/6/2023 4:17,10801
2/6/2023 4:17,11020
2/6/2023 4:18,10761
2/6/2023 4:18,10217
2/6/2023 4:19,10588
2/6/2023 4:19,10531
2/6/2023 4:20,10255
2/6/2023 4:20,11731
2/6/2023 4:21,10997
2/6/2023 4:21,10475
2/6/2023 4:22,10419
2/6/2023 4:22,9663
2/6/2023 4:23,10402
2/6/2023 4:23,10860
2/6/2023 4:24,10391
2/6/2023 4:24,10743
2/6/2023 4:25,10997
2/6/2023 4:25,10801
2/6/2023 4:26,10255
2/6/2023 4:26,10955
2/6/2023 4:27,10183
2/6/2023 4:27,10147
2/6/2023 4:28,9988
2/6/2023 4:28,11039
2/6/2023 4:29,9815
2/6/2023 4:29,10147
2/6/2023 4:30,10255
2/6/2023 4:30,10364
2/6/2023 4:31,10040
2/6/2023 4:32,11265
2/6/2023 4:32,11117
2/6/2023 4:33,11081
2/6/2023 4:33,10919
2/6/2023 4:34,10967
2/6/2023 4:34,10819
2/6/2023 4:35,10309
2/6/2023 4:35,10214
2/6/2023 4:36,10255
2/6/2023 4:36,10255
2/6/2023 4:37,10059
2/6/2023 4:37,10076
2/6/2023 4:38,10703
2/6/2023 4:38,10237
2/6/2023 4:39,9883
2/6/2023 4:39,10093
2/6/2023 4:40,9696
2/6/2023 4:40,10761
2/6/2023 4:41,10531
2/6/2023 4:41,10588
2/6/2023 4:42,10158
2/6/2023 4:42,10002
2/6/2023 4:43,10309
2/6/2023 4:43,11057
2/6/2023 4:44,10475
2/6/2023 4:44,10255
2/6/2023 4:45,10381
2/6/2023 4:45,9988
2/6/2023 4:46,10040
2/6/2023 4:46,10571
2/6/2023 4:47,10919
2/6/2023 4:47,11409
2/6/2023 4:48,10419
2/6/2023 4:48,11021
2/6/2023 4:49,9988
2/6/2023 4:49,10381
2/6/2023 4:50,10309
2/6/2023 4:50,10819
2/6/2023 4:51,10110
2/6/2023 4:51,10801
2/6/2023 4:52,10419
2/6/2023 4:52,10200
2/6/2023 4:53,10458
2/6/2023 4:53,10997
2/6/2023 4:54,10347
2/6/2023 4:54,10703
2/6/2023 4:55,10309
2/6/2023 4:55,10113
2/6/2023 4:56,10237
2/6/2023 4:56,9663
2/6/2023 4:57,10937
2/6/2023 4:58,11240
2/6/2023 4:58,10374
2/6/2023 4:59,9781
2/6/2023 4:59,9663
2/6/2023 5:00,11117
2/6/2023 5:00,10347
2/6/2023 5:01,10183
2/6/2023 5:01,10292
2/6/2023 5:02,10419
2/6/2023 5:02,10458
2/6/2023 5:03,10217
2/6/2023 5:03,10147
2/6/2023 5:04,10437
2/6/2023 5:04,10475
2/6/2023 5:05,10801
2/6/2023 5:05,11057
2/6/2023 5:06,11258
2/6/2023 5:06,11302
2/6/2023 5:07,10385
2/6/2023 5:07,11346
2/6/2023 5:08,11265
2/6/2023 5:08,9919
2/6/2023 5:09,10309
2/6/2023 5:09,10402
2/6/2023 5:10,9919
2/6/2023 5:10,10200
2/6/2023 5:11,10364
2/6/2023 5:11,10076
2/6/2023 5:12,10364
2/6/2023 5:12,10475
2/6/2023 5:13,10860
2/6/2023 5:13,10399
2/6/2023 5:14,10761
2/6/2023 5:14,9969
2/6/2023 5:15,10258
2/6/2023 5:15,10801
2/6/2023 5:16,10364
2/6/2023 5:16,10419
2/6/2023 5:17,10725
2/6/2023 5:17,10292
2/6/2023 5:18,11222
2/6/2023 5:18,10842
2/6/2023 5:19,10919
2/6/2023 5:19,10458
2/6/2023 5:20,10361
2/6/2023 5:20,10919
2/6/2023 5:21,10437
2/6/2023 5:21,10057
2/6/2023 5:22,10347
2/6/2023 5:22,10531
2/6/2023 5:23,10725
2/6/2023 5:23,11039
2/6/2023 5:24,11197
2/6/2023 5:25,10441
2/6/2023 5:25,10309
2/6/2023 5:26,10588
2/6/2023 5:26,10292
2/6/2023 5:27,11472
2/6/2023 5:27,10309
2/6/2023 5:28,10316
2/6/2023 5:28,10272
2/6/2023 5:29,10419
2/6/2023 5:29,10113
2/6/2023 5:30,11240
2/6/2023 5:30,10309
2/6/2023 5:31,10309
2/6/2023 5:31,10130
2/6/2023 5:32,10441
2/6/2023 5:32,10059
2/6/2023 5:33,11160
2/6/2023 5:33,11039
2/6/2023 5:34,10183
2/6/2023 5:34,9764
2/6/2023 5:35,10819
2/6/2023 5:35,10364
2/6/2023 5:36,10385
2/6/2023 5:36,10419
2/6/2023 5:37,10437
2/6/2023 5:37,9713
2/6/2023 5:38,10275
2/6/2023 5:38,10237
2/6/2023 5:39,10364
2/6/2023 5:39,10523
2/6/2023 5:40,10531
2/6/2023 5:40,10419
2/6/2023 5:41,10514
2/6/2023 5:41,10110
2/6/2023 5:42,10214
2/6/2023 5:42,10801
2/6/2023 5:43,10628
2/6/2023 5:43,11099
2/6/2023 5:44,10309
2/6/2023 5:44,10446
2/6/2023 5:45,10237
2/6/2023 5:45,10441
2/6/2023 5:46,10475
2/6/2023 5:46,10330
2/6/2023 5:47,10497
2/6/2023 5:47,11142
2/6/2023 5:48,10743
2/6/2023 5:48,10895
2/6/2023 5:49,10458
2/6/2023 5:49,10801
2/6/2023 5:50,10571
2/6/2023 5:50,9900
2/6/2023 5:51,10110
2/6/2023 5:52,11081
2/6/2023 5:52,10901
2/6/2023 5:53,10475
2/6/2023 5:53,10275
2/6/2023 5:54,10347
2/6/2023 5:54,11003
2/6/2023 5:55,10961
2/6/2023 5:55,10575
2/6/2023 5:56,10402
2/6/2023 5:56,10703
2/6/2023 5:57,10514
2/6/2023 5:57,10514
2/6/2023 5:58,10347
2/6/2023 5:58,10761
2/6/2023 5:59,11117
2/6/2023 5:59,10725
2/6/2023 6:00,10743
2/6/2023 6:00,10475
2/6/2023 6:01,10458
2/6/2023 6:01,10347
2/6/2023 6:02,10402
2/6/2023 6:02,10093
2/6/2023 6:03,10997
2/6/2023 6:03,10955
2/6/2023 6:04,10231
2/6/2023 6:04,10347
2/6/2023 6:05,10419
2/6/2023 6:05,10819
2/6/2023 6:06,10878
2/6/2023 6:06,10801
2/6/2023 6:07,10497
2/6/2023 6:07,10023
2/6/2023 6:08,10819
2/6/2023 6:08,10368
2/6/2023 6:09,10402
2/6/2023 6:09,10402
2/6/2023 6:10,10667
2/6/2023 6:10,10059
2/6/2023 6:11,10385
2/6/2023 6:11,10330
2/6/2023 6:12,10778
2/6/2023 6:12,10458
2/6/2023 6:13,10514
2/6/2023 6:13,10967
2/6/2023 6:14,10364
2/6/2023 6:14,10725
2/6/2023 6:15,9883
2/6/2023 6:15,10347
2/6/2023 6:16,10937
2/6/2023 6:16,10801
2/6/2023 6:17,10610
2/6/2023 6:17,10801
2/6/2023 6:18,10901
2/6/2023 6:19,10667
2/6/2023 6:19,10967
2/6/2023 6:20,10743
2/6/2023 6:20,10575
2/6/2023 6:21,10593
2/6/2023 6:21,10423
2/6/2023 6:22,10292
2/6/2023 6:22,10919
2/6/2023 6:23,10725
2/6/2023 6:23,10343
2/6/2023 6:24,10076
2/6/2023 6:24,11931
2/6/2023 6:25,10272
2/6/2023 6:25,10606
2/6/2023 6:26,11021
2/6/2023 6:26,11536
2/6/2023 6:27,10006
2/6/2023 6:27,11099
2/6/2023 6:28,10475
2/6/2023 6:28,11203
2/6/2023 6:29,10237
2/6/2023 6:29,10402
2/6/2023 6:30,10237
2/6/2023 6:30,10255
2/6/2023 6:31,10842
2/6/2023 6:31,10423
2/6/2023 6:32,11039
2/6/2023 6:32,10743
2/6/2023 6:33,10130
2/6/2023 6:33,10919
2/6/2023 6:34,10255
2/6/2023 6:34,11039
2/6/2023 6:35,10093
2/6/2023 6:35,10703
2/6/2023 6:36,10531
2/6/2023 6:36,11099
2/6/2023 6:37,10919
2/6/2023 6:37,10743
2/6/2023 6:38,10628
2/6/2023 6:38,11160
2/6/2023 6:39,10584
2/6/2023 6:39,11039
2/6/2023 6:40,10961
2/6/2023 6:40,10801
2/6/2023 6:41,11099
2/6/2023 6:41,9815
2/6/2023 6:42,11081
2/6/2023 6:42,10860
2/6/2023 6:43,10200
2/6/2023 6:43,10979
2/6/2023 6:44,10901
2/6/2023 6:44,10006
2/6/2023 6:45,10645
2/6/2023 6:46,11081
2/6/2023 6:46,11039
2/6/2023 6:47,10961
2/6/2023 6:47,10147
2/6/2023 6:48,10650
2/6/2023 6:48,11039
2/6/2023 6:49,10783
2/6/2023 6:49,11197
2/6/2023 6:50,10761
2/6/2023 6:50,10685
2/6/2023 6:51,11160
2/6/2023 6:51,10628
2/6/2023 6:52,10514
2/6/2023 6:52,10497
2/6/2023 6:53,10610
2/6/2023 6:53,10725
2/6/2023 6:54,10610
2/6/2023 6:54,10645
2/6/2023 6:55,9646
2/6/2023 6:55,10458
2/6/2023 6:56,10801
2/6/2023 6:56,10623
2/6/2023 6:57,10801
2/6/2023 6:57,10725
2/6/2023 6:58,10183
2/6/2023 6:58,10667
2/6/2023 6:59,9883
2/6/2023 6:59,10685
2/6/2023 7:00,10801
2/6/2023 7:00,10571
2/6/2023 7:01,10667
2/6/2023 7:01,11160
2/6/2023 7:02,10514
2/6/2023 7:02,10309
2/6/2023 7:03,10354
2/6/2023 7:03,10531
2/6/2023 7:04,10743
2/6/2023 7:04,10364
2/6/2023 7:05,10402
2/6/2023 7:05,10402
2/6/2023 7:06,10458
2/6/2023 7:06,10801
2/6/2023 7:07,10685
2/6/2023 7:07,10571
2/6/2023 7:08,10571
2/6/2023 7:08,10743
2/6/2023 7:09,9867
2/6/2023 7:09,10292
2/6/2023 7:10,11160
2/6/2023 7:10,10514
2/6/2023 7:11,10514
2/6/2023 7:11,10023
2/6/2023 7:12,10783
2/6/2023 7:13,10771
2/6/2023 7:13,10766
2/6/2023 7:14,10743
2/6/2023 7:14,10130
2/6/2023 7:15,10628
2/6/2023 7:15,9919
2/6/2023 7:16,10937
2/6/2023 7:16,10766
2/6/2023 7:17,10623
2/6/2023 7:17,10743
2/6/2023 7:18,10878
2/6/2023 7:18,10023
2/6/2023 7:19,10860
2/6/2023 7:19,11160
2/6/2023 7:20,10685
2/6/2023 7:20,10628
2/6/2023 7:21,10703
2/6/2023 7:21,11427
2/6/2023 7:22,10703
2/6/2023 7:22,10761
2/6/2023 7:23,10937
2/6/2023 7:23,10628
2/6/2023 7:24,10860
2/6/2023 7:24,11409
2/6/2023 7:25,10743
2/6/2023 7:25,10743
2/6/2023 7:26,10860
2/6/2023 7:26,10801
2/6/2023 7:27,10381
2/6/2023 7:27,10854
2/6/2023 7:28,10761
2/6/2023 7:28,11075
2/6/2023 7:29,10663
2/6/2023 7:29,10878
2/6/2023 7:30,10076
2/6/2023 7:30,10919
2/6/2023 7:31,10292
2/6/2023 7:31,11039
2/6/2023 7:32,10006
2/6/2023 7:32,10878
2/6/2023 7:33,11039
2/6/2023 7:33,11240
2/6/2023 7:34,10703
2/6/2023 7:34,10743
2/6/2023 7:35,10475
2/6/2023 7:35,10878
2/6/2023 7:36,10531
2/6/2023 7:36,11057
2/6/2023 7:37,10628
2/6/2023 7:37,10878
2/6/2023 7:38,10861
2/6/2023 7:38,10937
2/6/2023 7:39,11003
2/6/2023 7:40,10588
2/6/2023 7:40,9764
2/6/2023 7:41,10057
2/6/2023 7:41,10531
2/6/2023 7:42,10973
2/6/2023 7:42,10860
2/6/2023 7:43,11057
2/6/2023 7:43,10628
2/6/2023 7:44,10571
2/6/2023 7:44,10475
2/6/2023 7:45,10330
2/6/2023 7:45,11014
2/6/2023 7:46,10475
2/6/2023 7:46,10819
2/6/2023 7:47,10685
2/6/2023 7:47,10801
2/6/2023 7:48,10571
2/6/2023 7:48,11057
2/6/2023 7:49,10907
2/6/2023 7:49,10761
2/6/2023 7:50,10819
2/6/2023 7:50,10588
2/6/2023 7:51,10778
2/6/2023 7:51,10837
2/6/2023 7:52,10819
2/6/2023 7:52,10093
2/6/2023 7:53,10837
2/6/2023 7:53,11117
2/6/2023 7:54,10475
2/6/2023 7:54,10571
2/6/2023 7:55,10895
2/6/2023 7:55,9883
2/6/2023 7:56,10685
2/6/2023 7:56,10801
2/6/2023 7:57,10703
2/6/2023 7:57,10619
2/6/2023 7:58,10955
2/6/2023 7:58,10819
2/6/2023 7:59,9696
2/6/2023 7:59,10919
2/6/2023 8:00,10645
2/6/2023 8:00,10720
2/6/2023 8:01,10645
2/6/2023 8:01,10588
2/6/2023 8:02,10004
2/6/2023 8:02,10703
2/6/2023 8:03,9781
2/6/2023 8:03,10778
2/6/2023 8:04,10878
2/6/2023 8:04,10908
2/6/2023 8:05,10819
2/6/2023 8:05,10937
2/6/2023 8:06,11364
2/6/2023 8:07,10919
2/6/2023 8:07,10475
2/6/2023 8:08,10878
2/6/2023 8:08,10837
2/6/2023 8:09,10973
2/6/2023 8:09,10645
2/6/2023 8:10,10645
2/6/2023 8:10,10407
2/6/2023 8:11,10878
2/6/2023 8:11,10878
2/6/2023 8:12,10663
2/6/2023 8:12,10475
2/6/2023 8:13,10231
2/6/2023 8:13,10606
2/6/2023 8:14,10531
2/6/2023 8:14,10419
2/6/2023 8:15,10549
2/6/2023 8:15,10653
2/6/2023 8:16,10217
2/6/2023 8:16,9952
2/6/2023 8:17,9563
2/6/2023 8:17,10796
2/6/2023 8:18,10606
2/6/2023 8:18,10475
2/6/2023 8:19,10720
2/6/2023 8:19,10164
2/6/2023 8:20,10606
2/6/2023 8:20,9833
2/6/2023 8:21,10531
2/6/2023 8:21,10549
2/6/2023 8:22,10837
2/6/2023 8:22,10837
2/6/2023 8:23,9969
2/6/2023 8:23,10323
2/6/2023 8:24,10289
2/6/2023 8:24,10720
2/6/2023 8:25,9900
2/6/2023 8:25,10895
2/6/2023 8:26,10703
2/6/2023 8:26,10340
2/6/2023 8:27,10720
2/6/2023 8:27,10837
2/6/2023 8:28,10743
2/6/2023 8:28,10837
2/6/2023 8:29,10901
2/6/2023 8:29,10837
2/6/2023 8:30,11222
2/6/2023 8:30,10437
2/6/2023 8:31,10761
2/6/2023 8:31,10004
2/6/2023 8:32,10761
2/6/2023 8:33,10819
2/6/2023 8:33,10837
2/6/2023 8:34,9530
2/6/2023 8:34,10773
2/6/2023 8:35,10854
2/6/2023 8:35,10895
2/6/2023 8:36,10493
2/6/2023 8:36,10895
2/6/2023 8:37,11057
2/6/2023 8:37,10814
2/6/2023 8:38,11075
2/6/2023 8:38,10147
2/6/2023 8:39,10867
2/6/2023 8:39,10645
2/6/2023 8:40,10663
2/6/2023 8:40,9882
2/6/2023 8:41,11044
2/6/2023 8:41,10623
2/6/2023 8:42,10895
2/6/2023 8:42,9546
2/6/2023 8:43,10778
2/6/2023 8:43,10272
2/6/2023 8:44,10961
2/6/2023 8:44,11015
2/6/2023 8:45,10419
2/6/2023 8:45,10326
2/6/2023 8:46,10961
2/6/2023 8:46,10778
2/6/2023 8:47,10419
2/6/2023 8:47,11135
2/6/2023 8:48,11015
2/6/2023 8:48,10955
2/6/2023 8:49,10004
2/6/2023 8:49,10778
2/6/2023 8:50,10761
2/6/2023 8:50,10680
2/6/2023 8:51,10973
2/6/2023 8:51,11153
2/6/2023 8:52,10913
2/6/2023 8:52,10200
2/6/2023 8:53,10493
2/6/2023 8:53,11446
2/6/2023 8:54,10743
2/6/2023 8:54,10854
2/6/2023 8:55,10990
2/6/2023 8:55,10878
2/6/2023 8:56,10720
2/6/2023 8:56,10272
2/6/2023 8:57,11032
2/6/2023 8:57,10021
2/6/2023 8:58,9814
2/6/2023 8:58,10837
2/6/2023 8:59,10217
2/6/2023 9:00,9763
2/6/2023 9:00,10720
2/6/2023 9:01,10381
2/6/2023 9:01,10955
2/6/2023 9:02,10549
2/6/2023 9:02,10675
2/6/2023 9:03,11057
2/6/2023 9:03,10720
2/6/2023 9:04,10493
2/6/2023 9:04,10549
2/6/2023 9:05,10878
2/6/2023 9:05,11015
2/6/2023 9:06,10761
2/6/2023 9:06,10641
2/6/2023 9:07,10074
2/6/2023 9:07,10255
2/6/2023 9:08,10913
2/6/2023 9:08,10680
2/6/2023 9:09,10606
2/6/2023 9:09,11320
2/6/2023 9:10,10680
2/6/2023 9:10,10164
2/6/2023 9:11,10149
2/6/2023 9:11,10343
2/6/2023 9:12,10698
2/6/2023 9:12,11240
2/6/2023 9:13,10878
2/6/2023 9:13,10663
2/6/2023 9:14,11057
2/6/2023 9:14,10778
2/6/2023 9:15,10861
2/6/2023 9:15,10381
2/6/2023 9:16,10663
2/6/2023 9:16,10819
2/6/2023 9:17,11057
2/6/2023 9:17,10895
2/6/2023 9:18,11215
2/6/2023 9:18,10720
2/6/2023 9:19,10913
2/6/2023 9:19,11638
2/6/2023 9:20,10819
2/6/2023 9:20,10093
2/6/2023 9:21,10937
2/6/2023 9:21,10715
2/6/2023 9:22,10738
2/6/2023 9:22,10837
2/6/2023 9:23,10549
2/6/2023 9:23,10663
2/6/2023 9:24,10234
2/6/2023 9:24,10675
2/6/2023 9:25,10720
2/6/2023 9:25,10343
2/6/2023 9:26,9612
2/6/2023 9:27,10493
2/6/2023 9:27,10255
2/6/2023 9:28,10720
2/6/2023 9:28,10493
2/6/2023 9:29,10623
2/6/2023 9:29,10738
2/6/2023 9:30,10837
2/6/2023 9:30,10663
2/6/2023 9:31,10566
2/6/2023 9:31,10913
2/6/2023 9:32,10913
2/6/2023 9:32,10720
2/6/2023 9:33,9848
2/6/2023 9:33,10645
2/6/2023 9:34,10796
2/6/2023 9:34,10381
2/6/2023 9:35,10606
2/6/2023 9:35,11215
2/6/2023 9:36,11276
2/6/2023 9:36,10698
2/6/2023 9:37,10381
2/6/2023 9:37,10773
2/6/2023 9:38,10588
2/6/2023 9:38,10127
2/6/2023 9:39,10214
2/6/2023 9:39,10531
2/6/2023 9:40,10663
2/6/2023 9:40,10510
2/6/2023 9:41,10733
2/6/2023 9:41,10127
2/6/2023 9:42,10641
2/6/2023 9:42,9781
2/6/2023 9:43,10895
2/6/2023 9:43,10588
2/6/2023 9:44,10164
2/6/2023 9:44,10399
2/6/2023 9:45,10454
2/6/2023 9:45,10878
2/6/2023 9:46,10703
2/6/2023 9:46,10778
2/6/2023 9:47,10181
2/6/2023 9:47,10074
2/6/2023 9:48,10698
2/6/2023 9:48,10937
2/6/2023 9:49,10796
2/6/2023 9:49,9679
2/6/2023 9:50,9935
2/6/2023 9:50,10454
2/6/2023 9:51,10454
2/6/2023 9:51,10606
2/6/2023 9:52,10680
2/6/2023 9:52,10510
2/6/2023 9:53,11008
2/6/2023 9:54,10895
2/6/2023 9:54,10641
2/6/2023 9:55,10973
2/6/2023 9:55,10437
2/6/2023 9:56,10623
2/6/2023 9:56,10437
2/6/2023 9:57,11015
2/6/2023 9:57,10743
2/6/2023 9:58,10493
2/6/2023 9:58,11015
2/6/2023 9:59,11135
2/6/2023 9:59,10680
2/6/2023 10:00,10698
2/6/2023 10:00,10738
2/6/2023 10:01,10493
2/6/2023 10:01,9900
2/6/2023 10:02,10002
2/6/2023 10:02,10680
2/6/2023 10:03,10272
2/6/2023 10:03,10606
2/6/2023 10:04,11111
2/6/2023 10:04,10021
2/6/2023 10:05,10181
2/6/2023 10:05,10127
2/6/2023 10:06,11135
2/6/2023 10:06,10680
2/6/2023 10:07,10127
2/6/2023 10:07,11258
2/6/2023 10:08,10419
2/6/2023 10:08,10326
2/6/2023 10:09,10510
2/6/2023 10:09,10475
2/6/2023 10:10,10493
2/6/2023 10:10,10606
2/6/2023 10:11,10549
2/6/2023 10:11,10796
2/6/2023 10:12,10680
2/6/2023 10:12,10854
2/6/2023 10:13,10584
2/6/2023 10:13,10399
2/6/2023 10:14,10437
2/6/2023 10:14,11135
2/6/2023 10:15,10475
2/6/2023 10:15,10399
2/6/2023 10:16,10566
2/6/2023 10:16,10895
2/6/2023 10:17,10680
2/6/2023 10:17,10289
2/6/2023 10:18,10357
2/6/2023 10:18,10510
2/6/2023 10:19,10437
2/6/2023 10:19,10272
2/6/2023 10:20,10364
2/6/2023 10:21,10566
2/6/2023 10:21,10531
2/6/2023 10:22,10475
2/6/2023 10:22,10895
2/6/2023 10:23,10663
2/6/2023 10:23,11032
2/6/2023 10:24,10973
2/6/2023 10:24,10606
2/6/2023 10:25,10074
2/6/2023 10:25,10698
2/6/2023 10:26,10110
2/6/2023 10:26,10680
2/6/2023 10:27,10606
2/6/2023 10:27,10038
2/6/2023 10:28,10738
2/6/2023 10:28,10021
2/6/2023 10:29,10549
2/6/2023 10:29,11258
2/6/2023 10:30,9865
2/6/2023 10:30,10955
2/6/2023 10:31,10510
2/6/2023 10:31,10680
2/6/2023 10:32,10854
2/6/2023 10:32,11135
2/6/2023 10:33,10680
2/6/2023 10:33,10738
2/6/2023 10:34,10074
2/6/2023 10:34,10454
2/6/2023 10:35,10127
2/6/2023 10:35,10738
2/6/2023 10:36,10343
2/6/2023 10:36,9465
2/6/2023 10:37,10778
2/6/2023 10:37,10419
2/6/2023 10:38,9678
2/6/2023 10:38,11320
2/6/2023 10:39,9815
2/6/2023 10:39,10738
2/6/2023 10:40,10837
2/6/2023 10:40,10641
2/6/2023 10:41,10454
2/6/2023 10:41,10234
2/6/2023 10:42,10623
2/6/2023 10:42,10531
2/6/2023 10:43,10990
2/6/2023 10:43,10680
2/6/2023 10:44,9513
2/6/2023 10:44,10895
2/6/2023 10:45,10641
2/6/2023 10:45,10641
2/6/2023 10:46,10454
2/6/2023 10:47,11093
2/6/2023 10:47,11050
2/6/2023 10:48,10419
2/6/2023 10:48,9952
2/6/2023 10:49,10584
2/6/2023 10:49,10837
2/6/2023 10:50,10091
2/6/2023 10:50,9969
2/6/2023 10:51,11153
2/6/2023 10:51,10720
2/6/2023 10:52,11276
2/6/2023 10:52,9763
2/6/2023 10:53,11075
2/6/2023 10:53,10306
2/6/2023 10:54,9969
2/6/2023 10:54,10181
2/6/2023 10:55,10361
2/6/2023 10:55,10623
2/6/2023 10:56,10990
2/6/2023 10:56,10110
2/6/2023 10:57,10164
2/6/2023 10:57,10289
2/6/2023 10:58,10289
2/6/2023 10:58,11015
2/6/2023 10:59,10489
2/6/2023 10:59,10416
2/6/2023 11:00,10057
2/6/2023 11:00,10663
2/6/2023 11:01,10819
2/6/2023 11:01,11111
2/6/2023 11:02,10878
2/6/2023 11:02,10510
2/6/2023 11:03,10237
2/6/2023 11:03,9563
2/6/2023 11:04,10698
2/6/2023 11:04,9952
2/6/2023 11:05,10234
2/6/2023 11:05,10698
2/6/2023 11:06,11093
2/6/2023 11:06,10680
2/6/2023 11:07,10110
2/6/2023 11:07,11015
2/6/2023 11:08,10454
2/6/2023 11:08,9662
2/6/2023 11:09,11117
2/6/2023 11:09,10738
2/6/2023 11:10,10931
2/6/2023 11:10,10738
2/6/2023 11:11,10628
2/6/2023 11:11,10181
2/6/2023 11:12,10703
2/6/2023 11:12,9729
2/6/2023 11:13,10161
2/6/2023 11:14,10454
2/6/2023 11:14,10475
2/6/2023 11:15,10437
2/6/2023 11:15,9729
2/6/2023 11:16,10519
2/6/2023 11:16,10895
2/6/2023 11:17,9646
2/6/2023 11:17,10738
2/6/2023 11:18,10454
2/6/2023 11:18,10343
2/6/2023 11:19,10510
2/6/2023 11:19,10181
2/6/2023 11:20,10913
2/6/2023 11:20,10720
2/6/2023 11:21,10399
2/6/2023 11:21,10623
2/6/2023 11:22,10955
2/6/2023 11:22,9917
2/6/2023 11:23,10778
2/6/2023 11:23,10796
2/6/2023 11:24,10566
2/6/2023 11:24,10493
2/6/2023 11:25,10110
2/6/2023 11:25,9678
2/6/2023 11:26,11197
2/6/2023 11:26,10931
2/6/2023 11:27,11050
2/6/2023 11:27,11015
2/6/2023 11:28,10913
2/6/2023 11:28,10738
2/6/2023 11:29,10493
2/6/2023 11:29,10720
2/6/2023 11:30,10272
2/6/2023 11:30,10955
2/6/2023 11:31,11269
2/6/2023 11:31,10326
2/6/2023 11:32,10913
2/6/2023 11:32,10990
2/6/2023 11:33,10593
2/6/2023 11:33,10251
2/6/2023 11:34,10831
2/6/2023 11:34,10796
2/6/2023 11:35,10955
2/6/2023 11:35,10913
2/6/2023 11:36,11050
2/6/2023 11:36,10872
2/6/2023 11:37,10584
2/6/2023 11:37,10566
2/6/2023 11:38,10549
2/6/2023 11:38,11015
2/6/2023 11:39,10738
2/6/2023 11:39,9646
2/6/2023 11:40,10623
2/6/2023 11:41,9900
2/6/2023 11:41,10606
2/6/2023 11:42,11401
2/6/2023 11:42,10399
2/6/2023 11:43,10937
2/6/2023 11:43,10234
2/6/2023 11:44,10127
2/6/2023 11:44,10997
2/6/2023 11:45,10796
2/6/2023 11:45,10913
2/6/2023 11:46,10292
2/6/2023 11:46,11015
2/6/2023 11:47,10973
2/6/2023 11:47,10623
2/6/2023 11:48,10645
2/6/2023 11:48,10837
2/6/2023 11:49,10814
2/6/2023 11:49,10399
2/6/2023 11:50,10680
2/6/2023 11:50,11240
2/6/2023 11:51,10955
2/6/2023 11:51,10680
2/6/2023 11:52,9596
2/6/2023 11:52,10814
2/6/2023 11:53,10584
2/6/2023 11:53,10720
2/6/2023 11:54,10021
2/6/2023 11:54,9848
2/6/2023 11:55,9848
2/6/2023 11:55,10628
2/6/2023 11:56,10566
2/6/2023 11:56,10437
2/6/2023 11:57,11197
2/6/2023 11:57,11215
2/6/2023 11:58,10720
2/6/2023 11:58,10606
2/6/2023 11:59,10326
2/6/2023 11:59,10854
2/6/2023 12:00,10854
2/6/2023 12:00,10343
2/6/2023 12:01,10381
2/6/2023 12:01,10895
2/6/2023 12:02,10895
2/6/2023 12:02,10837
2/6/2023 12:03,10326
2/6/2023 12:03,10057
2/6/2023 12:04,10454
2/6/2023 12:04,10493
2/6/2023 12:05,10738
2/6/2023 12:05,10105
2/6/2023 12:06,10545
2/6/2023 12:06,10796
2/6/2023 12:07,10527
2/6/2023 12:08,10663
2/6/2023 12:08,10514
2/6/2023 12:09,10854
2/6/2023 12:09,10531
2/6/2023 12:10,9933
2/6/2023 12:10,10566
2/6/2023 12:11,10913
2/6/2023 12:11,10493
2/6/2023 12:12,10819
2/6/2023 12:12,10606
2/6/2023 12:13,10680
2/6/2023 12:13,11075
2/6/2023 12:14,10217
2/6/2023 12:14,10181
2/6/2023 12:15,10606
2/6/2023 12:15,10493
2/6/2023 12:16,10127
2/6/2023 12:16,10323
2/6/2023 12:17,10663
2/6/2023 12:17,10778
2/6/2023 12:18,10663
2/6/2023 12:18,11015
2/6/2023 12:19,10074
2/6/2023 12:19,10289
2/6/2023 12:20,10837
2/6/2023 12:20,9985
2/6/2023 12:21,10778
2/6/2023 12:21,10343
2/6/2023 12:22,10361
2/6/2023 12:22,10913
2/6/2023 12:23,10057
2/6/2023 12:23,10454
2/6/2023 12:24,10606
2/6/2023 12:24,9898
2/6/2023 12:25,10381
2/6/2023 12:25,10913
2/6/2023 12:26,10623
2/6/2023 12:26,9465
2/6/2023 12:27,10399
2/6/2023 12:27,10493
2/6/2023 12:28,10091
2/6/2023 12:28,9812
2/6/2023 12:29,9612
2/6/2023 12:29,8799
2/6/2023 12:30,10326
2/6/2023 12:30,10937
2/6/2023 12:31,10588
2/6/2023 12:31,11015
2/6/2023 12:32,10343
2/6/2023 12:32,10454
2/6/2023 12:33,10164
2/6/2023 12:33,10738
2/6/2023 12:34,10984
2/6/2023 12:35,10755
2/6/2023 12:35,10312
2/6/2023 12:36,9933
2/6/2023 12:36,10343
2/6/2023 12:37,10454
2/6/2023 12:37,9628
2/6/2023 12:38,10433
2/6/2023 12:38,11276
2/6/2023 12:39,9952
2/6/2023 12:39,10251
2/6/2023 12:40,10698
2/6/2023 12:40,10144
2/6/2023 12:41,10181
2/6/2023 12:41,10955
2/6/2023 12:42,10289
2/6/2023 12:42,10549
2/6/2023 12:43,10272
2/6/2023 12:43,10738
2/6/2023 12:44,10566
2/6/2023 12:44,10566
2/6/2023 12:45,10510
2/6/2023 12:45,10234
2/6/2023 12:46,11258
2/6/2023 12:46,10093
2/6/2023 12:47,9117
2/6/2023 12:47,10350
2/6/2023 12:48,10636
2/6/2023 12:48,10181
2/6/2023 12:49,10399
2/6/2023 12:49,10416
2/6/2023 12:50,9985
2/6/2023 12:50,10606
2/6/2023 12:51,9900
2/6/2023 12:51,10309
2/6/2023 12:52,10361
2/6/2023 12:52,10778
2/6/2023 12:53,11339
2/6/2023 12:53,10663
2/6/2023 12:54,10720
2/6/2023 12:54,10234
2/6/2023 12:55,10680
2/6/2023 12:55,10471
2/6/2023 12:56,10854
2/6/2023 12:56,9969
2/6/2023 12:57,10381
2/6/2023 12:57,11339
2/6/2023 12:58,10663
2/6/2023 12:58,10381
2/6/2023 12:59,10361
2/6/2023 12:59,10641
2/6/2023 13:00,10454
2/6/2023 13:01,10419
2/6/2023 13:01,10913
2/6/2023 13:02,10973
2/6/2023 13:02,11117
2/6/2023 13:03,10510
2/6/2023 13:03,10566
2/6/2023 13:04,10680
2/6/2023 13:04,11135
2/6/2023 13:05,10343
2/6/2023 13:05,10649
2/6/2023 13:06,10566
2/6/2023 13:06,10361
2/6/2023 13:07,10606
2/6/2023 13:07,10549
2/6/2023 13:08,10510
2/6/2023 13:08,10738
2/6/2023 13:09,10091
2/6/2023 13:09,10755
2/6/2023 13:10,10255
2/6/2023 13:10,10990
2/6/2023 13:11,10814
2/6/2023 13:11,10814
2/6/2023 13:12,10531
2/6/2023 13:12,9952
2/6/2023 13:13,10895
2/6/2023 13:13,11003
2/6/2023 13:14,10566
2/6/2023 13:14,10872
2/6/2023 13:15,10510
2/6/2023 13:15,10340
2/6/2023 13:16,10623
2/6/2023 13:16,10416
2/6/2023 13:17,10289
2/6/2023 13:17,10623
2/6/2023 13:18,9865
2/6/2023 13:18,11032
2/6/2023 13:19,11015
2/6/2023 13:19,10680
2/6/2023 13:20,10623
2/6/2023 13:20,10326
2/6/2023 13:21,10471
2/6/2023 13:21,10399
2/6/2023 13:22,10437
2/6/2023 13:22,10549
2/6/2023 13:23,10955
2/6/2023 13:23,9952
2/6/2023 13:24,10854
2/6/2023 13:24,10493
2/6/2023 13:25,10680
2/6/2023 13:25,9915
2/6/2023 13:26,10738
2/6/2023 13:26,10575
2/6/2023 13:27,10510
2/6/2023 13:28,10584
2/6/2023 13:28,10399
2/6/2023 13:29,10437
2/6/2023 13:29,10913
2/6/2023 13:30,10399
2/6/2023 13:30,10493
2/6/2023 13:31,10510
2/6/2023 13:31,10623
2/6/2023 13:32,10510
2/6/2023 13:32,10549
2/6/2023 13:33,10872
2/6/2023 13:33,10306
2/6/2023 13:34,10471
2/6/2023 13:34,9814
2/6/2023 13:35,10913
2/6/2023 13:35,9933
2/6/2023 13:36,10854
2/6/2023 13:36,10510
2/6/2023 13:37,10584
2/6/2023 13:37,10195
2/6/2023 13:38,10074
2/6/2023 13:38,10778
2/6/2023 13:39,10831
2/6/2023 13:39,10343
2/6/2023 13:40,10908
2/6/2023 13:40,10733
2/6/2023 13:41,10234
2/6/2023 13:41,10566
2/6/2023 13:42,10913
2/6/2023 13:42,11093
2/6/2023 13:43,10071
2/6/2023 13:43,10361
2/6/2023 13:44,10796
2/6/2023 13:44,10549
2/6/2023 13:45,10493
2/6/2023 13:45,10584
2/6/2023 13:46,10738
2/6/2023 13:46,10720
2/6/2023 13:47,10720
2/6/2023 13:47,10755
2/6/2023 13:48,10837
2/6/2023 13:48,10197
2/6/2023 13:49,10641
2/6/2023 13:49,10641
2/6/2023 13:50,10973
2/6/2023 13:50,9563
2/6/2023 13:51,10890
2/6/2023 13:51,10251
2/6/2023 13:52,10234
2/6/2023 13:52,9898
2/6/2023 13:53,10738
2/6/2023 13:53,10796
2/6/2023 13:54,10680
2/6/2023 13:55,10931
2/6/2023 13:55,10399
2/6/2023 13:56,10698
2/6/2023 13:56,10566
2/6/2023 13:57,10955
2/6/2023 13:57,10796
2/6/2023 13:58,10527
2/6/2023 13:58,11331
2/6/2023 13:59,10698
2/6/2023 13:59,10584
2/6/2023 14:00,10454
2/6/2023 14:00,10471
2/6/2023 14:01,11050
2/6/2023 14:01,10778
2/6/2023 14:02,10738
2/6/2023 14:02,10566
2/6/2023 14:03,10931
2/6/2023 14:03,10606
2/6/2023 14:04,10872
2/6/2023 14:04,10837
2/6/2023 14:05,10343
2/6/2023 14:05,10854
2/6/2023 14:06,10645
2/6/2023 14:06,10854
2/6/2023 14:07,10990
2/6/2023 14:07,9628
2/6/2023 14:08,10796
2/6/2023 14:08,10973
2/6/2023 14:09,9917
2/6/2023 14:09,10399
2/6/2023 14:10,10814
2/6/2023 14:10,10127
2/6/2023 14:11,10872
2/6/2023 14:11,11528
2/6/2023 14:12,10872
2/6/2023 14:12,10289
2/6/2023 14:13,10914
2/6/2023 14:13,10688
2/6/2023 14:14,10416
2/6/2023 14:14,10575
2/6/2023 14:15,10680
2/6/2023 14:15,10289
2/6/2023 14:16,9882
2/6/2023 14:16,10680
2/6/2023 14:17,10510
2/6/2023 14:17,10575
2/6/2023 14:18,10326
2/6/2023 14:18,10755
2/6/2023 14:19,10343
2/6/2023 14:19,10399
2/6/2023 14:20,10510
2/6/2023 14:20,10738
2/6/2023 14:21,10454
2/6/2023 14:22,10641
2/6/2023 14:22,10641
2/6/2023 14:23,10796
2/6/2023 14:23,9628
2/6/2023 14:24,9729
2/6/2023 14:24,10814
2/6/2023 14:25,10854
2/6/2023 14:25,10545
2/6/2023 14:26,11057
2/6/2023 14:26,10984
2/6/2023 14:27,10720
2/6/2023 14:27,10074
2/6/2023 14:28,10527
2/6/2023 14:28,10566
2/6/2023 14:29,10510
2/6/2023 14:29,10814
2/6/2023 14:30,10698
2/6/2023 14:30,10606
2/6/2023 14:31,10416
2/6/2023 14:31,10566
2/6/2023 14:32,10675
2/6/2023 14:32,10584
2/6/2023 14:33,10738
2/6/2023 14:33,11050
2/6/2023 14:34,10738
2/6/2023 14:34,11021
2/6/2023 14:35,9969
2/6/2023 14:35,10558
2/6/2023 14:36,10990
2/6/2023 14:36,10680
2/6/2023 14:37,10755
2/6/2023 14:37,11111
2/6/2023 14:38,10021
2/6/2023 14:38,10641
2/6/2023 14:39,9847
2/6/2023 14:39,11172
2/6/2023 14:40,10895
2/6/2023 14:40,10854
2/6/2023 14:41,10796
2/6/2023 14:41,10306
2/6/2023 14:42,10738
2/6/2023 14:42,10437
2/6/2023 14:43,11215
2/6/2023 14:43,10527
2/6/2023 14:44,10967
2/6/2023 14:44,10755
2/6/2023 14:45,10780
2/6/2023 14:45,10510
2/6/2023 14:46,10471
2/6/2023 14:46,10038
2/6/2023 14:47,10527
2/6/2023 14:48,10723
2/6/2023 14:48,9985
2/6/2023 14:49,9712
2/6/2023 14:49,10450
2/6/2023 14:50,10715
2/6/2023 14:50,11050
2/6/2023 14:51,10575
2/6/2023 14:51,10584
2/6/2023 14:52,10738
2/6/2023 14:52,11153
2/6/2023 14:53,11032
2/6/2023 14:53,10854
2/6/2023 14:54,10698
2/6/2023 14:54,10658
2/6/2023 14:55,11215
2/6/2023 14:55,10814
2/6/2023 14:56,9933
2/6/2023 14:56,10234
2/6/2023 14:57,10566
2/6/2023 14:57,10623
2/6/2023 14:58,10606
2/6/2023 14:58,10340
2/6/2023 14:59,10399
2/6/2023 14:59,10471
2/6/2023 15:00,10663
2/6/2023 15:00,10454
2/6/2023 15:01,10251
2/6/2023 15:01,10584
2/6/2023 15:02,11093
2/6/2023 15:02,10872
2/6/2023 15:03,10628
2/6/2023 15:03,10510
2/6/2023 15:04,10493
2/6/2023 15:04,10623
2/6/2023 15:05,10755
2/6/2023 15:05,11401
2/6/2023 15:06,9579
2/6/2023 15:06,10395
2/6/2023 15:07,9917
2/6/2023 15:07,10814
2/6/2023 15:08,10471
2/6/2023 15:08,10623
2/6/2023 15:09,10641
2/6/2023 15:09,10181
2/6/2023 15:10,10854
2/6/2023 15:10,10506
2/6/2023 15:11,10527
2/6/2023 15:11,9950
2/6/2023 15:12,10796
2/6/2023 15:12,9985
2/6/2023 15:13,10990
2/6/2023 15:13,9762
2/6/2023 15:14,9933
2/6/2023 15:15,11208
2/6/2023 15:15,10703
2/6/2023 15:16,10597
2/6/2023 15:16,10641
2/6/2023 15:17,10601
2/6/2023 15:17,10510
2/6/2023 15:18,10680
2/6/2023 15:18,10738
2/6/2023 15:19,10872
2/6/2023 15:19,11240
2/6/2023 15:20,10416
2/6/2023 15:20,10653
2/6/2023 15:21,10584
2/6/2023 15:21,9847
2/6/2023 15:22,10601
2/6/2023 15:22,11197
2/6/2023 15:23,10361
2/6/2023 15:23,10527
2/6/2023 15:24,10454
2/6/2023 15:24,10584
2/6/2023 15:25,10720
2/6/2023 15:25,10450
2/6/2023 15:26,10527
2/6/2023 15:26,10606
2/6/2023 15:27,10166
2/6/2023 15:27,10361
2/6/2023 15:28,10251
2/6/2023 15:28,10601
2/6/2023 15:29,10990
2/6/2023 15:29,10680
2/6/2023 15:30,10773
2/6/2023 15:30,10584
2/6/2023 15:31,10289
2/6/2023 15:31,10527
2/6/2023 15:32,10471
2/6/2023 15:32,10471
2/6/2023 15:33,10510
2/6/2023 15:33,10510
2/6/2023 15:34,9628
2/6/2023 15:34,10773
2/6/2023 15:35,10680
2/6/2023 15:35,10803
2/6/2023 15:36,10493
2/6/2023 15:36,9662
2/6/2023 15:37,10471
2/6/2023 15:37,10471
2/6/2023 15:38,10658
2/6/2023 15:38,9416
2/6/2023 15:39,10343
2/6/2023 15:39,10819
2/6/2023 15:40,10872
2/6/2023 15:40,10527
2/6/2023 15:41,10755
2/6/2023 15:42,11050
2/6/2023 15:42,10913
2/6/2023 15:43,10458
2/6/2023 15:43,11375
2/6/2023 15:44,10663
2/6/2023 15:44,10361
2/6/2023 15:45,9950
2/6/2023 15:45,10584
2/6/2023 15:46,10990
2/6/2023 15:46,10289
2/6/2023 15:47,10738
2/6/2023 15:47,10527
2/6/2023 15:48,11287
2/6/2023 15:48,10872
2/6/2023 15:49,10872
2/6/2023 15:49,9865
2/6/2023 15:50,10973
2/6/2023 15:50,10527
2/6/2023 15:51,10584
2/6/2023 15:51,10990
2/6/2023 15:52,10531
2/6/2023 15:52,10913
2/6/2023 15:53,10895
2/6/2023 15:53,10549
2/6/2023 15:54,10680
2/6/2023 15:54,10913
2/6/2023 15:55,10890
2/6/2023 15:55,11093
2/6/2023 15:56,10808
2/6/2023 15:56,10854
2/6/2023 15:57,10755
2/6/2023 15:57,10854
2/6/2023 15:58,10454
2/6/2023 15:58,11313
2/6/2023 15:59,9988
2/6/2023 15:59,10698
2/6/2023 16:00,10955
2/6/2023 16:00,11032
2/6/2023 16:01,10895
2/6/2023 16:01,10181
2/6/2023 16:02,11197
2/6/2023 16:02,11215
2/6/2023 16:03,10854
2/6/2023 16:03,9729
2/6/2023 16:04,10698
2/6/2023 16:04,10127
2/6/2023 16:05,10680
2/6/2023 16:05,11313
2/6/2023 16:06,10510
2/6/2023 16:06,10738
2/6/2023 16:07,10854
2/6/2023 16:07,10272
2/6/2023 16:08,10814
2/6/2023 16:09,10623
2/6/2023 16:09,10895
2/6/2023 16:10,10181
2/6/2023 16:10,10738
2/6/2023 16:11,10854
2/6/2023 16:11,11357
2/6/2023 16:12,10641
2/6/2023 16:12,10623
2/6/2023 16:13,9712
2/6/2023 16:13,10606
2/6/2023 16:14,11015
2/6/2023 16:14,10454
2/6/2023 16:15,11276
2/6/2023 16:15,11464
2/6/2023 16:16,10955
2/6/2023 16:16,10549
2/6/2023 16:17,10895
2/6/2023 16:17,11129
2/6/2023 16:18,11032
2/6/2023 16:18,11546
2/6/2023 16:19,9865
2/6/2023 16:19,9695
2/6/2023 16:20,10584
2/6/2023 16:20,11401
2/6/2023 16:21,10493
2/6/2023 16:21,10738
2/6/2023 16:22,10234
2/6/2023 16:22,10566
2/6/2023 16:23,10566
2/6/2023 16:23,10038
2/6/2023 16:24,10663
2/6/2023 16:24,10641
2/6/2023 16:25,11032
2/6/2023 16:25,10531
2/6/2023 16:26,11276
2/6/2023 16:26,10623
2/6/2023 16:27,11032
2/6/2023 16:27,10566
2/6/2023 16:28,11420
2/6/2023 16:28,10913
2/6/2023 16:29,10738
2/6/2023 16:29,10416
2/6/2023 16:30,10527
2/6/2023 16:30,10931
2/6/2023 16:31,10510
2/6/2023 16:31,10641
2/6/2023 16:32,10931
2/6/2023 16:32,10074
2/6/2023 16:33,10854
2/6/2023 16:33,11357
2/6/2023 16:34,11111
2/6/2023 16:35,10773
2/6/2023 16:35,10268
2/6/2023 16:36,10289
2/6/2023 16:36,10623
2/6/2023 16:37,10973
2/6/2023 16:37,10549
2/6/2023 16:38,10831
2/6/2023 16:38,11339
2/6/2023 16:39,11050
2/6/2023 16:39,10641
2/6/2023 16:40,11129
2/6/2023 16:40,10814
2/6/2023 16:41,11172
2/6/2023 16:41,11483
2/6/2023 16:42,10381
2/6/2023 16:42,9865
2/6/2023 16:43,10738
2/6/2023 16:43,10127
2/6/2023 16:44,11215
2/6/2023 16:44,10814
2/6/2023 16:45,10361
2/6/2023 16:45,10614
2/6/2023 16:46,11357
2/6/2023 16:46,10584
2/6/2023 16:47,11111
2/6/2023 16:47,10584
2/6/2023 16:48,10743
2/6/2023 16:48,10755
2/6/2023 16:49,10849
2/6/2023 16:49,11401
2/6/2023 16:50,10523
2/6/2023 16:50,10931
2/6/2023 16:51,9481
2/6/2023 16:51,10588
2/6/2023 16:52,10743
2/6/2023 16:52,10471
2/6/2023 16:53,10680
2/6/2023 16:53,11215
2/6/2023 16:54,11295
2/6/2023 16:54,10773
2/6/2023 16:55,10584
2/6/2023 16:55,10872
2/6/2023 16:56,9870
2/6/2023 16:56,10144
2/6/2023 16:57,10527
2/6/2023 16:57,10584
2/6/2023 16:58,10715
2/6/2023 16:58,11172
2/6/2023 16:59,10854
2/6/2023 16:59,10872
2/6/2023 17:00,11233
2/6/2023 17:00,10990
2/6/2023 17:01,10814
2/6/2023 17:02,10584
2/6/2023 17:02,10361
2/6/2023 17:03,10306
2/6/2023 17:03,10471
2/6/2023 17:04,10158
2/6/2023 17:04,10755
2/6/2023 17:05,10251
2/6/2023 17:05,10416
2/6/2023 17:06,11528
2/6/2023 17:06,10831
2/6/2023 17:07,10854
2/6/2023 17:07,10144
2/6/2023 17:08,11483
2/6/2023 17:08,11050
2/6/2023 17:09,10641
2/6/2023 17:09,10720
2/6/2023 17:10,10698
2/6/2023 17:10,9384
2/6/2023 17:11,10601
2/6/2023 17:11,10738
2/6/2023 17:12,10814
2/6/2023 17:12,10738
2/6/2023 17:13,10814
2/6/2023 17:13,10890
2/6/2023 17:14,11068
2/6/2023 17:14,9729
2/6/2023 17:15,10527
2/6/2023 17:15,10698
2/6/2023 17:16,10814
2/6/2023 17:16,10566
2/6/2023 17:17,9985
2/6/2023 17:17,9579
2/6/2023 17:18,10773
2/6/2023 17:18,10990
2/6/2023 17:19,11420
2/6/2023 17:19,11111
2/6/2023 17:20,11420
2/6/2023 17:20,10738
2/6/2023 17:21,10814
2/6/2023 17:21,10814
2/6/2023 17:22,11393
2/6/2023 17:22,10641
2/6/2023 17:23,10967
2/6/2023 17:23,10743
2/6/2023 17:24,10715
2/6/2023 17:24,10872
2/6/2023 17:25,10361
2/6/2023 17:25,10433
2/6/2023 17:26,10584
2/6/2023 17:26,10127
2/6/2023 17:27,10251
2/6/2023 17:27,10814
2/6/2023 17:28,10773
2/6/2023 17:29,10773
2/6/2023 17:29,11068
2/6/2023 17:30,10693
2/6/2023 17:30,11032
2/6/2023 17:31,11357
2/6/2023 17:31,10931
2/6/2023 17:32,9950
2/6/2023 17:32,10545
2/6/2023 17:33,11244
2/6/2023 17:33,11140
2/6/2023 17:34,11111
2/6/2023 17:34,11190
2/6/2023 17:35,10038
2/6/2023 17:35,10545
2/6/2023 17:36,10181
2/6/2023 17:36,10872
2/6/2023 17:37,10378
2/6/2023 17:37,10172
2/6/2023 17:38,9967
2/6/2023 17:38,11375
2/6/2023 17:39,10289
2/6/2023 17:39,10545
2/6/2023 17:40,10506
2/6/2023 17:40,11420
2/6/2023 17:41,10161
2/6/2023 17:41,10268
2/6/2023 17:42,10234
2/6/2023 17:42,10323
2/6/2023 17:43,11251
2/6/2023 17:43,10636
2/6/2023 17:44,10584
2/6/2023 17:44,11759
2/6/2023 17:45,10323
2/6/2023 17:45,10489
2/6/2023 17:46,10471
2/6/2023 17:46,10698
2/6/2023 17:47,10433
2/6/2023 17:47,10340
2/6/2023 17:48,10961
2/6/2023 17:48,10531
2/6/2023 17:49,10489
2/6/2023 17:49,10658
2/6/2023 17:50,10506
2/6/2023 17:50,10489
2/6/2023 17:51,10124
2/6/2023 17:51,10658
2/6/2023 17:52,11958
2/6/2023 17:52,10715
2/6/2023 17:53,10433
2/6/2023 17:53,10279
2/6/2023 17:54,10251
2/6/2023 17:54,10195
2/6/2023 17:55,10837
2/6/2023 17:56,10601
2/6/2023 17:56,10214
2/6/2023 17:57,11086
2/6/2023 17:57,11050
2/6/2023 17:58,10323
2/6/2023 17:58,10831
2/6/2023 17:59,11091
2/6/2023 17:59,10619
2/6/2023 18:00,10755
2/6/2023 18:00,11759
2/6/2023 18:01,10849
2/6/2023 18:01,11190
2/6/2023 18:02,10619
2/6/2023 18:02,11694
2/6/2023 18:03,10489
2/6/2023 18:03,11129
2/6/2023 18:04,10268
2/6/2023 18:04,10601
2/6/2023 18:05,10619
2/6/2023 18:05,10831
2/6/2023 18:06,10715
2/6/2023 18:06,11284
2/6/2023 18:07,11483
2/6/2023 18:07,11129
2/6/2023 18:08,10773
2/6/2023 18:08,10584
2/6/2023 18:09,10506
2/6/2023 18:09,11251
2/6/2023 18:10,10720
2/6/2023 18:10,10450
2/6/2023 18:11,10619
2/6/2023 18:11,11251
2/6/2023 18:12,10545
2/6/2023 18:12,10773
2/6/2023 18:13,11251
2/6/2023 18:13,9898
2/6/2023 18:14,11565
2/6/2023 18:14,10489
2/6/2023 18:15,11675
2/6/2023 18:15,11008
2/6/2023 18:16,11251
2/6/2023 18:16,10489
2/6/2023 18:17,10601
2/6/2023 18:17,10562
2/6/2023 18:18,10562
2/6/2023 18:18,11093
2/6/2023 18:19,11854
2/6/2023 18:19,11190
2/6/2023 18:20,10715
2/6/2023 18:20,10791
2/6/2023 18:21,10416
2/6/2023 18:22,10584
2/6/2023 18:22,10791
2/6/2023 18:23,10378
2/6/2023 18:23,10433
2/6/2023 18:24,10720
2/6/2023 18:24,10658
2/6/2023 18:25,10890
2/6/2023 18:25,10831
2/6/2023 18:26,10698
2/6/2023 18:26,11008
2/6/2023 18:27,10755
2/6/2023 18:27,11190
2/6/2023 18:28,10433
2/6/2023 18:28,11313
2/6/2023 18:29,10925
2/6/2023 18:29,10890
2/6/2023 18:30,10545
2/6/2023 18:30,11759
2/6/2023 18:31,10433
2/6/2023 18:31,10715
2/6/2023 18:32,10467
2/6/2023 18:32,11357
2/6/2023 18:33,10785
2/6/2023 18:33,10323
2/6/2023 18:34,11068
2/6/2023 18:34,11147
2/6/2023 18:35,10680
2/6/2023 18:35,10108
2/6/2023 18:36,10773
2/6/2023 18:36,10601
2/6/2023 18:37,11432
2/6/2023 18:37,10931
2/6/2023 18:38,11420
2/6/2023 18:38,10433
2/6/2023 18:39,10489
2/6/2023 18:39,11147
2/6/2023 18:40,11331
2/6/2023 18:40,10913
2/6/2023 18:41,11295
2/6/2023 18:41,11153
2/6/2023 18:42,10562
2/6/2023 18:42,10658
2/6/2023 18:43,10773
2/6/2023 18:43,10745
2/6/2023 18:44,10658
2/6/2023 18:44,11026
2/6/2023 18:45,11008
2/6/2023 18:45,10814
2/6/2023 18:46,11750
2/6/2023 18:46,10803
2/6/2023 18:47,10733
2/6/2023 18:47,10890
2/6/2023 18:48,11295
2/6/2023 18:49,10506
2/6/2023 18:49,11086
2/6/2023 18:50,10323
2/6/2023 18:50,10395
2/6/2023 18:51,11438
2/6/2023 18:51,10545
2/6/2023 18:52,11611
2/6/2023 18:52,10675
2/6/2023 18:53,10849
2/6/2023 18:53,11357
2/6/2023 18:54,10750
2/6/2023 18:54,11111
2/6/2023 18:55,10601
2/6/2023 18:55,11694
2/6/2023 18:56,10506
2/6/2023 18:56,10601
2/6/2023 18:57,10489
2/6/2023 18:57,10658
2/6/2023 18:58,10683
2/6/2023 18:58,10698
2/6/2023 18:59,9745
2/6/2023 18:59,10791
2/6/2023 19:00,10890
2/6/2023 19:00,10675
2/6/2023 19:01,11520
2/6/2023 19:01,10619
2/6/2023 19:02,10698
2/6/2023 19:02,10658
2/6/2023 19:03,10675
2/6/2023 19:03,10506
2/6/2023 19:04,11583
2/6/2023 19:04,11230
2/6/2023 19:05,11501
2/6/2023 19:05,11401
2/6/2023 19:06,11806
2/6/2023 19:06,10178
2/6/2023 19:07,11129
2/6/2023 19:07,10506
2/6/2023 19:08,11565
2/6/2023 19:08,10268
2/6/2023 19:09,10619
2/6/2023 19:09,11172
2/6/2023 19:10,11349
2/6/2023 19:10,10658
2/6/2023 19:11,10374
2/6/2023 19:11,10675
2/6/2023 19:12,10675
2/6/2023 19:12,11331
2/6/2023 19:13,10433
2/6/2023 19:13,10619
2/6/2023 19:14,11111
2/6/2023 19:14,10597
2/6/2023 19:15,10808
2/6/2023 19:16,11565
2/6/2023 19:16,10698
2/6/2023 19:17,10489
2/6/2023 19:17,11147
2/6/2023 19:18,11565
2/6/2023 19:18,10773
2/6/2023 19:19,10890
2/6/2023 19:19,11546
2/6/2023 19:20,10831
2/6/2023 19:20,11068
2/6/2023 19:21,10619
2/6/2023 19:21,10949
2/6/2023 19:22,10838
2/6/2023 19:22,10506
2/6/2023 19:23,11675
2/6/2023 19:23,10450
2/6/2023 19:24,10931
2/6/2023 19:24,10510
2/6/2023 19:25,11438
2/6/2023 19:25,10773
2/6/2023 19:26,10002
2/6/2023 19:26,10773
2/6/2023 19:27,11050
2/6/2023 19:27,11104
2/6/2023 19:28,10450
2/6/2023 19:28,10890
2/6/2023 19:29,10733
2/6/2023 19:29,11068
2/6/2023 19:30,10849
2/6/2023 19:30,10908
2/6/2023 19:31,10715
2/6/2023 19:31,10773
2/6/2023 19:32,10658
2/6/2023 19:32,11520
2/6/2023 19:33,10896
2/6/2023 19:33,10471
2/6/2023 19:34,10908
2/6/2023 19:34,11694
2/6/2023 19:35,11068
2/6/2023 19:35,11008
2/6/2023 19:36,10471
2/6/2023 19:36,10545
2/6/2023 19:37,10733
2/6/2023 19:37,11629
2/6/2023 19:38,10949
2/6/2023 19:38,10943
2/6/2023 19:39,10814
2/6/2023 19:39,10773
2/6/2023 19:40,10831
2/6/2023 19:40,10791
2/6/2023 19:41,11269
2/6/2023 19:41,11208
2/6/2023 19:42,11393
2/6/2023 19:43,10967
2/6/2023 19:43,10849
2/6/2023 19:44,10814
2/6/2023 19:44,11008
2/6/2023 19:45,10967
2/6/2023 19:45,10791
2/6/2023 19:46,10715
2/6/2023 19:46,10937
2/6/2023 19:47,11375
2/6/2023 19:47,11190
2/6/2023 19:48,11026
2/6/2023 19:48,11393
2/6/2023 19:49,10773
2/6/2023 19:49,11958
2/6/2023 19:50,11602
2/6/2023 19:50,10849
2/6/2023 19:51,10861
2/6/2023 19:51,10545
2/6/2023 19:52,10675
2/6/2023 19:52,11759
2/6/2023 19:53,11694
2/6/2023 19:53,10831
2/6/2023 19:54,11501
2/6/2023 19:54,10340
2/6/2023 19:55,10949
2/6/2023 19:55,10791
2/6/2023 19:56,10506
2/6/2023 19:56,11648
2/6/2023 19:57,10984
2/6/2023 19:57,11713
2/6/2023 19:58,10619
2/6/2023 19:58,10658
2/6/2023 19:59,11375
2/6/2023 19:59,10653
2/6/2023 20:00,10872
2/6/2023 20:00,11044
2/6/2023 20:01,11008
2/6/2023 20:01,11104
2/6/2023 20:02,11722
2/6/2023 20:02,10884
2/6/2023 20:03,10489
2/6/2023 20:03,10641
2/6/2023 20:04,12026
2/6/2023 20:04,11008
2/6/2023 20:05,10395
2/6/2023 20:05,11251
2/6/2023 20:06,11412
2/6/2023 20:06,11565
2/6/2023 20:07,10715
2/6/2023 20:07,10619
2/6/2023 20:08,10545
2/6/2023 20:09,11520
2/6/2023 20:09,11611
2/6/2023 20:10,11778
2/6/2023 20:10,11086
2/6/2023 20:11,10471
2/6/2023 20:11,11958
2/6/2023 20:12,11713
2/6/2023 20:12,11129
2/6/2023 20:13,10913
2/6/2023 20:13,11190
2/6/2023 20:14,11520
2/6/2023 20:14,10808
2/6/2023 20:15,10890
2/6/2023 20:15,11565
2/6/2023 20:16,11251
2/6/2023 20:16,11456
2/6/2023 20:17,11713
2/6/2023 20:17,11853
2/6/2023 20:18,11331
2/6/2023 20:18,10849
2/6/2023 20:19,10562
2/6/2023 20:19,10908
2/6/2023 20:20,10601
2/6/2023 20:20,11750
2/6/2023 20:21,10808
2/6/2023 20:21,11629
2/6/2023 20:22,10733
2/6/2023 20:22,10619
2/6/2023 20:23,10523
2/6/2023 20:23,10641
2/6/2023 20:24,10601
2/6/2023 20:24,11401
2/6/2023 20:25,10715
2/6/2023 20:25,10658
2/6/2023 20:26,11190
2/6/2023 20:26,10715
2/6/2023 20:27,10773
2/6/2023 20:27,11438
2/6/2023 20:28,11008
2/6/2023 20:28,10773
2/6/2023 20:29,10890
2/6/2023 20:29,11639
2/6/2023 20:30,10605
2/6/2023 20:30,10545
2/6/2023 20:31,11892
2/6/2023 20:31,10433
2/6/2023 20:32,11190
2/6/2023 20:32,10619
2/6/2023 20:33,10562
2/6/2023 20:33,10715
2/6/2023 20:34,10658
2/6/2023 20:34,10450
2/6/2023 20:35,10755
2/6/2023 20:36,10831
2/6/2023 20:36,11375
2/6/2023 20:37,10831
2/6/2023 20:37,11226
2/6/2023 20:38,11520
2/6/2023 20:38,10773
2/6/2023 20:39,10890
2/6/2023 20:39,10658
2/6/2023 20:40,11396
2/6/2023 20:40,11438
2/6/2023 20:41,10715
2/6/2023 20:41,11269
2/6/2023 20:42,11086
2/6/2023 20:42,10755
2/6/2023 20:43,11438
2/6/2023 20:43,10814
2/6/2023 20:44,10693
2/6/2023 20:44,11068
2/6/2023 20:45,10675
2/6/2023 20:45,10733
2/6/2023 20:46,10890
2/6/2023 20:46,11520
2/6/2023 20:47,10791
2/6/2023 20:47,10641
2/6/2023 20:48,10489
2/6/2023 20:48,9830
2/6/2023 20:49,11313
2/6/2023 20:49,9969
2/6/2023 20:50,11546
2/6/2023 20:50,10831
2/6/2023 20:51,11295
2/6/2023 20:51,10601
2/6/2023 20:52,10791
2/6/2023 20:52,11375
2/6/2023 20:53,11639
2/6/2023 20:53,10108
2/6/2023 20:54,10675
2/6/2023 20:54,11854
2/6/2023 20:55,10433
2/6/2023 20:55,11438
2/6/2023 20:56,10619
2/6/2023 20:56,10658
2/6/2023 20:57,11892
2/6/2023 20:57,10693
2/6/2023 20:58,10623
2/6/2023 20:58,10949
2/6/2023 20:59,10791
2/6/2023 20:59,10071
2/6/2023 21:00,10584
2/6/2023 21:00,10745
2/6/2023 21:01,11295
2/6/2023 21:01,10658
2/6/2023 21:02,10619
2/6/2023 21:03,11068
2/6/2023 21:03,10773
2/6/2023 21:04,12371
2/6/2023 21:04,10831
2/6/2023 21:05,11375
2/6/2023 21:05,10675
2/6/2023 21:06,10658
2/6/2023 21:06,11313
2/6/2023 21:07,10831
2/6/2023 21:07,11251
2/6/2023 21:08,11892
2/6/2023 21:08,10738
2/6/2023 21:09,10562
2/6/2023 21:09,10399
2/6/2023 21:10,11104
2/6/2023 21:10,11629
2/6/2023 21:11,11153
2/6/2023 21:11,10658
2/6/2023 21:12,10433
2/6/2023 21:12,10619
2/6/2023 21:13,11375
2/6/2023 21:13,11501
2/6/2023 21:14,11375
2/6/2023 21:14,11565
2/6/2023 21:15,10908
2/6/2023 21:15,11575
2/6/2023 21:16,11520
2/6/2023 21:16,11008
2/6/2023 21:17,10619
2/6/2023 21:17,10831
2/6/2023 21:18,11456
2/6/2023 21:18,11520
2/6/2023 21:19,10601
2/6/2023 21:19,11331
2/6/2023 21:20,10814
2/6/2023 21:20,11251
2/6/2023 21:21,10831
2/6/2023 21:21,10773
2/6/2023 21:22,10641
2/6/2023 21:22,10675
2/6/2023 21:23,10949
2/6/2023 21:23,11648
2/6/2023 21:24,10641
2/6/2023 21:24,10791
2/6/2023 21:25,10849
2/6/2023 21:25,10412
2/6/2023 21:26,10791
2/6/2023 21:26,10641
2/6/2023 21:27,10890
2/6/2023 21:27,11375
2/6/2023 21:28,11806
2/6/2023 21:29,10791
2/6/2023 21:29,10733
2/6/2023 21:30,10715
2/6/2023 21:30,10814
2/6/2023 21:31,10357
2/6/2023 21:31,10489
2/6/2023 21:32,10733
2/6/2023 21:32,11269
2/6/2023 21:33,10214
2/6/2023 21:33,11456
2/6/2023 21:34,11026
2/6/2023 21:34,11375
2/6/2023 21:35,10861
2/6/2023 21:35,11129
2/6/2023 21:36,11825
2/6/2023 21:36,11313
2/6/2023 21:37,10506
2/6/2023 21:37,11357
2/6/2023 21:38,10675
2/6/2023 21:38,10715
2/6/2023 21:39,11565
2/6/2023 21:39,10826
2/6/2023 21:40,11026
2/6/2023 21:40,10715
2/6/2023 21:41,11393
2/6/2023 21:41,11008
2/6/2023 21:42,11190
2/6/2023 21:42,10890
2/6/2023 21:43,10908
2/6/2023 21:43,11008
2/6/2023 21:44,10849
2/6/2023 21:44,11190
2/6/2023 21:45,10949
2/6/2023 21:45,11172
2/6/2023 21:46,11295
2/6/2023 21:46,10675
2/6/2023 21:47,11921
2/6/2023 21:47,11068
2/6/2023 21:48,11546
2/6/2023 21:48,10872
2/6/2023 21:49,10506
2/6/2023 21:49,11375
2/6/2023 21:50,11456
2/6/2023 21:50,11629
2/6/2023 21:51,11375
2/6/2023 21:51,11892
2/6/2023 21:52,12251
2/6/2023 21:52,11208
2/6/2023 21:53,10545
2/6/2023 21:53,10658
2/6/2023 21:54,10967
2/6/2023 21:54,11008
2/6/2023 21:55,11501
2/6/2023 21:56,10808
2/6/2023 21:56,11583
2/6/2023 21:57,10715
2/6/2023 21:57,11741
2/6/2023 21:58,10619
2/6/2023 21:58,10808
2/6/2023 21:59,11111
2/6/2023 21:59,11546
2/6/2023 22:00,10720
2/6/2023 22:00,10733
2/6/2023 22:01,10562
2/6/2023 22:01,10675
2/6/2023 22:02,10374
2/6/2023 22:02,11825
2/6/2023 22:03,10773
2/6/2023 22:03,10791
2/6/2023 22:04,10489
2/6/2023 22:04,11958
2/6/2023 22:05,11147
2/6/2023 22:05,10231
2/6/2023 22:06,10532
2/6/2023 22:06,11008
2/6/2023 22:07,9950
2/6/2023 22:07,11086
2/6/2023 22:08,10791
2/6/2023 22:08,10733
2/6/2023 22:09,11251
2/6/2023 22:09,10791
2/6/2023 22:10,10867
2/6/2023 22:10,10849
2/6/2023 22:11,11375
2/6/2023 22:11,10967
2/6/2023 22:12,11357
2/6/2023 22:12,10831
2/6/2023 22:13,10733
2/6/2023 22:13,10755
2/6/2023 22:14,10791
2/6/2023 22:14,10733
2/6/2023 22:15,11546
2/6/2023 22:15,10693
2/6/2023 22:16,10489
2/6/2023 22:16,11501
2/6/2023 22:17,11565
2/6/2023 22:17,11694
2/6/2023 22:18,10908
2/6/2023 22:18,10733
2/6/2023 22:19,10584
2/6/2023 22:19,11135
2/6/2023 22:20,11026
2/6/2023 22:20,10949
2/6/2023 22:21,10357
2/6/2023 22:21,10619
2/6/2023 22:22,11068
2/6/2023 22:23,10155
2/6/2023 22:23,11208
2/6/2023 22:24,11741
2/6/2023 22:24,11251
2/6/2023 22:25,10755
2/6/2023 22:25,10395
2/6/2023 22:26,10773
2/6/2023 22:26,10831
2/6/2023 22:27,10340
2/6/2023 22:27,10849
2/6/2023 22:28,10663
2/6/2023 22:28,11483
2/6/2023 22:29,10849
2/6/2023 22:29,11694
2/6/2023 22:30,11565
2/6/2023 22:30,11147
2/6/2023 22:31,10849
2/6/2023 22:31,11190
2/6/2023 22:32,11565
2/6/2023 22:32,11183
2/6/2023 22:33,10908
2/6/2023 22:33,11446
2/6/2023 22:34,10908
2/6/2023 22:34,10619
2/6/2023 22:35,11456
2/6/2023 22:35,10908
2/6/2023 22:36,10931
2/6/2023 22:36,10949
2/6/2023 22:37,11593
2/6/2023 22:37,11295
2/6/2023 22:38,10675
2/6/2023 22:38,10733
2/6/2023 22:39,11825
2/6/2023 22:39,10931
2/6/2023 22:40,11026
2/6/2023 22:40,10849
2/6/2023 22:41,10467
2/6/2023 22:41,10675
2/6/2023 22:42,11357
2/6/2023 22:42,11008
2/6/2023 22:43,11393
2/6/2023 22:43,11778
2/6/2023 22:44,11280
2/6/2023 22:44,11483
2/6/2023 22:45,10791
2/6/2023 22:45,10891
2/6/2023 22:46,10978
2/6/2023 22:46,10967
2/6/2023 22:47,11501
2/6/2023 22:47,11190
2/6/2023 22:48,10715
2/6/2023 22:49,11375
2/6/2023 22:49,10890
2/6/2023 22:50,10967
2/6/2023 22:50,10780
2/6/2023 22:51,11062
2/6/2023 22:51,10545
2/6/2023 22:52,11520
2/6/2023 22:52,10471
2/6/2023 22:53,10715
2/6/2023 22:53,11375
2/6/2023 22:54,11008
2/6/2023 22:54,11190
2/6/2023 22:55,10733
2/6/2023 22:55,10973
2/6/2023 22:56,10715
2/6/2023 22:56,11251
2/6/2023 22:57,10890
2/6/2023 22:57,11612
2/6/2023 22:58,10949
2/6/2023 22:58,10895
2/6/2023 22:59,11313
2/6/2023 22:59,10715
2/6/2023 23:00,11026
2/6/2023 23:00,10733
2/6/2023 23:01,10895
2/6/2023 23:01,10658
2/6/2023 23:02,11629
2/6/2023 23:02,11313
2/6/2023 23:03,10433
2/6/2023 23:03,10755
2/6/2023 23:04,11313
2/6/2023 23:04,10755
2/6/2023 23:05,11050
2/6/2023 23:05,10831
2/6/2023 23:06,10890
2/6/2023 23:06,10698
2/6/2023 23:07,11056
2/6/2023 23:07,11565
2/6/2023 23:08,11111
2/6/2023 23:08,10773
2/6/2023 23:09,11008
2/6/2023 23:09,10641
2/6/2023 23:10,11629
2/6/2023 23:10,10908
2/6/2023 23:11,11068
2/6/2023 23:11,10814
2/6/2023 23:12,10814
2/6/2023 23:12,11477
2/6/2023 23:13,11694
2/6/2023 23:13,10973
2/6/2023 23:14,10949
2/6/2023 23:14,11357
2/6/2023 23:15,10768
2/6/2023 23:16,10510
2/6/2023 23:16,10849
2/6/2023 23:17,10901
2/6/2023 23:17,10658
2/6/2023 23:18,11357
2/6/2023 23:18,11008
2/6/2023 23:19,12056
2/6/2023 23:19,10990
2/6/2023 23:20,11583
2/6/2023 23:20,11420
2/6/2023 23:21,10984
2/6/2023 23:21,10675
2/6/2023 23:22,10990
2/6/2023 23:22,11467
2/6/2023 23:23,10833
2/6/2023 23:23,10733
2/6/2023 23:24,11713
2/6/2023 23:24,11483
2/6/2023 23:25,11086
2/6/2023 23:25,11129
2/6/2023 23:26,10601
2/6/2023 23:26,11694
2/6/2023 23:27,11086
2/6/2023 23:27,10579
2/6/2023 23:28,10728
2/6/2023 23:28,11759
2/6/2023 23:29,11546
2/6/2023 23:29,10791
2/6/2023 23:30,11038
2/6/2023 23:30,11438
2/6/2023 23:31,10849
2/6/2023 23:31,11675
2/6/2023 23:32,10733
2/6/2023 23:32,10854
2/6/2023 23:33,11546
2/6/2023 23:33,10471
2/6/2023 23:34,10808
2/6/2023 23:34,11190
2/6/2023 23:35,11493
2/6/2023 23:35,10214
2/6/2023 23:36,11158
2/6/2023 23:36,11854
2/6/2023 23:37,11694
2/6/2023 23:37,10990
2/6/2023 23:38,10831
2/6/2023 23:38,11438
2/6/2023 23:39,11958
2/6/2023 23:39,10908
2/6/2023 23:40,10340
2/6/2023 23:40,11357
2/6/2023 23:41,10949
2/6/2023 23:41,11251
2/6/2023 23:42,10306
2/6/2023 23:43,11190
2/6/2023 23:43,11269
2/6/2023 23:44,10773
2/6/2023 23:44,10990
2/6/2023 23:45,11302
2/6/2023 23:45,10814
2/6/2023 23:46,11305
2/6/2023 23:46,11172
2/6/2023 23:47,10990
2/6/2023 23:47,10755
2/6/2023 23:48,10796
2/6/2023 23:48,11393
2/6/2023 23:49,11501
2/6/2023 23:49,11759
2/6/2023 23:50,11280
2/6/2023 23:50,11111
2/6/2023 23:51,11657
2/6/2023 23:51,10814
2/6/2023 23:52,10340
2/6/2023 23:52,10773
2/6/2023 23:53,10489
2/6/2023 23:53,11940
2/6/2023 23:54,11565
2/6/2023 23:54,11602
2/6/2023 23:55,11008
2/6/2023 23:55,10890
2/6/2023 23:56,10601
2/6/2023 23:56,10755
2/6/2023 23:57,10755
2/6/2023 23:57,11190
2/6/2023 23:58,11438
2/6/2023 23:58,11086
2/6/2023 23:59,10890
2/6/2023 23:59,10750
2/7/2023 0:00,11313
2/7/2023 0:00,10698
2/7/2023 0:01,11008
2/7/2023 0:01,10890
2/7/2023 0:02,10931
2/7/2023 0:02,10506
2/7/2023 0:03,10773
2/7/2023 0:03,10814
2/7/2023 0:04,11233
2/7/2023 0:04,11528
2/7/2023 0:05,10680
2/7/2023 0:05,10510
2/7/2023 0:06,11657
2/7/2023 0:06,10814
2/7/2023 0:07,10144
2/7/2023 0:07,10854
2/7/2023 0:08,10961
2/7/2023 0:08,10872
2/7/2023 0:09,10872
2/7/2023 0:10,10890
2/7/2023 0:10,11313
2/7/2023 0:11,11825
2/7/2023 0:11,10641
2/7/2023 0:12,10545
2/7/2023 0:12,11375
2/7/2023 0:13,10931
2/7/2023 0:13,11050
2/7/2023 0:14,11483
2/7/2023 0:14,11420
2/7/2023 0:15,10641
2/7/2023 0:15,11675
2/7/2023 0:16,11438
2/7/2023 0:16,11611
2/7/2023 0:17,11892
2/7/2023 0:17,10908
2/7/2023 0:18,10949
2/7/2023 0:18,11483
2/7/2023 0:19,10931
2/7/2023 0:19,10814
2/7/2023 0:20,11565
2/7/2023 0:20,10778
2/7/2023 0:21,11464
2/7/2023 0:21,11741
2/7/2023 0:22,10872
2/7/2023 0:22,10890
2/7/2023 0:23,10566
2/7/2023 0:23,11339
2/7/2023 0:24,11111
2/7/2023 0:24,10755
2/7/2023 0:25,10658
2/7/2023 0:25,10814
2/7/2023 0:26,11357
2/7/2023 0:26,11420
2/7/2023 0:27,11958
2/7/2023 0:27,10831
2/7/2023 0:28,10680
2/7/2023 0:28,10641
2/7/2023 0:29,11068
2/7/2023 0:29,11675
2/7/2023 0:30,11483
2/7/2023 0:30,11050
2/7/2023 0:31,10931
2/7/2023 0:31,10641
2/7/2023 0:32,11401
2/7/2023 0:32,10527
2/7/2023 0:33,11611
2/7/2023 0:33,11233
2/7/2023 0:34,10658
2/7/2023 0:34,10814
2/7/2023 0:35,10755
2/7/2023 0:36,10890
2/7/2023 0:36,10680
2/7/2023 0:37,11501
2/7/2023 0:37,11111
2/7/2023 0:38,11483
2/7/2023 0:38,10268
2/7/2023 0:39,11093
2/7/2023 0:39,11741
2/7/2023 0:40,11528
2/7/2023 0:40,11684
2/7/2023 0:41,11222
2/7/2023 0:41,11565
2/7/2023 0:42,10195
2/7/2023 0:42,11032
2/7/2023 0:43,10814
2/7/2023 0:43,10796
2/7/2023 0:44,11093
2/7/2023 0:44,10755
2/7/2023 0:45,10931
2/7/2023 0:45,10549
2/7/2023 0:46,10872
2/7/2023 0:46,11313
2/7/2023 0:47,10814
2/7/2023 0:47,11111
2/7/2023 0:48,10796
2/7/2023 0:48,11251
2/7/2023 0:49,11075
2/7/2023 0:49,11032
2/7/2023 0:50,11026
2/7/2023 0:50,10566
2/7/2023 0:51,10796
2/7/2023 0:51,11401
2/7/2023 0:52,10680
2/7/2023 0:52,11233
2/7/2023 0:53,10949
2/7/2023 0:53,11592
2/7/2023 0:54,10872
2/7/2023 0:54,10967
2/7/2023 0:55,10872
2/7/2023 0:55,11215
2/7/2023 0:56,10973
2/7/2023 0:56,10895
2/7/2023 0:57,11215
2/7/2023 0:57,11111
2/7/2023 0:58,11638
2/7/2023 0:58,10584
2/7/2023 0:59,10738
2/7/2023 0:59,11153
2/7/2023 1:00,10755
2/7/2023 1:00,10755
2/7/2023 1:01,10680
2/7/2023 1:01,11555
2/7/2023 1:02,10854
2/7/2023 1:03,10733
2/7/2023 1:03,11464
2/7/2023 1:04,11276
2/7/2023 1:04,10601
2/7/2023 1:05,10913
2/7/2023 1:05,11528
2/7/2023 1:06,11464
2/7/2023 1:06,11032
2/7/2023 1:07,10895
2/7/2023 1:07,10623
2/7/2023 1:08,11528
2/7/2023 1:08,11574
2/7/2023 1:09,10549
2/7/2023 1:09,11464
2/7/2023 1:10,10814
2/7/2023 1:10,10510
2/7/2023 1:11,10510
2/7/2023 1:11,10703
2/7/2023 1:12,11401
2/7/2023 1:12,12212
2/7/2023 1:13,11657
2/7/2023 1:13,11197
2/7/2023 1:14,11769
2/7/2023 1:14,12105
2/7/2023 1:15,11208
2/7/2023 1:15,11276
2/7/2023 1:16,11592
2/7/2023 1:16,11215
2/7/2023 1:17,11703
2/7/2023 1:17,10854
2/7/2023 1:18,11383
2/7/2023 1:18,10973
2/7/2023 1:19,10919
2/7/2023 1:19,11969
2/7/2023 1:20,11483
2/7/2023 1:20,10955
2/7/2023 1:21,11215
2/7/2023 1:21,10837
2/7/2023 1:22,11657
2/7/2023 1:22,11062
2/7/2023 1:23,11769
2/7/2023 1:23,10723
2/7/2023 1:24,11401
2/7/2023 1:24,10973
2/7/2023 1:25,10955
2/7/2023 1:25,11197
2/7/2023 1:26,10937
2/7/2023 1:26,11302
2/7/2023 1:27,11339
2/7/2023 1:27,11153
2/7/2023 1:28,10663
2/7/2023 1:28,11258
2/7/2023 1:29,10973
2/7/2023 1:30,11873
2/7/2023 1:30,10819
2/7/2023 1:31,10854
2/7/2023 1:31,11383
2/7/2023 1:32,10913
2/7/2023 1:32,10895
2/7/2023 1:33,10619
2/7/2023 1:33,11491
2/7/2023 1:34,10343
2/7/2023 1:34,10997
2/7/2023 1:35,10913
2/7/2023 1:35,11969
2/7/2023 1:36,11093
2/7/2023 1:36,10895
2/7/2023 1:37,10720
2/7/2023 1:37,11401
2/7/2023 1:38,10720
2/7/2023 1:38,11592
2/7/2023 1:39,10778
2/7/2023 1:39,11675
2/7/2023 1:40,11769
2/7/2023 1:40,11015
2/7/2023 1:41,10680
2/7/2023 1:41,11703
2/7/2023 1:42,10720
2/7/2023 1:42,10437
2/7/2023 1:43,10738
2/7/2023 1:43,11638
2/7/2023 1:44,11797
2/7/2023 1:44,11574
2/7/2023 1:45,10837
2/7/2023 1:45,11528
2/7/2023 1:46,10878
2/7/2023 1:46,10766
2/7/2023 1:47,10510
2/7/2023 1:47,11075
2/7/2023 1:48,11015
2/7/2023 1:48,11015
2/7/2023 1:49,10773
2/7/2023 1:49,11472
2/7/2023 1:50,10913
2/7/2023 1:50,11197
2/7/2023 1:51,10778
2/7/2023 1:51,11015
2/7/2023 1:52,10693
2/7/2023 1:52,10650
2/7/2023 1:53,10628
2/7/2023 1:53,10878
2/7/2023 1:54,11197
2/7/2023 1:54,10778
2/7/2023 1:55,10837
2/7/2023 1:55,11057
2/7/2023 1:56,10663
2/7/2023 1:57,11835
2/7/2023 1:57,11320
2/7/2023 1:58,11464
2/7/2023 1:58,10306
2/7/2023 1:59,11117
2/7/2023 1:59,11093
2/7/2023 2:00,11015
2/7/2023 2:00,10837
2/7/2023 2:01,11075
2/7/2023 2:01,10778
2/7/2023 2:02,10955
2/7/2023 2:02,10837
2/7/2023 2:03,10955
2/7/2023 2:03,11835
2/7/2023 2:04,11178
2/7/2023 2:04,10493
2/7/2023 2:05,11215
2/7/2023 2:05,10663
2/7/2023 2:06,11902
2/7/2023 2:06,10895
2/7/2023 2:07,10761
2/7/2023 2:07,12075
2/7/2023 2:08,11446
2/7/2023 2:08,11446
2/7/2023 2:09,12037
2/7/2023 2:09,10778
2/7/2023 2:10,11153
2/7/2023 2:10,10819
2/7/2023 2:11,10837
2/7/2023 2:11,11509
2/7/2023 2:12,11153
2/7/2023 2:12,11135
2/7/2023 2:13,11555
2/7/2023 2:13,11015
2/7/2023 2:14,11044
2/7/2023 2:14,11446
2/7/2023 2:15,11703
2/7/2023 2:15,11684
2/7/2023 2:16,11258
2/7/2023 2:16,10837
2/7/2023 2:17,11135
2/7/2023 2:17,10200
2/7/2023 2:18,11364
2/7/2023 2:18,11258
2/7/2023 2:19,10878
2/7/2023 2:19,11969
2/7/2023 2:20,10347
2/7/2023 2:20,10458
2/7/2023 2:21,10628
2/7/2023 2:21,11015
2/7/2023 2:22,11117
2/7/2023 2:22,11499
2/7/2023 2:23,10549
2/7/2023 2:24,11258
2/7/2023 2:24,10955
2/7/2023 2:25,10761
2/7/2023 2:25,12067
2/7/2023 2:26,11039
2/7/2023 2:26,10808
2/7/2023 2:27,10837
2/7/2023 2:27,11197
2/7/2023 2:28,10837
2/7/2023 2:28,10778
2/7/2023 2:29,11648
2/7/2023 2:29,11015
2/7/2023 2:30,10878
2/7/2023 2:30,10831
2/7/2023 2:31,10549
2/7/2023 2:31,11684
2/7/2023 2:32,11684
2/7/2023 2:32,10979
2/7/2023 2:33,10878
2/7/2023 2:33,11427
2/7/2023 2:34,11178
2/7/2023 2:34,10720
2/7/2023 2:35,10663
2/7/2023 2:35,11950
2/7/2023 2:36,10997
2/7/2023 2:36,10872
2/7/2023 2:37,11666
2/7/2023 2:37,9967
2/7/2023 2:38,10663
2/7/2023 2:38,10997
2/7/2023 2:39,11153
2/7/2023 2:39,11135
2/7/2023 2:40,11178
2/7/2023 2:40,11135
2/7/2023 2:41,11178
2/7/2023 2:41,11291
2/7/2023 2:42,10860
2/7/2023 2:42,10997
2/7/2023 2:43,11545
2/7/2023 2:43,10778
2/7/2023 2:44,10937
2/7/2023 2:44,11536
2/7/2023 2:45,11057
2/7/2023 2:45,10837
2/7/2023 2:46,11167
2/7/2023 2:46,11969
2/7/2023 2:47,12384
2/7/2023 2:47,11684
2/7/2023 2:48,10937
2/7/2023 2:48,11601
2/7/2023 2:49,11574
2/7/2023 2:50,10645
2/7/2023 2:50,10837
2/7/2023 2:51,11912
2/7/2023 2:51,10685
2/7/2023 2:52,10997
2/7/2023 2:52,10990
2/7/2023 2:53,11258
2/7/2023 2:53,11883
2/7/2023 2:54,11020
2/7/2023 2:54,10475
2/7/2023 2:55,10819
2/7/2023 2:55,10489
2/7/2023 2:56,11684
2/7/2023 2:56,11284
2/7/2023 2:57,10895
2/7/2023 2:57,11731
2/7/2023 2:58,10738
2/7/2023 2:58,10575
2/7/2023 2:59,11950
2/7/2023 2:59,10997
2/7/2023 3:00,11383
2/7/2023 3:00,10531
2/7/2023 3:01,10685
2/7/2023 3:01,10755
2/7/2023 3:02,11528
2/7/2023 3:02,11574
2/7/2023 3:03,10919
2/7/2023 3:03,10475
2/7/2023 3:04,11057
2/7/2023 3:04,11864
2/7/2023 3:05,11883
2/7/2023 3:05,11302
2/7/2023 3:06,11197
2/7/2023 3:06,10955
2/7/2023 3:07,10997
2/7/2023 3:07,11178
2/7/2023 3:08,11950
2/7/2023 3:08,11931
2/7/2023 3:09,12017
2/7/2023 3:09,11816
2/7/2023 3:10,10819
2/7/2023 3:10,10628
2/7/2023 3:11,11864
2/7/2023 3:11,10937
2/7/2023 3:12,11555
2/7/2023 3:12,11117
2/7/2023 3:13,11835
2/7/2023 3:13,11491
2/7/2023 3:14,10997
2/7/2023 3:14,11536
2/7/2023 3:15,10743
2/7/2023 3:15,11117
2/7/2023 3:16,10571
2/7/2023 3:17,10766
2/7/2023 3:17,10040
2/7/2023 3:18,11178
2/7/2023 3:18,11555
2/7/2023 3:19,11383
2/7/2023 3:19,10566
2/7/2023 3:20,10441
2/7/2023 3:20,11117
2/7/2023 3:21,10997
2/7/2023 3:21,10895
2/7/2023 3:22,10955
2/7/2023 3:22,10937
2/7/2023 3:23,10588
2/7/2023 3:23,10743
2/7/2023 3:24,10419
2/7/2023 3:24,11864
2/7/2023 3:25,11057
2/7/2023 3:25,12243
2/7/2023 3:26,10819
2/7/2023 3:26,11950
2/7/2023 3:27,10937
2/7/2023 3:27,11057
2/7/2023 3:28,11075
2/7/2023 3:28,11509
2/7/2023 3:29,11816
2/7/2023 3:29,10703
2/7/2023 3:30,11135
2/7/2023 3:30,10955
2/7/2023 3:31,10743
2/7/2023 3:31,12135
2/7/2023 3:32,11619
2/7/2023 3:32,11135
2/7/2023 3:33,11601
2/7/2023 3:33,11491
2/7/2023 3:34,10761
2/7/2023 3:34,10842
2/7/2023 3:35,11427
2/7/2023 3:35,10878
2/7/2023 3:36,10571
2/7/2023 3:36,11601
2/7/2023 3:37,11015
2/7/2023 3:37,12155
2/7/2023 3:38,10778
2/7/2023 3:38,11816
2/7/2023 3:39,11240
2/7/2023 3:39,10698
2/7/2023 3:40,11364
2/7/2023 3:40,10571
2/7/2023 3:41,10955
2/7/2023 3:41,10819
2/7/2023 3:42,11222
2/7/2023 3:42,11039
2/7/2023 3:43,10878
2/7/2023 3:44,10895
2/7/2023 3:44,11178
2/7/2023 3:45,10720
2/7/2023 3:45,10819
2/7/2023 3:46,11912
2/7/2023 3:46,11081
2/7/2023 3:47,11454
2/7/2023 3:47,10997
2/7/2023 3:48,11998
2/7/2023 3:48,10937
2/7/2023 3:49,10997
2/7/2023 3:49,11305
2/7/2023 3:50,10796
2/7/2023 3:50,11117
2/7/2023 3:51,11638
2/7/2023 3:51,11750
2/7/2023 3:52,11797
2/7/2023 3:52,11178
2/7/2023 3:53,11240
2/7/2023 3:53,10997
2/7/2023 3:54,10801
2/7/2023 3:54,10588
2/7/2023 3:55,10819
2/7/2023 3:55,11555
2/7/2023 3:56,10588
2/7/2023 3:56,10575
2/7/2023 3:57,11057
2/7/2023 3:57,10819
2/7/2023 3:58,11328
2/7/2023 3:58,11284
2/7/2023 3:59,11178
2/7/2023 3:59,11339
2/7/2023 4:00,11015
2/7/2023 4:00,12345
2/7/2023 4:01,11302
2/7/2023 4:01,10860
2/7/2023 4:02,10419
2/7/2023 4:02,11203
2/7/2023 4:03,10562
2/7/2023 4:03,11240
2/7/2023 4:04,11160
2/7/2023 4:04,10419
2/7/2023 4:05,10878
2/7/2023 4:05,12345
2/7/2023 4:06,10628
2/7/2023 4:06,11117
2/7/2023 4:07,10878
2/7/2023 4:07,10761
2/7/2023 4:08,11099
2/7/2023 4:08,11555
2/7/2023 4:09,11483
2/7/2023 4:09,11582
2/7/2023 4:10,10703
2/7/2023 4:11,11178
2/7/2023 4:11,11684
2/7/2023 4:12,11240
2/7/2023 4:12,12047
2/7/2023 4:13,11816
2/7/2023 4:13,11816
2/7/2023 4:14,11063
2/7/2023 4:14,11391
2/7/2023 4:15,11712
2/7/2023 4:15,11284
2/7/2023 4:16,11320
2/7/2023 4:16,10895
2/7/2023 4:17,11409
2/7/2023 4:17,11099
2/7/2023 4:18,10819
2/7/2023 4:18,11258
2/7/2023 4:19,10819
2/7/2023 4:19,10979
2/7/2023 4:20,10919
2/7/2023 4:20,11160
2/7/2023 4:21,10997
2/7/2023 4:21,10703
2/7/2023 4:22,11081
2/7/2023 4:22,10878
2/7/2023 4:23,10919
2/7/2023 4:23,11601
2/7/2023 4:24,11619
2/7/2023 4:24,11178
2/7/2023 4:25,12047
2/7/2023 4:25,11178
2/7/2023 4:26,10703
2/7/2023 4:26,10997
2/7/2023 4:27,11409
2/7/2023 4:27,10801
2/7/2023 4:28,11420
2/7/2023 4:28,10645
2/7/2023 4:29,10628
2/7/2023 4:29,10937
2/7/2023 4:30,10645
2/7/2023 4:30,10937
2/7/2023 4:31,11472
2/7/2023 4:31,11099
2/7/2023 4:32,11039
2/7/2023 4:32,11117
2/7/2023 4:33,10783
2/7/2023 4:33,11454
2/7/2023 4:34,11099
2/7/2023 4:34,10458
2/7/2023 4:35,10571
2/7/2023 4:35,10147
2/7/2023 4:36,10801
2/7/2023 4:36,11969
2/7/2023 4:37,11536
2/7/2023 4:38,12017
2/7/2023 4:38,10860
2/7/2023 4:39,10720
2/7/2023 4:39,11759
2/7/2023 4:40,10761
2/7/2023 4:40,10255
2/7/2023 4:41,10690
2/7/2023 4:41,10961
2/7/2023 4:42,11057
2/7/2023 4:42,11160
2/7/2023 4:43,11222
2/7/2023 4:43,10919
2/7/2023 4:44,11320
2/7/2023 4:44,11021
2/7/2023 4:45,10997
2/7/2023 4:45,11328
2/7/2023 4:46,11117
2/7/2023 4:46,10558
2/7/2023 4:47,10703
2/7/2023 4:47,10364
2/7/2023 4:48,11491
2/7/2023 4:48,10860
2/7/2023 4:49,11769
2/7/2023 4:49,11555
2/7/2023 4:50,11075
2/7/2023 4:50,11021
2/7/2023 4:51,11592
2/7/2023 4:51,11039
2/7/2023 4:52,11142
2/7/2023 4:52,11222
2/7/2023 4:53,11364
2/7/2023 4:53,11178
2/7/2023 4:54,11364
2/7/2023 4:54,11845
2/7/2023 4:55,11117
2/7/2023 4:55,11039
2/7/2023 4:56,11778
2/7/2023 4:56,11601
2/7/2023 4:57,11117
2/7/2023 4:57,11240
2/7/2023 4:58,11657
2/7/2023 4:58,11328
2/7/2023 4:59,11409
2/7/2023 4:59,10919
2/7/2023 5:00,10901
2/7/2023 5:00,11211
2/7/2023 5:01,11117
2/7/2023 5:01,11057
2/7/2023 5:02,10842
2/7/2023 5:02,11099
2/7/2023 5:03,11364
2/7/2023 5:03,11427
2/7/2023 5:04,11160
2/7/2023 5:05,11081
2/7/2023 5:05,11099
2/7/2023 5:06,11582
2/7/2023 5:06,10919
2/7/2023 5:07,11045
2/7/2023 5:07,11383
2/7/2023 5:08,11750
2/7/2023 5:08,11021
2/7/2023 5:09,11778
2/7/2023 5:09,11684
2/7/2023 5:10,11998
2/7/2023 5:10,11931
2/7/2023 5:11,10761
2/7/2023 5:11,11099
2/7/2023 5:12,11864
2/7/2023 5:12,10743
2/7/2023 5:13,11518
2/7/2023 5:13,10997
2/7/2023 5:14,11247
2/7/2023 5:14,10979
2/7/2023 5:15,11039
2/7/2023 5:15,12116
2/7/2023 5:16,11039
2/7/2023 5:16,10943
2/7/2023 5:17,10878
2/7/2023 5:17,10789
2/7/2023 5:18,10766
2/7/2023 5:18,10919
2/7/2023 5:19,11240
2/7/2023 5:19,11081
2/7/2023 5:20,10997
2/7/2023 5:20,11364
2/7/2023 5:21,10937
2/7/2023 5:21,10979
2/7/2023 5:22,11364
2/7/2023 5:22,11142
2/7/2023 5:23,10997
2/7/2023 5:23,11039
2/7/2023 5:24,11276
2/7/2023 5:24,11601
2/7/2023 5:25,11160
2/7/2023 5:25,11178
2/7/2023 5:26,11619
2/7/2023 5:26,11574
2/7/2023 5:27,10842
2/7/2023 5:27,11788
2/7/2023 5:28,10919
2/7/2023 5:28,10919
2/7/2023 5:29,11117
2/7/2023 5:29,11582
2/7/2023 5:30,11160
2/7/2023 5:30,11099
2/7/2023 5:31,11302
2/7/2023 5:32,11731
2/7/2023 5:32,10347
2/7/2023 5:33,11284
2/7/2023 5:33,10878
2/7/2023 5:34,11284
2/7/2023 5:34,11203
2/7/2023 5:35,11731
2/7/2023 5:35,10801
2/7/2023 5:36,11979
2/7/2023 5:36,11185
2/7/2023 5:37,11160
2/7/2023 5:37,11778
2/7/2023 5:38,10783
2/7/2023 5:38,11142
2/7/2023 5:39,10878
2/7/2023 5:39,11731
2/7/2023 5:40,11364
2/7/2023 5:40,12155
2/7/2023 5:41,11472
2/7/2023 5:41,10842
2/7/2023 5:42,11931
2/7/2023 5:42,10979
2/7/2023 5:43,11099
2/7/2023 5:43,11874
2/7/2023 5:44,11472
2/7/2023 5:44,11068
2/7/2023 5:45,11057
2/7/2023 5:45,10842
2/7/2023 5:46,11797
2/7/2023 5:46,10919
2/7/2023 5:47,11979
2/7/2023 5:47,11864
2/7/2023 5:48,10901
2/7/2023 5:48,11203
2/7/2023 5:49,11142
2/7/2023 5:49,11454
2/7/2023 5:50,11093
2/7/2023 5:50,11203
2/7/2023 5:51,11391
2/7/2023 5:51,11039
2/7/2023 5:52,11826
2/7/2023 5:52,10997
2/7/2023 5:53,11574
2/7/2023 5:53,10979
2/7/2023 5:54,10979
2/7/2023 5:54,11979
2/7/2023 5:55,11536
2/7/2023 5:55,10860
2/7/2023 5:56,12274
2/7/2023 5:56,11409
2/7/2023 5:57,11950
2/7/2023 5:57,11160
2/7/2023 5:58,11931
2/7/2023 5:59,11509
2/7/2023 5:59,10979
2/7/2023 6:00,10860
2/7/2023 6:00,11778
2/7/2023 6:01,10979
2/7/2023 6:01,11099
2/7/2023 6:02,11536
2/7/2023 6:02,11039
2/7/2023 6:03,10901
2/7/2023 6:03,11088
2/7/2023 6:04,10943
2/7/2023 6:04,10919
2/7/2023 6:05,10743
2/7/2023 6:05,11219
2/7/2023 6:06,10937
2/7/2023 6:06,11106
2/7/2023 6:07,11160
2/7/2023 6:07,11536
2/7/2023 6:08,11912
2/7/2023 6:08,11075
2/7/2023 6:09,10842
2/7/2023 6:09,11601
2/7/2023 6:10,10949
2/7/2023 6:10,11160
2/7/2023 6:11,11039
2/7/2023 6:11,11203
2/7/2023 6:12,11391
2/7/2023 6:12,10961
2/7/2023 6:13,11258
2/7/2023 6:13,10979
2/7/2023 6:14,10979
2/7/2023 6:14,11203
2/7/2023 6:15,11666
2/7/2023 6:15,11582
2/7/2023 6:16,11265
2/7/2023 6:16,10937
2/7/2023 6:17,11409
2/7/2023 6:17,10919
2/7/2023 6:18,11160
2/7/2023 6:18,11284
2/7/2023 6:19,11309
2/7/2023 6:19,11160
2/7/2023 6:20,11203
2/7/2023 6:20,11435
2/7/2023 6:21,10593
2/7/2023 6:21,10878
2/7/2023 6:22,11117
2/7/2023 6:22,11160
2/7/2023 6:23,10743
2/7/2023 6:23,11222
2/7/2023 6:24,11284
2/7/2023 6:24,11099
2/7/2023 6:25,11536
2/7/2023 6:26,11240
2/7/2023 6:26,11383
2/7/2023 6:27,10860
2/7/2023 6:27,10979
2/7/2023 6:28,10801
2/7/2023 6:28,10860
2/7/2023 6:29,11536
2/7/2023 6:29,10919
2/7/2023 6:30,11657
2/7/2023 6:30,11582
2/7/2023 6:31,10149
2/7/2023 6:31,11582
2/7/2023 6:32,11998
2/7/2023 6:32,11712
2/7/2023 6:33,10402
2/7/2023 6:33,11491
2/7/2023 6:34,11409
2/7/2023 6:34,11491
2/7/2023 6:35,11601
2/7/2023 6:35,11284
2/7/2023 6:36,11265
2/7/2023 6:36,11391
2/7/2023 6:37,10685
2/7/2023 6:37,11518
2/7/2023 6:38,11536
2/7/2023 6:38,11797
2/7/2023 6:39,10571
2/7/2023 6:39,11864
2/7/2023 6:40,11454
2/7/2023 6:40,11826
2/7/2023 6:41,10766
2/7/2023 6:41,12067
2/7/2023 6:42,11712
2/7/2023 6:42,11472
2/7/2023 6:43,11778
2/7/2023 6:43,11666
2/7/2023 6:44,11582
2/7/2023 6:44,11536
2/7/2023 6:45,11499
2/7/2023 6:45,11582
2/7/2023 6:46,11409
2/7/2023 6:46,11666
2/7/2023 6:47,11555
2/7/2023 6:47,10347
2/7/2023 6:48,10725
2/7/2023 6:48,11864
2/7/2023 6:49,11601
2/7/2023 6:49,11518
2/7/2023 6:50,11265
2/7/2023 6:50,11364
2/7/2023 6:51,11099
2/7/2023 6:52,11117
2/7/2023 6:52,11409
2/7/2023 6:53,11160
2/7/2023 6:53,11472
2/7/2023 6:54,11391
2/7/2023 6:54,10783
2/7/2023 6:55,11845
2/7/2023 6:55,11039
2/7/2023 6:56,11409
2/7/2023 6:56,11684
2/7/2023 6:57,10901
2/7/2023 6:57,11346
2/7/2023 6:58,11222
2/7/2023 6:58,11518
2/7/2023 6:59,11582
2/7/2023 6:59,11491
2/7/2023 7:00,11864
2/7/2023 7:00,11117
2/7/2023 7:01,11309
2/7/2023 7:01,11712
2/7/2023 7:02,11536
2/7/2023 7:02,11472
2/7/2023 7:03,11694
2/7/2023 7:03,11845
2/7/2023 7:04,11960
2/7/2023 7:04,11409
2/7/2023 7:05,11454
2/7/2023 7:05,11611
2/7/2023 7:06,11409
2/7/2023 7:06,10364
2/7/2023 7:07,11240
2/7/2023 7:07,11284
2/7/2023 7:08,11409
2/7/2023 7:08,11284
2/7/2023 7:09,12135
2/7/2023 7:09,11472
2/7/2023 7:10,11427
2/7/2023 7:10,11454
2/7/2023 7:11,11391
2/7/2023 7:11,11555
2/7/2023 7:12,11427
2/7/2023 7:12,11099
2/7/2023 7:13,11222
2/7/2023 7:13,11039
2/7/2023 7:14,11472
2/7/2023 7:14,11284
2/7/2023 7:15,11454
2/7/2023 7:15,11427
2/7/2023 7:16,11135
2/7/2023 7:16,11491
2/7/2023 7:17,11555
2/7/2023 7:17,11536
2/7/2023 7:18,11694
2/7/2023 7:19,10645
2/7/2023 7:19,11601
2/7/2023 7:20,10919
2/7/2023 7:20,11117
2/7/2023 7:21,10309
2/7/2023 7:21,10743
2/7/2023 7:22,10955
2/7/2023 7:22,11222
2/7/2023 7:23,10967
2/7/2023 7:23,11611
2/7/2023 7:24,11417
2/7/2023 7:24,11409
2/7/2023 7:25,11427
2/7/2023 7:25,11491
2/7/2023 7:26,11619
2/7/2023 7:26,11491
2/7/2023 7:27,11427
2/7/2023 7:27,11222
2/7/2023 7:28,11409
2/7/2023 7:28,11222
2/7/2023 7:29,11346
2/7/2023 7:29,11427
2/7/2023 7:30,10545
2/7/2023 7:30,11778
2/7/2023 7:31,11619
2/7/2023 7:31,11364
2/7/2023 7:32,10979
2/7/2023 7:32,11203
2/7/2023 7:33,11619
2/7/2023 7:33,11536
2/7/2023 7:34,11574
2/7/2023 7:34,11731
2/7/2023 7:35,10937
2/7/2023 7:35,11364
2/7/2023 7:36,11491
2/7/2023 7:36,11684
2/7/2023 7:37,11240
2/7/2023 7:37,11601
2/7/2023 7:38,11427
2/7/2023 7:38,10801
2/7/2023 7:39,11409
2/7/2023 7:39,11555
2/7/2023 7:40,11750
2/7/2023 7:40,11864
2/7/2023 7:41,10703
2/7/2023 7:41,11438
2/7/2023 7:42,10878
2/7/2023 7:42,11391
2/7/2023 7:43,11142
2/7/2023 7:43,11483
2/7/2023 7:44,11638
2/7/2023 7:44,10860
2/7/2023 7:45,10628
2/7/2023 7:46,10514
2/7/2023 7:46,11284
2/7/2023 7:47,10531
2/7/2023 7:47,10703
2/7/2023 7:48,11339
2/7/2023 7:48,11491
2/7/2023 7:49,11302
2/7/2023 7:49,11509
2/7/2023 7:50,11619
2/7/2023 7:50,11364
2/7/2023 7:51,11574
2/7/2023 7:51,12294
2/7/2023 7:52,11750
2/7/2023 7:52,11684
2/7/2023 7:53,10860
2/7/2023 7:53,11536
2/7/2023 7:54,11619
2/7/2023 7:54,11446
2/7/2023 7:55,11950
2/7/2023 7:55,11883
2/7/2023 7:56,11364
2/7/2023 7:56,11302
2/7/2023 7:57,11684
2/7/2023 7:57,10937
2/7/2023 7:58,11854
2/7/2023 7:58,11657
2/7/2023 7:59,11835
2/7/2023 7:59,11864
2/7/2023 8:00,10919
2/7/2023 8:00,11638
2/7/2023 8:01,10531
2/7/2023 8:01,11520
2/7/2023 8:02,11666
2/7/2023 8:02,11750
2/7/2023 8:03,11536
2/7/2023 8:03,11509
2/7/2023 8:04,11491
2/7/2023 8:04,11135
2/7/2023 8:05,11178
2/7/2023 8:05,10895
2/7/2023 8:06,11750
2/7/2023 8:06,11509
2/7/2023 8:07,11472
2/7/2023 8:07,11648
2/7/2023 8:08,11493
2/7/2023 8:08,11280
2/7/2023 8:09,10680
2/7/2023 8:09,11409
2/7/2023 8:10,11574
2/7/2023 8:10,11797
2/7/2023 8:11,11427
2/7/2023 8:11,11427
2/7/2023 8:12,11509
2/7/2023 8:13,11383
2/7/2023 8:13,11339
2/7/2023 8:14,11703
2/7/2023 8:14,12037
2/7/2023 8:15,11383
2/7/2023 8:15,11240
2/7/2023 8:16,11835
2/7/2023 8:16,11638
2/7/2023 8:17,11509
2/7/2023 8:17,11420
2/7/2023 8:18,11491
2/7/2023 8:18,11509
2/7/2023 8:19,11574
2/7/2023 8:19,11464
2/7/2023 8:20,11135
2/7/2023 8:20,12037
2/7/2023 8:21,11039
2/7/2023 8:21,11902
2/7/2023 8:22,11638
2/7/2023 8:22,10796
2/7/2023 8:23,11135
2/7/2023 8:23,11703
2/7/2023 8:24,11509
2/7/2023 8:24,11619
2/7/2023 8:25,11684
2/7/2023 8:25,11518
2/7/2023 8:26,11153
2/7/2023 8:26,11854
2/7/2023 8:27,11383
2/7/2023 8:27,10761
2/7/2023 8:28,11816
2/7/2023 8:28,11509
2/7/2023 8:29,11215
2/7/2023 8:29,11075
2/7/2023 8:30,11401
2/7/2023 8:30,10997
2/7/2023 8:31,11178
2/7/2023 8:31,11509
2/7/2023 8:32,11940
2/7/2023 8:32,11258
2/7/2023 8:33,11684
2/7/2023 8:33,11135
2/7/2023 8:34,11383
2/7/2023 8:34,11509
2/7/2023 8:35,11446
2/7/2023 8:35,11427
2/7/2023 8:36,11258
2/7/2023 8:36,11703
2/7/2023 8:37,11302
2/7/2023 8:37,11375
2/7/2023 8:38,10272
2/7/2023 8:38,11619
2/7/2023 8:39,10606
2/7/2023 8:40,11339
2/7/2023 8:40,11276
2/7/2023 8:41,10566
2/7/2023 8:41,10738
2/7/2023 8:42,11258
2/7/2023 8:42,11364
2/7/2023 8:43,11153
2/7/2023 8:43,11427
2/7/2023 8:44,11240
2/7/2023 8:44,11611
2/7/2023 8:45,11950
2/7/2023 8:45,11383
2/7/2023 8:46,12056
2/7/2023 8:46,10645
2/7/2023 8:47,11509
2/7/2023 8:47,11835
2/7/2023 8:48,10309
2/7/2023 8:48,11438
2/7/2023 8:49,11364
2/7/2023 8:49,11528
2/7/2023 8:50,11383
2/7/2023 8:50,11302
2/7/2023 8:51,10475
2/7/2023 8:51,11536
2/7/2023 8:52,11153
2/7/2023 8:52,11509
2/7/2023 8:53,11440
2/7/2023 8:53,11427
2/7/2023 8:54,11902
2/7/2023 8:54,11464
2/7/2023 8:55,10306
2/7/2023 8:55,12037
2/7/2023 8:56,10720
2/7/2023 8:56,11015
2/7/2023 8:57,11509
2/7/2023 8:57,10127
2/7/2023 8:58,11320
2/7/2023 8:58,11574
2/7/2023 8:59,10663
2/7/2023 8:59,11093
2/7/2023 9:00,11427
2/7/2023 9:00,11509
2/7/2023 9:01,11258
2/7/2023 9:01,11769
2/7/2023 9:02,11518
2/7/2023 9:02,11190
2/7/2023 9:03,11835
2/7/2023 9:03,11583
2/7/2023 9:04,11099
2/7/2023 9:04,11240
2/7/2023 9:05,11197
2/7/2023 9:05,11153
2/7/2023 9:06,10497
2/7/2023 9:07,11509
2/7/2023 9:07,11197
2/7/2023 9:08,11032
2/7/2023 9:08,11276
2/7/2023 9:09,11446
2/7/2023 9:09,10837
2/7/2023 9:10,10361
2/7/2023 9:10,11854
2/7/2023 9:11,11464
2/7/2023 9:11,11153
2/7/2023 9:12,11464
2/7/2023 9:12,10641
2/7/2023 9:13,11339
2/7/2023 9:13,11873
2/7/2023 9:14,10343
2/7/2023 9:14,11295
2/7/2023 9:15,10895
2/7/2023 9:15,11401
2/7/2023 9:16,11339
2/7/2023 9:16,11339
2/7/2023 9:17,11657
2/7/2023 9:17,11093
2/7/2023 9:18,11215
2/7/2023 9:18,11509
2/7/2023 9:19,10738
2/7/2023 9:19,11222
2/7/2023 9:20,11215
2/7/2023 9:20,11251
2/7/2023 9:21,11339
2/7/2023 9:21,11197
2/7/2023 9:22,10955
2/7/2023 9:22,11258
2/7/2023 9:23,10399
2/7/2023 9:23,11339
2/7/2023 9:24,11509
2/7/2023 9:24,11215
2/7/2023 9:25,10399
2/7/2023 9:25,11546
2/7/2023 9:26,11647
2/7/2023 9:26,10837
2/7/2023 9:27,11339
2/7/2023 9:27,10289
2/7/2023 9:28,11657
2/7/2023 9:28,10680
2/7/2023 9:29,11153
2/7/2023 9:29,11438
2/7/2023 9:30,11258
2/7/2023 9:30,11129
2/7/2023 9:31,10197
2/7/2023 9:31,11546
2/7/2023 9:32,11401
2/7/2023 9:32,11215
2/7/2023 9:33,10990
2/7/2023 9:34,10990
2/7/2023 9:34,11032
2/7/2023 9:35,11269
2/7/2023 9:35,11528
2/7/2023 9:36,11111
2/7/2023 9:36,11032
2/7/2023 9:37,10021
2/7/2023 9:37,10110
2/7/2023 9:38,11111
2/7/2023 9:38,11295
2/7/2023 9:39,11483
2/7/2023 9:39,11446
2/7/2023 9:40,11233
2/7/2023 9:40,11215
2/7/2023 9:41,11320
2/7/2023 9:41,10510
2/7/2023 9:42,11750
2/7/2023 9:42,10527
2/7/2023 9:43,12124
2/7/2023 9:43,10973
2/7/2023 9:44,11339
2/7/2023 9:44,12007
2/7/2023 9:45,11111
2/7/2023 9:45,11420
2/7/2023 9:46,11233
2/7/2023 9:46,10955
2/7/2023 9:47,11364
2/7/2023 9:47,10872
2/7/2023 9:48,11172
2/7/2023 9:48,11153
2/7/2023 9:49,11331
2/7/2023 9:49,10872
2/7/2023 9:50,10091
2/7/2023 9:50,11276
2/7/2023 9:51,11153
2/7/2023 9:51,10738
2/7/2023 9:52,11276
2/7/2023 9:52,11172
2/7/2023 9:53,11233
2/7/2023 9:53,11521
2/7/2023 9:54,11075
2/7/2023 9:54,10913
2/7/2023 9:55,11320
2/7/2023 9:55,11276
2/7/2023 9:56,11546
2/7/2023 9:56,11197
2/7/2023 9:57,10725
2/7/2023 9:57,11276
2/7/2023 9:58,11032
2/7/2023 9:58,11032
2/7/2023 9:59,10361
2/7/2023 10:00,11357
2/7/2023 10:00,10416
2/7/2023 10:01,11339
2/7/2023 10:01,11657
2/7/2023 10:02,11639
2/7/2023 10:02,11172
2/7/2023 10:03,11215
2/7/2023 10:03,11383
2/7/2023 10:04,11339
2/7/2023 10:04,10796
2/7/2023 10:05,10364
2/7/2023 10:05,11032
2/7/2023 10:06,11574
2/7/2023 10:06,11240
2/7/2023 10:07,11611
2/7/2023 10:07,11357
2/7/2023 10:08,10343
2/7/2023 10:08,10990
2/7/2023 10:09,11501
2/7/2023 10:09,10323
2/7/2023 10:10,11401
2/7/2023 10:10,10755
2/7/2023 10:11,11741
2/7/2023 10:11,10814
2/7/2023 10:12,10197
2/7/2023 10:12,11129
2/7/2023 10:13,11528
2/7/2023 10:13,10949
2/7/2023 10:14,11420
2/7/2023 10:14,10949
2/7/2023 10:15,11483
2/7/2023 10:15,11153
2/7/2023 10:16,11412
2/7/2023 10:16,10931
2/7/2023 10:17,11528
2/7/2023 10:17,11873
2/7/2023 10:18,11873
2/7/2023 10:18,10471
2/7/2023 10:19,11565
2/7/2023 10:19,10231
2/7/2023 10:20,10091
2/7/2023 10:20,10931
2/7/2023 10:21,10755
2/7/2023 10:21,11420
2/7/2023 10:22,11741
2/7/2023 10:22,11233
2/7/2023 10:23,11233
2/7/2023 10:23,10949
2/7/2023 10:24,11008
2/7/2023 10:24,11068
2/7/2023 10:25,10973
2/7/2023 10:25,12037
2/7/2023 10:26,10471
2/7/2023 10:27,11135
2/7/2023 10:27,11093
2/7/2023 10:28,11008
2/7/2023 10:28,10755
2/7/2023 10:29,11008
2/7/2023 10:29,11129
2/7/2023 10:30,11295
2/7/2023 10:30,10890
2/7/2023 10:31,10416
2/7/2023 10:31,10849
2/7/2023 10:32,10214
2/7/2023 10:32,11172
2/7/2023 10:33,11750
2/7/2023 10:33,10854
2/7/2023 10:34,10990
2/7/2023 10:34,11215
2/7/2023 10:35,11129
2/7/2023 10:35,11316
2/7/2023 10:36,10130
2/7/2023 10:36,11111
2/7/2023 10:37,11086
2/7/2023 10:37,11172
2/7/2023 10:38,12075
2/7/2023 10:38,11008
2/7/2023 10:39,11375
2/7/2023 10:39,11251
2/7/2023 10:40,11111
2/7/2023 10:40,11854
2/7/2023 10:41,11093
2/7/2023 10:41,11611
2/7/2023 10:42,12007
2/7/2023 10:42,11032
2/7/2023 10:43,10949
2/7/2023 10:43,11233
2/7/2023 10:44,11546
2/7/2023 10:44,10955
2/7/2023 10:45,11050
2/7/2023 10:45,11153
2/7/2023 10:46,10268
2/7/2023 10:46,10831
2/7/2023 10:47,10990
2/7/2023 10:47,11750
2/7/2023 10:48,11050
2/7/2023 10:48,10931
2/7/2023 10:49,10826
2/7/2023 10:49,10973
2/7/2023 10:50,11251
2/7/2023 10:50,11215
2/7/2023 10:51,11357
2/7/2023 10:51,12026
2/7/2023 10:52,10623
2/7/2023 10:52,11215
2/7/2023 10:53,10931
2/7/2023 10:54,11420
2/7/2023 10:54,10854
2/7/2023 10:55,11313
2/7/2023 10:55,11565
2/7/2023 10:56,11075
2/7/2023 10:56,10949
2/7/2023 10:57,11657
2/7/2023 10:57,11233
2/7/2023 10:58,11172
2/7/2023 10:58,11068
2/7/2023 10:59,10949
2/7/2023 10:59,11233
2/7/2023 11:00,11375
2/7/2023 11:00,11575
2/7/2023 11:01,11313
2/7/2023 11:01,11111
2/7/2023 11:02,11940
2/7/2023 11:02,11172
2/7/2023 11:03,11393
2/7/2023 11:03,11357
2/7/2023 11:04,11020
2/7/2023 11:04,11357
2/7/2023 11:05,11438
2/7/2023 11:05,10990
2/7/2023 11:06,11068
2/7/2023 11:06,11233
2/7/2023 11:07,11759
2/7/2023 11:07,10214
2/7/2023 11:08,11190
2/7/2023 11:08,11068
2/7/2023 11:09,10658
2/7/2023 11:09,10949
2/7/2023 11:10,11068
2/7/2023 11:10,10814
2/7/2023 11:11,10949
2/7/2023 11:11,10416
2/7/2023 11:12,11583
2/7/2023 11:12,10214
2/7/2023 11:13,11111
2/7/2023 11:13,10831
2/7/2023 11:14,11741
2/7/2023 11:14,11190
2/7/2023 11:15,11778
2/7/2023 11:15,11565
2/7/2023 11:16,10433
2/7/2023 11:16,11438
2/7/2023 11:17,11129
2/7/2023 11:17,10949
2/7/2023 11:18,11147
2/7/2023 11:18,10831
2/7/2023 11:19,11313
2/7/2023 11:19,11420
2/7/2023 11:20,11111
2/7/2023 11:21,11222
2/7/2023 11:21,10303
2/7/2023 11:22,11129
2/7/2023 11:22,11483
2/7/2023 11:23,10831
2/7/2023 11:23,11240
2/7/2023 11:24,10773
2/7/2023 11:24,11611
2/7/2023 11:25,11068
2/7/2023 11:25,11313
2/7/2023 11:26,11438
2/7/2023 11:26,10791
2/7/2023 11:27,10831
2/7/2023 11:27,10773
2/7/2023 11:28,11313
2/7/2023 11:28,10545
2/7/2023 11:29,11438
2/7/2023 11:29,11806
2/7/2023 11:30,10814
2/7/2023 11:30,11068
2/7/2023 11:31,11111
2/7/2023 11:31,11873
2/7/2023 11:32,11160
2/7/2023 11:32,11375
2/7/2023 11:33,10872
2/7/2023 11:33,11483
2/7/2023 11:34,10949
2/7/2023 11:34,11483
2/7/2023 11:35,11401
2/7/2023 11:35,10698
2/7/2023 11:36,11251
2/7/2023 11:36,10450
2/7/2023 11:37,11477
2/7/2023 11:37,11111
2/7/2023 11:38,10967
2/7/2023 11:38,11438
2/7/2023 11:39,11135
2/7/2023 11:39,11251
2/7/2023 11:40,11153
2/7/2023 11:40,10658
2/7/2023 11:41,10826
2/7/2023 11:41,10614
2/7/2023 11:42,10527
2/7/2023 11:42,11940
2/7/2023 11:43,11008
2/7/2023 11:43,9678
2/7/2023 11:44,11276
2/7/2023 11:44,10510
2/7/2023 11:45,11375
2/7/2023 11:45,11611
2/7/2023 11:46,11741
2/7/2023 11:47,12056
2/7/2023 11:47,10872
2/7/2023 11:48,11313
2/7/2023 11:48,11050
2/7/2023 11:49,11190
2/7/2023 11:49,11050
2/7/2023 11:50,10931
2/7/2023 11:50,10623
2/7/2023 11:51,11172
2/7/2023 11:51,10703
2/7/2023 11:52,11401
2/7/2023 11:52,10251
2/7/2023 11:53,11129
2/7/2023 11:53,10837
2/7/2023 11:54,10323
2/7/2023 11:54,11039
2/7/2023 11:55,11375
2/7/2023 11:55,11666
2/7/2023 11:56,11520
2/7/2023 11:56,10872
2/7/2023 11:57,11383
2/7/2023 11:57,11528
2/7/2023 11:58,11015
2/7/2023 11:58,10323
2/7/2023 11:59,11501
2/7/2023 11:59,10842
2/7/2023 12:00,11165
2/7/2023 12:00,11233
2/7/2023 12:01,11357
2/7/2023 12:01,11172
2/7/2023 12:02,11295
2/7/2023 12:02,11190
2/7/2023 12:03,11741
2/7/2023 12:03,11050
2/7/2023 12:04,11050
2/7/2023 12:04,11111
2/7/2023 12:05,11276
2/7/2023 12:05,11483
2/7/2023 12:06,11339
2/7/2023 12:06,10545
2/7/2023 12:07,10814
2/7/2023 12:07,10197
2/7/2023 12:08,11295
2/7/2023 12:08,11675
2/7/2023 12:09,11611
2/7/2023 12:09,11438
2/7/2023 12:10,11741
2/7/2023 12:10,11295
2/7/2023 12:11,11313
2/7/2023 12:11,11190
2/7/2023 12:12,11741
2/7/2023 12:12,11420
2/7/2023 12:13,11258
2/7/2023 12:14,10814
2/7/2023 12:14,11172
2/7/2023 12:15,11339
2/7/2023 12:15,11741
2/7/2023 12:16,11339
2/7/2023 12:16,11546
2/7/2023 12:17,10489
2/7/2023 12:17,11339
2/7/2023 12:18,11611
2/7/2023 12:18,11357
2/7/2023 12:19,11226
2/7/2023 12:19,11629
2/7/2023 12:20,11111
2/7/2023 12:20,11050
2/7/2023 12:21,11464
2/7/2023 12:21,12007
2/7/2023 12:22,11438
2/7/2023 12:22,12712
2/7/2023 12:23,11464
2/7/2023 12:23,11215
2/7/2023 12:24,11233
2/7/2023 12:24,11111
2/7/2023 12:25,10854
2/7/2023 12:25,11969
2/7/2023 12:26,11251
2/7/2023 12:26,11068
2/7/2023 12:27,11520
2/7/2023 12:27,11262
2/7/2023 12:28,11629
2/7/2023 12:28,11438
2/7/2023 12:29,11233
2/7/2023 12:29,11438
2/7/2023 12:30,11190
2/7/2023 12:30,10967
2/7/2023 12:31,11233
2/7/2023 12:31,11026
2/7/2023 12:32,11464
2/7/2023 12:32,11592
2/7/2023 12:33,10527
2/7/2023 12:33,11741
2/7/2023 12:34,11741
2/7/2023 12:34,11233
2/7/2023 12:35,11251
2/7/2023 12:35,11806
2/7/2023 12:36,11357
2/7/2023 12:36,11565
2/7/2023 12:37,11464
2/7/2023 12:37,10890
2/7/2023 12:38,10890
2/7/2023 12:38,11420
2/7/2023 12:39,11565
2/7/2023 12:39,11129
2/7/2023 12:40,11190
2/7/2023 12:41,11258
2/7/2023 12:41,11349
2/7/2023 12:42,11420
2/7/2023 12:42,11657
2/7/2023 12:43,11111
2/7/2023 12:43,11420
2/7/2023 12:44,10698
2/7/2023 12:44,11357
2/7/2023 12:45,11501
2/7/2023 12:45,11320
2/7/2023 12:46,11233
2/7/2023 12:46,11111
2/7/2023 12:47,11483
2/7/2023 12:47,11438
2/7/2023 12:48,11420
2/7/2023 12:48,11135
2/7/2023 12:49,11940
2/7/2023 12:49,11420
2/7/2023 12:50,11251
2/7/2023 12:50,10990
2/7/2023 12:51,11050
2/7/2023 12:51,11190
2/7/2023 12:52,11483
2/7/2023 12:52,11448
2/7/2023 12:53,11129
2/7/2023 12:53,11111
2/7/2023 12:54,11483
2/7/2023 12:54,11111
2/7/2023 12:55,11129
2/7/2023 12:55,10214
2/7/2023 12:56,11892
2/7/2023 12:56,10289
2/7/2023 12:57,10698
2/7/2023 12:57,11276
2/7/2023 12:58,10002
2/7/2023 12:58,11357
2/7/2023 12:59,11197
2/7/2023 12:59,11611
2/7/2023 13:00,11806
2/7/2023 13:00,11456
2/7/2023 13:01,11111
2/7/2023 13:01,11438
2/7/2023 13:02,11313
2/7/2023 13:02,11129
2/7/2023 13:03,11215
2/7/2023 13:03,11521
2/7/2023 13:04,11251
2/7/2023 13:04,11420
2/7/2023 13:05,11172
2/7/2023 13:05,10471
2/7/2023 13:06,12075
2/7/2023 13:07,10755
2/7/2023 13:07,11483
2/7/2023 13:08,10416
2/7/2023 13:08,11153
2/7/2023 13:09,10931
2/7/2023 13:09,11153
2/7/2023 13:10,11611
2/7/2023 13:10,11357
2/7/2023 13:11,11015
2/7/2023 13:11,11153
2/7/2023 13:12,11172
2/7/2023 13:12,11190
2/7/2023 13:13,11873
2/7/2023 13:13,11233
2/7/2023 13:14,11438
2/7/2023 13:14,11657
2/7/2023 13:15,11295
2/7/2023 13:15,11420
2/7/2023 13:16,11483
2/7/2023 13:16,11611
2/7/2023 13:17,10831
2/7/2023 13:17,11111
2/7/2023 13:18,11357
2/7/2023 13:18,11302
2/7/2023 13:19,11295
2/7/2023 13:19,11438
2/7/2023 13:20,11401
2/7/2023 13:20,11233
2/7/2023 13:21,11050
2/7/2023 13:21,11511
2/7/2023 13:22,10990
2/7/2023 13:22,11313
2/7/2023 13:23,11172
2/7/2023 13:23,11629
2/7/2023 13:24,11295
2/7/2023 13:24,11750
2/7/2023 13:25,11276
2/7/2023 13:25,11694
2/7/2023 13:26,10475
2/7/2023 13:26,11233
2/7/2023 13:27,11050
2/7/2023 13:27,11276
2/7/2023 13:28,9729
2/7/2023 13:28,11483
2/7/2023 13:29,11172
2/7/2023 13:29,10890
2/7/2023 13:30,10623
2/7/2023 13:30,11269
2/7/2023 13:31,11940
2/7/2023 13:31,11339
2/7/2023 13:32,11153
2/7/2023 13:32,11050
2/7/2023 13:33,11357
2/7/2023 13:34,11383
2/7/2023 13:34,11295
2/7/2023 13:35,11190
2/7/2023 13:35,11172
2/7/2023 13:36,11111
2/7/2023 13:36,11190
2/7/2023 13:37,11153
2/7/2023 13:37,11520
2/7/2023 13:38,11528
2/7/2023 13:38,11420
2/7/2023 13:39,10680
2/7/2023 13:39,11420
2/7/2023 13:40,10289
2/7/2023 13:40,10990
2/7/2023 13:41,10778
2/7/2023 13:41,11331
2/7/2023 13:42,11546
2/7/2023 13:42,11111
2/7/2023 13:43,10161
2/7/2023 13:43,11153
2/7/2023 13:44,10251
2/7/2023 13:44,11611
2/7/2023 13:45,10510
2/7/2023 13:45,11940
2/7/2023 13:46,11050
2/7/2023 13:46,10814
2/7/2023 13:47,10814
2/7/2023 13:47,11050
2/7/2023 13:48,10416
2/7/2023 13:48,11611
2/7/2023 13:49,11546
2/7/2023 13:49,11675
2/7/2023 13:50,11233
2/7/2023 13:50,11420
2/7/2023 13:51,10990
2/7/2023 13:51,11357
2/7/2023 13:52,11546
2/7/2023 13:52,11446
2/7/2023 13:53,11111
2/7/2023 13:53,10796
2/7/2023 13:54,10715
2/7/2023 13:54,10849
2/7/2023 13:55,10306
2/7/2023 13:55,10791
2/7/2023 13:56,11172
2/7/2023 13:56,11111
2/7/2023 13:57,11546
2/7/2023 13:57,11788
2/7/2023 13:58,11420
2/7/2023 13:58,11258
2/7/2023 13:59,11592
2/7/2023 13:59,11401
2/7/2023 14:00,11401
2/7/2023 14:01,11574
2/7/2023 14:01,11467
2/7/2023 14:02,10755
2/7/2023 14:02,11483
2/7/2023 14:03,11565
2/7/2023 14:03,11501
2/7/2023 14:04,11704
2/7/2023 14:04,11694
2/7/2023 14:05,11483
2/7/2023 14:05,11741
2/7/2023 14:06,11483
2/7/2023 14:06,11375
2/7/2023 14:07,11703
2/7/2023 14:07,11694
2/7/2023 14:08,11806
2/7/2023 14:08,11483
2/7/2023 14:09,11759
2/7/2023 14:09,10289
2/7/2023 14:10,11313
2/7/2023 14:10,10967
2/7/2023 14:11,11675
2/7/2023 14:11,12037
2/7/2023 14:12,11183
2/7/2023 14:12,11050
2/7/2023 14:13,11556
2/7/2023 14:13,11546
2/7/2023 14:14,11420
2/7/2023 14:14,11438
2/7/2023 14:15,11026
2/7/2023 14:15,11629
2/7/2023 14:16,11357
2/7/2023 14:16,11357
2/7/2023 14:17,11694
2/7/2023 14:17,11741
2/7/2023 14:18,11339
2/7/2023 14:18,11565
2/7/2023 14:19,11629
2/7/2023 14:19,10323
2/7/2023 14:20,11988
2/7/2023 14:20,11401
2/7/2023 14:21,11438
2/7/2023 14:21,11295
2/7/2023 14:22,11420
2/7/2023 14:22,11483
2/7/2023 14:23,11050
2/7/2023 14:23,10949
2/7/2023 14:24,10698
2/7/2023 14:24,11629
2/7/2023 14:25,10814
2/7/2023 14:25,10584
2/7/2023 14:26,11438
2/7/2023 14:26,11129
2/7/2023 14:27,11339
2/7/2023 14:28,11546
2/7/2023 14:28,10872
2/7/2023 14:29,11592
2/7/2023 14:29,11741
2/7/2023 14:30,10343
2/7/2023 14:30,11438
2/7/2023 14:31,11129
2/7/2023 14:31,10738
2/7/2023 14:32,11190
2/7/2023 14:32,12037
2/7/2023 14:33,11483
2/7/2023 14:33,11153
2/7/2023 14:34,11172
2/7/2023 14:34,11657
2/7/2023 14:35,11759
2/7/2023 14:35,11313
2/7/2023 14:36,11375
2/7/2023 14:36,11483
2/7/2023 14:37,11759
2/7/2023 14:37,11357
2/7/2023 14:38,11546
2/7/2023 14:38,11438
2/7/2023 14:39,11420
2/7/2023 14:39,11401
2/7/2023 14:40,10698
2/7/2023 14:40,11276
2/7/2023 14:41,11778
2/7/2023 14:41,11546
2/7/2023 14:42,11501
2/7/2023 14:42,11528
2/7/2023 14:43,11611
2/7/2023 14:43,11694
2/7/2023 14:44,11649
2/7/2023 14:44,10733
2/7/2023 14:45,11172
2/7/2023 14:45,11528
2/7/2023 14:46,11483
2/7/2023 14:46,11050
2/7/2023 14:47,10949
2/7/2023 14:47,12075
2/7/2023 14:48,11501
2/7/2023 14:48,11629
2/7/2023 14:49,10831
2/7/2023 14:49,12282
2/7/2023 14:50,11129
2/7/2023 14:50,11401
2/7/2023 14:51,11483
2/7/2023 14:51,11629
2/7/2023 14:52,10675
2/7/2023 14:52,12212
2/7/2023 14:53,11375
2/7/2023 14:54,10949
2/7/2023 14:54,10931
2/7/2023 14:55,11375
2/7/2023 14:55,11032
2/7/2023 14:56,11386
2/7/2023 14:56,11475
2/7/2023 14:57,12094
2/7/2023 14:57,10399
2/7/2023 14:58,11806
2/7/2023 14:58,12566
2/7/2023 14:59,11873
2/7/2023 14:59,10715
2/7/2023 15:00,11675
2/7/2023 15:00,11393
2/7/2023 15:01,11806
2/7/2023 15:01,11375
2/7/2023 15:02,10527
2/7/2023 15:02,11295
2/7/2023 15:03,10610
2/7/2023 15:03,11565
2/7/2023 15:04,10773
2/7/2023 15:04,11438
2/7/2023 15:05,11172
2/7/2023 15:05,11233
2/7/2023 15:06,11008
2/7/2023 15:06,11233
2/7/2023 15:07,11648
2/7/2023 15:07,11233
2/7/2023 15:08,11741
2/7/2023 15:08,10803
2/7/2023 15:09,11940
2/7/2023 15:09,11172
2/7/2023 15:10,11172
2/7/2023 15:10,11448
2/7/2023 15:11,11276
2/7/2023 15:11,11611
2/7/2023 15:12,11694
2/7/2023 15:12,11806
2/7/2023 15:13,11806
2/7/2023 15:13,10890
2/7/2023 15:14,12094
2/7/2023 15:14,11722
2/7/2023 15:15,11713
2/7/2023 15:15,11456
2/7/2023 15:16,11483
2/7/2023 15:16,10931
2/7/2023 15:17,10641
2/7/2023 15:17,11320
2/7/2023 15:18,10913
2/7/2023 15:18,11215
2/7/2023 15:19,11357
2/7/2023 15:19,11320
2/7/2023 15:20,12212
2/7/2023 15:21,10527
2/7/2023 15:21,10161
2/7/2023 15:22,10562
2/7/2023 15:22,10545
2/7/2023 15:23,11414
2/7/2023 15:23,10378
2/7/2023 15:24,11420
2/7/2023 15:24,10527
2/7/2023 15:25,11111
2/7/2023 15:25,12007
2/7/2023 15:26,11873
2/7/2023 15:26,11741
2/7/2023 15:27,11629
2/7/2023 15:27,12007
2/7/2023 15:28,10973
2/7/2023 15:28,11528
2/7/2023 15:29,11483
2/7/2023 15:29,11520
2/7/2023 15:30,10990
2/7/2023 15:30,11556
2/7/2023 15:31,11357
2/7/2023 15:31,11741
2/7/2023 15:32,10990
2/7/2023 15:32,11420
2/7/2023 15:33,11331
2/7/2023 15:33,10306
2/7/2023 15:34,11295
2/7/2023 15:34,11921
2/7/2023 15:35,11873
2/7/2023 15:35,11583
2/7/2023 15:36,11546
2/7/2023 15:36,11501
2/7/2023 15:37,11483
2/7/2023 15:37,11546
2/7/2023 15:38,11741
2/7/2023 15:38,10641
2/7/2023 15:39,10990
2/7/2023 15:39,11172
2/7/2023 15:40,11657
2/7/2023 15:40,11638
2/7/2023 15:41,11520
2/7/2023 15:41,11638
2/7/2023 15:42,11129
2/7/2023 15:42,11172
2/7/2023 15:43,10913
2/7/2023 15:43,11703
2/7/2023 15:44,11649
2/7/2023 15:44,11873
2/7/2023 15:45,11940
2/7/2023 15:45,11574
2/7/2023 15:46,11675
2/7/2023 15:46,11357
2/7/2023 15:47,11420
2/7/2023 15:48,11806
2/7/2023 15:48,10990
2/7/2023 15:49,11111
2/7/2023 15:49,10872
2/7/2023 15:50,11276
2/7/2023 15:50,11357
2/7/2023 15:51,10698
2/7/2023 15:51,11233
2/7/2023 15:52,11111
2/7/2023 15:52,11592
2/7/2023 15:53,10641
2/7/2023 15:53,11788
2/7/2023 15:54,11331
2/7/2023 15:54,11420
2/7/2023 15:55,11172
2/7/2023 15:55,11713
2/7/2023 15:56,11675
2/7/2023 15:56,11675
2/7/2023 15:57,11464
2/7/2023 15:57,11722
2/7/2023 15:58,11276
2/7/2023 15:58,11741
2/7/2023 15:59,11647
2/7/2023 15:59,10471
2/7/2023 16:00,11722
2/7/2023 16:00,11750
2/7/2023 16:01,11464
2/7/2023 16:01,11592
2/7/2023 16:02,11324
2/7/2023 16:02,10814
2/7/2023 16:03,11295
2/7/2023 16:03,10831
2/7/2023 16:04,11212
2/7/2023 16:04,10454
2/7/2023 16:05,12113
2/7/2023 16:05,11401
2/7/2023 16:06,10872
2/7/2023 16:06,11713
2/7/2023 16:07,11769
2/7/2023 16:07,11111
2/7/2023 16:08,10606
2/7/2023 16:08,10931
2/7/2023 16:09,12124
2/7/2023 16:09,10867
2/7/2023 16:10,10990
2/7/2023 16:10,11135
2/7/2023 16:11,10872
2/7/2023 16:11,11383
2/7/2023 16:12,11806
2/7/2023 16:12,11675
2/7/2023 16:13,10890
2/7/2023 16:13,11611
2/7/2023 16:14,11546
2/7/2023 16:15,11050
2/7/2023 16:15,11611
2/7/2023 16:16,11233
2/7/2023 16:16,11788
2/7/2023 16:17,12075
2/7/2023 16:17,11420
2/7/2023 16:18,11233
2/7/2023 16:18,11873
2/7/2023 16:19,11050
2/7/2023 16:19,11313
2/7/2023 16:20,11357
2/7/2023 16:20,10990
2/7/2023 16:21,11093
2/7/2023 16:21,10584
2/7/2023 16:22,10489
2/7/2023 16:22,10814
2/7/2023 16:23,11233
2/7/2023 16:23,10773
2/7/2023 16:24,11111
2/7/2023 16:24,11111
2/7/2023 16:25,11295
2/7/2023 16:25,11276
2/7/2023 16:26,11026
2/7/2023 16:26,11592
2/7/2023 16:27,11357
2/7/2023 16:27,11093
2/7/2023 16:28,10990
2/7/2023 16:28,11147
2/7/2023 16:29,10955
2/7/2023 16:29,10931
2/7/2023 16:30,11215
2/7/2023 16:30,10990
2/7/2023 16:31,11546
2/7/2023 16:31,11111
2/7/2023 16:32,12639
2/7/2023 16:32,10755
2/7/2023 16:33,11629
2/7/2023 16:33,10872
2/7/2023 16:34,11050
2/7/2023 16:34,12056
2/7/2023 16:35,12282
2/7/2023 16:35,10755
2/7/2023 16:36,10990
2/7/2023 16:36,11675
2/7/2023 16:37,10601
2/7/2023 16:37,10248
2/7/2023 16:38,11251
2/7/2023 16:38,10849
2/7/2023 16:39,10584
2/7/2023 16:39,10601
2/7/2023 16:40,10057
2/7/2023 16:41,11190
2/7/2023 16:41,11050
2/7/2023 16:42,12056
2/7/2023 16:42,11383
2/7/2023 16:43,11657
2/7/2023 16:43,11339
2/7/2023 16:44,11008
2/7/2023 16:44,11197
2/7/2023 16:45,11008
2/7/2023 16:45,10990
2/7/2023 16:46,11806
2/7/2023 16:46,10433
2/7/2023 16:47,10489
2/7/2023 16:47,11153
2/7/2023 16:48,10755
2/7/2023 16:48,11172
2/7/2023 16:49,10584
2/7/2023 16:49,10715
2/7/2023 16:50,10890
2/7/2023 16:50,11313
2/7/2023 16:51,10289
2/7/2023 16:51,11501
2/7/2023 16:52,11546
2/7/2023 16:52,10990
2/7/2023 16:53,11129
2/7/2023 16:53,11611
2/7/2023 16:54,11675
2/7/2023 16:54,11988
2/7/2023 16:55,11313
2/7/2023 16:55,11565
2/7/2023 16:56,11068
2/7/2023 16:56,11295
2/7/2023 16:57,11806
2/7/2023 16:57,11546
2/7/2023 16:58,11412
2/7/2023 16:58,11438
2/7/2023 16:59,11546
2/7/2023 16:59,11565
2/7/2023 17:00,10773
2/7/2023 17:00,11438
2/7/2023 17:01,11438
2/7/2023 17:01,11357
2/7/2023 17:02,11375
2/7/2023 17:02,11565
2/7/2023 17:03,11958
2/7/2023 17:03,12026
2/7/2023 17:04,12007
2/7/2023 17:04,11038
2/7/2023 17:05,11565
2/7/2023 17:05,11483
2/7/2023 17:06,11902
2/7/2023 17:06,11611
2/7/2023 17:07,11565
2/7/2023 17:08,11339
2/7/2023 17:08,11483
2/7/2023 17:09,11501
2/7/2023 17:09,11806
2/7/2023 17:10,11546
2/7/2023 17:10,10872
2/7/2023 17:11,10306
2/7/2023 17:11,11129
2/7/2023 17:12,11464
2/7/2023 17:12,11629
2/7/2023 17:13,11501
2/7/2023 17:13,12007
2/7/2023 17:14,11639
2/7/2023 17:14,11050
2/7/2023 17:15,11420
2/7/2023 17:15,11501
2/7/2023 17:16,11694
2/7/2023 17:16,11129
2/7/2023 17:17,11276
2/7/2023 17:17,11219
2/7/2023 17:18,11629
2/7/2023 17:18,11806
2/7/2023 17:19,10949
2/7/2023 17:19,11233
2/7/2023 17:20,11313
2/7/2023 17:20,11375
2/7/2023 17:21,11190
2/7/2023 17:21,11172
2/7/2023 17:22,10890
2/7/2023 17:22,11921
2/7/2023 17:23,11393
2/7/2023 17:23,11251
2/7/2023 17:24,11068
2/7/2023 17:24,11295
2/7/2023 17:25,11603
2/7/2023 17:25,11438
2/7/2023 17:26,11375
2/7/2023 17:26,11165
2/7/2023 17:27,11190
2/7/2023 17:27,11675
2/7/2023 17:28,11565
2/7/2023 17:28,11251
2/7/2023 17:29,12282
2/7/2023 17:29,11313
2/7/2023 17:30,11438
2/7/2023 17:30,10931
2/7/2023 17:31,11050
2/7/2023 17:31,12193
2/7/2023 17:32,10990
2/7/2023 17:32,11026
2/7/2023 17:33,11996
2/7/2023 17:33,11068
2/7/2023 17:34,10949
2/7/2023 17:35,11675
2/7/2023 17:35,12143
2/7/2023 17:36,11657
2/7/2023 17:36,11190
2/7/2023 17:37,11190
2/7/2023 17:37,11806
2/7/2023 17:38,11313
2/7/2023 17:38,11233
2/7/2023 17:39,11050
2/7/2023 17:39,10990
2/7/2023 17:40,10489
2/7/2023 17:40,10949
2/7/2023 17:41,12605
2/7/2023 17:41,10931
2/7/2023 17:42,11420
2/7/2023 17:42,11483
2/7/2023 17:43,11111
2/7/2023 17:43,10890
2/7/2023 17:44,11759
2/7/2023 17:44,10890
2/7/2023 17:45,10399
2/7/2023 17:45,10796
2/7/2023 17:46,10913
2/7/2023 17:46,11129
2/7/2023 17:47,11233
2/7/2023 17:47,11464
2/7/2023 17:48,11401
2/7/2023 17:48,11104
2/7/2023 17:49,11129
2/7/2023 17:49,11233
2/7/2023 17:50,11778
2/7/2023 17:50,11806
2/7/2023 17:51,10931
2/7/2023 17:51,11050
2/7/2023 17:52,11008
2/7/2023 17:52,11420
2/7/2023 17:53,11420
2/7/2023 17:53,12026
2/7/2023 17:54,11367
2/7/2023 17:54,11483
2/7/2023 17:55,11008
2/7/2023 17:55,11008
2/7/2023 17:56,11414
2/7/2023 17:56,11910
2/7/2023 17:57,10890
2/7/2023 17:57,11483
2/7/2023 17:58,12026
2/7/2023 17:58,11172
2/7/2023 17:59,10641
2/7/2023 17:59,10973
2/7/2023 18:00,10931
2/7/2023 18:00,11068
2/7/2023 18:01,10796
2/7/2023 18:02,11008
2/7/2023 18:02,10890
2/7/2023 18:03,12094
2/7/2023 18:03,11566
2/7/2023 18:04,11873
2/7/2023 18:04,10831
2/7/2023 18:05,11438
2/7/2023 18:05,11068
2/7/2023 18:06,11438
2/7/2023 18:06,12212
2/7/2023 18:07,10872
2/7/2023 18:07,10566
2/7/2023 18:08,11611
2/7/2023 18:08,12094
2/7/2023 18:09,10913
2/7/2023 18:09,11722
2/7/2023 18:10,11438
2/7/2023 18:10,12333
2/7/2023 18:11,10931
2/7/2023 18:11,10949
2/7/2023 18:12,12182
2/7/2023 18:12,10990
2/7/2023 18:13,11940
2/7/2023 18:13,11313
2/7/2023 18:14,11940
2/7/2023 18:14,11357
2/7/2023 18:15,11133
2/7/2023 18:15,11111
2/7/2023 18:16,10824
2/7/2023 18:16,11940
2/7/2023 18:17,11629
2/7/2023 18:17,11050
2/7/2023 18:18,11694
2/7/2023 18:18,11921
2/7/2023 18:19,11153
2/7/2023 18:19,11464
2/7/2023 18:20,11420
2/7/2023 18:20,11357
2/7/2023 18:21,10990
2/7/2023 18:21,11528
2/7/2023 18:22,11295
2/7/2023 18:22,11251
2/7/2023 18:23,11750
2/7/2023 18:23,11233
2/7/2023 18:24,12007
2/7/2023 18:24,11093
2/7/2023 18:25,12143
2/7/2023 18:25,11565
2/7/2023 18:26,12094
2/7/2023 18:26,11483
2/7/2023 18:27,11295
2/7/2023 18:28,10984
2/7/2023 18:28,12247
2/7/2023 18:29,10658
2/7/2023 18:29,11921
2/7/2023 18:30,11215
2/7/2023 18:30,11313
2/7/2023 18:31,11190
2/7/2023 18:31,10773
2/7/2023 18:32,10872
2/7/2023 18:32,11420
2/7/2023 18:33,11958
2/7/2023 18:33,11412
2/7/2023 18:34,10361
2/7/2023 18:34,12007
2/7/2023 18:35,11313
2/7/2023 18:35,10890
2/7/2023 18:36,11050
2/7/2023 18:36,11068
2/7/2023 18:37,11215
2/7/2023 18:37,11215
2/7/2023 18:38,11038
2/7/2023 18:38,11675
2/7/2023 18:39,10773
2/7/2023 18:39,12143
2/7/2023 18:40,11233
2/7/2023 18:40,10890
2/7/2023 18:41,10831
2/7/2023 18:41,10814
2/7/2023 18:42,10773
2/7/2023 18:42,12094
2/7/2023 18:43,11280
2/7/2023 18:43,11806
2/7/2023 18:44,11251
2/7/2023 18:44,11093
2/7/2023 18:45,11129
2/7/2023 18:45,10831
2/7/2023 18:46,12533
2/7/2023 18:46,11940
2/7/2023 18:47,11611
2/7/2023 18:47,10949
2/7/2023 18:48,10913
2/7/2023 18:48,12143
2/7/2023 18:49,11940
2/7/2023 18:49,12442
2/7/2023 18:50,11694
2/7/2023 18:50,11759
2/7/2023 18:51,11313
2/7/2023 18:51,12026
2/7/2023 18:52,10949
2/7/2023 18:52,11269
2/7/2023 18:53,11611
2/7/2023 18:53,11958
2/7/2023 18:54,11825
2/7/2023 18:55,12124
2/7/2023 18:55,11483
2/7/2023 18:56,11339
2/7/2023 18:56,10566
2/7/2023 18:57,11806
2/7/2023 18:57,12672
2/7/2023 18:58,11592
2/7/2023 18:58,11438
2/7/2023 18:59,11694
2/7/2023 18:59,12007
2/7/2023 19:00,11357
2/7/2023 19:00,10773
2/7/2023 19:01,11464
2/7/2023 19:01,10510
2/7/2023 19:02,11050
2/7/2023 19:02,11050
2/7/2023 19:03,10601
2/7/2023 19:03,12026
2/7/2023 19:04,11940
2/7/2023 19:04,12205
2/7/2023 19:05,11111
2/7/2023 19:05,11493
2/7/2023 19:06,11929
2/7/2023 19:06,11958
2/7/2023 19:07,12094
2/7/2023 19:07,12026
2/7/2023 19:08,11483
2/7/2023 19:08,12182
2/7/2023 19:09,11883
2/7/2023 19:09,11565
2/7/2023 19:10,11438
2/7/2023 19:10,12075
2/7/2023 19:11,11873
2/7/2023 19:11,10990
2/7/2023 19:12,11068
2/7/2023 19:12,11251
2/7/2023 19:13,10658
2/7/2023 19:13,11251
2/7/2023 19:14,11190
2/7/2023 19:14,11111
2/7/2023 19:15,11313
2/7/2023 19:15,11295
2/7/2023 19:16,11068
2/7/2023 19:16,11208
2/7/2023 19:17,11233
2/7/2023 19:17,11464
2/7/2023 19:18,11050
2/7/2023 19:18,11313
2/7/2023 19:19,11565
2/7/2023 19:19,10990
2/7/2023 19:20,11675
2/7/2023 19:20,11675
2/7/2023 19:21,11172
2/7/2023 19:22,12075
2/7/2023 19:22,11190
2/7/2023 19:23,11902
2/7/2023 19:23,11375
2/7/2023 19:24,10990
2/7/2023 19:24,12162
2/7/2023 19:25,12212
2/7/2023 19:25,11357
2/7/2023 19:26,11438
2/7/2023 19:26,11050
2/7/2023 19:27,11759
2/7/2023 19:27,11412
2/7/2023 19:28,11741
2/7/2023 19:28,10990
2/7/2023 19:29,11892
2/7/2023 19:29,11190
2/7/2023 19:30,11639
2/7/2023 19:30,12132
2/7/2023 19:31,11129
2/7/2023 19:31,10931
2/7/2023 19:32,11438
2/7/2023 19:32,11825
2/7/2023 19:33,11629
2/7/2023 19:33,11068
2/7/2023 19:34,11233
2/7/2023 19:34,11675
2/7/2023 19:35,11111
2/7/2023 19:35,11806
2/7/2023 19:36,12094
2/7/2023 19:36,11401
2/7/2023 19:37,11375
2/7/2023 19:37,10872
2/7/2023 19:38,10955
2/7/2023 19:38,11313
2/7/2023 19:39,12352
2/7/2023 19:39,11135
2/7/2023 19:40,11778
2/7/2023 19:40,12220
2/7/2023 19:41,11172
2/7/2023 19:41,12155
2/7/2023 19:42,11921
2/7/2023 19:42,11050
2/7/2023 19:43,11068
2/7/2023 19:43,11806
2/7/2023 19:44,12143
2/7/2023 19:44,11342
2/7/2023 19:45,11295
2/7/2023 19:45,11438
2/7/2023 19:46,11111
2/7/2023 19:46,11694
2/7/2023 19:47,10773
2/7/2023 19:47,11111
2/7/2023 19:48,11233
2/7/2023 19:49,11075
2/7/2023 19:49,12026
2/7/2023 19:50,11438
2/7/2023 19:50,11892
2/7/2023 19:51,11375
2/7/2023 19:51,11295
2/7/2023 19:52,11357
2/7/2023 19:52,11129
2/7/2023 19:53,11741
2/7/2023 19:53,11172
2/7/2023 19:54,11611
2/7/2023 19:54,11977
2/7/2023 19:55,12026
2/7/2023 19:55,10796
2/7/2023 19:56,11190
2/7/2023 19:56,10872
2/7/2023 19:57,11197
2/7/2023 19:57,11863
2/7/2023 19:58,11438
2/7/2023 19:58,11276
2/7/2023 19:59,11129
2/7/2023 19:59,11331
2/7/2023 20:00,11251
2/7/2023 20:00,11611
2/7/2023 20:01,11251
2/7/2023 20:01,11129
2/7/2023 20:02,11190
2/7/2023 20:02,11183
2/7/2023 20:03,12075
2/7/2023 20:03,11414
2/7/2023 20:04,11295
2/7/2023 20:04,12094
2/7/2023 20:05,11215
2/7/2023 20:05,11873
2/7/2023 20:06,11629
2/7/2023 20:06,12410
2/7/2023 20:07,11068
2/7/2023 20:07,11988
2/7/2023 20:08,11233
2/7/2023 20:08,10990
2/7/2023 20:09,11251
2/7/2023 20:09,11233
2/7/2023 20:10,11948
2/7/2023 20:10,11015
2/7/2023 20:11,11295
2/7/2023 20:11,11339
2/7/2023 20:12,11694
2/7/2023 20:12,11313
2/7/2023 20:13,12094
2/7/2023 20:13,11611
2/7/2023 20:14,10990
2/7/2023 20:15,11958
2/7/2023 20:15,11675
2/7/2023 20:16,11456
2/7/2023 20:16,11068
2/7/2023 20:17,11276
2/7/2023 20:17,11483
2/7/2023 20:18,11276
2/7/2023 20:18,10931
2/7/2023 20:19,12155
2/7/2023 20:19,11313
2/7/2023 20:20,11147
2/7/2023 20:20,11129
2/7/2023 20:21,12026
2/7/2023 20:21,10791
2/7/2023 20:22,12155
2/7/2023 20:22,11237
2/7/2023 20:23,10872
2/7/2023 20:23,11940
2/7/2023 20:24,11778
2/7/2023 20:24,11806
2/7/2023 20:25,11208
2/7/2023 20:25,12263
2/7/2023 20:26,11153
2/7/2023 20:26,11172
2/7/2023 20:27,11675
2/7/2023 20:27,11759
2/7/2023 20:28,11988
2/7/2023 20:28,12143
2/7/2023 20:29,11111
2/7/2023 20:29,10967
2/7/2023 20:30,11068
2/7/2023 20:30,11349
2/7/2023 20:31,12162
2/7/2023 20:31,10791
2/7/2023 20:32,10831
2/7/2023 20:32,10545
2/7/2023 20:33,11190
2/7/2023 20:33,11050
2/7/2023 20:34,11873
2/7/2023 20:34,11713
2/7/2023 20:35,11111
2/7/2023 20:35,11759
2/7/2023 20:36,11546
2/7/2023 20:36,11165
2/7/2023 20:37,11401
2/7/2023 20:37,12430
2/7/2023 20:38,11215
2/7/2023 20:38,11251
2/7/2023 20:39,11129
2/7/2023 20:39,11420
2/7/2023 20:40,11427
2/7/2023 20:40,11313
2/7/2023 20:41,10641
2/7/2023 20:42,11352
2/7/2023 20:42,10973
2/7/2023 20:43,11438
2/7/2023 20:43,11295
2/7/2023 20:44,11295
2/7/2023 20:44,11375
2/7/2023 20:45,11629
2/7/2023 20:45,11147
2/7/2023 20:46,11160
2/7/2023 20:46,11313
2/7/2023 20:47,11190
2/7/2023 20:47,11008
2/7/2023 20:48,11546
2/7/2023 20:48,11483
2/7/2023 20:49,11129
2/7/2023 20:49,11233
2/7/2023 20:50,11251
2/7/2023 20:50,11269
2/7/2023 20:51,11251
2/7/2023 20:51,11190
2/7/2023 20:52,10890
2/7/2023 20:52,11251
2/7/2023 20:53,12462
2/7/2023 20:53,11129
2/7/2023 20:54,11233
2/7/2023 20:54,11190
2/7/2023 20:55,11244
2/7/2023 20:55,11501
2/7/2023 20:56,11438
2/7/2023 20:56,11873
2/7/2023 20:57,11313
2/7/2023 20:57,11638
2/7/2023 20:58,11638
2/7/2023 20:58,11456
2/7/2023 20:59,10931
2/7/2023 20:59,11008
2/7/2023 21:00,11068
2/7/2023 21:00,11183
2/7/2023 21:01,11806
2/7/2023 21:01,11208
2/7/2023 21:02,11008
2/7/2023 21:02,11420
2/7/2023 21:03,11958
2/7/2023 21:03,11346
2/7/2023 21:04,11251
2/7/2023 21:04,11759
2/7/2023 21:05,11269
2/7/2023 21:05,11393
2/7/2023 21:06,11111
2/7/2023 21:06,11648
2/7/2023 21:07,11172
2/7/2023 21:07,10579
2/7/2023 21:08,10831
2/7/2023 21:09,11331
2/7/2023 21:09,12026
2/7/2023 21:10,12212
2/7/2023 21:10,10693
2/7/2023 21:11,11068
2/7/2023 21:11,10601
2/7/2023 21:12,11331
2/7/2023 21:12,11129
2/7/2023 21:13,11208
2/7/2023 21:13,11111
2/7/2023 21:14,11491
2/7/2023 21:14,11190
2/7/2023 21:15,11375
2/7/2023 21:15,11050
2/7/2023 21:16,11331
2/7/2023 21:16,11129
2/7/2023 21:17,11694
2/7/2023 21:17,12232
2/7/2023 21:18,11093
2/7/2023 21:18,11694
2/7/2023 21:19,11583
2/7/2023 21:19,12371
2/7/2023 21:20,11269
2/7/2023 21:20,11412
2/7/2023 21:21,11331
2/7/2023 21:21,11892
2/7/2023 21:22,11190
2/7/2023 21:22,11438
2/7/2023 21:23,10680
2/7/2023 21:23,11759
2/7/2023 21:24,11393
2/7/2023 21:24,11685
2/7/2023 21:25,10091
2/7/2023 21:25,10967
2/7/2023 21:26,11068
2/7/2023 21:26,11759
2/7/2023 21:27,11208
2/7/2023 21:27,11172
2/7/2023 21:28,11393
2/7/2023 21:28,11629
2/7/2023 21:29,11825
2/7/2023 21:29,12301
2/7/2023 21:30,11172
2/7/2023 21:30,11086
2/7/2023 21:31,11357
2/7/2023 21:31,11086
2/7/2023 21:32,11269
2/7/2023 21:32,10955
2/7/2023 21:33,11741
2/7/2023 21:33,10943
2/7/2023 21:34,10791
2/7/2023 21:35,11208
2/7/2023 21:35,12026
2/7/2023 21:36,12232
2/7/2023 21:36,11910
2/7/2023 21:37,11629
2/7/2023 21:37,12251
2/7/2023 21:38,11147
2/7/2023 21:38,12064
2/7/2023 21:39,11438
2/7/2023 21:39,11759
2/7/2023 21:40,11456
2/7/2023 21:40,11393
2/7/2023 21:41,11208
2/7/2023 21:41,11172
2/7/2023 21:42,11086
2/7/2023 21:42,11958
2/7/2023 21:43,11068
2/7/2023 21:43,11958
2/7/2023 21:44,10949
2/7/2023 21:44,11313
2/7/2023 21:45,11086
2/7/2023 21:45,11501
2/7/2023 21:46,10949
2/7/2023 21:46,11438
2/7/2023 21:47,12026
2/7/2023 21:47,11269
2/7/2023 21:48,11393
2/7/2023 21:48,11393
2/7/2023 21:49,11520
2/7/2023 21:49,11393
2/7/2023 21:50,12586
2/7/2023 21:50,11456
2/7/2023 21:51,11147
2/7/2023 21:51,11475
2/7/2023 21:52,11988
2/7/2023 21:52,11825
2/7/2023 21:53,10562
2/7/2023 21:53,11331
2/7/2023 21:54,11501
2/7/2023 21:54,11520
2/7/2023 21:55,12026
2/7/2023 21:55,12143
2/7/2023 21:56,11269
2/7/2023 21:56,11825
2/7/2023 21:57,11565
2/7/2023 21:57,11393
2/7/2023 21:58,11759
2/7/2023 21:58,10562
2/7/2023 21:59,12094
2/7/2023 21:59,10433
2/7/2023 22:00,11190
2/7/2023 22:00,12075
2/7/2023 22:01,12026
2/7/2023 22:02,12321
2/7/2023 22:02,11251
2/7/2023 22:03,11129
2/7/2023 22:03,11251
2/7/2023 22:04,11313
2/7/2023 22:04,11694
2/7/2023 22:05,11977
2/7/2023 22:05,11694
2/7/2023 22:06,11412
2/7/2023 22:06,11129
2/7/2023 22:07,12371
2/7/2023 22:07,11778
2/7/2023 22:08,12026
2/7/2023 22:08,11129
2/7/2023 22:09,10715
2/7/2023 22:09,10814
2/7/2023 22:10,11438
2/7/2023 22:10,11008
2/7/2023 22:11,12162
2/7/2023 22:11,12232
2/7/2023 22:12,12075
2/7/2023 22:12,11008
2/7/2023 22:13,12026
2/7/2023 22:13,12423
2/7/2023 22:14,11375
2/7/2023 22:14,11008
2/7/2023 22:15,11334
2/7/2023 22:15,11940
2/7/2023 22:16,11483
2/7/2023 22:16,12162
2/7/2023 22:17,11313
2/7/2023 22:17,12301
2/7/2023 22:18,11251
2/7/2023 22:18,11438
2/7/2023 22:19,12075
2/7/2023 22:19,11172
2/7/2023 22:20,11892
2/7/2023 22:20,11313
2/7/2023 22:21,11313
2/7/2023 22:21,11501
2/7/2023 22:22,11611
2/7/2023 22:22,11528
2/7/2023 22:23,11208
2/7/2023 22:23,11116
2/7/2023 22:24,11475
2/7/2023 22:24,12162
2/7/2023 22:25,11629
2/7/2023 22:25,11401
2/7/2023 22:26,12391
2/7/2023 22:26,11357
2/7/2023 22:27,10931
2/7/2023 22:27,11393
2/7/2023 22:28,11438
2/7/2023 22:29,11629
2/7/2023 22:29,11629
2/7/2023 22:30,11501
2/7/2023 22:30,11565
2/7/2023 22:31,11844
2/7/2023 22:31,10872
2/7/2023 22:32,11585
2/7/2023 22:32,11958
2/7/2023 22:33,11251
2/7/2023 22:33,11675
2/7/2023 22:34,11284
2/7/2023 22:34,11208
2/7/2023 22:35,12026
2/7/2023 22:35,12026
2/7/2023 22:36,11611
2/7/2023 22:36,11501
2/7/2023 22:37,11629
2/7/2023 22:37,11759
2/7/2023 22:38,12162
2/7/2023 22:38,12514
2/7/2023 22:39,11928
2/7/2023 22:39,11190
2/7/2023 22:40,11269
2/7/2023 22:40,11565
2/7/2023 22:41,10831
2/7/2023 22:41,11825
2/7/2023 22:42,11629
2/7/2023 22:42,11940
2/7/2023 22:43,12094
2/7/2023 22:43,11583
2/7/2023 22:44,11313
2/7/2023 22:44,11233
2/7/2023 22:45,11694
2/7/2023 22:45,11456
2/7/2023 22:46,11438
2/7/2023 22:46,11165
2/7/2023 22:47,11694
2/7/2023 22:47,12162
2/7/2023 22:48,11111
2/7/2023 22:48,11375
2/7/2023 22:49,11251
2/7/2023 22:49,11546
2/7/2023 22:50,12352
2/7/2023 22:50,11940
2/7/2023 22:51,11611
2/7/2023 22:51,11892
2/7/2023 22:52,11759
2/7/2023 22:52,11438
2/7/2023 22:53,11629
2/7/2023 22:53,11520
2/7/2023 22:54,12162
2/7/2023 22:54,11825
2/7/2023 22:55,11977
2/7/2023 22:56,12301
2/7/2023 22:56,11854
2/7/2023 22:57,12371
2/7/2023 22:57,11375
2/7/2023 22:58,12113
2/7/2023 22:58,12232
2/7/2023 22:59,11629
2/7/2023 22:59,11592
2/7/2023 23:00,11565
2/7/2023 23:00,11375
2/7/2023 23:01,11546
2/7/2023 23:01,11190
2/7/2023 23:02,11420
2/7/2023 23:02,11546
2/7/2023 23:03,11420
2/7/2023 23:03,11375
2/7/2023 23:04,11251
2/7/2023 23:04,11873
2/7/2023 23:05,11339
2/7/2023 23:05,12124
2/7/2023 23:06,12094
2/7/2023 23:06,11892
2/7/2023 23:07,11611
2/7/2023 23:07,11825
2/7/2023 23:08,12282
2/7/2023 23:08,11375
2/7/2023 23:09,12232
2/7/2023 23:09,12124
2/7/2023 23:10,11501
2/7/2023 23:10,11008
2/7/2023 23:11,11611
2/7/2023 23:11,12026
2/7/2023 23:12,11393
2/7/2023 23:12,11295
2/7/2023 23:13,11251
2/7/2023 23:13,11215
2/7/2023 23:14,11093
2/7/2023 23:14,11611
2/7/2023 23:15,11546
2/7/2023 23:15,12352
2/7/2023 23:16,11295
2/7/2023 23:16,11129
2/7/2023 23:17,11694
2/7/2023 23:17,11854
2/7/2023 23:18,11611
2/7/2023 23:18,12282
2/7/2023 23:19,11190
2/7/2023 23:19,11438
2/7/2023 23:20,12193
2/7/2023 23:20,11280
2/7/2023 23:21,11546
2/7/2023 23:22,10990
2/7/2023 23:22,11741
2/7/2023 23:23,11892
2/7/2023 23:23,11741
2/7/2023 23:24,11675
2/7/2023 23:24,11546
2/7/2023 23:25,11251
2/7/2023 23:25,12232
2/7/2023 23:26,11331
2/7/2023 23:26,11233
2/7/2023 23:27,11520
2/7/2023 23:27,12658
2/7/2023 23:28,11464
2/7/2023 23:28,11068
2/7/2023 23:29,11111
2/7/2023 23:29,12132
2/7/2023 23:30,11233
2/7/2023 23:30,11357
2/7/2023 23:31,11251
2/7/2023 23:31,11233
2/7/2023 23:32,11375
2/7/2023 23:32,11438
2/7/2023 23:33,11086
2/7/2023 23:33,11056
2/7/2023 23:34,11467
2/7/2023 23:34,11393
2/7/2023 23:35,11129
2/7/2023 23:35,12423
2/7/2023 23:36,11483
2/7/2023 23:36,11331
2/7/2023 23:37,11629
2/7/2023 23:37,11438
2/7/2023 23:38,11251
2/7/2023 23:38,11438
2/7/2023 23:39,11420
2/7/2023 23:39,11511
2/7/2023 23:40,11190
2/7/2023 23:40,12075
2/7/2023 23:41,10890
2/7/2023 23:41,12045
2/7/2023 23:42,11393
2/7/2023 23:42,11129
2/7/2023 23:43,10890
2/7/2023 23:43,11393
2/7/2023 23:44,11375
2/7/2023 23:44,11438
2/7/2023 23:45,11313
2/7/2023 23:45,12113
2/7/2023 23:46,11475
2/7/2023 23:46,11313
2/7/2023 23:47,12371
2/7/2023 23:47,12026
2/7/2023 23:48,11313
2/7/2023 23:49,11873
2/7/2023 23:49,11251
2/7/2023 23:50,11422
2/7/2023 23:50,10937
2/7/2023 23:51,10955
2/7/2023 23:51,11393
2/7/2023 23:52,11208
2/7/2023 23:52,11759
2/7/2023 23:53,11068
2/7/2023 23:53,12442
2/7/2023 23:54,11375
2/7/2023 23:54,11565
2/7/2023 23:55,11393
2/7/2023 23:55,11483
2/7/2023 23:56,12766
2/7/2023 23:56,10715
2/7/2023 23:57,11111
2/7/2023 23:57,11583
2/7/2023 23:58,11313
2/7/2023 23:58,11251
2/7/2023 23:59,11902
2/7/2023 23:59,12162
2/8/2023 0:00,11501
2/8/2023 0:00,12566
2/8/2023 0:01,11251
2/8/2023 0:01,10849
2/8/2023 0:02,12359
2/8/2023 0:02,11648
2/8/2023 0:03,12301
2/8/2023 0:03,12182
2/8/2023 0:04,12026
2/8/2023 0:04,11825
2/8/2023 0:05,11713
2/8/2023 0:05,11287
2/8/2023 0:06,12282
2/8/2023 0:06,11602
2/8/2023 0:07,11629
2/8/2023 0:07,11414
2/8/2023 0:08,12232
2/8/2023 0:08,11331
2/8/2023 0:09,12026
2/8/2023 0:09,11511
2/8/2023 0:10,11456
2/8/2023 0:10,11475
2/8/2023 0:11,11375
2/8/2023 0:11,11501
2/8/2023 0:12,11666
2/8/2023 0:12,11464
2/8/2023 0:13,12094
2/8/2023 0:13,11375
2/8/2023 0:14,11629
2/8/2023 0:14,12026
2/8/2023 0:15,11251
2/8/2023 0:16,10884
2/8/2023 0:16,11251
2/8/2023 0:17,11331
2/8/2023 0:17,11778
2/8/2023 0:18,11375
2/8/2023 0:18,11393
2/8/2023 0:19,11475
2/8/2023 0:19,11713
2/8/2023 0:20,12251
2/8/2023 0:20,11910
2/8/2023 0:21,11528
2/8/2023 0:21,11438
2/8/2023 0:22,11694
2/8/2023 0:22,11357
2/8/2023 0:23,11583
2/8/2023 0:23,11147
2/8/2023 0:24,12094
2/8/2023 0:24,11778
2/8/2023 0:25,11313
2/8/2023 0:25,12162
2/8/2023 0:26,12026
2/8/2023 0:26,12301
2/8/2023 0:27,11520
2/8/2023 0:27,11538
2/8/2023 0:28,11375
2/8/2023 0:28,11713
2/8/2023 0:29,12321
2/8/2023 0:29,11629
2/8/2023 0:30,12270
2/8/2023 0:30,11844
2/8/2023 0:31,11331
2/8/2023 0:31,12094
2/8/2023 0:32,11393
2/8/2023 0:32,11501
2/8/2023 0:33,11844
2/8/2023 0:33,12007
2/8/2023 0:34,11520
2/8/2023 0:34,11375
2/8/2023 0:35,11190
2/8/2023 0:35,11485
2/8/2023 0:36,12321
2/8/2023 0:36,11666
2/8/2023 0:37,10698
2/8/2023 0:37,11675
2/8/2023 0:38,11251
2/8/2023 0:38,11438
2/8/2023 0:39,11147
2/8/2023 0:39,10826
2/8/2023 0:40,11629
2/8/2023 0:40,11393
2/8/2023 0:41,11456
2/8/2023 0:42,11509
2/8/2023 0:42,12251
2/8/2023 0:43,11438
2/8/2023 0:43,11583
2/8/2023 0:44,12232
2/8/2023 0:44,11694
2/8/2023 0:45,11438
2/8/2023 0:45,11375
2/8/2023 0:46,11638
2/8/2023 0:46,11520
2/8/2023 0:47,11501
2/8/2023 0:47,11313
2/8/2023 0:48,11520
2/8/2023 0:48,12251
2/8/2023 0:49,11977
2/8/2023 0:49,11456
2/8/2023 0:50,11251
2/8/2023 0:50,11501
2/8/2023 0:51,11778
2/8/2023 0:51,11844
2/8/2023 0:52,12232
2/8/2023 0:52,11694
2/8/2023 0:53,12232
2/8/2023 0:53,11165
2/8/2023 0:54,11008
2/8/2023 0:54,11976
2/8/2023 0:55,11313
2/8/2023 0:55,12462
2/8/2023 0:56,12514
2/8/2023 0:56,11375
2/8/2023 0:57,11313
2/8/2023 0:57,11438
2/8/2023 0:58,11873
2/8/2023 0:58,12340
2/8/2023 0:59,12094
2/8/2023 0:59,11393
2/8/2023 1:00,11438
2/8/2023 1:00,10967
2/8/2023 1:01,11958
2/8/2023 1:01,11313
2/8/2023 1:02,11778
2/8/2023 1:02,12514
2/8/2023 1:03,12124
2/8/2023 1:03,11251
2/8/2023 1:04,11420
2/8/2023 1:04,11190
2/8/2023 1:05,11806
2/8/2023 1:05,11873
2/8/2023 1:06,11546
2/8/2023 1:06,12162
2/8/2023 1:07,12124
2/8/2023 1:07,11331
2/8/2023 1:08,11483
2/8/2023 1:09,11483
2/8/2023 1:09,11464
2/8/2023 1:10,11629
2/8/2023 1:10,11741
2/8/2023 1:11,11483
2/8/2023 1:11,11068
2/8/2023 1:12,11892
2/8/2023 1:12,12494
2/8/2023 1:13,12094
2/8/2023 1:13,11438
2/8/2023 1:14,12212
2/8/2023 1:14,11438
2/8/2023 1:15,11295
2/8/2023 1:15,11788
2/8/2023 1:16,10931
2/8/2023 1:16,12384
2/8/2023 1:17,10931
2/8/2023 1:17,11483
2/8/2023 1:18,11190
2/8/2023 1:18,11320
2/8/2023 1:19,11483
2/8/2023 1:19,12007
2/8/2023 1:20,11759
2/8/2023 1:20,11816
2/8/2023 1:21,12566
2/8/2023 1:21,12026
2/8/2023 1:22,11456
2/8/2023 1:22,10990
2/8/2023 1:23,11111
2/8/2023 1:23,11251
2/8/2023 1:24,11511
2/8/2023 1:24,11456
2/8/2023 1:25,11565
2/8/2023 1:25,12416
2/8/2023 1:26,12282
2/8/2023 1:26,11396
2/8/2023 1:27,11611
2/8/2023 1:27,12075
2/8/2023 1:28,11501
2/8/2023 1:28,11302
2/8/2023 1:29,11988
2/8/2023 1:29,12224
2/8/2023 1:30,11806
2/8/2023 1:30,12075
2/8/2023 1:31,11172
2/8/2023 1:31,11357
2/8/2023 1:32,12546
2/8/2023 1:32,11111
2/8/2023 1:33,11629
2/8/2023 1:33,10931
2/8/2023 1:34,12124
2/8/2023 1:34,11750
2/8/2023 1:35,11769
2/8/2023 1:36,11694
2/8/2023 1:36,11638
2/8/2023 1:37,11420
2/8/2023 1:37,11873
2/8/2023 1:38,12056
2/8/2023 1:38,11339
2/8/2023 1:39,11295
2/8/2023 1:39,11357
2/8/2023 1:40,12143
2/8/2023 1:40,10854
2/8/2023 1:41,11313
2/8/2023 1:41,11988
2/8/2023 1:42,12056
2/8/2023 1:42,11233
2/8/2023 1:43,10854
2/8/2023 1:43,12075
2/8/2023 1:44,11611
2/8/2023 1:44,11854
2/8/2023 1:45,11741
2/8/2023 1:45,11611
2/8/2023 1:46,11093
2/8/2023 1:46,11032
2/8/2023 1:47,11592
2/8/2023 1:47,11611
2/8/2023 1:48,12475
2/8/2023 1:48,12403
2/8/2023 1:49,12403
2/8/2023 1:49,11592
2/8/2023 1:50,11401
2/8/2023 1:50,11464
2/8/2023 1:51,11446
2/8/2023 1:51,10990
2/8/2023 1:52,11420
2/8/2023 1:52,11722
2/8/2023 1:53,11703
2/8/2023 1:53,10895
2/8/2023 1:54,11619
2/8/2023 1:54,11427
2/8/2023 1:55,11339
2/8/2023 1:55,11233
2/8/2023 1:56,11129
2/8/2023 1:56,11401
2/8/2023 1:57,12333
2/8/2023 1:57,11276
2/8/2023 1:58,11483
2/8/2023 1:58,11528
2/8/2023 1:59,11464
2/8/2023 1:59,12573
2/8/2023 2:00,11528
2/8/2023 2:00,11675
2/8/2023 2:01,11960
2/8/2023 2:01,12094
2/8/2023 2:02,12086
2/8/2023 2:03,11638
2/8/2023 2:03,11401
2/8/2023 2:04,11420
2/8/2023 2:04,11233
2/8/2023 2:05,12174
2/8/2023 2:05,11969
2/8/2023 2:06,10990
2/8/2023 2:06,12053
2/8/2023 2:07,11592
2/8/2023 2:07,11611
2/8/2023 2:08,11657
2/8/2023 2:08,11988
2/8/2023 2:09,11825
2/8/2023 2:09,12403
2/8/2023 2:10,11050
2/8/2023 2:10,12475
2/8/2023 2:11,11592
2/8/2023 2:11,12619
2/8/2023 2:12,11620
2/8/2023 2:12,11391
2/8/2023 2:13,12124
2/8/2023 2:13,11339
2/8/2023 2:14,11401
2/8/2023 2:14,11722
2/8/2023 2:15,11383
2/8/2023 2:15,11383
2/8/2023 2:16,11592
2/8/2023 2:16,12105
2/8/2023 2:17,10778
2/8/2023 2:17,12403
2/8/2023 2:18,11592
2/8/2023 2:18,12475
2/8/2023 2:19,10990
2/8/2023 2:19,12527
2/8/2023 2:20,12174
2/8/2023 2:20,12243
2/8/2023 2:21,12105
2/8/2023 2:21,12243
2/8/2023 2:22,11339
2/8/2023 2:22,11910
2/8/2023 2:23,12475
2/8/2023 2:23,11528
2/8/2023 2:24,11464
2/8/2023 2:24,11684
2/8/2023 2:25,11153
2/8/2023 2:25,11215
2/8/2023 2:26,11722
2/8/2023 2:26,11339
2/8/2023 2:27,10778
2/8/2023 2:27,11703
2/8/2023 2:28,11015
2/8/2023 2:29,11401
2/8/2023 2:29,11401
2/8/2023 2:30,11703
2/8/2023 2:30,11969
2/8/2023 2:31,11592
2/8/2023 2:31,12067
2/8/2023 2:32,11276
2/8/2023 2:32,11528
2/8/2023 2:33,11788
2/8/2023 2:33,11703
2/8/2023 2:34,11536
2/8/2023 2:34,11657
2/8/2023 2:35,11816
2/8/2023 2:35,11703
2/8/2023 2:36,11769
2/8/2023 2:36,11320
2/8/2023 2:37,11464
2/8/2023 2:37,11722
2/8/2023 2:38,11258
2/8/2023 2:38,11446
2/8/2023 2:39,12015
2/8/2023 2:39,11921
2/8/2023 2:40,11528
2/8/2023 2:40,12820
2/8/2023 2:41,12243
2/8/2023 2:41,11638
2/8/2023 2:42,11446
2/8/2023 2:42,12105
2/8/2023 2:43,11015
2/8/2023 2:43,11509
2/8/2023 2:44,12105
2/8/2023 2:44,11902
2/8/2023 2:45,11528
2/8/2023 2:45,11383
2/8/2023 2:46,12037
2/8/2023 2:46,11339
2/8/2023 2:47,11364
2/8/2023 2:47,11873
2/8/2023 2:48,12652
2/8/2023 2:48,11427
2/8/2023 2:49,11592
2/8/2023 2:49,11769
2/8/2023 2:50,11750
2/8/2023 2:50,11446
2/8/2023 2:51,11446
2/8/2023 2:51,11401
2/8/2023 2:52,11835
2/8/2023 2:52,11153
2/8/2023 2:53,11491
2/8/2023 2:53,11722
2/8/2023 2:54,12599
2/8/2023 2:54,11472
2/8/2023 2:55,12313
2/8/2023 2:56,11258
2/8/2023 2:56,11713
2/8/2023 2:57,11464
2/8/2023 2:57,11835
2/8/2023 2:58,10821
2/8/2023 2:58,12313
2/8/2023 2:59,11420
2/8/2023 2:59,12105
2/8/2023 3:00,11638
2/8/2023 3:00,11320
2/8/2023 3:01,11835
2/8/2023 3:01,12560
2/8/2023 3:02,11816
2/8/2023 3:02,11712
2/8/2023 3:03,10738
2/8/2023 3:03,11427
2/8/2023 3:04,11703
2/8/2023 3:04,11902
2/8/2023 3:05,11454
2/8/2023 3:05,10955
2/8/2023 3:06,11574
2/8/2023 3:06,11835
2/8/2023 3:07,11491
2/8/2023 3:07,11703
2/8/2023 3:08,12494
2/8/2023 3:08,11320
2/8/2023 3:09,10645
2/8/2023 3:09,12384
2/8/2023 3:10,11258
2/8/2023 3:10,12766
2/8/2023 3:11,12619
2/8/2023 3:11,11240
2/8/2023 3:12,11215
2/8/2023 3:12,12135
2/8/2023 3:13,10738
2/8/2023 3:13,11998
2/8/2023 3:14,11988
2/8/2023 3:14,11509
2/8/2023 3:15,12579
2/8/2023 3:15,11555
2/8/2023 3:16,11509
2/8/2023 3:16,12124
2/8/2023 3:17,11750
2/8/2023 3:17,12455
2/8/2023 3:18,11703
2/8/2023 3:18,12067
2/8/2023 3:19,11258
2/8/2023 3:19,12224
2/8/2023 3:20,12313
2/8/2023 3:20,12155
2/8/2023 3:21,12672
2/8/2023 3:21,11769
2/8/2023 3:22,12384
2/8/2023 3:23,11835
2/8/2023 3:23,11555
2/8/2023 3:24,11320
2/8/2023 3:24,11574
2/8/2023 3:25,11372
2/8/2023 3:25,11427
2/8/2023 3:26,11302
2/8/2023 3:26,12105
2/8/2023 3:27,11446
2/8/2023 3:27,12652
2/8/2023 3:28,11574
2/8/2023 3:28,12313
2/8/2023 3:29,12086
2/8/2023 3:29,11320
2/8/2023 3:30,11383
2/8/2023 3:30,11401
2/8/2023 3:31,12384
2/8/2023 3:31,12820
2/8/2023 3:32,11446
2/8/2023 3:32,11619
2/8/2023 3:33,11446
2/8/2023 3:33,10549
2/8/2023 3:34,12468
2/8/2023 3:34,11638
2/8/2023 3:35,12037
2/8/2023 3:35,11197
2/8/2023 3:36,11797
2/8/2023 3:36,12075
2/8/2023 3:37,11958
2/8/2023 3:37,11302
2/8/2023 3:38,11950
2/8/2023 3:38,11666
2/8/2023 3:39,11536
2/8/2023 3:39,12527
2/8/2023 3:40,11197
2/8/2023 3:40,11638
2/8/2023 3:41,11464
2/8/2023 3:41,11628
2/8/2023 3:42,12579
2/8/2023 3:42,11555
2/8/2023 3:43,11446
2/8/2023 3:43,11902
2/8/2023 3:44,11197
2/8/2023 3:44,11592
2/8/2023 3:45,12726
2/8/2023 3:45,11427
2/8/2023 3:46,11750
2/8/2023 3:46,11619
2/8/2023 3:47,10979
2/8/2023 3:47,11684
2/8/2023 3:48,11160
2/8/2023 3:48,12037
2/8/2023 3:49,11638
2/8/2023 3:50,11684
2/8/2023 3:50,11509
2/8/2023 3:51,11342
2/8/2023 3:51,11240
2/8/2023 3:52,11574
2/8/2023 3:52,11409
2/8/2023 3:53,11491
2/8/2023 3:53,11320
2/8/2023 3:54,12162
2/8/2023 3:54,12672
2/8/2023 3:55,12086
2/8/2023 3:55,11491
2/8/2023 3:56,11383
2/8/2023 3:56,11215
2/8/2023 3:57,11346
2/8/2023 3:57,11555
2/8/2023 3:58,11703
2/8/2023 3:58,12224
2/8/2023 3:59,12487
2/8/2023 3:59,12527
2/8/2023 4:00,11135
2/8/2023 4:00,11750
2/8/2023 4:01,11555
2/8/2023 4:01,11684
2/8/2023 4:02,11555
2/8/2023 4:02,12652
2/8/2023 4:03,11638
2/8/2023 4:03,12232
2/8/2023 4:04,11364
2/8/2023 4:04,11788
2/8/2023 4:05,12507
2/8/2023 4:05,11364
2/8/2023 4:06,12507
2/8/2023 4:06,11969
2/8/2023 4:07,11555
2/8/2023 4:07,13103
2/8/2023 4:08,11950
2/8/2023 4:08,11446
2/8/2023 4:09,11491
2/8/2023 4:09,11750
2/8/2023 4:10,11346
2/8/2023 4:10,11638
2/8/2023 4:11,12155
2/8/2023 4:11,11960
2/8/2023 4:12,11657
2/8/2023 4:12,11536
2/8/2023 4:13,11491
2/8/2023 4:13,12205
2/8/2023 4:14,11364
2/8/2023 4:14,11816
2/8/2023 4:15,11491
2/8/2023 4:15,11902
2/8/2023 4:16,11684
2/8/2023 4:17,11346
2/8/2023 4:17,10878
2/8/2023 4:18,11178
2/8/2023 4:18,12205
2/8/2023 4:19,12613
2/8/2023 4:19,11816
2/8/2023 4:20,11509
2/8/2023 4:20,12416
2/8/2023 4:21,11684
2/8/2023 4:21,11427
2/8/2023 4:22,12017
2/8/2023 4:22,12155
2/8/2023 4:23,11555
2/8/2023 4:23,12083
2/8/2023 4:24,11931
2/8/2023 4:24,11491
2/8/2023 4:25,11750
2/8/2023 4:25,11666
2/8/2023 4:26,11684
2/8/2023 4:26,11472
2/8/2023 4:27,11383
2/8/2023 4:27,12345
2/8/2023 4:28,11684
2/8/2023 4:28,12155
2/8/2023 4:29,12294
2/8/2023 4:29,12105
2/8/2023 4:30,12632
2/8/2023 4:30,11684
2/8/2023 4:31,11409
2/8/2023 4:31,11750
2/8/2023 4:32,11638
2/8/2023 4:32,12613
2/8/2023 4:33,11197
2/8/2023 4:33,12560
2/8/2023 4:34,11536
2/8/2023 4:34,12155
2/8/2023 4:35,11364
2/8/2023 4:35,12017
2/8/2023 4:36,11998
2/8/2023 4:36,11713
2/8/2023 4:37,11883
2/8/2023 4:37,11788
2/8/2023 4:38,11481
2/8/2023 4:38,11302
2/8/2023 4:39,11364
2/8/2023 4:39,12726
2/8/2023 4:40,11491
2/8/2023 4:40,11574
2/8/2023 4:41,11491
2/8/2023 4:41,11998
2/8/2023 4:42,11638
2/8/2023 4:43,11302
2/8/2023 4:43,12155
2/8/2023 4:44,12135
2/8/2023 4:44,11509
2/8/2023 4:45,11619
2/8/2023 4:45,12306
2/8/2023 4:46,11409
2/8/2023 4:46,11528
2/8/2023 4:47,11826
2/8/2023 4:47,13083
2/8/2023 4:48,12546
2/8/2023 4:48,11619
2/8/2023 4:49,11931
2/8/2023 4:49,11364
2/8/2023 4:50,11215
2/8/2023 4:50,12435
2/8/2023 4:51,11536
2/8/2023 4:51,11902
2/8/2023 4:52,12560
2/8/2023 4:52,11619
2/8/2023 4:53,11912
2/8/2023 4:53,11750
2/8/2023 4:54,11638
2/8/2023 4:54,12007
2/8/2023 4:55,11591
2/8/2023 4:55,11346
2/8/2023 4:56,12155
2/8/2023 4:56,11769
2/8/2023 4:57,12174
2/8/2023 4:57,11883
2/8/2023 4:58,11619
2/8/2023 4:58,11454
2/8/2023 4:59,11302
2/8/2023 4:59,12135
2/8/2023 5:00,11409
2/8/2023 5:00,11555
2/8/2023 5:01,11454
2/8/2023 5:01,11684
2/8/2023 5:02,11203
2/8/2023 5:02,12017
2/8/2023 5:03,10997
2/8/2023 5:03,11491
2/8/2023 5:04,11601
2/8/2023 5:04,11364
2/8/2023 5:05,11427
2/8/2023 5:05,11427
2/8/2023 5:06,11769
2/8/2023 5:06,11950
2/8/2023 5:07,12135
2/8/2023 5:07,12155
2/8/2023 5:08,11364
2/8/2023 5:08,11346
2/8/2023 5:09,11797
2/8/2023 5:10,11178
2/8/2023 5:10,11409
2/8/2023 5:11,11703
2/8/2023 5:11,11969
2/8/2023 5:12,11684
2/8/2023 5:12,11284
2/8/2023 5:13,11346
2/8/2023 5:13,11601
2/8/2023 5:14,11491
2/8/2023 5:14,11491
2/8/2023 5:15,11240
2/8/2023 5:15,11093
2/8/2023 5:16,11178
2/8/2023 5:16,11619
2/8/2023 5:17,12416
2/8/2023 5:17,11750
2/8/2023 5:18,11302
2/8/2023 5:18,12325
2/8/2023 5:19,11427
2/8/2023 5:19,11601
2/8/2023 5:20,11666
2/8/2023 5:20,12468
2/8/2023 5:21,11240
2/8/2023 5:21,11555
2/8/2023 5:22,11684
2/8/2023 5:22,12017
2/8/2023 5:23,11518
2/8/2023 5:23,11240
2/8/2023 5:24,11619
2/8/2023 5:24,11039
2/8/2023 5:25,11057
2/8/2023 5:25,11526
2/8/2023 5:26,12274
2/8/2023 5:26,11998
2/8/2023 5:27,12345
2/8/2023 5:27,11491
2/8/2023 5:28,11454
2/8/2023 5:28,11619
2/8/2023 5:29,11619
2/8/2023 5:29,11902
2/8/2023 5:30,11835
2/8/2023 5:30,11931
2/8/2023 5:31,11816
2/8/2023 5:31,11555
2/8/2023 5:32,12274
2/8/2023 5:32,10997
2/8/2023 5:33,11666
2/8/2023 5:33,11302
2/8/2023 5:34,11364
2/8/2023 5:34,11931
2/8/2023 5:35,11864
2/8/2023 5:35,12224
2/8/2023 5:36,11229
2/8/2023 5:37,11666
2/8/2023 5:37,12416
2/8/2023 5:38,11998
2/8/2023 5:38,12540
2/8/2023 5:39,11731
2/8/2023 5:39,12560
2/8/2023 5:40,11364
2/8/2023 5:40,12455
2/8/2023 5:41,12632
2/8/2023 5:41,11518
2/8/2023 5:42,11555
2/8/2023 5:42,11921
2/8/2023 5:43,11491
2/8/2023 5:43,12416
2/8/2023 5:44,12274
2/8/2023 5:44,11619
2/8/2023 5:45,12274
2/8/2023 5:45,11750
2/8/2023 5:46,12067
2/8/2023 5:46,12800
2/8/2023 5:47,11666
2/8/2023 5:47,12067
2/8/2023 5:48,11816
2/8/2023 5:48,11666
2/8/2023 5:49,11684
2/8/2023 5:49,11969
2/8/2023 5:50,11912
2/8/2023 5:50,11284
2/8/2023 5:51,11435
2/8/2023 5:51,11491
2/8/2023 5:52,11427
2/8/2023 5:52,11601
2/8/2023 5:53,12205
2/8/2023 5:53,12345
2/8/2023 5:54,12224
2/8/2023 5:54,11883
2/8/2023 5:55,12135
2/8/2023 5:55,12294
2/8/2023 5:56,11401
2/8/2023 5:56,11536
2/8/2023 5:57,11015
2/8/2023 5:57,11039
2/8/2023 5:58,12185
2/8/2023 5:58,11409
2/8/2023 5:59,11816
2/8/2023 5:59,11931
2/8/2023 6:00,12193
2/8/2023 6:00,12205
2/8/2023 6:01,11931
2/8/2023 6:01,11750
2/8/2023 6:02,11778
2/8/2023 6:02,12546
2/8/2023 6:03,12487
2/8/2023 6:04,11797
2/8/2023 6:04,12255
2/8/2023 6:05,12067
2/8/2023 6:05,11021
2/8/2023 6:06,11491
2/8/2023 6:06,11619
2/8/2023 6:07,11731
2/8/2023 6:07,11845
2/8/2023 6:08,12067
2/8/2023 6:08,12345
2/8/2023 6:09,11178
2/8/2023 6:09,12205
2/8/2023 6:10,11778
2/8/2023 6:10,12325
2/8/2023 6:11,11666
2/8/2023 6:11,11472
2/8/2023 6:12,11864
2/8/2023 6:12,11619
2/8/2023 6:13,11499
2/8/2023 6:13,11797
2/8/2023 6:14,12487
2/8/2023 6:14,12274
2/8/2023 6:15,12435
2/8/2023 6:15,11750
2/8/2023 6:16,11240
2/8/2023 6:16,11666
2/8/2023 6:17,11788
2/8/2023 6:17,12507
2/8/2023 6:18,11555
2/8/2023 6:18,12067
2/8/2023 6:19,12345
2/8/2023 6:19,11536
2/8/2023 6:20,12205
2/8/2023 6:20,11619
2/8/2023 6:21,12560
2/8/2023 6:21,11731
2/8/2023 6:22,12560
2/8/2023 6:22,11619
2/8/2023 6:23,12255
2/8/2023 6:23,11284
2/8/2023 6:24,12501
2/8/2023 6:24,11619
2/8/2023 6:25,11931
2/8/2023 6:25,11536
2/8/2023 6:26,11472
2/8/2023 6:26,11816
2/8/2023 6:27,12067
2/8/2023 6:27,12274
2/8/2023 6:28,11684
2/8/2023 6:28,11647
2/8/2023 6:29,11998
2/8/2023 6:29,11666
2/8/2023 6:30,11491
2/8/2023 6:31,11835
2/8/2023 6:31,12047
2/8/2023 6:32,12274
2/8/2023 6:32,12255
2/8/2023 6:33,12396
2/8/2023 6:33,12274
2/8/2023 6:34,12416
2/8/2023 6:34,11284
2/8/2023 6:35,11816
2/8/2023 6:35,11555
2/8/2023 6:36,11302
2/8/2023 6:36,12274
2/8/2023 6:37,11160
2/8/2023 6:37,12255
2/8/2023 6:38,11797
2/8/2023 6:38,12396
2/8/2023 6:39,11472
2/8/2023 6:39,11346
2/8/2023 6:40,11864
2/8/2023 6:40,12135
2/8/2023 6:41,11409
2/8/2023 6:41,12067
2/8/2023 6:42,10571
2/8/2023 6:42,12632
2/8/2023 6:43,12416
2/8/2023 6:43,11750
2/8/2023 6:44,11346
2/8/2023 6:44,12067
2/8/2023 6:45,11601
2/8/2023 6:45,10783
2/8/2023 6:46,11750
2/8/2023 6:46,11797
2/8/2023 6:47,11769
2/8/2023 6:47,11883
2/8/2023 6:48,11039
2/8/2023 6:48,11797
2/8/2023 6:49,12067
2/8/2023 6:49,11797
2/8/2023 6:50,11536
2/8/2023 6:50,12461
2/8/2023 6:51,12135
2/8/2023 6:51,12205
2/8/2023 6:52,11619
2/8/2023 6:52,11816
2/8/2023 6:53,12037
2/8/2023 6:53,12325
2/8/2023 6:54,12155
2/8/2023 6:54,11969
2/8/2023 6:55,11240
2/8/2023 6:55,11931
2/8/2023 6:56,12047
2/8/2023 6:56,12007
2/8/2023 6:57,10919
2/8/2023 6:58,10961
2/8/2023 6:58,11302
2/8/2023 6:59,10919
2/8/2023 6:59,11931
2/8/2023 7:00,11536
2/8/2023 7:00,11931
2/8/2023 7:01,12294
2/8/2023 7:01,11555
2/8/2023 7:02,12224
2/8/2023 7:02,11057
2/8/2023 7:03,12086
2/8/2023 7:03,11731
2/8/2023 7:04,11998
2/8/2023 7:04,11427
2/8/2023 7:05,11816
2/8/2023 7:05,11684
2/8/2023 7:06,12017
2/8/2023 7:06,12507
2/8/2023 7:07,11883
2/8/2023 7:07,11383
2/8/2023 7:08,12135
2/8/2023 7:08,10628
2/8/2023 7:09,11979
2/8/2023 7:09,11969
2/8/2023 7:10,12255
2/8/2023 7:10,12224
2/8/2023 7:11,12345
2/8/2023 7:11,12017
2/8/2023 7:12,11883
2/8/2023 7:12,11902
2/8/2023 7:13,11769
2/8/2023 7:13,12357
2/8/2023 7:14,11619
2/8/2023 7:14,12017
2/8/2023 7:15,11491
2/8/2023 7:15,11979
2/8/2023 7:16,11383
2/8/2023 7:16,12579
2/8/2023 7:17,12017
2/8/2023 7:17,12067
2/8/2023 7:18,12155
2/8/2023 7:18,11722
2/8/2023 7:19,12243
2/8/2023 7:19,11806
2/8/2023 7:20,11731
2/8/2023 7:20,11057
2/8/2023 7:21,12527
2/8/2023 7:21,12017
2/8/2023 7:22,11750
2/8/2023 7:22,12037
2/8/2023 7:23,11684
2/8/2023 7:23,12193
2/8/2023 7:24,12037
2/8/2023 7:25,11998
2/8/2023 7:25,12017
2/8/2023 7:26,11383
2/8/2023 7:26,11769
2/8/2023 7:27,10761
2/8/2023 7:27,11446
2/8/2023 7:28,11427
2/8/2023 7:28,11902
2/8/2023 7:29,11750
2/8/2023 7:29,12017
2/8/2023 7:30,11574
2/8/2023 7:30,12017
2/8/2023 7:31,11854
2/8/2023 7:31,11546
2/8/2023 7:32,11491
2/8/2023 7:32,12037
2/8/2023 7:33,12017
2/8/2023 7:33,10663
2/8/2023 7:34,10549
2/8/2023 7:34,11703
2/8/2023 7:35,11769
2/8/2023 7:35,11703
2/8/2023 7:36,13026
2/8/2023 7:36,10955
2/8/2023 7:37,12193
2/8/2023 7:37,12243
2/8/2023 7:38,11788
2/8/2023 7:38,10895
2/8/2023 7:39,11276
2/8/2023 7:39,12384
2/8/2023 7:40,11835
2/8/2023 7:40,11835
2/8/2023 7:41,11854
2/8/2023 7:41,11921
2/8/2023 7:42,11816
2/8/2023 7:42,11684
2/8/2023 7:43,12384
2/8/2023 7:43,11940
2/8/2023 7:44,11921
2/8/2023 7:44,11902
2/8/2023 7:45,11638
2/8/2023 7:45,11882
2/8/2023 7:46,11657
2/8/2023 7:46,11969
2/8/2023 7:47,11509
2/8/2023 7:48,12494
2/8/2023 7:48,12313
2/8/2023 7:49,11401
2/8/2023 7:50,11988
2/8/2023 7:50,12056
2/8/2023 7:51,12313
2/8/2023 7:51,12263
2/8/2023 7:52,12105
2/8/2023 7:52,12105
2/8/2023 7:53,11969
2/8/2023 7:53,11921
2/8/2023 7:54,11583
2/8/2023 7:54,12193
2/8/2023 7:55,11592
2/8/2023 7:55,11929
2/8/2023 7:56,11835
2/8/2023 7:56,11703
2/8/2023 7:57,11854
2/8/2023 7:57,11057
2/8/2023 7:58,12352
2/8/2023 7:58,12105
2/8/2023 7:59,12086
2/8/2023 7:59,11722
2/8/2023 8:00,11788
2/8/2023 8:00,12017
2/8/2023 8:01,12527
2/8/2023 8:01,11788
2/8/2023 8:02,12333
2/8/2023 8:02,11921
2/8/2023 8:03,12056
2/8/2023 8:03,11988
2/8/2023 8:04,12228
2/8/2023 8:04,11324
2/8/2023 8:05,12403
2/8/2023 8:05,12533
2/8/2023 8:06,12193
2/8/2023 8:06,12371
2/8/2023 8:07,12007
2/8/2023 8:07,12174
2/8/2023 8:08,11988
2/8/2023 8:08,11969
2/8/2023 8:09,11328
2/8/2023 8:09,12105
2/8/2023 8:10,12056
2/8/2023 8:10,12056
2/8/2023 8:11,12243
2/8/2023 8:11,12124
2/8/2023 8:12,12056
2/8/2023 8:12,12056
2/8/2023 8:13,12017
2/8/2023 8:13,12243
2/8/2023 8:14,12094
2/8/2023 8:14,11892
2/8/2023 8:15,12124
2/8/2023 8:15,11339
2/8/2023 8:16,11357
2/8/2023 8:17,12056
2/8/2023 8:17,12075
2/8/2023 8:18,11722
2/8/2023 8:18,12455
2/8/2023 8:19,12352
2/8/2023 8:19,11375
2/8/2023 8:20,11675
2/8/2023 8:20,11093
2/8/2023 8:21,11258
2/8/2023 8:21,12124
2/8/2023 8:22,12384
2/8/2023 8:22,11050
2/8/2023 8:23,10773
2/8/2023 8:23,12301
2/8/2023 8:24,12263
2/8/2023 8:24,11357
2/8/2023 8:25,11528
2/8/2023 8:25,11420
2/8/2023 8:26,11722
2/8/2023 8:26,11988
2/8/2023 8:27,11921
2/8/2023 8:27,10562
2/8/2023 8:28,11988
2/8/2023 8:28,12124
2/8/2023 8:29,12143
2/8/2023 8:29,12212
2/8/2023 8:30,12094
2/8/2023 8:30,12037
2/8/2023 8:31,11741
2/8/2023 8:31,11420
2/8/2023 8:32,12143
2/8/2023 8:32,12546
2/8/2023 8:33,12007
2/8/2023 8:33,11940
2/8/2023 8:34,11592
2/8/2023 8:34,12026
2/8/2023 8:35,12212
2/8/2023 8:35,11788
2/8/2023 8:36,12193
2/8/2023 8:36,12423
2/8/2023 8:37,11988
2/8/2023 8:37,12026
2/8/2023 8:38,11940
2/8/2023 8:38,12212
2/8/2023 8:39,11657
2/8/2023 8:39,10854
2/8/2023 8:40,11592
2/8/2023 8:40,11339
2/8/2023 8:41,10814
2/8/2023 8:41,11988
2/8/2023 8:42,12007
2/8/2023 8:42,11357
2/8/2023 8:43,11940
2/8/2023 8:44,12333
2/8/2023 8:44,12124
2/8/2023 8:45,11921
2/8/2023 8:45,12403
2/8/2023 8:46,12243
2/8/2023 8:46,11940
2/8/2023 8:47,12352
2/8/2023 8:47,11825
2/8/2023 8:48,12514
2/8/2023 8:48,11657
2/8/2023 8:49,11940
2/8/2023 8:49,11825
2/8/2023 8:50,11940
2/8/2023 8:50,12007
2/8/2023 8:51,12352
2/8/2023 8:51,11892
2/8/2023 8:52,11190
2/8/2023 8:52,12143
2/8/2023 8:53,11611
2/8/2023 8:53,11759
2/8/2023 8:54,11931
2/8/2023 8:54,11295
2/8/2023 8:55,10937
2/8/2023 8:55,11339
2/8/2023 8:56,11501
2/8/2023 8:56,11759
2/8/2023 8:57,11825
2/8/2023 8:57,12494
2/8/2023 8:58,11565
2/8/2023 8:58,11958
2/8/2023 8:59,12143
2/8/2023 8:59,11111
2/8/2023 9:00,12639
2/8/2023 9:00,11854
2/8/2023 9:01,12423
2/8/2023 9:01,11873
2/8/2023 9:02,11759
2/8/2023 9:02,11741
2/8/2023 9:03,11940
2/8/2023 9:03,12658
2/8/2023 9:04,12501
2/8/2023 9:04,11806
2/8/2023 9:05,12352
2/8/2023 9:05,11483
2/8/2023 9:06,12094
2/8/2023 9:06,11825
2/8/2023 9:07,12586
2/8/2023 9:07,12212
2/8/2023 9:08,12442
2/8/2023 9:08,11111
2/8/2023 9:09,12182
2/8/2023 9:09,12143
2/8/2023 9:10,11825
2/8/2023 9:11,12586
2/8/2023 9:11,11629
2/8/2023 9:12,11958
2/8/2023 9:12,12094
2/8/2023 9:13,11467
2/8/2023 9:13,12075
2/8/2023 9:14,11940
2/8/2023 9:14,12232
2/8/2023 9:15,12056
2/8/2023 9:15,11629
2/8/2023 9:16,11940
2/8/2023 9:16,12026
2/8/2023 9:17,11958
2/8/2023 9:17,11694
2/8/2023 9:18,10471
2/8/2023 9:18,11825
2/8/2023 9:19,12613
2/8/2023 9:19,12371
2/8/2023 9:20,11722
2/8/2023 9:20,12094
2/8/2023 9:21,11940
2/8/2023 9:21,12282
2/8/2023 9:22,11295
2/8/2023 9:22,12232
2/8/2023 9:23,11958
2/8/2023 9:23,12475
2/8/2023 9:24,11483
2/8/2023 9:24,11778
2/8/2023 9:25,11284
2/8/2023 9:25,12143
2/8/2023 9:26,12162
2/8/2023 9:26,11996
2/8/2023 9:27,12880
2/8/2023 9:27,11475
2/8/2023 9:28,11806
2/8/2023 9:28,12732
2/8/2023 9:29,11825
2/8/2023 9:29,11797
2/8/2023 9:30,11910
2/8/2023 9:30,12193
2/8/2023 9:31,12232
2/8/2023 9:31,12301
2/8/2023 9:32,12232
2/8/2023 9:32,12232
2/8/2023 9:33,12124
2/8/2023 9:33,12352
2/8/2023 9:34,11629
2/8/2023 9:34,11493
2/8/2023 9:35,11165
2/8/2023 9:35,11825
2/8/2023 9:36,11574
2/8/2023 9:37,11958
2/8/2023 9:37,12026
2/8/2023 9:38,11430
2/8/2023 9:38,11648
2/8/2023 9:39,11958
2/8/2023 9:39,12182
2/8/2023 9:40,11208
2/8/2023 9:40,12056
2/8/2023 9:41,11892
2/8/2023 9:41,11694
2/8/2023 9:42,10937
2/8/2023 9:42,11026
2/8/2023 9:43,11806
2/8/2023 9:43,12056
2/8/2023 9:44,12026
2/8/2023 9:44,12026
2/8/2023 9:45,11694
2/8/2023 9:45,11190
2/8/2023 9:46,13538
2/8/2023 9:46,12094
2/8/2023 9:47,12398
2/8/2023 9:47,11825
2/8/2023 9:48,11977
2/8/2023 9:48,12162
2/8/2023 9:49,11910
2/8/2023 9:49,12132
2/8/2023 9:50,10872
2/8/2023 9:50,11703
2/8/2023 9:51,10378
2/8/2023 9:51,11629
2/8/2023 9:52,12026
2/8/2023 9:52,12007
2/8/2023 9:53,11910
2/8/2023 9:53,11892
2/8/2023 9:54,12371
2/8/2023 9:54,12045
2/8/2023 9:55,12045
2/8/2023 9:55,10773
2/8/2023 9:56,11892
2/8/2023 9:56,12232
2/8/2023 9:57,12371
2/8/2023 9:57,11958
2/8/2023 9:58,12094
2/8/2023 9:58,11438
2/8/2023 9:59,11892
2/8/2023 9:59,11769
2/8/2023 10:00,12232
2/8/2023 10:00,11375
2/8/2023 10:01,11393
2/8/2023 10:01,11977
2/8/2023 10:02,11657
2/8/2023 10:02,12371
2/8/2023 10:03,11375
2/8/2023 10:04,11456
2/8/2023 10:04,12026
2/8/2023 10:05,12017
2/8/2023 10:05,12678
2/8/2023 10:06,11675
2/8/2023 10:06,11892
2/8/2023 10:07,12321
2/8/2023 10:07,12045
2/8/2023 10:08,11958
2/8/2023 10:08,12239
2/8/2023 10:09,12423
2/8/2023 10:09,12007
2/8/2023 10:10,12143
2/8/2023 10:10,12212
2/8/2023 10:11,12371
2/8/2023 10:11,11958
2/8/2023 10:12,11778
2/8/2023 10:12,12113
2/8/2023 10:13,12075
2/8/2023 10:13,11759
2/8/2023 10:14,11565
2/8/2023 10:14,11269
2/8/2023 10:15,11713
2/8/2023 10:15,12371
2/8/2023 10:16,12678
2/8/2023 10:16,11313
2/8/2023 10:17,12045
2/8/2023 10:17,11844
2/8/2023 10:18,12212
2/8/2023 10:18,11825
2/8/2023 10:19,11629
2/8/2023 10:19,12232
2/8/2023 10:20,12514
2/8/2023 10:20,11741
2/8/2023 10:21,12045
2/8/2023 10:21,11611
2/8/2023 10:22,11357
2/8/2023 10:22,10831
2/8/2023 10:23,12232
2/8/2023 10:23,12094
2/8/2023 10:24,12094
2/8/2023 10:24,12026
2/8/2023 10:25,11583
2/8/2023 10:25,11393
2/8/2023 10:26,10890
2/8/2023 10:26,12586
2/8/2023 10:27,11797
2/8/2023 10:27,11759
2/8/2023 10:28,11854
2/8/2023 10:28,12162
2/8/2023 10:29,11996
2/8/2023 10:29,12094
2/8/2023 10:30,10990
2/8/2023 10:31,12232
2/8/2023 10:31,12352
2/8/2023 10:32,11892
2/8/2023 10:32,12162
2/8/2023 10:33,11629
2/8/2023 10:33,11565
2/8/2023 10:34,11892
2/8/2023 10:34,11694
2/8/2023 10:35,12232
2/8/2023 10:35,11456
2/8/2023 10:36,11438
2/8/2023 10:36,12094
2/8/2023 10:37,12162
2/8/2023 10:37,11565
2/8/2023 10:38,11722
2/8/2023 10:38,11375
2/8/2023 10:39,12124
2/8/2023 10:39,11509
2/8/2023 10:40,11493
2/8/2023 10:40,12045
2/8/2023 10:41,12026
2/8/2023 10:41,11977
2/8/2023 10:42,11892
2/8/2023 10:42,11313
2/8/2023 10:43,12143
2/8/2023 10:43,10658
2/8/2023 10:44,12220
2/8/2023 10:44,12423
2/8/2023 10:45,12333
2/8/2023 10:45,12113
2/8/2023 10:46,12514
2/8/2023 10:46,11940
2/8/2023 10:47,11873
2/8/2023 10:47,11892
2/8/2023 10:48,12094
2/8/2023 10:48,12182
2/8/2023 10:49,11629
2/8/2023 10:49,11722
2/8/2023 10:50,12143
2/8/2023 10:50,11940
2/8/2023 10:51,12162
2/8/2023 10:51,11988
2/8/2023 10:52,11958
2/8/2023 10:52,12129
2/8/2023 10:53,12094
2/8/2023 10:53,12094
2/8/2023 10:54,11129
2/8/2023 10:54,12352
2/8/2023 10:55,11910
2/8/2023 10:55,12143
2/8/2023 10:56,11892
2/8/2023 10:57,11694
2/8/2023 10:57,12301
2/8/2023 10:58,12301
2/8/2023 10:58,12132
2/8/2023 10:59,11694
2/8/2023 10:59,12352
2/8/2023 11:00,12391
2/8/2023 11:00,11629
2/8/2023 11:01,11778
2/8/2023 11:01,12045
2/8/2023 11:02,11759
2/8/2023 11:02,12232
2/8/2023 11:03,10791
2/8/2023 11:03,11629
2/8/2023 11:04,11648
2/8/2023 11:04,11008
2/8/2023 11:05,11675
2/8/2023 11:05,11844
2/8/2023 11:06,10738
2/8/2023 11:06,12352
2/8/2023 11:07,12007
2/8/2023 11:07,12514
2/8/2023 11:08,11357
2/8/2023 11:08,12113
2/8/2023 11:09,11629
2/8/2023 11:09,12514
2/8/2023 11:10,11313
2/8/2023 11:10,11958
2/8/2023 11:11,12037
2/8/2023 11:11,11873
2/8/2023 11:12,11629
2/8/2023 11:12,12026
2/8/2023 11:13,12094
2/8/2023 11:13,12094
2/8/2023 11:14,12232
2/8/2023 11:14,12094
2/8/2023 11:15,12301
2/8/2023 11:15,12282
2/8/2023 11:16,11313
2/8/2023 11:16,11251
2/8/2023 11:17,11825
2/8/2023 11:17,12143
2/8/2023 11:18,12094
2/8/2023 11:18,12094
2/8/2023 11:19,11546
2/8/2023 11:19,12105
2/8/2023 11:20,11873
2/8/2023 11:20,12075
2/8/2023 11:21,10814
2/8/2023 11:21,12282
2/8/2023 11:22,12162
2/8/2023 11:22,12094
2/8/2023 11:23,12442
2/8/2023 11:24,12193
2/8/2023 11:24,12026
2/8/2023 11:25,12514
2/8/2023 11:25,11583
2/8/2023 11:26,12212
2/8/2023 11:26,12212
2/8/2023 11:27,12301
2/8/2023 11:27,12007
2/8/2023 11:28,11251
2/8/2023 11:28,12094
2/8/2023 11:29,12297
2/8/2023 11:29,12056
2/8/2023 11:30,12007
2/8/2023 11:30,12712
2/8/2023 11:31,11873
2/8/2023 11:31,11910
2/8/2023 11:32,12094
2/8/2023 11:32,11611
2/8/2023 11:33,10949
2/8/2023 11:33,12301
2/8/2023 11:34,12026
2/8/2023 11:34,12435
2/8/2023 11:35,11648
2/8/2023 11:35,11375
2/8/2023 11:36,11694
2/8/2023 11:36,11967
2/8/2023 11:37,11958
2/8/2023 11:37,12301
2/8/2023 11:38,12143
2/8/2023 11:38,12193
2/8/2023 11:39,11778
2/8/2023 11:39,11467
2/8/2023 11:40,12232
2/8/2023 11:40,12143
2/8/2023 11:41,11825
2/8/2023 11:41,12232
2/8/2023 11:42,12094
2/8/2023 11:42,12007
2/8/2023 11:43,11958
2/8/2023 11:43,11788
2/8/2023 11:44,12056
2/8/2023 11:44,11420
2/8/2023 11:45,10849
2/8/2023 11:45,12579
2/8/2023 11:46,11741
2/8/2023 11:46,12212
2/8/2023 11:47,11958
2/8/2023 11:47,11958
2/8/2023 11:48,12162
2/8/2023 11:48,12212
2/8/2023 11:49,12371
2/8/2023 11:49,12094
2/8/2023 11:50,11806
2/8/2023 11:51,11629
2/8/2023 11:51,11086
2/8/2023 11:52,11929
2/8/2023 11:52,12442
2/8/2023 11:53,11172
2/8/2023 11:53,10755
2/8/2023 11:54,11050
2/8/2023 11:54,12282
2/8/2023 11:55,10641
2/8/2023 11:55,10831
2/8/2023 11:56,11520
2/8/2023 11:56,12212
2/8/2023 11:57,11958
2/8/2023 11:57,11135
2/8/2023 11:58,10967
2/8/2023 11:58,11629
2/8/2023 11:59,12124
2/8/2023 11:59,12075
2/8/2023 12:00,12094
2/8/2023 12:00,12124
2/8/2023 12:01,12301
2/8/2023 12:01,11940
2/8/2023 12:02,12056
2/8/2023 12:02,11420
2/8/2023 12:03,11694
2/8/2023 12:03,11958
2/8/2023 12:04,11825
2/8/2023 12:04,11873
2/8/2023 12:05,11713
2/8/2023 12:05,11629
2/8/2023 12:06,10814
2/8/2023 12:06,12026
2/8/2023 12:07,11806
2/8/2023 12:07,11190
2/8/2023 12:08,12124
2/8/2023 12:08,11977
2/8/2023 12:09,12403
2/8/2023 12:09,12162
2/8/2023 12:10,10890
2/8/2023 12:10,12193
2/8/2023 12:11,11741
2/8/2023 12:11,11675
2/8/2023 12:12,11873
2/8/2023 12:12,11676
2/8/2023 12:13,10715
2/8/2023 12:13,11825
2/8/2023 12:14,11420
2/8/2023 12:14,11958
2/8/2023 12:15,12026
2/8/2023 12:15,12143
2/8/2023 12:16,11854
2/8/2023 12:17,12162
2/8/2023 12:17,11759
2/8/2023 12:18,12494
2/8/2023 12:18,11357
2/8/2023 12:19,10733
2/8/2023 12:19,12193
2/8/2023 12:20,12658
2/8/2023 12:20,10890
2/8/2023 12:21,11666
2/8/2023 12:21,11940
2/8/2023 12:22,11269
2/8/2023 12:22,12162
2/8/2023 12:23,11172
2/8/2023 12:23,12113
2/8/2023 12:24,11694
2/8/2023 12:24,11825
2/8/2023 12:25,12026
2/8/2023 12:25,11958
2/8/2023 12:26,12047
2/8/2023 12:26,12182
2/8/2023 12:27,12102
2/8/2023 12:27,12340
2/8/2023 12:28,12340
2/8/2023 12:28,11190
2/8/2023 12:29,12026
2/8/2023 12:29,12143
2/8/2023 12:30,11501
2/8/2023 12:30,12007
2/8/2023 12:31,12007
2/8/2023 12:31,10990
2/8/2023 12:32,11313
2/8/2023 12:32,11759
2/8/2023 12:33,12282
2/8/2023 12:33,12026
2/8/2023 12:34,11873
2/8/2023 12:34,12586
2/8/2023 12:35,11629
2/8/2023 12:35,12075
2/8/2023 12:36,12094
2/8/2023 12:36,12423
2/8/2023 12:37,12232
2/8/2023 12:37,11375
2/8/2023 12:38,11825
2/8/2023 12:38,12007
2/8/2023 12:39,11825
2/8/2023 12:39,12403
2/8/2023 12:40,11759
2/8/2023 12:40,11129
2/8/2023 12:41,12094
2/8/2023 12:41,11825
2/8/2023 12:42,12586
2/8/2023 12:42,12124
2/8/2023 12:43,11806
2/8/2023 12:44,11565
2/8/2023 12:44,12026
2/8/2023 12:45,11565
2/8/2023 12:45,12212
2/8/2023 12:46,12301
2/8/2023 12:46,11483
2/8/2023 12:47,11375
2/8/2023 12:47,11825
2/8/2023 12:48,12282
2/8/2023 12:48,12135
2/8/2023 12:49,11806
2/8/2023 12:49,11111
2/8/2023 12:50,11806
2/8/2023 12:50,12162
2/8/2023 12:51,11759
2/8/2023 12:51,11694
2/8/2023 12:52,11921
2/8/2023 12:52,12075
2/8/2023 12:53,12007
2/8/2023 12:53,12178
2/8/2023 12:54,12124
2/8/2023 12:54,12094
2/8/2023 12:55,12232
2/8/2023 12:55,12026
2/8/2023 12:56,11694
2/8/2023 12:56,11611
2/8/2023 12:57,12026
2/8/2023 12:57,11197
2/8/2023 12:58,11741
2/8/2023 12:58,12034
2/8/2023 12:59,10715
2/8/2023 12:59,12075
2/8/2023 13:00,11825
2/8/2023 13:00,11892
2/8/2023 13:01,11958
2/8/2023 13:01,12015
2/8/2023 13:02,11958
2/8/2023 13:02,11675
2/8/2023 13:03,11722
2/8/2023 13:03,11940
2/8/2023 13:04,11759
2/8/2023 13:04,12075
2/8/2023 13:05,12335
2/8/2023 13:05,10755
2/8/2023 13:06,11759
2/8/2023 13:06,10601
2/8/2023 13:07,11147
2/8/2023 13:07,11788
2/8/2023 13:08,12266
2/8/2023 13:08,10949
2/8/2023 13:09,10623
2/8/2023 13:09,12282
2/8/2023 13:10,11750
2/8/2023 13:11,11778
2/8/2023 13:11,12212
2/8/2023 13:12,11731
2/8/2023 13:12,11825
2/8/2023 13:13,12371
2/8/2023 13:13,11892
2/8/2023 13:14,12232
2/8/2023 13:14,10641
2/8/2023 13:15,11438
2/8/2023 13:15,12094
2/8/2023 13:16,11183
2/8/2023 13:16,12162
2/8/2023 13:17,12007
2/8/2023 13:17,11501
2/8/2023 13:18,11694
2/8/2023 13:18,11741
2/8/2023 13:19,11068
2/8/2023 13:19,10973
2/8/2023 13:20,13067
2/8/2023 13:20,11788
2/8/2023 13:21,12113
2/8/2023 13:21,11111
2/8/2023 13:22,11873
2/8/2023 13:22,11629
2/8/2023 13:23,11611
2/8/2023 13:23,11806
2/8/2023 13:24,12094
2/8/2023 13:24,11276
2/8/2023 13:25,12143
2/8/2023 13:25,12113
2/8/2023 13:26,12094
2/8/2023 13:26,11483
2/8/2023 13:27,11788
2/8/2023 13:27,11629
2/8/2023 13:28,10658
2/8/2023 13:28,11958
2/8/2023 13:29,11165
2/8/2023 13:29,11483
2/8/2023 13:30,10773
2/8/2023 13:30,11694
2/8/2023 13:31,11977
2/8/2023 13:31,11759
2/8/2023 13:32,12352
2/8/2023 13:32,11892
2/8/2023 13:33,12162
2/8/2023 13:33,11988
2/8/2023 13:34,11086
2/8/2023 13:34,11565
2/8/2023 13:35,12566
2/8/2023 13:35,11313
2/8/2023 13:36,11629
2/8/2023 13:37,11546
2/8/2023 13:37,12045
2/8/2023 13:38,11806
2/8/2023 13:38,11844
2/8/2023 13:39,12282
2/8/2023 13:39,12232
2/8/2023 13:40,11565
2/8/2023 13:40,11806
2/8/2023 13:41,11940
2/8/2023 13:41,11825
2/8/2023 13:42,12371
2/8/2023 13:42,12143
2/8/2023 13:43,12212
2/8/2023 13:43,11825
2/8/2023 13:44,12026
2/8/2023 13:44,11675
2/8/2023 13:45,11958
2/8/2023 13:45,11958
2/8/2023 13:46,11611
2/8/2023 13:46,11741
2/8/2023 13:47,10913
2/8/2023 13:47,11611
2/8/2023 13:48,11750
2/8/2023 13:48,12232
2/8/2023 13:49,11420
2/8/2023 13:49,10872
2/8/2023 13:50,11611
2/8/2023 13:50,11713
2/8/2023 13:51,11713
2/8/2023 13:51,11295
2/8/2023 13:52,11722
2/8/2023 13:52,11638
2/8/2023 13:53,11863
2/8/2023 13:53,11694
2/8/2023 13:54,12113
2/8/2023 13:54,11565
2/8/2023 13:55,11825
2/8/2023 13:55,11501
2/8/2023 13:56,12333
2/8/2023 13:56,11977
2/8/2023 13:57,11741
2/8/2023 13:57,12232
2/8/2023 13:58,12494
2/8/2023 13:58,12143
2/8/2023 13:59,12162
2/8/2023 13:59,11921
2/8/2023 14:00,11675
2/8/2023 14:00,11806
2/8/2023 14:01,11873
2/8/2023 14:01,12423
2/8/2023 14:02,11357
2/8/2023 14:02,11940
2/8/2023 14:03,11357
2/8/2023 14:04,11383
2/8/2023 14:04,11420
2/8/2023 14:05,11190
2/8/2023 14:05,11611
2/8/2023 14:06,12212
2/8/2023 14:06,12007
2/8/2023 14:07,11816
2/8/2023 14:07,10990
2/8/2023 14:08,12037
2/8/2023 14:08,12384
2/8/2023 14:09,12212
2/8/2023 14:09,11546
2/8/2023 14:10,12007
2/8/2023 14:10,11357
2/8/2023 14:11,11892
2/8/2023 14:11,11750
2/8/2023 14:12,12352
2/8/2023 14:12,11675
2/8/2023 14:13,11759
2/8/2023 14:13,12371
2/8/2023 14:14,11375
2/8/2023 14:14,12232
2/8/2023 14:15,11806
2/8/2023 14:15,10545
2/8/2023 14:16,11750
2/8/2023 14:16,13320
2/8/2023 14:17,12442
2/8/2023 14:17,11694
2/8/2023 14:18,12162
2/8/2023 14:18,12143
2/8/2023 14:19,12212
2/8/2023 14:19,11825
2/8/2023 14:20,10949
2/8/2023 14:20,11940
2/8/2023 14:21,11565
2/8/2023 14:21,12333
2/8/2023 14:22,11357
2/8/2023 14:22,10849
2/8/2023 14:23,10949
2/8/2023 14:23,10872
2/8/2023 14:24,11153
2/8/2023 14:24,11269
2/8/2023 14:25,11694
2/8/2023 14:25,11129
2/8/2023 14:26,11759
2/8/2023 14:26,11741
2/8/2023 14:27,12094
2/8/2023 14:27,11854
2/8/2023 14:28,10715
2/8/2023 14:28,12143
2/8/2023 14:29,12423
2/8/2023 14:29,12162
2/8/2023 14:30,12352
2/8/2023 14:31,11759
2/8/2023 14:31,10890
2/8/2023 14:32,11648
2/8/2023 14:32,12182
2/8/2023 14:33,11675
2/8/2023 14:33,11420
2/8/2023 14:34,12162
2/8/2023 14:34,12212
2/8/2023 14:35,12143
2/8/2023 14:35,11393
2/8/2023 14:36,12301
2/8/2023 14:36,12301
2/8/2023 14:37,12639
2/8/2023 14:37,11741
2/8/2023 14:38,11546
2/8/2023 14:38,11339
2/8/2023 14:39,12301
2/8/2023 14:39,11825
2/8/2023 14:40,11940
2/8/2023 14:40,11629
2/8/2023 14:41,12232
2/8/2023 14:41,12075
2/8/2023 14:42,12007
2/8/2023 14:42,12301
2/8/2023 14:43,12162
2/8/2023 14:43,12658
2/8/2023 14:44,11675
2/8/2023 14:44,12094
2/8/2023 14:45,11401
2/8/2023 14:45,11892
2/8/2023 14:46,12056
2/8/2023 14:46,12410
2/8/2023 14:47,10773
2/8/2023 14:47,12371
2/8/2023 14:48,11825
2/8/2023 14:48,11940
2/8/2023 14:49,11375
2/8/2023 14:49,10908
2/8/2023 14:50,10715
2/8/2023 14:50,12212
2/8/2023 14:51,11694
2/8/2023 14:51,12423
2/8/2023 14:52,11940
2/8/2023 14:52,12162
2/8/2023 14:53,11892
2/8/2023 14:53,11501
2/8/2023 14:54,11921
2/8/2023 14:54,11892
2/8/2023 14:55,11694
2/8/2023 14:55,12442
2/8/2023 14:56,11977
2/8/2023 14:57,12045
2/8/2023 14:57,12075
2/8/2023 14:58,11958
2/8/2023 14:58,12232
2/8/2023 14:59,11873
2/8/2023 14:59,11008
2/8/2023 15:00,11295
2/8/2023 15:00,11892
2/8/2023 15:01,11873
2/8/2023 15:01,10990
2/8/2023 15:02,12094
2/8/2023 15:02,12162
2/8/2023 15:03,12162
2/8/2023 15:03,11050
2/8/2023 15:04,11778
2/8/2023 15:04,12546
2/8/2023 15:05,12143
2/8/2023 15:05,12251
2/8/2023 15:06,11713
2/8/2023 15:06,12162
2/8/2023 15:07,11940
2/8/2023 15:07,12239
2/8/2023 15:08,11233
2/8/2023 15:08,11448
2/8/2023 15:09,11611
2/8/2023 15:09,12094
2/8/2023 15:10,11393
2/8/2023 15:10,12143
2/8/2023 15:11,11969
2/8/2023 15:11,11438
2/8/2023 15:12,11825
2/8/2023 15:12,12282
2/8/2023 15:13,11694
2/8/2023 15:13,11825
2/8/2023 15:14,12094
2/8/2023 15:14,12301
2/8/2023 15:15,12232
2/8/2023 15:15,12442
2/8/2023 15:16,11129
2/8/2023 15:16,12094
2/8/2023 15:17,11750
2/8/2023 15:17,11694
2/8/2023 15:18,11806
2/8/2023 15:18,11892
2/8/2023 15:19,11892
2/8/2023 15:19,11694
2/8/2023 15:20,12007
2/8/2023 15:20,11759
2/8/2023 15:21,11176
2/8/2023 15:21,12442
2/8/2023 15:22,11892
2/8/2023 15:22,12007
2/8/2023 15:23,12423
2/8/2023 15:24,11892
2/8/2023 15:24,11464
2/8/2023 15:25,12455
2/8/2023 15:25,12015
2/8/2023 15:26,12232
2/8/2023 15:26,12045
2/8/2023 15:27,12056
2/8/2023 15:27,12232
2/8/2023 15:28,12224
2/8/2023 15:28,11844
2/8/2023 15:29,12026
2/8/2023 15:29,12094
2/8/2023 15:30,12371
2/8/2023 15:30,12423
2/8/2023 15:31,12442
2/8/2023 15:31,12094
2/8/2023 15:32,11759
2/8/2023 15:32,11854
2/8/2023 15:33,12094
2/8/2023 15:33,12143
2/8/2023 15:34,12007
2/8/2023 15:34,12037
2/8/2023 15:35,12462
2/8/2023 15:35,11806
2/8/2023 15:36,11854
2/8/2023 15:36,12712
2/8/2023 15:37,11233
2/8/2023 15:37,12094
2/8/2023 15:38,12124
2/8/2023 15:38,12193
2/8/2023 15:39,11295
2/8/2023 15:39,11135
2/8/2023 15:40,12333
2/8/2023 15:40,12475
2/8/2023 15:41,12143
2/8/2023 15:41,12352
2/8/2023 15:42,12258
2/8/2023 15:42,11093
2/8/2023 15:43,12007
2/8/2023 15:43,12075
2/8/2023 15:44,12301
2/8/2023 15:44,12124
2/8/2023 15:45,12193
2/8/2023 15:45,10738
2/8/2023 15:46,12124
2/8/2023 15:46,11902
2/8/2023 15:47,12007
2/8/2023 15:47,11940
2/8/2023 15:48,12263
2/8/2023 15:48,11032
2/8/2023 15:49,12201
2/8/2023 15:49,11988
2/8/2023 15:50,11574
2/8/2023 15:51,12313
2/8/2023 15:51,12294
2/8/2023 15:52,11295
2/8/2023 15:52,12007
2/8/2023 15:53,11592
2/8/2023 15:53,11929
2/8/2023 15:54,11835
2/8/2023 15:54,12333
2/8/2023 15:55,12007
2/8/2023 15:55,11520
2/8/2023 15:56,12162
2/8/2023 15:56,12193
2/8/2023 15:57,12333
2/8/2023 15:57,11854
2/8/2023 15:58,10990
2/8/2023 15:58,11948
2/8/2023 15:59,12263
2/8/2023 15:59,12403
2/8/2023 16:00,11741
2/8/2023 16:00,12243
2/8/2023 16:01,12143
2/8/2023 16:01,12212
2/8/2023 16:02,12037
2/8/2023 16:02,12263
2/8/2023 16:03,12263
2/8/2023 16:03,11854
2/8/2023 16:04,11722
2/8/2023 16:04,12766
2/8/2023 16:05,11611
2/8/2023 16:05,11816
2/8/2023 16:06,11401
2/8/2023 16:06,11032
2/8/2023 16:07,11722
2/8/2023 16:07,11722
2/8/2023 16:08,12546
2/8/2023 16:08,11873
2/8/2023 16:09,11675
2/8/2023 16:09,11873
2/8/2023 16:10,10955
2/8/2023 16:10,12124
2/8/2023 16:11,11722
2/8/2023 16:11,11988
2/8/2023 16:12,12599
2/8/2023 16:12,12403
2/8/2023 16:13,12475
2/8/2023 16:13,12263
2/8/2023 16:14,11921
2/8/2023 16:14,11528
2/8/2023 16:15,12619
2/8/2023 16:15,11769
2/8/2023 16:16,11483
2/8/2023 16:16,11592
2/8/2023 16:17,11835
2/8/2023 16:18,11921
2/8/2023 16:18,12546
2/8/2023 16:19,12124
2/8/2023 16:19,11788
2/8/2023 16:20,11233
2/8/2023 16:20,12174
2/8/2023 16:21,12037
2/8/2023 16:21,12045
2/8/2023 16:22,11190
2/8/2023 16:22,12143
2/8/2023 16:23,12639
2/8/2023 16:23,12143
2/8/2023 16:24,12371
2/8/2023 16:24,12746
2/8/2023 16:25,11940
2/8/2023 16:25,11788
2/8/2023 16:26,10698
2/8/2023 16:26,11233
2/8/2023 16:27,12751
2/8/2023 16:27,11825
2/8/2023 16:28,11383
2/8/2023 16:28,11611
2/8/2023 16:29,12212
2/8/2023 16:29,11583
2/8/2023 16:30,11583
2/8/2023 16:30,11592
2/8/2023 16:31,11988
2/8/2023 16:31,12566
2/8/2023 16:32,11295
2/8/2023 16:32,11339
2/8/2023 16:33,11921
2/8/2023 16:33,12352
2/8/2023 16:34,11825
2/8/2023 16:34,12658
2/8/2023 16:35,12007
2/8/2023 16:35,11694
2/8/2023 16:36,12007
2/8/2023 16:36,11357
2/8/2023 16:37,11420
2/8/2023 16:37,12840
2/8/2023 16:38,11806
2/8/2023 16:38,11806
2/8/2023 16:39,11675
2/8/2023 16:39,12352
2/8/2023 16:40,11854
2/8/2023 16:40,11741
2/8/2023 16:41,12232
2/8/2023 16:41,12053
2/8/2023 16:42,12371
2/8/2023 16:42,11546
2/8/2023 16:43,11958
2/8/2023 16:44,11536
2/8/2023 16:44,11835
2/8/2023 16:45,12007
2/8/2023 16:45,10890
2/8/2023 16:46,11520
2/8/2023 16:46,11629
2/8/2023 16:47,11675
2/8/2023 16:47,12712
2/8/2023 16:48,11197
2/8/2023 16:48,11565
2/8/2023 16:49,12143
2/8/2023 16:49,11190
2/8/2023 16:50,12639
2/8/2023 16:50,11456
2/8/2023 16:51,11778
2/8/2023 16:51,12251
2/8/2023 16:52,11675
2/8/2023 16:52,12514
2/8/2023 16:53,12546
2/8/2023 16:53,11854
2/8/2023 16:54,11873
2/8/2023 16:54,12201
2/8/2023 16:55,11331
2/8/2023 16:55,11629
2/8/2023 16:56,11825
2/8/2023 16:56,12094
2/8/2023 16:57,12301
2/8/2023 16:57,11172
2/8/2023 16:58,10641
2/8/2023 16:58,10997
2/8/2023 16:59,12143
2/8/2023 16:59,11759
2/8/2023 17:00,11068
2/8/2023 17:00,11713
2/8/2023 17:01,12806
2/8/2023 17:01,11977
2/8/2023 17:02,12403
2/8/2023 17:02,12094
2/8/2023 17:03,11892
2/8/2023 17:03,11501
2/8/2023 17:04,12955
2/8/2023 17:04,11592
2/8/2023 17:05,12514
2/8/2023 17:05,11806
2/8/2023 17:06,11741
2/8/2023 17:06,11741
2/8/2023 17:07,11713
2/8/2023 17:07,11873
2/8/2023 17:08,12007
2/8/2023 17:08,11825
2/8/2023 17:09,11741
2/8/2023 17:09,11129
2/8/2023 17:10,11694
2/8/2023 17:11,11583
2/8/2023 17:11,12232
2/8/2023 17:12,12487
2/8/2023 17:12,12094
2/8/2023 17:13,11910
2/8/2023 17:13,11694
2/8/2023 17:14,11873
2/8/2023 17:14,12371
2/8/2023 17:15,11892
2/8/2023 17:15,12371
2/8/2023 17:16,11546
2/8/2023 17:16,11825
2/8/2023 17:17,11797
2/8/2023 17:17,11190
2/8/2023 17:18,12658
2/8/2023 17:18,11910
2/8/2023 17:19,11741
2/8/2023 17:19,11958
2/8/2023 17:20,12423
2/8/2023 17:20,11556
2/8/2023 17:21,12162
2/8/2023 17:21,11086
2/8/2023 17:22,11375
2/8/2023 17:22,11511
2/8/2023 17:23,11759
2/8/2023 17:23,12639
2/8/2023 17:24,11825
2/8/2023 17:24,11483
2/8/2023 17:25,11844
2/8/2023 17:25,11938
2/8/2023 17:26,12282
2/8/2023 17:26,10890
2/8/2023 17:27,12113
2/8/2023 17:27,12064
2/8/2023 17:28,12514
2/8/2023 17:28,11215
2/8/2023 17:29,11456
2/8/2023 17:29,11825
2/8/2023 17:30,11629
2/8/2023 17:30,12124
2/8/2023 17:31,12201
2/8/2023 17:31,11611
2/8/2023 17:32,11996
2/8/2023 17:32,11759
2/8/2023 17:33,12732
2/8/2023 17:33,11611
2/8/2023 17:34,11611
2/8/2023 17:34,12026
2/8/2023 17:35,11611
2/8/2023 17:35,12212
2/8/2023 17:36,11759
2/8/2023 17:36,11825
2/8/2023 17:37,11759
2/8/2023 17:38,11375
2/8/2023 17:38,12232
2/8/2023 17:39,12162
2/8/2023 17:39,12371
2/8/2023 17:40,12094
2/8/2023 17:40,11759
2/8/2023 17:41,11491
2/8/2023 17:41,11957
2/8/2023 17:42,11438
2/8/2023 17:42,11629
2/8/2023 17:43,12678
2/8/2023 17:43,11456
2/8/2023 17:44,11694
2/8/2023 17:44,12698
2/8/2023 17:45,12251
2/8/2023 17:45,12880
2/8/2023 17:46,12410
2/8/2023 17:46,12143
2/8/2023 17:47,11977
2/8/2023 17:47,12442
2/8/2023 17:48,11648
2/8/2023 17:48,11583
2/8/2023 17:49,11713
2/8/2023 17:49,12625
2/8/2023 17:50,12860
2/8/2023 17:50,12442
2/8/2023 17:51,12605
2/8/2023 17:51,11910
2/8/2023 17:52,11759
2/8/2023 17:52,12371
2/8/2023 17:53,11648
2/8/2023 17:53,11694
2/8/2023 17:54,11892
2/8/2023 17:54,11648
2/8/2023 17:55,11825
2/8/2023 17:55,11703
2/8/2023 17:56,11958
2/8/2023 17:56,11892
2/8/2023 17:57,12301
2/8/2023 17:57,11694
2/8/2023 17:58,11520
2/8/2023 17:58,11583
2/8/2023 17:59,11530
2/8/2023 17:59,11648
2/8/2023 18:00,11806
2/8/2023 18:00,11629
2/8/2023 18:01,11806
2/8/2023 18:01,12182
2/8/2023 18:02,11873
2/8/2023 18:02,11750
2/8/2023 18:03,11583
2/8/2023 18:04,12212
2/8/2023 18:04,12251
2/8/2023 18:05,11648
2/8/2023 18:05,11583
2/8/2023 18:06,11493
2/8/2023 18:06,12462
2/8/2023 18:07,11778
2/8/2023 18:07,11759
2/8/2023 18:08,11977
2/8/2023 18:08,11675
2/8/2023 18:09,12514
2/8/2023 18:09,12658
2/8/2023 18:10,11910
2/8/2023 18:10,11520
2/8/2023 18:11,11546
2/8/2023 18:11,11491
2/8/2023 18:12,12766
2/8/2023 18:12,12391
2/8/2023 18:13,12045
2/8/2023 18:13,12442
2/8/2023 18:14,11977
2/8/2023 18:14,11713
2/8/2023 18:15,12113
2/8/2023 18:15,11565
2/8/2023 18:16,11778
2/8/2023 18:16,11806
2/8/2023 18:17,12975
2/8/2023 18:17,12658
2/8/2023 18:18,12786
2/8/2023 18:18,11694
2/8/2023 18:19,12442
2/8/2023 18:19,11977
2/8/2023 18:20,11741
2/8/2023 18:20,11713
2/8/2023 18:21,12423
2/8/2023 18:21,11731
2/8/2023 18:22,12514
2/8/2023 18:22,11648
2/8/2023 18:23,11977
2/8/2023 18:23,12282
2/8/2023 18:24,11778
2/8/2023 18:24,12786
2/8/2023 18:25,11657
2/8/2023 18:25,11438
2/8/2023 18:26,12091
2/8/2023 18:26,13031
2/8/2023 18:27,11287
2/8/2023 18:27,11456
2/8/2023 18:28,12182
2/8/2023 18:28,11892
2/8/2023 18:29,12113
2/8/2023 18:29,12371
2/8/2023 18:30,11456
2/8/2023 18:31,11844
2/8/2023 18:31,11853
2/8/2023 18:32,12371
2/8/2023 18:32,12494
2/8/2023 18:33,12289
2/8/2023 18:33,12007
2/8/2023 18:34,11844
2/8/2023 18:34,12514
2/8/2023 18:35,11393
2/8/2023 18:35,12072
2/8/2023 18:36,11501
2/8/2023 18:36,11611
2/8/2023 18:37,11958
2/8/2023 18:37,11863
2/8/2023 18:38,12442
2/8/2023 18:38,11538
2/8/2023 18:39,11873
2/8/2023 18:39,12301
2/8/2023 18:40,12639
2/8/2023 18:40,11694
2/8/2023 18:41,12746
2/8/2023 18:41,11501
2/8/2023 18:42,11593
2/8/2023 18:42,12743
2/8/2023 18:43,12533
2/8/2023 18:43,12301
2/8/2023 18:44,11977
2/8/2023 18:44,11520
2/8/2023 18:45,11958
2/8/2023 18:45,11713
2/8/2023 18:46,12462
2/8/2023 18:46,12455
2/8/2023 18:47,12321
2/8/2023 18:47,11929
2/8/2023 18:48,11938
2/8/2023 18:48,12533
2/8/2023 18:49,12391
2/8/2023 18:49,11844
2/8/2023 18:50,11844
2/8/2023 18:50,12712
2/8/2023 18:51,11666
2/8/2023 18:51,11713
2/8/2023 18:52,12026
2/8/2023 18:52,11648
2/8/2023 18:53,11331
2/8/2023 18:53,11778
2/8/2023 18:54,11977
2/8/2023 18:54,11873
2/8/2023 18:55,11741
2/8/2023 18:55,11675
2/8/2023 18:56,11713
2/8/2023 18:56,11778
2/8/2023 18:57,11694
2/8/2023 18:58,12462
2/8/2023 18:58,12533
2/8/2023 18:59,12806
2/8/2023 18:59,12094
2/8/2023 19:00,12007
2/8/2023 19:00,11892
2/8/2023 19:01,11806
2/8/2023 19:01,12201
2/8/2023 19:02,11233
2/8/2023 19:02,12533
2/8/2023 19:03,11694
2/8/2023 19:03,11629
2/8/2023 19:04,11393
2/8/2023 19:04,12182
2/8/2023 19:05,11825
2/8/2023 19:05,11910
2/8/2023 19:06,12469
2/8/2023 19:06,12442
2/8/2023 19:07,12143
2/8/2023 19:07,11825
2/8/2023 19:08,11629
2/8/2023 19:08,12391
2/8/2023 19:09,12113
2/8/2023 19:09,11648
2/8/2023 19:10,11438
2/8/2023 19:10,11190
2/8/2023 19:11,12340
2/8/2023 19:11,11759
2/8/2023 19:12,11892
2/8/2023 19:12,11892
2/8/2023 19:13,11797
2/8/2023 19:13,12007
2/8/2023 19:14,12566
2/8/2023 19:14,12301
2/8/2023 19:15,12045
2/8/2023 19:15,11583
2/8/2023 19:16,11602
2/8/2023 19:16,12718
2/8/2023 19:17,12586
2/8/2023 19:17,11958
2/8/2023 19:18,12232
2/8/2023 19:18,11713
2/8/2023 19:19,12553
2/8/2023 19:19,11759
2/8/2023 19:20,12182
2/8/2023 19:20,12045
2/8/2023 19:21,12880
2/8/2023 19:21,11910
2/8/2023 19:22,12391
2/8/2023 19:22,12751
2/8/2023 19:23,12860
2/8/2023 19:24,11910
2/8/2023 19:24,12045
2/8/2023 19:25,12220
2/8/2023 19:25,11456
2/8/2023 19:26,11741
2/8/2023 19:26,12045
2/8/2023 19:27,11713
2/8/2023 19:27,12825
2/8/2023 19:28,12900
2/8/2023 19:28,12678
2/8/2023 19:29,11759
2/8/2023 19:29,12113
2/8/2023 19:30,11666
2/8/2023 19:30,12045
2/8/2023 19:31,12533
2/8/2023 19:31,12371
2/8/2023 19:32,12880
2/8/2023 19:32,11910
2/8/2023 19:33,12605
2/8/2023 19:33,11750
2/8/2023 19:34,11731
2/8/2023 19:34,12113
2/8/2023 19:35,12573
2/8/2023 19:35,12533
2/8/2023 19:36,11602
2/8/2023 19:36,11844
2/8/2023 19:37,12005
2/8/2023 19:37,11611
2/8/2023 19:38,11666
2/8/2023 19:38,11713
2/8/2023 19:39,11778
2/8/2023 19:39,11872
2/8/2023 19:40,11629
2/8/2023 19:40,12712
2/8/2023 19:41,12732
2/8/2023 19:41,12442
2/8/2023 19:42,11994
2/8/2023 19:42,13011
2/8/2023 19:43,12113
2/8/2023 19:43,11873
2/8/2023 19:44,12462
2/8/2023 19:44,12321
2/8/2023 19:45,11520
2/8/2023 19:45,12371
2/8/2023 19:46,11629
2/8/2023 19:46,12514
2/8/2023 19:47,11910
2/8/2023 19:47,11977
2/8/2023 19:48,11648
2/8/2023 19:48,12605
2/8/2023 19:49,11825
2/8/2023 19:49,11778
2/8/2023 19:50,12737
2/8/2023 19:51,12391
2/8/2023 19:51,12586
2/8/2023 19:52,12825
2/8/2023 19:52,11892
2/8/2023 19:53,11778
2/8/2023 19:53,11929
2/8/2023 19:54,12094
2/8/2023 19:54,12442
2/8/2023 19:55,12806
2/8/2023 19:55,11825
2/8/2023 19:56,12007
2/8/2023 19:56,11873
2/8/2023 19:57,12094
2/8/2023 19:57,11438
2/8/2023 19:58,11977
2/8/2023 19:58,12533
2/8/2023 19:59,11844
2/8/2023 19:59,11520
2/8/2023 20:00,11825
2/8/2023 20:00,11844
2/8/2023 20:01,11854
2/8/2023 20:01,11835
2/8/2023 20:02,11759
2/8/2023 20:02,12247
2/8/2023 20:03,12094
2/8/2023 20:03,11456
2/8/2023 20:04,12094
2/8/2023 20:04,11759
2/8/2023 20:05,12232
2/8/2023 20:05,12566
2/8/2023 20:06,11694
2/8/2023 20:06,11977
2/8/2023 20:07,13184
2/8/2023 20:07,11806
2/8/2023 20:08,11806
2/8/2023 20:08,12094
2/8/2023 20:09,12533
2/8/2023 20:09,12026
2/8/2023 20:10,12751
2/8/2023 20:10,11501
2/8/2023 20:11,12712
2/8/2023 20:11,11629
2/8/2023 20:12,11996
2/8/2023 20:12,12658
2/8/2023 20:13,11648
2/8/2023 20:13,11657
2/8/2023 20:14,12026
2/8/2023 20:14,12806
2/8/2023 20:15,11892
2/8/2023 20:15,11863
2/8/2023 20:16,12371
2/8/2023 20:16,12732
2/8/2023 20:17,11694
2/8/2023 20:18,11958
2/8/2023 20:18,12442
2/8/2023 20:19,11438
2/8/2023 20:19,11902
2/8/2023 20:20,11759
2/8/2023 20:20,11825
2/8/2023 20:21,11958
2/8/2023 20:21,11383
2/8/2023 20:22,11565
2/8/2023 20:22,11675
2/8/2023 20:23,12371
2/8/2023 20:23,11844
2/8/2023 20:24,12639
2/8/2023 20:24,12664
2/8/2023 20:25,11438
2/8/2023 20:25,11464
2/8/2023 20:26,12442
2/8/2023 20:26,11806
2/8/2023 20:27,11501
2/8/2023 20:27,12007
2/8/2023 20:28,12639
2/8/2023 20:28,12143
2/8/2023 20:29,12037
2/8/2023 20:29,12232
2/8/2023 20:30,11251
2/8/2023 20:30,11958
2/8/2023 20:31,12712
2/8/2023 20:31,11921
2/8/2023 20:32,11694
2/8/2023 20:32,12026
2/8/2023 20:33,12566
2/8/2023 20:33,11759
2/8/2023 20:34,12566
2/8/2023 20:34,12639
2/8/2023 20:35,12007
2/8/2023 20:35,11628
2/8/2023 20:36,12935
2/8/2023 20:36,11611
2/8/2023 20:37,11611
2/8/2023 20:37,12094
2/8/2023 20:38,11694
2/8/2023 20:38,12586
2/8/2023 20:39,11357
2/8/2023 20:39,11233
2/8/2023 20:40,11438
2/8/2023 20:40,12860
2/8/2023 20:41,11854
2/8/2023 20:41,11750
2/8/2023 20:42,12845
2/8/2023 20:42,12301
2/8/2023 20:43,11233
2/8/2023 20:44,11611
2/8/2023 20:44,12162
2/8/2023 20:45,11472
2/8/2023 20:45,11759
2/8/2023 20:46,11713
2/8/2023 20:46,11295
2/8/2023 20:47,12791
2/8/2023 20:47,11892
2/8/2023 20:48,11825
2/8/2023 20:48,13320
2/8/2023 20:49,11892
2/8/2023 20:49,11825
2/8/2023 20:50,11393
2/8/2023 20:50,11788
2/8/2023 20:51,11546
2/8/2023 20:51,12494
2/8/2023 20:52,11722
2/8/2023 20:52,11583
2/8/2023 20:53,11778
2/8/2023 20:53,12658
2/8/2023 20:54,11806
2/8/2023 20:54,10872
2/8/2023 20:55,12698
2/8/2023 20:55,12732
2/8/2023 20:56,12462
2/8/2023 20:56,11675
2/8/2023 20:57,11910
2/8/2023 20:57,11958
2/8/2023 20:58,11694
2/8/2023 20:58,12094
2/8/2023 20:59,12494
2/8/2023 20:59,11313
2/8/2023 21:00,11546
2/8/2023 21:00,12371
2/8/2023 21:01,11806
2/8/2023 21:01,11769
2/8/2023 21:02,11854
2/8/2023 21:02,12442
2/8/2023 21:03,11215
2/8/2023 21:03,13031
2/8/2023 21:04,12786
2/8/2023 21:04,12037
2/8/2023 21:05,11713
2/8/2023 21:05,11788
2/8/2023 21:06,11759
2/8/2023 21:06,11854
2/8/2023 21:07,11713
2/8/2023 21:07,11873
2/8/2023 21:08,12766
2/8/2023 21:08,12094
2/8/2023 21:09,12143
2/8/2023 21:09,11629
2/8/2023 21:10,11611
2/8/2023 21:11,12086
2/8/2023 21:11,11675
2/8/2023 21:12,12514
2/8/2023 21:12,11565
2/8/2023 21:13,12840
2/8/2023 21:13,12639
2/8/2023 21:14,11940
2/8/2023 21:14,12352
2/8/2023 21:15,11741
2/8/2023 21:15,11958
2/8/2023 21:16,11759
2/8/2023 21:16,11694
2/8/2023 21:17,11759
2/8/2023 21:17,12091
2/8/2023 21:18,11825
2/8/2023 21:18,12007
2/8/2023 21:19,11844
2/8/2023 21:19,11694
2/8/2023 21:20,11501
2/8/2023 21:20,12162
2/8/2023 21:21,12371
2/8/2023 21:21,11854
2/8/2023 21:22,12442
2/8/2023 21:22,12423
2/8/2023 21:23,11921
2/8/2023 21:23,11873
2/8/2023 21:24,12143
2/8/2023 21:24,12481
2/8/2023 21:25,11958
2/8/2023 21:25,11892
2/8/2023 21:26,11295
2/8/2023 21:26,12423
2/8/2023 21:27,11825
2/8/2023 21:27,11675
2/8/2023 21:28,12514
2/8/2023 21:28,11611
2/8/2023 21:29,11501
2/8/2023 21:29,12026
2/8/2023 21:30,11675
2/8/2023 21:30,11295
2/8/2023 21:31,12658
2/8/2023 21:31,11483
2/8/2023 21:32,11694
2/8/2023 21:32,11750
2/8/2023 21:33,11183
2/8/2023 21:33,12301
2/8/2023 21:34,12026
2/8/2023 21:34,11910
2/8/2023 21:35,12732
2/8/2023 21:35,12566
2/8/2023 21:36,11778
2/8/2023 21:36,11629
2/8/2023 21:37,11675
2/8/2023 21:38,11694
2/8/2023 21:38,12514
2/8/2023 21:39,11750
2/8/2023 21:39,11940
2/8/2023 21:40,11958
2/8/2023 21:40,11825
2/8/2023 21:41,11741
2/8/2023 21:41,12825
2/8/2023 21:42,11331
2/8/2023 21:42,12026
2/8/2023 21:43,12232
2/8/2023 21:43,12162
2/8/2023 21:44,11988
2/8/2023 21:44,11977
2/8/2023 21:45,12494
2/8/2023 21:45,12007
2/8/2023 21:46,11694
2/8/2023 21:46,11694
2/8/2023 21:47,12282
2/8/2023 21:47,11958
2/8/2023 21:48,11873
2/8/2023 21:48,11675
2/8/2023 21:49,11694
2/8/2023 21:49,12712
2/8/2023 21:50,12442
2/8/2023 21:50,12403
2/8/2023 21:51,11806
2/8/2023 21:51,11825
2/8/2023 21:52,11501
2/8/2023 21:52,12975
2/8/2023 21:53,11788
2/8/2023 21:53,12193
2/8/2023 21:54,11648
2/8/2023 21:54,11546
2/8/2023 21:55,12806
2/8/2023 21:55,11611
2/8/2023 21:56,12282
2/8/2023 21:56,11694
2/8/2023 21:57,12251
2/8/2023 21:57,12352
2/8/2023 21:58,11759
2/8/2023 21:58,12359
2/8/2023 21:59,11759
2/8/2023 21:59,11501
2/8/2023 22:00,12026
2/8/2023 22:00,11629
2/8/2023 22:01,12514
2/8/2023 22:01,11694
2/8/2023 22:02,11778
2/8/2023 22:02,13320
2/8/2023 22:03,12514
2/8/2023 22:04,11629
2/8/2023 22:04,12094
2/8/2023 22:05,12639
2/8/2023 22:05,11929
2/8/2023 22:06,11873
2/8/2023 22:06,12692
2/8/2023 22:07,11948
2/8/2023 22:07,11713
2/8/2023 22:08,11873
2/8/2023 22:08,12143
2/8/2023 22:09,11873
2/8/2023 22:09,11921
2/8/2023 22:10,11501
2/8/2023 22:10,11741
2/8/2023 22:11,12162
2/8/2023 22:11,12321
2/8/2023 22:12,11438
2/8/2023 22:12,11731
2/8/2023 22:13,11806
2/8/2023 22:13,11806
2/8/2023 22:14,11902
2/8/2023 22:14,11741
2/8/2023 22:15,11882
2/8/2023 22:15,11977
2/8/2023 22:16,12301
2/8/2023 22:16,12423
2/8/2023 22:17,12935
2/8/2023 22:17,11825
2/8/2023 22:18,12075
2/8/2023 22:18,11675
2/8/2023 22:19,11611
2/8/2023 22:19,12586
2/8/2023 22:20,12232
2/8/2023 22:20,12980
2/8/2023 22:21,11759
2/8/2023 22:21,12026
2/8/2023 22:22,12026
2/8/2023 22:22,12442
2/8/2023 22:23,12546
2/8/2023 22:23,11940
2/8/2023 22:24,11806
2/8/2023 22:24,11233
2/8/2023 22:25,11675
2/8/2023 22:25,11900
2/8/2023 22:26,11713
2/8/2023 22:26,12586
2/8/2023 22:27,11565
2/8/2023 22:27,12301
2/8/2023 22:28,11816
2/8/2023 22:28,12340
2/8/2023 22:29,11565
2/8/2023 22:29,12442
2/8/2023 22:30,12955
2/8/2023 22:31,11892
2/8/2023 22:31,12371
2/8/2023 22:32,12514
2/8/2023 22:32,11958
2/8/2023 22:33,13144
2/8/2023 22:33,11759
2/8/2023 22:34,11872
2/8/2023 22:34,12442
2/8/2023 22:35,12007
2/8/2023 22:35,12403
2/8/2023 22:36,12935
2/8/2023 22:36,12494
2/8/2023 22:37,11958
2/8/2023 22:37,13144
2/8/2023 22:38,12045
2/8/2023 22:38,12678
2/8/2023 22:39,13107
2/8/2023 22:39,11741
2/8/2023 22:40,11910
2/8/2023 22:40,11741
2/8/2023 22:41,11685
2/8/2023 22:41,13128
2/8/2023 22:42,11892
2/8/2023 22:42,12494
2/8/2023 22:43,12094
2/8/2023 22:43,11977
2/8/2023 22:44,11910
2/8/2023 22:44,11629
2/8/2023 22:45,12193
2/8/2023 22:45,11759
2/8/2023 22:46,12075
2/8/2023 22:46,11546
2/8/2023 22:47,12586
2/8/2023 22:47,11844
2/8/2023 22:48,13341
2/8/2023 22:48,12860
2/8/2023 22:49,11778
2/8/2023 22:49,12034
2/8/2023 22:50,11844
2/8/2023 22:50,11648
2/8/2023 22:51,11675
2/8/2023 22:51,11806
2/8/2023 22:52,12094
2/8/2023 22:52,12605
2/8/2023 22:53,13262
2/8/2023 22:53,12301
2/8/2023 22:54,12182
2/8/2023 22:54,12965
2/8/2023 22:55,12232
2/8/2023 22:55,11520
2/8/2023 22:56,11910
2/8/2023 22:56,11948
2/8/2023 22:57,11977
2/8/2023 22:58,11778
2/8/2023 22:58,12083
2/8/2023 22:59,12678
2/8/2023 22:59,12026
2/8/2023 23:00,11520
2/8/2023 23:00,11863
2/8/2023 23:01,11910
2/8/2023 23:01,11958
2/8/2023 23:02,11844
2/8/2023 23:02,12442
2/8/2023 23:03,11788
2/8/2023 23:03,11520
2/8/2023 23:04,12955
2/8/2023 23:04,11565
2/8/2023 23:05,11731
2/8/2023 23:05,11910
2/8/2023 23:06,11873
2/8/2023 23:06,12410
2/8/2023 23:07,11694
2/8/2023 23:07,12232
2/8/2023 23:08,10908
2/8/2023 23:08,11806
2/8/2023 23:09,11797
2/8/2023 23:09,11438
2/8/2023 23:10,11844
2/8/2023 23:10,12371
2/8/2023 23:11,11438
2/8/2023 23:11,12442
2/8/2023 23:12,12064
2/8/2023 23:12,11929
2/8/2023 23:13,11988
2/8/2023 23:13,12423
2/8/2023 23:14,12501
2/8/2023 23:14,12045
2/8/2023 23:15,11675
2/8/2023 23:15,12825
2/8/2023 23:16,11675
2/8/2023 23:16,12639
2/8/2023 23:17,11977
2/8/2023 23:17,12162
2/8/2023 23:18,11501
2/8/2023 23:18,11657
2/8/2023 23:19,11713
2/8/2023 23:19,12026
2/8/2023 23:20,12251
2/8/2023 23:20,12094
2/8/2023 23:21,11111
2/8/2023 23:21,12251
2/8/2023 23:22,12845
2/8/2023 23:22,11977
2/8/2023 23:23,12678
2/8/2023 23:24,12391
2/8/2023 23:24,11251
2/8/2023 23:25,11958
2/8/2023 23:25,11948
2/8/2023 23:26,11713
2/8/2023 23:26,11844
2/8/2023 23:27,11977
2/8/2023 23:27,12232
2/8/2023 23:28,12442
2/8/2023 23:28,11919
2/8/2023 23:29,11713
2/8/2023 23:29,12064
2/8/2023 23:30,11520
2/8/2023 23:30,12533
2/8/2023 23:31,12533
2/8/2023 23:31,11996
2/8/2023 23:32,12162
2/8/2023 23:32,12232
2/8/2023 23:33,12514
2/8/2023 23:33,12533
2/8/2023 23:34,11629
2/8/2023 23:34,11892
2/8/2023 23:35,12925
2/8/2023 23:35,11583
2/8/2023 23:36,12162
2/8/2023 23:36,12045
2/8/2023 23:37,11910
2/8/2023 23:37,11694
2/8/2023 23:38,12162
2/8/2023 23:38,11648
2/8/2023 23:39,12371
2/8/2023 23:39,12143
2/8/2023 23:40,12007
2/8/2023 23:40,12301
2/8/2023 23:41,12880
2/8/2023 23:41,12955
2/8/2023 23:42,13087
2/8/2023 23:42,12975
2/8/2023 23:43,11825
2/8/2023 23:43,12113
2/8/2023 23:44,12113
2/8/2023 23:44,11910
2/8/2023 23:45,12045
2/8/2023 23:45,11750
2/8/2023 23:46,12586
2/8/2023 23:46,13031
2/8/2023 23:47,12352
2/8/2023 23:47,13011
2/8/2023 23:48,12352
2/8/2023 23:48,11958
2/8/2023 23:49,12182
2/8/2023 23:49,11778
2/8/2023 23:50,12212
2/8/2023 23:51,12182
2/8/2023 23:51,12232
2/8/2023 23:52,11806
2/8/2023 23:52,12678
2/8/2023 23:53,11769
2/8/2023 23:53,11910
2/8/2023 23:54,12900
2/8/2023 23:54,11520
2/8/2023 23:55,11977
2/8/2023 23:55,12162
2/8/2023 23:56,12007
2/8/2023 23:56,11731
2/8/2023 23:57,12751
2/8/2023 23:57,11825
2/8/2023 23:58,11778
2/8/2023 23:58,12619
2/8/2023 23:59,11750
2/8/2023 23:59,11713
2/9/2023 0:00,11694
2/9/2023 0:00,12514
2/9/2023 0:01,12678
2/9/2023 0:01,11565
2/9/2023 0:02,13262
2/9/2023 0:02,11844
2/9/2023 0:03,11778
2/9/2023 0:03,12026
2/9/2023 0:04,11863
2/9/2023 0:04,12514
2/9/2023 0:05,12251
2/9/2023 0:05,11367
2/9/2023 0:06,13160
2/9/2023 0:06,12410
2/9/2023 0:07,11438
2/9/2023 0:07,11520
2/9/2023 0:08,12379
2/9/2023 0:08,12026
2/9/2023 0:09,11592
2/9/2023 0:09,11977
2/9/2023 0:10,11825
2/9/2023 0:10,11483
2/9/2023 0:11,11629
2/9/2023 0:11,12732
2/9/2023 0:12,12162
2/9/2023 0:12,12442
2/9/2023 0:13,11565
2/9/2023 0:13,12880
2/9/2023 0:14,11759
2/9/2023 0:14,11694
2/9/2023 0:15,11694
2/9/2023 0:15,12527
2/9/2023 0:16,12026
2/9/2023 0:16,11546
2/9/2023 0:17,11873
2/9/2023 0:18,12566
2/9/2023 0:18,11778
2/9/2023 0:19,11929
2/9/2023 0:19,12494
2/9/2023 0:20,12732
2/9/2023 0:20,12806
2/9/2023 0:21,12391
2/9/2023 0:21,12352
2/9/2023 0:22,12301
2/9/2023 0:22,11611
2/9/2023 0:23,11759
2/9/2023 0:23,11675
2/9/2023 0:24,11287
2/9/2023 0:24,11844
2/9/2023 0:25,11892
2/9/2023 0:25,11892
2/9/2023 0:26,12786
2/9/2023 0:26,12732
2/9/2023 0:27,12840
2/9/2023 0:27,11759
2/9/2023 0:28,12352
2/9/2023 0:28,12301
2/9/2023 0:29,11977
2/9/2023 0:29,12151
2/9/2023 0:30,11657
2/9/2023 0:30,12056
2/9/2023 0:31,11694
2/9/2023 0:31,12915
2/9/2023 0:32,12586
2/9/2023 0:32,11873
2/9/2023 0:33,11357
2/9/2023 0:33,12333
2/9/2023 0:34,12301
2/9/2023 0:34,12007
2/9/2023 0:35,12212
2/9/2023 0:35,11592
2/9/2023 0:36,11892
2/9/2023 0:36,11892
2/9/2023 0:37,12182
2/9/2023 0:37,11722
2/9/2023 0:38,13128
2/9/2023 0:38,11648
2/9/2023 0:39,12037
2/9/2023 0:39,11910
2/9/2023 0:40,11574
2/9/2023 0:40,12333
2/9/2023 0:41,11592
2/9/2023 0:41,12960
2/9/2023 0:42,11722
2/9/2023 0:42,12282
2/9/2023 0:43,11940
2/9/2023 0:43,12282
2/9/2023 0:44,11873
2/9/2023 0:45,11806
2/9/2023 0:45,11741
2/9/2023 0:46,11694
2/9/2023 0:46,13011
2/9/2023 0:47,11741
2/9/2023 0:47,11759
2/9/2023 0:48,11657
2/9/2023 0:48,12840
2/9/2023 0:49,12313
2/9/2023 0:49,11806
2/9/2023 0:50,12494
2/9/2023 0:50,11628
2/9/2023 0:51,11483
2/9/2023 0:51,12174
2/9/2023 0:52,11873
2/9/2023 0:52,12034
2/9/2023 0:53,11574
2/9/2023 0:53,11988
2/9/2023 0:54,11501
2/9/2023 0:54,11129
2/9/2023 0:55,11420
2/9/2023 0:55,12860
2/9/2023 0:56,12263
2/9/2023 0:56,11873
2/9/2023 0:57,11722
2/9/2023 0:57,12692
2/9/2023 0:58,11722
2/9/2023 0:58,11741
2/9/2023 0:59,12037
2/9/2023 0:59,11703
2/9/2023 1:00,11921
2/9/2023 1:00,12313
2/9/2023 1:01,12212
2/9/2023 1:01,11722
2/9/2023 1:02,12263
2/9/2023 1:02,11788
2/9/2023 1:03,11940
2/9/2023 1:03,12124
2/9/2023 1:04,12352
2/9/2023 1:04,12619
2/9/2023 1:05,12423
2/9/2023 1:05,12026
2/9/2023 1:06,12455
2/9/2023 1:06,11921
2/9/2023 1:07,11339
2/9/2023 1:07,11675
2/9/2023 1:08,12481
2/9/2023 1:08,12494
2/9/2023 1:09,12475
2/9/2023 1:09,11940
2/9/2023 1:10,12113
2/9/2023 1:11,11921
2/9/2023 1:11,12786
2/9/2023 1:12,11902
2/9/2023 1:12,11940
2/9/2023 1:13,12599
2/9/2023 1:13,12579
2/9/2023 1:14,11921
2/9/2023 1:14,13067
2/9/2023 1:15,11339
2/9/2023 1:15,11657
2/9/2023 1:16,11872
2/9/2023 1:16,11854
2/9/2023 1:17,11464
2/9/2023 1:17,12820
2/9/2023 1:18,11921
2/9/2023 1:18,11741
2/9/2023 1:19,11741
2/9/2023 1:19,12573
2/9/2023 1:20,12243
2/9/2023 1:20,11969
2/9/2023 1:21,12124
2/9/2023 1:21,11769
2/9/2023 1:22,11921
2/9/2023 1:22,12056
2/9/2023 1:23,12056
2/9/2023 1:23,12026
2/9/2023 1:24,11657
2/9/2023 1:24,11988
2/9/2023 1:25,11873
2/9/2023 1:25,12143
2/9/2023 1:26,11592
2/9/2023 1:26,12806
2/9/2023 1:27,13358
2/9/2023 1:27,12935
2/9/2023 1:28,12692
2/9/2023 1:28,13047
2/9/2023 1:29,12840
2/9/2023 1:29,13047
2/9/2023 1:30,11969
2/9/2023 1:30,12124
2/9/2023 1:31,11722
2/9/2023 1:31,11902
2/9/2023 1:32,11364
2/9/2023 1:32,11940
2/9/2023 1:33,13051
2/9/2023 1:33,12692
2/9/2023 1:34,11722
2/9/2023 1:34,11703
2/9/2023 1:35,11638
2/9/2023 1:35,12955
2/9/2023 1:36,12313
2/9/2023 1:36,11921
2/9/2023 1:37,12672
2/9/2023 1:38,11638
2/9/2023 1:38,11873
2/9/2023 1:39,12135
2/9/2023 1:39,11788
2/9/2023 1:40,11921
2/9/2023 1:40,13518
2/9/2023 1:41,11902
2/9/2023 1:41,12232
2/9/2023 1:42,12056
2/9/2023 1:42,11619
2/9/2023 1:43,11988
2/9/2023 1:43,11902
2/9/2023 1:44,12820
2/9/2023 1:44,11788
2/9/2023 1:45,11657
2/9/2023 1:45,13259
2/9/2023 1:46,11383
2/9/2023 1:46,12056
2/9/2023 1:47,11902
2/9/2023 1:47,12507
2/9/2023 1:48,11940
2/9/2023 1:48,12692
2/9/2023 1:49,12193
2/9/2023 1:49,12037
2/9/2023 1:50,12686
2/9/2023 1:50,11574
2/9/2023 1:51,11969
2/9/2023 1:51,12174
2/9/2023 1:52,11769
2/9/2023 1:52,12056
2/9/2023 1:53,12895
2/9/2023 1:53,12417
2/9/2023 1:54,12274
2/9/2023 1:54,11854
2/9/2023 1:55,12403
2/9/2023 1:55,12243
2/9/2023 1:56,11446
2/9/2023 1:56,11893
2/9/2023 1:57,11788
2/9/2023 1:57,11835
2/9/2023 1:58,12435
2/9/2023 1:58,11921
2/9/2023 1:59,12970
2/9/2023 1:59,11854
2/9/2023 2:00,11854
2/9/2023 2:00,13123
2/9/2023 2:01,11172
2/9/2023 2:01,11854
2/9/2023 2:02,11657
2/9/2023 2:02,11902
2/9/2023 2:03,12384
2/9/2023 2:03,12105
2/9/2023 2:04,11835
2/9/2023 2:05,12056
2/9/2023 2:05,11657
2/9/2023 2:06,11657
2/9/2023 2:06,12527
2/9/2023 2:07,12313
2/9/2023 2:07,11788
2/9/2023 2:08,11969
2/9/2023 2:08,11921
2/9/2023 2:09,12384
2/9/2023 2:09,11703
2/9/2023 2:10,12056
2/9/2023 2:10,12345
2/9/2023 2:11,12124
2/9/2023 2:11,12124
2/9/2023 2:12,11816
2/9/2023 2:12,11835
2/9/2023 2:13,13047
2/9/2023 2:13,12546
2/9/2023 2:14,12174
2/9/2023 2:14,11722
2/9/2023 2:15,12313
2/9/2023 2:15,12105
2/9/2023 2:16,12174
2/9/2023 2:16,11769
2/9/2023 2:17,11950
2/9/2023 2:17,12455
2/9/2023 2:18,12507
2/9/2023 2:18,11769
2/9/2023 2:19,11816
2/9/2023 2:19,12403
2/9/2023 2:20,13201
2/9/2023 2:20,12403
2/9/2023 2:21,11446
2/9/2023 2:21,12007
2/9/2023 2:22,12243
2/9/2023 2:22,12746
2/9/2023 2:23,12950
2/9/2023 2:23,11135
2/9/2023 2:24,12132
2/9/2023 2:24,11684
2/9/2023 2:25,11921
2/9/2023 2:25,12037
2/9/2023 2:26,12895
2/9/2023 2:26,11854
2/9/2023 2:27,12086
2/9/2023 2:27,11135
2/9/2023 2:28,11592
2/9/2023 2:28,12403
2/9/2023 2:29,11446
2/9/2023 2:29,12105
2/9/2023 2:30,12105
2/9/2023 2:30,11258
2/9/2023 2:31,11638
2/9/2023 2:32,12875
2/9/2023 2:32,12037
2/9/2023 2:33,11835
2/9/2023 2:33,12313
2/9/2023 2:34,11750
2/9/2023 2:34,11509
2/9/2023 2:35,12056
2/9/2023 2:35,11638
2/9/2023 2:36,11902
2/9/2023 2:36,11703
2/9/2023 2:37,12684
2/9/2023 2:37,11864
2/9/2023 2:38,11684
2/9/2023 2:38,12950
2/9/2023 2:39,11835
2/9/2023 2:39,11902
2/9/2023 2:40,12037
2/9/2023 2:40,11769
2/9/2023 2:41,12384
2/9/2023 2:41,12056
2/9/2023 2:42,11769
2/9/2023 2:42,11750
2/9/2023 2:43,11883
2/9/2023 2:43,11902
2/9/2023 2:44,12294
2/9/2023 2:44,11135
2/9/2023 2:45,11383
2/9/2023 2:45,11902
2/9/2023 2:46,11769
2/9/2023 2:46,12599
2/9/2023 2:47,11383
2/9/2023 2:47,11835
2/9/2023 2:48,11816
2/9/2023 2:48,11902
2/9/2023 2:49,12579
2/9/2023 2:49,12599
2/9/2023 2:50,11835
2/9/2023 2:50,11883
2/9/2023 2:51,11788
2/9/2023 2:51,11902
2/9/2023 2:52,11491
2/9/2023 2:52,12155
2/9/2023 2:53,12455
2/9/2023 2:53,12017
2/9/2023 2:54,11902
2/9/2023 2:54,11574
2/9/2023 2:55,12455
2/9/2023 2:55,11339
2/9/2023 2:56,12950
2/9/2023 2:56,11969
2/9/2023 2:57,11703
2/9/2023 2:58,12455
2/9/2023 2:58,12435
2/9/2023 2:59,12546
2/9/2023 2:59,12313
2/9/2023 3:00,12045
2/9/2023 3:00,12895
2/9/2023 3:01,12105
2/9/2023 3:01,12599
2/9/2023 3:02,11741
2/9/2023 3:02,11835
2/9/2023 3:03,12652
2/9/2023 3:03,11611
2/9/2023 3:04,11582
2/9/2023 3:04,11873
2/9/2023 3:05,11769
2/9/2023 3:05,12037
2/9/2023 3:06,12056
2/9/2023 3:06,11638
2/9/2023 3:07,11619
2/9/2023 3:07,11703
2/9/2023 3:08,11950
2/9/2023 3:08,11703
2/9/2023 3:09,11902
2/9/2023 3:09,11902
2/9/2023 3:10,12174
2/9/2023 3:10,12875
2/9/2023 3:11,12037
2/9/2023 3:11,12155
2/9/2023 3:12,12935
2/9/2023 3:12,11574
2/9/2023 3:13,13259
2/9/2023 3:13,11346
2/9/2023 3:14,12527
2/9/2023 3:14,11931
2/9/2023 3:15,12011
2/9/2023 3:15,12135
2/9/2023 3:16,12143
2/9/2023 3:16,11835
2/9/2023 3:17,11883
2/9/2023 3:17,12672
2/9/2023 3:18,12652
2/9/2023 3:18,12313
2/9/2023 3:19,12086
2/9/2023 3:19,13026
2/9/2023 3:20,11950
2/9/2023 3:20,13160
2/9/2023 3:21,11969
2/9/2023 3:21,12243
2/9/2023 3:22,12599
2/9/2023 3:22,12037
2/9/2023 3:23,11446
2/9/2023 3:23,12416
2/9/2023 3:24,11950
2/9/2023 3:25,12384
2/9/2023 3:25,12155
2/9/2023 3:26,12037
2/9/2023 3:26,12086
2/9/2023 3:27,13026
2/9/2023 3:27,11921
2/9/2023 3:28,12224
2/9/2023 3:28,12384
2/9/2023 3:29,11969
2/9/2023 3:29,12599
2/9/2023 3:30,12579
2/9/2023 3:30,11902
2/9/2023 3:31,11902
2/9/2023 3:31,12243
2/9/2023 3:32,12105
2/9/2023 3:32,11902
2/9/2023 3:33,12403
2/9/2023 3:33,12527
2/9/2023 3:34,11835
2/9/2023 3:34,11582
2/9/2023 3:35,13180
2/9/2023 3:35,12017
2/9/2023 3:36,12155
2/9/2023 3:36,13180
2/9/2023 3:37,11873
2/9/2023 3:37,12037
2/9/2023 3:38,11574
2/9/2023 3:38,12174
2/9/2023 3:39,11797
2/9/2023 3:39,11769
2/9/2023 3:40,11950
2/9/2023 3:40,12306
2/9/2023 3:41,11555
2/9/2023 3:41,12155
2/9/2023 3:42,11435
2/9/2023 3:42,12800
2/9/2023 3:43,12105
2/9/2023 3:43,12527
2/9/2023 3:44,11759
2/9/2023 3:44,11769
2/9/2023 3:45,13026
2/9/2023 3:45,12174
2/9/2023 3:46,12086
2/9/2023 3:46,12224
2/9/2023 3:47,12037
2/9/2023 3:47,12664
2/9/2023 3:48,12105
2/9/2023 3:48,12579
2/9/2023 3:49,12639
2/9/2023 3:49,12527
2/9/2023 3:50,12205
2/9/2023 3:50,12243
2/9/2023 3:51,12143
2/9/2023 3:52,12243
2/9/2023 3:52,11712
2/9/2023 3:53,11902
2/9/2023 3:53,11427
2/9/2023 3:54,12313
2/9/2023 3:54,12760
2/9/2023 3:55,11491
2/9/2023 3:55,11835
2/9/2023 3:56,11902
2/9/2023 3:56,12135
2/9/2023 3:57,12494
2/9/2023 3:57,12294
2/9/2023 3:58,12086
2/9/2023 3:58,13103
2/9/2023 3:59,12313
2/9/2023 3:59,12017
2/9/2023 4:00,11950
2/9/2023 4:00,12121
2/9/2023 4:01,11816
2/9/2023 4:01,12243
2/9/2023 4:02,13396
2/9/2023 4:02,11750
2/9/2023 4:03,12384
2/9/2023 4:03,11902
2/9/2023 4:04,13123
2/9/2023 4:04,13742
2/9/2023 4:05,12970
2/9/2023 4:05,11816
2/9/2023 4:06,12155
2/9/2023 4:06,12155
2/9/2023 4:07,12037
2/9/2023 4:07,12205
2/9/2023 4:08,12037
2/9/2023 4:08,12435
2/9/2023 4:09,12746
2/9/2023 4:09,11950
2/9/2023 4:10,12294
2/9/2023 4:10,12652
2/9/2023 4:11,12220
2/9/2023 4:11,11950
2/9/2023 4:12,12726
2/9/2023 4:12,12579
2/9/2023 4:13,12105
2/9/2023 4:13,12579
2/9/2023 4:14,12294
2/9/2023 4:14,12726
2/9/2023 4:15,12274
2/9/2023 4:15,12364
2/9/2023 4:16,12017
2/9/2023 4:16,11555
2/9/2023 4:17,12579
2/9/2023 4:17,12384
2/9/2023 4:18,12274
2/9/2023 4:19,12487
2/9/2023 4:19,12155
2/9/2023 4:20,11969
2/9/2023 4:20,11902
2/9/2023 4:21,13557
2/9/2023 4:21,12224
2/9/2023 4:22,12037
2/9/2023 4:22,11797
2/9/2023 4:23,11931
2/9/2023 4:23,12255
2/9/2023 4:24,12243
2/9/2023 4:24,11931
2/9/2023 4:25,12507
2/9/2023 4:25,11902
2/9/2023 4:26,11797
2/9/2023 4:26,12746
2/9/2023 4:27,11883
2/9/2023 4:27,12345
2/9/2023 4:28,12017
2/9/2023 4:28,12224
2/9/2023 4:29,11883
2/9/2023 4:29,11807
2/9/2023 4:30,11864
2/9/2023 4:30,12155
2/9/2023 4:31,11750
2/9/2023 4:31,11912
2/9/2023 4:32,12224
2/9/2023 4:32,11750
2/9/2023 4:33,12875
2/9/2023 4:33,13286
2/9/2023 4:34,12780
2/9/2023 4:34,11750
2/9/2023 4:35,12950
2/9/2023 4:35,12294
2/9/2023 4:36,12364
2/9/2023 4:36,12224
2/9/2023 4:37,12105
2/9/2023 4:37,12067
2/9/2023 4:38,12067
2/9/2023 4:38,11555
2/9/2023 4:39,12056
2/9/2023 4:39,13497
2/9/2023 4:40,11883
2/9/2023 4:40,12986
2/9/2023 4:41,12855
2/9/2023 4:41,12313
2/9/2023 4:42,12294
2/9/2023 4:42,11883
2/9/2023 4:43,11816
2/9/2023 4:43,13396
2/9/2023 4:44,12487
2/9/2023 4:44,11883
2/9/2023 4:45,12224
2/9/2023 4:46,12155
2/9/2023 4:46,12435
2/9/2023 4:47,12294
2/9/2023 4:47,12224
2/9/2023 4:48,11797
2/9/2023 4:48,11883
2/9/2023 4:49,11555
2/9/2023 4:49,12155
2/9/2023 4:50,12017
2/9/2023 4:50,11816
2/9/2023 4:51,12507
2/9/2023 4:51,11491
2/9/2023 4:52,12560
2/9/2023 4:52,12338
2/9/2023 4:53,11883
2/9/2023 4:53,11797
2/9/2023 4:54,11883
2/9/2023 4:54,11816
2/9/2023 4:55,12086
2/9/2023 4:55,12294
2/9/2023 4:56,11931
2/9/2023 4:56,13259
2/9/2023 4:57,12017
2/9/2023 4:57,11601
2/9/2023 4:58,12632
2/9/2023 4:58,13180
2/9/2023 4:59,12155
2/9/2023 4:59,11998
2/9/2023 5:00,11826
2/9/2023 5:00,12017
2/9/2023 5:01,11950
2/9/2023 5:01,12294
2/9/2023 5:02,11941
2/9/2023 5:02,11883
2/9/2023 5:03,11320
2/9/2023 5:03,12507
2/9/2023 5:04,12455
2/9/2023 5:04,11427
2/9/2023 5:05,12726
2/9/2023 5:05,12086
2/9/2023 5:06,12224
2/9/2023 5:06,12135
2/9/2023 5:07,11265
2/9/2023 5:07,12289
2/9/2023 5:08,11883
2/9/2023 5:08,12017
2/9/2023 5:09,13180
2/9/2023 5:09,12243
2/9/2023 5:10,12189
2/9/2023 5:10,12514
2/9/2023 5:11,11998
2/9/2023 5:12,12037
2/9/2023 5:12,12263
2/9/2023 5:13,12895
2/9/2023 5:13,11998
2/9/2023 5:14,11816
2/9/2023 5:14,11684
2/9/2023 5:15,12487
2/9/2023 5:15,12224
2/9/2023 5:16,12294
2/9/2023 5:16,11778
2/9/2023 5:17,12416
2/9/2023 5:17,11998
2/9/2023 5:18,12527
2/9/2023 5:18,13006
2/9/2023 5:19,13180
2/9/2023 5:19,11998
2/9/2023 5:20,12086
2/9/2023 5:20,12737
2/9/2023 5:21,11969
2/9/2023 5:21,11797
2/9/2023 5:22,11931
2/9/2023 5:22,12579
2/9/2023 5:23,11750
2/9/2023 5:23,11854
2/9/2023 5:24,12067
2/9/2023 5:24,12706
2/9/2023 5:25,12613
2/9/2023 5:25,11950
2/9/2023 5:26,12067
2/9/2023 5:26,12706
2/9/2023 5:27,12067
2/9/2023 5:27,11769
2/9/2023 5:28,11472
2/9/2023 5:28,12294
2/9/2023 5:29,11998
2/9/2023 5:29,11998
2/9/2023 5:30,12017
2/9/2023 5:30,12028
2/9/2023 5:31,11969
2/9/2023 5:31,10955
2/9/2023 5:32,12930
2/9/2023 5:32,12017
2/9/2023 5:33,11893
2/9/2023 5:33,13006
2/9/2023 5:34,11950
2/9/2023 5:34,12017
2/9/2023 5:35,11750
2/9/2023 5:35,12435
2/9/2023 5:36,12224
2/9/2023 5:36,12706
2/9/2023 5:37,12086
2/9/2023 5:37,12325
2/9/2023 5:38,11950
2/9/2023 5:39,11750
2/9/2023 5:39,12047
2/9/2023 5:40,12086
2/9/2023 5:40,11979
2/9/2023 5:41,12328
2/9/2023 5:41,11574
2/9/2023 5:42,12294
2/9/2023 5:42,12507
2/9/2023 5:43,11703
2/9/2023 5:43,12579
2/9/2023 5:44,12325
2/9/2023 5:44,12077
2/9/2023 5:45,13006
2/9/2023 5:45,12017
2/9/2023 5:46,13221
2/9/2023 5:46,11950
2/9/2023 5:47,12325
2/9/2023 5:47,12037
2/9/2023 5:48,12706
2/9/2023 5:48,11491
2/9/2023 5:49,12706
2/9/2023 5:49,12435
2/9/2023 5:50,12205
2/9/2023 5:50,12294
2/9/2023 5:51,12007
2/9/2023 5:51,12652
2/9/2023 5:52,12800
2/9/2023 5:52,11741
2/9/2023 5:53,12067
2/9/2023 5:53,11950
2/9/2023 5:54,12364
2/9/2023 5:54,13140
2/9/2023 5:55,11986
2/9/2023 5:55,11731
2/9/2023 5:56,11864
2/9/2023 5:56,13160
2/9/2023 5:57,12224
2/9/2023 5:57,12086
2/9/2023 5:58,13396
2/9/2023 5:58,12930
2/9/2023 5:59,12416
2/9/2023 5:59,12274
2/9/2023 6:00,11950
2/9/2023 6:00,12067
2/9/2023 6:01,12632
2/9/2023 6:01,12274
2/9/2023 6:02,12345
2/9/2023 6:02,11797
2/9/2023 6:03,12560
2/9/2023 6:03,12686
2/9/2023 6:04,13083
2/9/2023 6:04,12831
2/9/2023 6:05,11950
2/9/2023 6:06,12274
2/9/2023 6:06,11454
2/9/2023 6:07,12613
2/9/2023 6:07,13140
2/9/2023 6:08,11712
2/9/2023 6:08,11864
2/9/2023 6:09,11845
2/9/2023 6:09,12086
2/9/2023 6:10,12116
2/9/2023 6:10,12416
2/9/2023 6:11,11950
2/9/2023 6:11,12345
2/9/2023 6:12,12780
2/9/2023 6:12,12930
2/9/2023 6:13,13026
2/9/2023 6:13,12067
2/9/2023 6:14,12243
2/9/2023 6:14,12416
2/9/2023 6:15,11797
2/9/2023 6:15,11864
2/9/2023 6:16,12205
2/9/2023 6:16,12364
2/9/2023 6:17,12017
2/9/2023 6:17,11883
2/9/2023 6:18,12855
2/9/2023 6:18,11998
2/9/2023 6:19,12613
2/9/2023 6:19,12224
2/9/2023 6:20,12086
2/9/2023 6:20,11555
2/9/2023 6:21,12255
2/9/2023 6:21,11845
2/9/2023 6:22,12086
2/9/2023 6:22,12017
2/9/2023 6:23,11950
2/9/2023 6:23,12086
2/9/2023 6:24,11998
2/9/2023 6:24,11950
2/9/2023 6:25,11816
2/9/2023 6:25,12185
2/9/2023 6:26,12409
2/9/2023 6:26,13006
2/9/2023 6:27,12500
2/9/2023 6:27,12706
2/9/2023 6:28,11601
2/9/2023 6:28,12613
2/9/2023 6:29,12800
2/9/2023 6:29,12706
2/9/2023 6:30,12780
2/9/2023 6:30,11666
2/9/2023 6:31,12416
2/9/2023 6:31,12619
2/9/2023 6:32,12487
2/9/2023 6:33,12263
2/9/2023 6:33,12706
2/9/2023 6:34,12560
2/9/2023 6:34,12416
2/9/2023 6:35,12706
2/9/2023 6:35,12586
2/9/2023 6:36,12135
2/9/2023 6:36,11555
2/9/2023 6:37,12706
2/9/2023 6:37,12632
2/9/2023 6:38,12599
2/9/2023 6:38,12487
2/9/2023 6:39,12527
2/9/2023 6:39,12416
2/9/2023 6:40,12468
2/9/2023 6:40,12726
2/9/2023 6:41,12855
2/9/2023 6:41,12930
2/9/2023 6:42,12448
2/9/2023 6:42,12780
2/9/2023 6:43,12560
2/9/2023 6:43,12632
2/9/2023 6:44,12652
2/9/2023 6:44,12333
2/9/2023 6:45,13006
2/9/2023 6:45,12760
2/9/2023 6:46,12800
2/9/2023 6:46,12652
2/9/2023 6:47,12966
2/9/2023 6:47,12613
2/9/2023 6:48,12632
2/9/2023 6:48,12560
2/9/2023 6:49,12800
2/9/2023 6:49,12507
2/9/2023 6:50,12384
2/9/2023 6:50,12632
2/9/2023 6:51,12579
2/9/2023 6:51,12579
2/9/2023 6:52,11081
2/9/2023 6:52,12135
2/9/2023 6:53,12487
2/9/2023 6:53,13103
2/9/2023 6:54,12364
2/9/2023 6:54,13006
2/9/2023 6:55,12113
2/9/2023 6:55,12255
2/9/2023 6:56,13296
2/9/2023 6:56,12067
2/9/2023 6:57,11902
2/9/2023 6:57,12185
2/9/2023 6:58,11931
2/9/2023 6:58,12692
2/9/2023 6:59,12579
2/9/2023 7:00,12301
2/9/2023 7:00,12416
2/9/2023 7:01,12706
2/9/2023 7:01,12540
2/9/2023 7:02,12116
2/9/2023 7:02,12599
2/9/2023 7:03,12652
2/9/2023 7:03,12560
2/9/2023 7:04,12780
2/9/2023 7:04,12155
2/9/2023 7:05,12820
2/9/2023 7:05,13536
2/9/2023 7:06,12435
2/9/2023 7:06,12435
2/9/2023 7:07,11491
2/9/2023 7:07,13160
2/9/2023 7:08,12338
2/9/2023 7:08,12560
2/9/2023 7:09,12274
2/9/2023 7:09,12507
2/9/2023 7:10,12371
2/9/2023 7:10,13083
2/9/2023 7:11,12726
2/9/2023 7:11,11931
2/9/2023 7:12,12507
2/9/2023 7:12,12345
2/9/2023 7:13,12274
2/9/2023 7:13,12224
2/9/2023 7:14,12294
2/9/2023 7:14,11998
2/9/2023 7:15,12047
2/9/2023 7:15,12435
2/9/2023 7:16,12416
2/9/2023 7:16,12487
2/9/2023 7:17,12678
2/9/2023 7:17,12294
2/9/2023 7:18,12579
2/9/2023 7:18,12364
2/9/2023 7:19,12294
2/9/2023 7:19,12950
2/9/2023 7:20,12560
2/9/2023 7:20,12294
2/9/2023 7:21,12930
2/9/2023 7:21,12086
2/9/2023 7:22,12855
2/9/2023 7:22,12800
2/9/2023 7:23,12652
2/9/2023 7:23,11364
2/9/2023 7:24,12579
2/9/2023 7:24,12155
2/9/2023 7:25,12364
2/9/2023 7:25,12403
2/9/2023 7:26,11912
2/9/2023 7:27,12384
2/9/2023 7:27,12274
2/9/2023 7:28,12875
2/9/2023 7:28,12487
2/9/2023 7:29,12364
2/9/2023 7:29,12364
2/9/2023 7:30,12294
2/9/2023 7:30,12037
2/9/2023 7:31,12706
2/9/2023 7:31,12294
2/9/2023 7:32,12313
2/9/2023 7:32,11339
2/9/2023 7:33,12579
2/9/2023 7:33,12540
2/9/2023 7:34,11536
2/9/2023 7:34,12313
2/9/2023 7:35,12507
2/9/2023 7:35,12364
2/9/2023 7:36,12435
2/9/2023 7:36,12930
2/9/2023 7:37,11601
2/9/2023 7:37,12185
2/9/2023 7:38,13497
2/9/2023 7:38,12487
2/9/2023 7:39,12579
2/9/2023 7:39,12875
2/9/2023 7:40,12840
2/9/2023 7:40,12686
2/9/2023 7:41,12428
2/9/2023 7:41,12105
2/9/2023 7:42,12500
2/9/2023 7:42,12435
2/9/2023 7:43,12652
2/9/2023 7:43,12017
2/9/2023 7:44,12364
2/9/2023 7:44,12546
2/9/2023 7:45,12455
2/9/2023 7:45,13026
2/9/2023 7:46,11383
2/9/2023 7:46,11816
2/9/2023 7:47,12527
2/9/2023 7:47,11902
2/9/2023 7:48,12086
2/9/2023 7:48,12507
2/9/2023 7:49,12155
2/9/2023 7:49,11769
2/9/2023 7:50,12455
2/9/2023 7:50,12364
2/9/2023 7:51,12435
2/9/2023 7:51,12507
2/9/2023 7:52,12384
2/9/2023 7:53,12345
2/9/2023 7:53,12384
2/9/2023 7:54,11528
2/9/2023 7:54,12895
2/9/2023 7:55,11883
2/9/2023 7:55,12455
2/9/2023 7:56,12875
2/9/2023 7:56,12692
2/9/2023 7:57,12632
2/9/2023 7:57,12875
2/9/2023 7:58,12135
2/9/2023 7:58,11769
2/9/2023 7:59,12364
2/9/2023 7:59,13123
2/9/2023 8:00,12726
2/9/2023 8:00,12135
2/9/2023 8:01,13201
2/9/2023 8:01,12455
2/9/2023 8:02,12313
2/9/2023 8:02,12475
2/9/2023 8:03,12105
2/9/2023 8:03,12384
2/9/2023 8:04,12094
2/9/2023 8:04,12455
2/9/2023 8:05,11657
2/9/2023 8:05,12243
2/9/2023 8:06,12174
2/9/2023 8:06,12193
2/9/2023 8:07,12384
2/9/2023 8:07,13201
2/9/2023 8:08,11902
2/9/2023 8:08,12672
2/9/2023 8:09,12527
2/9/2023 8:09,12840
2/9/2023 8:10,12384
2/9/2023 8:10,12599
2/9/2023 8:11,12455
2/9/2023 8:11,11969
2/9/2023 8:12,12105
2/9/2023 8:12,12692
2/9/2023 8:13,11320
2/9/2023 8:13,13011
2/9/2023 8:14,12820
2/9/2023 8:14,12455
2/9/2023 8:15,11657
2/9/2023 8:15,12094
2/9/2023 8:16,12313
2/9/2023 8:16,11574
2/9/2023 8:17,13951
2/9/2023 8:17,12243
2/9/2023 8:18,12468
2/9/2023 8:18,12377
2/9/2023 8:19,12224
2/9/2023 8:20,12835
2/9/2023 8:20,11375
2/9/2023 8:21,11546
2/9/2023 8:21,12193
2/9/2023 8:22,12072
2/9/2023 8:22,12086
2/9/2023 8:23,12925
2/9/2023 8:23,12193
2/9/2023 8:24,12925
2/9/2023 8:24,11769
2/9/2023 8:25,10854
2/9/2023 8:25,12527
2/9/2023 8:26,12766
2/9/2023 8:26,12155
2/9/2023 8:27,12950
2/9/2023 8:27,12333
2/9/2023 8:28,12301
2/9/2023 8:28,12403
2/9/2023 8:29,12566
2/9/2023 8:29,12546
2/9/2023 8:30,11339
2/9/2023 8:30,11528
2/9/2023 8:31,12712
2/9/2023 8:31,12193
2/9/2023 8:32,12212
2/9/2023 8:32,12301
2/9/2023 8:33,12895
2/9/2023 8:33,12056
2/9/2023 8:34,13011
2/9/2023 8:34,11741
2/9/2023 8:35,11940
2/9/2023 8:35,12143
2/9/2023 8:36,12282
2/9/2023 8:36,12384
2/9/2023 8:37,11806
2/9/2023 8:37,12301
2/9/2023 8:38,12384
2/9/2023 8:38,12475
2/9/2023 8:39,12566
2/9/2023 8:39,12056
2/9/2023 8:40,11988
2/9/2023 8:40,12333
2/9/2023 8:41,12766
2/9/2023 8:41,12094
2/9/2023 8:42,12174
2/9/2023 8:42,12075
2/9/2023 8:43,12282
2/9/2023 8:43,12423
2/9/2023 8:44,11873
2/9/2023 8:44,12599
2/9/2023 8:45,12766
2/9/2023 8:45,11825
2/9/2023 8:46,12403
2/9/2023 8:47,13011
2/9/2023 8:47,12143
2/9/2023 8:48,12915
2/9/2023 8:48,12263
2/9/2023 8:49,12423
2/9/2023 8:49,12501
2/9/2023 8:50,12352
2/9/2023 8:50,12193
2/9/2023 8:51,12282
2/9/2023 8:51,12494
2/9/2023 8:52,12243
2/9/2023 8:52,12282
2/9/2023 8:53,12880
2/9/2023 8:53,11295
2/9/2023 8:54,11873
2/9/2023 8:54,11940
2/9/2023 8:55,12301
2/9/2023 8:55,12639
2/9/2023 8:56,12546
2/9/2023 8:56,11940
2/9/2023 8:57,12301
2/9/2023 8:57,12625
2/9/2023 8:58,12371
2/9/2023 8:58,12212
2/9/2023 8:59,13148
2/9/2023 8:59,12900
2/9/2023 9:00,12825
2/9/2023 9:00,12007
2/9/2023 9:01,12282
2/9/2023 9:01,12124
2/9/2023 9:02,12333
2/9/2023 9:02,11806
2/9/2023 9:03,12301
2/9/2023 9:03,12193
2/9/2023 9:04,12766
2/9/2023 9:04,11375
2/9/2023 9:05,12840
2/9/2023 9:05,12371
2/9/2023 9:06,12075
2/9/2023 9:06,11546
2/9/2023 9:07,12143
2/9/2023 9:07,12289
2/9/2023 9:08,12692
2/9/2023 9:08,12442
2/9/2023 9:09,11412
2/9/2023 9:09,11675
2/9/2023 9:10,11420
2/9/2023 9:10,12840
2/9/2023 9:11,11565
2/9/2023 9:11,12494
2/9/2023 9:12,12423
2/9/2023 9:12,13266
2/9/2023 9:13,12712
2/9/2023 9:14,12352
2/9/2023 9:14,11611
2/9/2023 9:15,12423
2/9/2023 9:15,12162
2/9/2023 9:16,10872
2/9/2023 9:16,11825
2/9/2023 9:17,11592
2/9/2023 9:17,12825
2/9/2023 9:18,12566
2/9/2023 9:18,12007
2/9/2023 9:19,12514
2/9/2023 9:19,12895
2/9/2023 9:20,11313
2/9/2023 9:20,12301
2/9/2023 9:21,12007
2/9/2023 9:21,12423
2/9/2023 9:22,11483
2/9/2023 9:22,11892
2/9/2023 9:23,12712
2/9/2023 9:23,12212
2/9/2023 9:24,11940
2/9/2023 9:24,12751
2/9/2023 9:25,12475
2/9/2023 9:25,12282
2/9/2023 9:26,12162
2/9/2023 9:26,12751
2/9/2023 9:27,13011
2/9/2023 9:27,12026
2/9/2023 9:28,12124
2/9/2023 9:28,12026
2/9/2023 9:29,12212
2/9/2023 9:29,12162
2/9/2023 9:30,12825
2/9/2023 9:30,12481
2/9/2023 9:31,13107
2/9/2023 9:31,12224
2/9/2023 9:32,12094
2/9/2023 9:32,12143
2/9/2023 9:33,12232
2/9/2023 9:33,11501
2/9/2023 9:34,12371
2/9/2023 9:34,12251
2/9/2023 9:35,13262
2/9/2023 9:35,12282
2/9/2023 9:36,11759
2/9/2023 9:36,11251
2/9/2023 9:37,11026
2/9/2023 9:37,12026
2/9/2023 9:38,11068
2/9/2023 9:38,12935
2/9/2023 9:39,12162
2/9/2023 9:40,12026
2/9/2023 9:40,12514
2/9/2023 9:41,12652
2/9/2023 9:41,12806
2/9/2023 9:42,11456
2/9/2023 9:42,11958
2/9/2023 9:43,12162
2/9/2023 9:43,11825
2/9/2023 9:44,11806
2/9/2023 9:44,12007
2/9/2023 9:45,11393
2/9/2023 9:45,12371
2/9/2023 9:46,12321
2/9/2023 9:46,12514
2/9/2023 9:47,10773
2/9/2023 9:47,12371
2/9/2023 9:48,12007
2/9/2023 9:48,12456
2/9/2023 9:49,11331
2/9/2023 9:49,12658
2/9/2023 9:50,12075
2/9/2023 9:50,12251
2/9/2023 9:51,11958
2/9/2023 9:51,11797
2/9/2023 9:52,12105
2/9/2023 9:52,11863
2/9/2023 9:53,11520
2/9/2023 9:53,12321
2/9/2023 9:54,11546
2/9/2023 9:54,12162
2/9/2023 9:55,12094
2/9/2023 9:55,11592
2/9/2023 9:56,11208
2/9/2023 9:56,12573
2/9/2023 9:57,13164
2/9/2023 9:57,12162
2/9/2023 9:58,11313
2/9/2023 9:58,10323
2/9/2023 9:59,12352
2/9/2023 9:59,12251
2/9/2023 10:00,12371
2/9/2023 10:00,12880
2/9/2023 10:01,11844
2/9/2023 10:01,11778
2/9/2023 10:02,11844
2/9/2023 10:02,11456
2/9/2023 10:03,11910
2/9/2023 10:03,12094
2/9/2023 10:04,12189
2/9/2023 10:04,12045
2/9/2023 10:05,11501
2/9/2023 10:05,12232
2/9/2023 10:06,12371
2/9/2023 10:07,11910
2/9/2023 10:07,11694
2/9/2023 10:08,12182
2/9/2023 10:08,11892
2/9/2023 10:09,11929
2/9/2023 10:09,11731
2/9/2023 10:10,11759
2/9/2023 10:10,12340
2/9/2023 10:11,12712
2/9/2023 10:11,11713
2/9/2023 10:12,12678
2/9/2023 10:12,12045
2/9/2023 10:13,11331
2/9/2023 10:13,12462
2/9/2023 10:14,11958
2/9/2023 10:14,12232
2/9/2023 10:15,12201
2/9/2023 10:15,11806
2/9/2023 10:16,10773
2/9/2023 10:16,12321
2/9/2023 10:17,12251
2/9/2023 10:17,11583
2/9/2023 10:18,11788
2/9/2023 10:18,12094
2/9/2023 10:19,12398
2/9/2023 10:19,11269
2/9/2023 10:20,12251
2/9/2023 10:20,12462
2/9/2023 10:21,12182
2/9/2023 10:21,11147
2/9/2023 10:22,12423
2/9/2023 10:22,12605
2/9/2023 10:23,12442
2/9/2023 10:23,12391
2/9/2023 10:24,12880
2/9/2023 10:24,11269
2/9/2023 10:25,11919
2/9/2023 10:25,12880
2/9/2023 10:26,12698
2/9/2023 10:26,12658
2/9/2023 10:27,12751
2/9/2023 10:27,12113
2/9/2023 10:28,12113
2/9/2023 10:28,12251
2/9/2023 10:29,12678
2/9/2023 10:29,12301
2/9/2023 10:30,12605
2/9/2023 10:30,12514
2/9/2023 10:31,11910
2/9/2023 10:31,12771
2/9/2023 10:32,12786
2/9/2023 10:33,12232
2/9/2023 10:33,12113
2/9/2023 10:34,11910
2/9/2023 10:34,12880
2/9/2023 10:35,12301
2/9/2023 10:35,13399
2/9/2023 10:36,12212
2/9/2023 10:36,12352
2/9/2023 10:37,12514
2/9/2023 10:37,12321
2/9/2023 10:38,12132
2/9/2023 10:38,12301
2/9/2023 10:39,11086
2/9/2023 10:39,11713
2/9/2023 10:40,12455
2/9/2023 10:40,12678
2/9/2023 10:41,12586
2/9/2023 10:41,12045
2/9/2023 10:42,12026
2/9/2023 10:42,11331
2/9/2023 10:43,11438
2/9/2023 10:43,12182
2/9/2023 10:44,11190
2/9/2023 10:44,12612
2/9/2023 10:45,12232
2/9/2023 10:45,12900
2/9/2023 10:46,12232
2/9/2023 10:46,12007
2/9/2023 10:47,12162
2/9/2023 10:47,11977
2/9/2023 10:48,12352
2/9/2023 10:48,12806
2/9/2023 10:49,12045
2/9/2023 10:49,12352
2/9/2023 10:50,11657
2/9/2023 10:50,12586
2/9/2023 10:51,12162
2/9/2023 10:51,11958
2/9/2023 10:52,12182
2/9/2023 10:52,11759
2/9/2023 10:53,12423
2/9/2023 10:53,12566
2/9/2023 10:54,11295
2/9/2023 10:54,11086
2/9/2023 10:55,11788
2/9/2023 10:55,12352
2/9/2023 10:56,12075
2/9/2023 10:56,11788
2/9/2023 10:57,12533
2/9/2023 10:57,12442
2/9/2023 10:58,12625
2/9/2023 10:58,11910
2/9/2023 10:59,12423
2/9/2023 11:00,12371
2/9/2023 11:00,11873
2/9/2023 11:01,12026
2/9/2023 11:01,12481
2/9/2023 11:02,12289
2/9/2023 11:02,12586
2/9/2023 11:03,12566
2/9/2023 11:03,12251
2/9/2023 11:04,12391
2/9/2023 11:04,12232
2/9/2023 11:05,12806
2/9/2023 11:05,12045
2/9/2023 11:06,12514
2/9/2023 11:06,12182
2/9/2023 11:07,11393
2/9/2023 11:07,11759
2/9/2023 11:08,12026
2/9/2023 11:08,12825
2/9/2023 11:09,11910
2/9/2023 11:09,12232
2/9/2023 11:10,12301
2/9/2023 11:10,12094
2/9/2023 11:11,12094
2/9/2023 11:11,12566
2/9/2023 11:12,11026
2/9/2023 11:12,12247
2/9/2023 11:13,13128
2/9/2023 11:13,12766
2/9/2023 11:14,12732
2/9/2023 11:14,12232
2/9/2023 11:15,11797
2/9/2023 11:15,12371
2/9/2023 11:16,12840
2/9/2023 11:16,12494
2/9/2023 11:17,12658
2/9/2023 11:17,12251
2/9/2023 11:18,12514
2/9/2023 11:18,11583
2/9/2023 11:19,11873
2/9/2023 11:19,11806
2/9/2023 11:20,12075
2/9/2023 11:20,11129
2/9/2023 11:21,12162
2/9/2023 11:21,12880
2/9/2023 11:22,12533
2/9/2023 11:22,12639
2/9/2023 11:23,12423
2/9/2023 11:23,11375
2/9/2023 11:24,12586
2/9/2023 11:24,11464
2/9/2023 11:25,11546
2/9/2023 11:25,12094
2/9/2023 11:26,12232
2/9/2023 11:27,12007
2/9/2023 11:27,12865
2/9/2023 11:28,12371
2/9/2023 11:28,12232
2/9/2023 11:29,11483
2/9/2023 11:29,11958
2/9/2023 11:30,13242
2/9/2023 11:30,12232
2/9/2023 11:31,12258
2/9/2023 11:31,12494
2/9/2023 11:32,12075
2/9/2023 11:32,11483
2/9/2023 11:33,12494
2/9/2023 11:33,12212
2/9/2023 11:34,11675
2/9/2023 11:34,12352
2/9/2023 11:35,12220
2/9/2023 11:35,12586
2/9/2023 11:36,11778
2/9/2023 11:36,12026
2/9/2023 11:37,12442
2/9/2023 11:37,12212
2/9/2023 11:38,12301
2/9/2023 11:38,12533
2/9/2023 11:39,12352
2/9/2023 11:39,12026
2/9/2023 11:40,12094
2/9/2023 11:40,11086
2/9/2023 11:41,11988
2/9/2023 11:41,12712
2/9/2023 11:42,11611
2/9/2023 11:42,12212
2/9/2023 11:43,12282
2/9/2023 11:43,11295
2/9/2023 11:44,12672
2/9/2023 11:44,12282
2/9/2023 11:45,11940
2/9/2023 11:45,12212
2/9/2023 11:46,12124
2/9/2023 11:46,12494
2/9/2023 11:47,12333
2/9/2023 11:47,12352
2/9/2023 11:48,13047
2/9/2023 11:48,11988
2/9/2023 11:49,12586
2/9/2023 11:49,12313
2/9/2023 11:50,12193
2/9/2023 11:50,12352
2/9/2023 11:51,12806
2/9/2023 11:51,13283
2/9/2023 11:52,12494
2/9/2023 11:52,12364
2/9/2023 11:53,12026
2/9/2023 11:54,12712
2/9/2023 11:54,12423
2/9/2023 11:55,11287
2/9/2023 11:55,12162
2/9/2023 11:56,12026
2/9/2023 11:56,12212
2/9/2023 11:57,11788
2/9/2023 11:57,12282
2/9/2023 11:58,11464
2/9/2023 11:58,12301
2/9/2023 11:59,12423
2/9/2023 11:59,12820
2/9/2023 12:00,11958
2/9/2023 12:00,12263
2/9/2023 12:01,12212
2/9/2023 12:01,12475
2/9/2023 12:02,12391
2/9/2023 12:02,12546
2/9/2023 12:03,11958
2/9/2023 12:03,11759
2/9/2023 12:04,12282
2/9/2023 12:04,12143
2/9/2023 12:05,11483
2/9/2023 12:05,12586
2/9/2023 12:06,12026
2/9/2023 12:06,12423
2/9/2023 12:07,12347
2/9/2023 12:07,12162
2/9/2023 12:08,12391
2/9/2023 12:08,11226
2/9/2023 12:09,12494
2/9/2023 12:09,12026
2/9/2023 12:10,12371
2/9/2023 12:10,11977
2/9/2023 12:11,11969
2/9/2023 12:11,12586
2/9/2023 12:12,12423
2/9/2023 12:12,12352
2/9/2023 12:13,12423
2/9/2023 12:13,11778
2/9/2023 12:14,12732
2/9/2023 12:14,12282
2/9/2023 12:15,12860
2/9/2023 12:15,11313
2/9/2023 12:16,11546
2/9/2023 12:16,12301
2/9/2023 12:17,11313
2/9/2023 12:17,11759
2/9/2023 12:18,11769
2/9/2023 12:18,12586
2/9/2023 12:19,12094
2/9/2023 12:20,12094
2/9/2023 12:20,12301
2/9/2023 12:21,12880
2/9/2023 12:21,11778
2/9/2023 12:22,11988
2/9/2023 12:22,13148
2/9/2023 12:23,12340
2/9/2023 12:23,12732
2/9/2023 12:24,12212
2/9/2023 12:24,11948
2/9/2023 12:25,12639
2/9/2023 12:25,12151
2/9/2023 12:26,11694
2/9/2023 12:26,11806
2/9/2023 12:27,12352
2/9/2023 12:27,11456
2/9/2023 12:28,11565
2/9/2023 12:28,12771
2/9/2023 12:29,11269
2/9/2023 12:29,10566
2/9/2023 12:30,12301
2/9/2023 12:30,11873
2/9/2023 12:31,12143
2/9/2023 12:31,12094
2/9/2023 12:32,12712
2/9/2023 12:32,12732
2/9/2023 12:33,12442
2/9/2023 12:33,12243
2/9/2023 12:34,11958
2/9/2023 12:34,12333
2/9/2023 12:35,11741
2/9/2023 12:35,12658
2/9/2023 12:36,12232
2/9/2023 12:36,12263
2/9/2023 12:37,11958
2/9/2023 12:37,12026
2/9/2023 12:38,11026
2/9/2023 12:38,12232
2/9/2023 12:39,12507
2/9/2023 12:39,12251
2/9/2023 12:40,12232
2/9/2023 12:40,12579
2/9/2023 12:41,12955
2/9/2023 12:41,12232
2/9/2023 12:42,12462
2/9/2023 12:42,12494
2/9/2023 12:43,12352
2/9/2023 12:43,11147
2/9/2023 12:44,12212
2/9/2023 12:44,12371
2/9/2023 12:45,12201
2/9/2023 12:45,12162
2/9/2023 12:46,11068
2/9/2023 12:47,13242
2/9/2023 12:47,12193
2/9/2023 12:48,12143
2/9/2023 12:48,12442
2/9/2023 12:49,11086
2/9/2023 12:49,12224
2/9/2023 12:50,12282
2/9/2023 12:50,12442
2/9/2023 12:51,12094
2/9/2023 12:51,12232
2/9/2023 12:52,12282
2/9/2023 12:52,12751
2/9/2023 12:53,11969
2/9/2023 12:53,13031
2/9/2023 12:54,11977
2/9/2023 12:54,11611
2/9/2023 12:55,12806
2/9/2023 12:55,12955
2/9/2023 12:56,12301
2/9/2023 12:56,12094
2/9/2023 12:57,12514
2/9/2023 12:57,12075
2/9/2023 12:58,12698
2/9/2023 12:58,12182
2/9/2023 12:59,11501
2/9/2023 12:59,12086
2/9/2023 13:00,12075
2/9/2023 13:00,13011
2/9/2023 13:01,11958
2/9/2023 13:01,12333
2/9/2023 13:02,12143
2/9/2023 13:02,12162
2/9/2023 13:03,12678
2/9/2023 13:03,12442
2/9/2023 13:04,12162
2/9/2023 13:04,12507
2/9/2023 13:05,12955
2/9/2023 13:05,12045
2/9/2023 13:06,12143
2/9/2023 13:06,12806
2/9/2023 13:07,11940
2/9/2023 13:07,12692
2/9/2023 13:08,12232
2/9/2023 13:08,11892
2/9/2023 13:09,10831
2/9/2023 13:09,12075
2/9/2023 13:10,12251
2/9/2023 13:10,12301
2/9/2023 13:11,11375
2/9/2023 13:11,12352
2/9/2023 13:12,11438
2/9/2023 13:12,12026
2/9/2023 13:13,10949
2/9/2023 13:14,12201
2/9/2023 13:14,12925
2/9/2023 13:15,11958
2/9/2023 13:15,13184
2/9/2023 13:16,12301
2/9/2023 13:16,12162
2/9/2023 13:17,11675
2/9/2023 13:17,12232
2/9/2023 13:18,10931
2/9/2023 13:18,12094
2/9/2023 13:19,12786
2/9/2023 13:19,11098
2/9/2023 13:20,13205
2/9/2023 13:20,12546
2/9/2023 13:21,11313
2/9/2023 13:21,10641
2/9/2023 13:22,11873
2/9/2023 13:22,12251
2/9/2023 13:23,12007
2/9/2023 13:23,12514
2/9/2023 13:24,12232
2/9/2023 13:24,12592
2/9/2023 13:25,13262
2/9/2023 13:25,11375
2/9/2023 13:26,11313
2/9/2023 13:26,12007
2/9/2023 13:27,12212
2/9/2023 13:27,11940
2/9/2023 13:28,12475
2/9/2023 13:28,11892
2/9/2023 13:29,12806
2/9/2023 13:29,12423
2/9/2023 13:30,12494
2/9/2023 13:30,12371
2/9/2023 13:31,12732
2/9/2023 13:31,12514
2/9/2023 13:32,12075
2/9/2023 13:32,12075
2/9/2023 13:33,11940
2/9/2023 13:33,12639
2/9/2023 13:34,12301
2/9/2023 13:34,11566
2/9/2023 13:35,11233
2/9/2023 13:35,12075
2/9/2023 13:36,10990
2/9/2023 13:36,12232
2/9/2023 13:37,12732
2/9/2023 13:37,11565
2/9/2023 13:38,12162
2/9/2023 13:38,12026
2/9/2023 13:39,12605
2/9/2023 13:40,12182
2/9/2023 13:40,12045
2/9/2023 13:41,11958
2/9/2023 13:41,12586
2/9/2023 13:42,12481
2/9/2023 13:42,11958
2/9/2023 13:43,13184
2/9/2023 13:43,10803
2/9/2023 13:44,12162
2/9/2023 13:44,12605
2/9/2023 13:45,12586
2/9/2023 13:45,12442
2/9/2023 13:46,12251
2/9/2023 13:46,12301
2/9/2023 13:47,12732
2/9/2023 13:47,11456
2/9/2023 13:48,11844
2/9/2023 13:48,12094
2/9/2023 13:49,12162
2/9/2023 13:49,12015
2/9/2023 13:50,12639
2/9/2023 13:50,12212
2/9/2023 13:51,10949
2/9/2023 13:51,12212
2/9/2023 13:52,12301
2/9/2023 13:52,12352
2/9/2023 13:53,12514
2/9/2023 13:53,12352
2/9/2023 13:54,11788
2/9/2023 13:54,11940
2/9/2023 13:55,10715
2/9/2023 13:55,12075
2/9/2023 13:56,12282
2/9/2023 13:56,12726
2/9/2023 13:57,12251
2/9/2023 13:57,12442
2/9/2023 13:58,11996
2/9/2023 13:58,12586
2/9/2023 13:59,12132
2/9/2023 13:59,12566
2/9/2023 14:00,11629
2/9/2023 14:00,12692
2/9/2023 14:01,12430
2/9/2023 14:01,12193
2/9/2023 14:02,11393
2/9/2023 14:02,11759
2/9/2023 14:03,12371
2/9/2023 14:03,12371
2/9/2023 14:04,12678
2/9/2023 14:04,11694
2/9/2023 14:05,11873
2/9/2023 14:05,11086
2/9/2023 14:06,11958
2/9/2023 14:07,11892
2/9/2023 14:07,12494
2/9/2023 14:08,11910
2/9/2023 14:08,12026
2/9/2023 14:09,12371
2/9/2023 14:09,12880
2/9/2023 14:10,12282
2/9/2023 14:10,12301
2/9/2023 14:11,12340
2/9/2023 14:11,12251
2/9/2023 14:12,12371
2/9/2023 14:12,12442
2/9/2023 14:13,11565
2/9/2023 14:13,11759
2/9/2023 14:14,12232
2/9/2023 14:14,12880
2/9/2023 14:15,12094
2/9/2023 14:15,11648
2/9/2023 14:16,12251
2/9/2023 14:16,11520
2/9/2023 14:17,11393
2/9/2023 14:17,11694
2/9/2023 14:18,12007
2/9/2023 14:18,12162
2/9/2023 14:19,12751
2/9/2023 14:19,12751
2/9/2023 14:20,12462
2/9/2023 14:20,12658
2/9/2023 14:21,11910
2/9/2023 14:21,11501
2/9/2023 14:22,11629
2/9/2023 14:22,13242
2/9/2023 14:23,12352
2/9/2023 14:23,12507
2/9/2023 14:24,12094
2/9/2023 14:24,12113
2/9/2023 14:25,12162
2/9/2023 14:25,11583
2/9/2023 14:26,12442
2/9/2023 14:26,12321
2/9/2023 14:27,12232
2/9/2023 14:27,12514
2/9/2023 14:28,11233
2/9/2023 14:28,12301
2/9/2023 14:29,12391
2/9/2023 14:29,12301
2/9/2023 14:30,12678
2/9/2023 14:30,12751
2/9/2023 14:31,12645
2/9/2023 14:31,12251
2/9/2023 14:32,12462
2/9/2023 14:32,12371
2/9/2023 14:33,11493
2/9/2023 14:34,12007
2/9/2023 14:34,12391
2/9/2023 14:35,12251
2/9/2023 14:35,12282
2/9/2023 14:36,12442
2/9/2023 14:36,12786
2/9/2023 14:37,11825
2/9/2023 14:37,11464
2/9/2023 14:38,12955
2/9/2023 14:38,12553
2/9/2023 14:39,12007
2/9/2023 14:39,12514
2/9/2023 14:40,12786
2/9/2023 14:40,12732
2/9/2023 14:41,12533
2/9/2023 14:41,12494
2/9/2023 14:42,12658
2/9/2023 14:42,12658
2/9/2023 14:43,12301
2/9/2023 14:43,11219
2/9/2023 14:44,12462
2/9/2023 14:44,12732
2/9/2023 14:45,11251
2/9/2023 14:45,11215
2/9/2023 14:46,12162
2/9/2023 14:46,11565
2/9/2023 14:47,12182
2/9/2023 14:47,11788
2/9/2023 14:48,12880
2/9/2023 14:48,12132
2/9/2023 14:49,12162
2/9/2023 14:49,11629
2/9/2023 14:50,12282
2/9/2023 14:50,12301
2/9/2023 14:51,12162
2/9/2023 14:51,11940
2/9/2023 14:52,13107
2/9/2023 14:52,12442
2/9/2023 14:53,12975
2/9/2023 14:53,12352
2/9/2023 14:54,12064
2/9/2023 14:54,13184
2/9/2023 14:55,12371
2/9/2023 14:55,12527
2/9/2023 14:56,11262
2/9/2023 14:56,12007
2/9/2023 14:57,12301
2/9/2023 14:57,12806
2/9/2023 14:58,12232
2/9/2023 14:58,12232
2/9/2023 14:59,12410
2/9/2023 15:00,12301
2/9/2023 15:00,12462
2/9/2023 15:01,11313
2/9/2023 15:01,12692
2/9/2023 15:02,12462
2/9/2023 15:02,12094
2/9/2023 15:03,11741
2/9/2023 15:03,12301
2/9/2023 15:04,12732
2/9/2023 15:04,12294
2/9/2023 15:05,12442
2/9/2023 15:05,12352
2/9/2023 15:06,11629
2/9/2023 15:06,12352
2/9/2023 15:07,12586
2/9/2023 15:07,12494
2/9/2023 15:08,12586
2/9/2023 15:08,12442
2/9/2023 15:09,12162
2/9/2023 15:09,12056
2/9/2023 15:10,11520
2/9/2023 15:10,11988
2/9/2023 15:11,12174
2/9/2023 15:11,12442
2/9/2023 15:12,12586
2/9/2023 15:12,12301
2/9/2023 15:13,12398
2/9/2023 15:13,12533
2/9/2023 15:14,11759
2/9/2023 15:14,12301
2/9/2023 15:15,12732
2/9/2023 15:15,12113
2/9/2023 15:16,11208
2/9/2023 15:16,12514
2/9/2023 15:17,11741
2/9/2023 15:17,12573
2/9/2023 15:18,12301
2/9/2023 15:18,12514
2/9/2023 15:19,12423
2/9/2023 15:19,12732
2/9/2023 15:20,11988
2/9/2023 15:20,12586
2/9/2023 15:21,12423
2/9/2023 15:21,12442
2/9/2023 15:22,12514
2/9/2023 15:22,13320
2/9/2023 15:23,12270
2/9/2023 15:23,12995
2/9/2023 15:24,12384
2/9/2023 15:24,12094
2/9/2023 15:25,12282
2/9/2023 15:25,12619
2/9/2023 15:26,11713
2/9/2023 15:27,11648
2/9/2023 15:27,13107
2/9/2023 15:28,12514
2/9/2023 15:28,11475
2/9/2023 15:29,12880
2/9/2023 15:29,12786
2/9/2023 15:30,12017
2/9/2023 15:30,12243
2/9/2023 15:31,12925
2/9/2023 15:31,12026
2/9/2023 15:32,12712
2/9/2023 15:32,12232
2/9/2023 15:33,12678
2/9/2023 15:33,12371
2/9/2023 15:34,12553
2/9/2023 15:34,11501
2/9/2023 15:35,12639
2/9/2023 15:35,12113
2/9/2023 15:36,11910
2/9/2023 15:36,12658
2/9/2023 15:37,12658
2/9/2023 15:37,12301
2/9/2023 15:38,11648
2/9/2023 15:38,12732
2/9/2023 15:39,11420
2/9/2023 15:39,12371
2/9/2023 15:40,12806
2/9/2023 15:40,12806
2/9/2023 15:41,12442
2/9/2023 15:41,12442
2/9/2023 15:42,11068
2/9/2023 15:42,12678
2/9/2023 15:43,12658
2/9/2023 15:43,12263
2/9/2023 15:44,12514
2/9/2023 15:44,11190
2/9/2023 15:45,12586
2/9/2023 15:45,12910
2/9/2023 15:46,12352
2/9/2023 15:46,12514
2/9/2023 15:47,12732
2/9/2023 15:47,12605
2/9/2023 15:48,12566
2/9/2023 15:48,11420
2/9/2023 15:49,12282
2/9/2023 15:49,11902
2/9/2023 15:50,12251
2/9/2023 15:50,12423
2/9/2023 15:51,11958
2/9/2023 15:51,13128
2/9/2023 15:52,11759
2/9/2023 15:52,12546
2/9/2023 15:53,12860
2/9/2023 15:54,12566
2/9/2023 15:54,12599
2/9/2023 15:55,12652
2/9/2023 15:55,12423
2/9/2023 15:56,12732
2/9/2023 15:56,12860
2/9/2023 15:57,11331
2/9/2023 15:57,11592
2/9/2023 15:58,12371
2/9/2023 15:58,12026
2/9/2023 15:59,12352
2/9/2023 15:59,12527
2/9/2023 16:00,12546
2/9/2023 16:00,11940
2/9/2023 16:01,11988
2/9/2023 16:01,12423
2/9/2023 16:02,13031
2/9/2023 16:02,12313
2/9/2023 16:03,11464
2/9/2023 16:03,12592
2/9/2023 16:04,12423
2/9/2023 16:04,11806
2/9/2023 16:05,11295
2/9/2023 16:05,12007
2/9/2023 16:06,12566
2/9/2023 16:06,12313
2/9/2023 16:07,12935
2/9/2023 16:07,12105
2/9/2023 16:08,12143
2/9/2023 16:08,12212
2/9/2023 16:09,12017
2/9/2023 16:09,11093
2/9/2023 16:10,11565
2/9/2023 16:10,12712
2/9/2023 16:11,12282
2/9/2023 16:11,12212
2/9/2023 16:12,12533
2/9/2023 16:12,12403
2/9/2023 16:13,13784
2/9/2023 16:13,12533
2/9/2023 16:14,12462
2/9/2023 16:14,12566
2/9/2023 16:15,12232
2/9/2023 16:15,12935
2/9/2023 16:16,12712
2/9/2023 16:16,12193
2/9/2023 16:17,11420
2/9/2023 16:17,12475
2/9/2023 16:18,12860
2/9/2023 16:18,12301
2/9/2023 16:19,12075
2/9/2023 16:20,12494
2/9/2023 16:20,12726
2/9/2023 16:21,11873
2/9/2023 16:21,12712
2/9/2023 16:22,12786
2/9/2023 16:22,12766
2/9/2023 16:23,12333
2/9/2023 16:23,12162
2/9/2023 16:24,12282
2/9/2023 16:24,12301
2/9/2023 16:25,11675
2/9/2023 16:25,11892
2/9/2023 16:26,11778
2/9/2023 16:26,11882
2/9/2023 16:27,11601
2/9/2023 16:27,11251
2/9/2023 16:28,12352
2/9/2023 16:28,12007
2/9/2023 16:29,11694
2/9/2023 16:29,11233
2/9/2023 16:30,12371
2/9/2023 16:30,12806
2/9/2023 16:31,11269
2/9/2023 16:31,12692
2/9/2023 16:32,12481
2/9/2023 16:32,12067
2/9/2023 16:33,12566
2/9/2023 16:33,11122
2/9/2023 16:34,12619
2/9/2023 16:34,12212
2/9/2023 16:35,12619
2/9/2023 16:35,12586
2/9/2023 16:36,11675
2/9/2023 16:36,12586
2/9/2023 16:37,12384
2/9/2023 16:37,12352
2/9/2023 16:38,12860
2/9/2023 16:38,11438
2/9/2023 16:39,12333
2/9/2023 16:39,13087
2/9/2023 16:40,12592
2/9/2023 16:40,13031
2/9/2023 16:41,12094
2/9/2023 16:41,13320
2/9/2023 16:42,13026
2/9/2023 16:42,12533
2/9/2023 16:43,12494
2/9/2023 16:43,11313
2/9/2023 16:44,12403
2/9/2023 16:44,12301
2/9/2023 16:45,12026
2/9/2023 16:45,11958
2/9/2023 16:46,12396
2/9/2023 16:47,12631
2/9/2023 16:47,12678
2/9/2023 16:48,12037
2/9/2023 16:48,12825
2/9/2023 16:49,11475
2/9/2023 16:49,12592
2/9/2023 16:50,12075
2/9/2023 16:50,12371
2/9/2023 16:51,11438
2/9/2023 16:51,13341
2/9/2023 16:52,13164
2/9/2023 16:52,12442
2/9/2023 16:53,11528
2/9/2023 16:53,12658
2/9/2023 16:54,11863
2/9/2023 16:54,11611
2/9/2023 16:55,12462
2/9/2023 16:55,12658
2/9/2023 16:56,11438
2/9/2023 16:56,12442
2/9/2023 16:57,11759
2/9/2023 16:57,12639
2/9/2023 16:58,12143
2/9/2023 16:58,12442
2/9/2023 16:59,12094
2/9/2023 16:59,12732
2/9/2023 17:00,12094
2/9/2023 17:00,12075
2/9/2023 17:01,12352
2/9/2023 17:01,12232
2/9/2023 17:02,12282
2/9/2023 17:02,12007
2/9/2023 17:03,12174
2/9/2023 17:03,12212
2/9/2023 17:04,12094
2/9/2023 17:04,12975
2/9/2023 17:05,12045
2/9/2023 17:05,12586
2/9/2023 17:06,12423
2/9/2023 17:06,12301
2/9/2023 17:07,12658
2/9/2023 17:07,12423
2/9/2023 17:08,12113
2/9/2023 17:08,12586
2/9/2023 17:09,12880
2/9/2023 17:09,12143
2/9/2023 17:10,12514
2/9/2023 17:10,12094
2/9/2023 17:11,12282
2/9/2023 17:11,11977
2/9/2023 17:12,12282
2/9/2023 17:12,12507
2/9/2023 17:13,11565
2/9/2023 17:14,12371
2/9/2023 17:14,12263
2/9/2023 17:15,12251
2/9/2023 17:15,12124
2/9/2023 17:16,13011
2/9/2023 17:16,12955
2/9/2023 17:17,11940
2/9/2023 17:17,12340
2/9/2023 17:18,12732
2/9/2023 17:18,13011
2/9/2023 17:19,12371
2/9/2023 17:19,12045
2/9/2023 17:20,11892
2/9/2023 17:20,12586
2/9/2023 17:21,12995
2/9/2023 17:21,10967
2/9/2023 17:22,12692
2/9/2023 17:22,12301
2/9/2023 17:23,12514
2/9/2023 17:23,12712
2/9/2023 17:24,12507
2/9/2023 17:24,11313
2/9/2023 17:25,12494
2/9/2023 17:25,12514
2/9/2023 17:26,12442
2/9/2023 17:26,12786
2/9/2023 17:27,12162
2/9/2023 17:27,12391
2/9/2023 17:28,12391
2/9/2023 17:28,12403
2/9/2023 17:29,12423
2/9/2023 17:29,12746
2/9/2023 17:30,12692
2/9/2023 17:30,11629
2/9/2023 17:31,12566
2/9/2023 17:31,12494
2/9/2023 17:32,12514
2/9/2023 17:32,11331
2/9/2023 17:33,12586
2/9/2023 17:33,12566
2/9/2023 17:34,12494
2/9/2023 17:34,12410
2/9/2023 17:35,11741
2/9/2023 17:35,12301
2/9/2023 17:36,11892
2/9/2023 17:36,12026
2/9/2023 17:37,12212
2/9/2023 17:37,12212
2/9/2023 17:38,11694
2/9/2023 17:38,11844
2/9/2023 17:39,11940
2/9/2023 17:40,11958
2/9/2023 17:40,10913
2/9/2023 17:41,12034
2/9/2023 17:41,12094
2/9/2023 17:42,12321
2/9/2023 17:42,12487
2/9/2023 17:43,12182
2/9/2023 17:43,12162
2/9/2023 17:44,11958
2/9/2023 17:44,12094
2/9/2023 17:45,12045
2/9/2023 17:45,11940
2/9/2023 17:46,12880
2/9/2023 17:46,12442
2/9/2023 17:47,12162
2/9/2023 17:47,12456
2/9/2023 17:48,11844
2/9/2023 17:48,11501
2/9/2023 17:49,11501
2/9/2023 17:49,13184
2/9/2023 17:50,12232
2/9/2023 17:50,12605
2/9/2023 17:51,12391
2/9/2023 17:51,13083
2/9/2023 17:52,12494
2/9/2023 17:52,11873
2/9/2023 17:53,12514
2/9/2023 17:53,13205
2/9/2023 17:54,12162
2/9/2023 17:54,12586
2/9/2023 17:55,13399
2/9/2023 17:55,12658
2/9/2023 17:56,12639
2/9/2023 17:56,12586
2/9/2023 17:57,11825
2/9/2023 17:57,11375
2/9/2023 17:58,13107
2/9/2023 17:58,12481
2/9/2023 17:59,13184
2/9/2023 17:59,12251
2/9/2023 18:00,12935
2/9/2023 18:00,12391
2/9/2023 18:01,13262
2/9/2023 18:01,12232
2/9/2023 18:02,12462
2/9/2023 18:02,12658
2/9/2023 18:03,13205
2/9/2023 18:03,12083
2/9/2023 18:04,12423
2/9/2023 18:04,11694
2/9/2023 18:05,13500
2/9/2023 18:05,12840
2/9/2023 18:06,12155
2/9/2023 18:07,11892
2/9/2023 18:07,12639
2/9/2023 18:08,12094
2/9/2023 18:08,12282
2/9/2023 18:09,12712
2/9/2023 18:09,12232
2/9/2023 18:10,11872
2/9/2023 18:10,12026
2/9/2023 18:11,12371
2/9/2023 18:11,12289
2/9/2023 18:12,12880
2/9/2023 18:12,12094
2/9/2023 18:13,12991
2/9/2023 18:13,12371
2/9/2023 18:14,12806
2/9/2023 18:14,12007
2/9/2023 18:15,12155
2/9/2023 18:15,12658
2/9/2023 18:16,12232
2/9/2023 18:16,12232
2/9/2023 18:17,11375
2/9/2023 18:17,13184
2/9/2023 18:18,12806
2/9/2023 18:18,13399
2/9/2023 18:19,12094
2/9/2023 18:19,12309
2/9/2023 18:20,12182
2/9/2023 18:20,12026
2/9/2023 18:21,13031
2/9/2023 18:21,13067
2/9/2023 18:22,12251
2/9/2023 18:22,12301
2/9/2023 18:23,12278
2/9/2023 18:23,13379
2/9/2023 18:24,12533
2/9/2023 18:24,12806
2/9/2023 18:25,12162
2/9/2023 18:25,11873
2/9/2023 18:26,13262
2/9/2023 18:26,12026
2/9/2023 18:27,12352
2/9/2023 18:27,12162
2/9/2023 18:28,13399
2/9/2023 18:28,12143
2/9/2023 18:29,12442
2/9/2023 18:29,12391
2/9/2023 18:30,11892
2/9/2023 18:30,12232
2/9/2023 18:31,13144
2/9/2023 18:31,12658
2/9/2023 18:32,11438
2/9/2023 18:32,12232
2/9/2023 18:33,12212
2/9/2023 18:34,12026
2/9/2023 18:34,13031
2/9/2023 18:35,12586
2/9/2023 18:35,12124
2/9/2023 18:36,12143
2/9/2023 18:36,12212
2/9/2023 18:37,12423
2/9/2023 18:37,12935
2/9/2023 18:38,12212
2/9/2023 18:38,12935
2/9/2023 18:39,12075
2/9/2023 18:39,13262
2/9/2023 18:40,11713
2/9/2023 18:40,12026
2/9/2023 18:41,12182
2/9/2023 18:41,12232
2/9/2023 18:42,12309
2/9/2023 18:42,12301
2/9/2023 18:43,13031
2/9/2023 18:43,12143
2/9/2023 18:44,12566
2/9/2023 18:44,12007
2/9/2023 18:45,13107
2/9/2023 18:45,12880
2/9/2023 18:46,12442
2/9/2023 18:46,12678
2/9/2023 18:47,12423
2/9/2023 18:47,12625
2/9/2023 18:48,12232
2/9/2023 18:48,12371
2/9/2023 18:49,12212
2/9/2023 18:49,12301
2/9/2023 18:50,13031
2/9/2023 18:50,13164
2/9/2023 18:51,12352
2/9/2023 18:51,12155
2/9/2023 18:52,12056
2/9/2023 18:52,13262
2/9/2023 18:53,12232
2/9/2023 18:53,12162
2/9/2023 18:54,12766
2/9/2023 18:54,11825
2/9/2023 18:55,12301
2/9/2023 18:55,12639
2/9/2023 18:56,12232
2/9/2023 18:56,12786
2/9/2023 18:57,13221
2/9/2023 18:57,12514
2/9/2023 18:58,12232
2/9/2023 18:58,12212
2/9/2023 18:59,12075
2/9/2023 19:00,12301
2/9/2023 19:00,12232
2/9/2023 19:01,12514
2/9/2023 19:01,12026
2/9/2023 19:02,12064
2/9/2023 19:02,12162
2/9/2023 19:03,13164
2/9/2023 19:03,11528
2/9/2023 19:04,12182
2/9/2023 19:04,12026
2/9/2023 19:05,12162
2/9/2023 19:05,11694
2/9/2023 19:06,12359
2/9/2023 19:06,12301
2/9/2023 19:07,12026
2/9/2023 19:07,12182
2/9/2023 19:08,12880
2/9/2023 19:08,12403
2/9/2023 19:09,13262
2/9/2023 19:09,12282
2/9/2023 19:10,12162
2/9/2023 19:10,13107
2/9/2023 19:11,12075
2/9/2023 19:11,12712
2/9/2023 19:12,11958
2/9/2023 19:12,11825
2/9/2023 19:13,12263
2/9/2023 19:13,12494
2/9/2023 19:14,11741
2/9/2023 19:14,12732
2/9/2023 19:15,12007
2/9/2023 19:15,12449
2/9/2023 19:16,11892
2/9/2023 19:16,11694
2/9/2023 19:17,12045
2/9/2023 19:17,12301
2/9/2023 19:18,12026
2/9/2023 19:18,12612
2/9/2023 19:19,12162
2/9/2023 19:19,12371
2/9/2023 19:20,13087
2/9/2023 19:20,12950
2/9/2023 19:21,12251
2/9/2023 19:21,12094
2/9/2023 19:22,12232
2/9/2023 19:22,12678
2/9/2023 19:23,12007
2/9/2023 19:23,12423
2/9/2023 19:24,12658
2/9/2023 19:24,12232
2/9/2023 19:25,12391
2/9/2023 19:25,11996
2/9/2023 19:26,13128
2/9/2023 19:27,12026
2/9/2023 19:27,12533
2/9/2023 19:28,12940
2/9/2023 19:28,12232
2/9/2023 19:29,12371
2/9/2023 19:29,12514
2/9/2023 19:30,11929
2/9/2023 19:30,12391
2/9/2023 19:31,13107
2/9/2023 19:31,12605
2/9/2023 19:32,12566
2/9/2023 19:32,12371
2/9/2023 19:33,12301
2/9/2023 19:33,12162
2/9/2023 19:34,12442
2/9/2023 19:34,12232
2/9/2023 19:35,12371
2/9/2023 19:35,11713
2/9/2023 19:36,12391
2/9/2023 19:36,12321
2/9/2023 19:37,12301
2/9/2023 19:37,12232
2/9/2023 19:38,12975
2/9/2023 19:38,12935
2/9/2023 19:39,12301
2/9/2023 19:39,12282
2/9/2023 19:40,12751
2/9/2023 19:40,12270
2/9/2023 19:41,12182
2/9/2023 19:41,12162
2/9/2023 19:42,11844
2/9/2023 19:42,12232
2/9/2023 19:43,13031
2/9/2023 19:43,12094
2/9/2023 19:44,12514
2/9/2023 19:44,12955
2/9/2023 19:45,12825
2/9/2023 19:45,12075
2/9/2023 19:46,13160
2/9/2023 19:46,12064
2/9/2023 19:47,12900
2/9/2023 19:47,12026
2/9/2023 19:48,11111
2/9/2023 19:48,12880
2/9/2023 19:49,12825
2/9/2023 19:49,11910
2/9/2023 19:50,12712
2/9/2023 19:50,13320
2/9/2023 19:51,12533
2/9/2023 19:51,12143
2/9/2023 19:52,11958
2/9/2023 19:52,12155
2/9/2023 19:53,13724
2/9/2023 19:54,12162
2/9/2023 19:54,12162
2/9/2023 19:55,12162
2/9/2023 19:55,12514
2/9/2023 19:56,13205
2/9/2023 19:56,12712
2/9/2023 19:57,12481
2/9/2023 19:57,12124
2/9/2023 19:58,12056
2/9/2023 19:58,12658
2/9/2023 19:59,11977
2/9/2023 19:59,12391
2/9/2023 20:00,11967
2/9/2023 20:00,12232
2/9/2023 20:01,11629
2/9/2023 20:01,12900
2/9/2023 20:02,13144
2/9/2023 20:02,12732
2/9/2023 20:03,12094
2/9/2023 20:03,13031
2/9/2023 20:04,12026
2/9/2023 20:04,12282
2/9/2023 20:05,12301
2/9/2023 20:05,12094
2/9/2023 20:06,12955
2/9/2023 20:06,11026
2/9/2023 20:07,12232
2/9/2023 20:07,12121
2/9/2023 20:08,12391
2/9/2023 20:08,11892
2/9/2023 20:09,12658
2/9/2023 20:09,12193
2/9/2023 20:10,12182
2/9/2023 20:10,12900
2/9/2023 20:11,12232
2/9/2023 20:11,12514
2/9/2023 20:12,12162
2/9/2023 20:12,12403
2/9/2023 20:13,13031
2/9/2023 20:13,13205
2/9/2023 20:14,13031
2/9/2023 20:14,12026
2/9/2023 20:15,12442
2/9/2023 20:15,12251
2/9/2023 20:16,12232
2/9/2023 20:16,13128
2/9/2023 20:17,13262
2/9/2023 20:17,12352
2/9/2023 20:18,12494
2/9/2023 20:18,11722
2/9/2023 20:19,12618
2/9/2023 20:20,12182
2/9/2023 20:20,12026
2/9/2023 20:21,12955
2/9/2023 20:21,12398
2/9/2023 20:22,11583
2/9/2023 20:22,12371
2/9/2023 20:23,12321
2/9/2023 20:23,12806
2/9/2023 20:24,12045
2/9/2023 20:24,11825
2/9/2023 20:25,12301
2/9/2023 20:25,12045
2/9/2023 20:26,12825
2/9/2023 20:26,13341
2/9/2023 20:27,12232
2/9/2023 20:27,11892
2/9/2023 20:28,12024
2/9/2023 20:28,11825
2/9/2023 20:29,12143
2/9/2023 20:29,12232
2/9/2023 20:30,11988
2/9/2023 20:30,12546
2/9/2023 20:31,11806
2/9/2023 20:31,12514
2/9/2023 20:32,12586
2/9/2023 20:32,12514
2/9/2023 20:33,12975
2/9/2023 20:33,11892
2/9/2023 20:34,12232
2/9/2023 20:34,12132
2/9/2023 20:35,12045
2/9/2023 20:35,12586
2/9/2023 20:36,12806
2/9/2023 20:36,12220
2/9/2023 20:37,13107
2/9/2023 20:37,13184
2/9/2023 20:38,13440
2/9/2023 20:38,12625
2/9/2023 20:39,12410
2/9/2023 20:39,12586
2/9/2023 20:40,13262
2/9/2023 20:40,12193
2/9/2023 20:41,12162
2/9/2023 20:41,11940
2/9/2023 20:42,12162
2/9/2023 20:42,12806
2/9/2023 20:43,11520
2/9/2023 20:43,12732
2/9/2023 20:44,12751
2/9/2023 20:44,13107
2/9/2023 20:45,13128
2/9/2023 20:45,12083
2/9/2023 20:46,12391
2/9/2023 20:47,12806
2/9/2023 20:47,12162
2/9/2023 20:48,11778
2/9/2023 20:48,12955
2/9/2023 20:49,13128
2/9/2023 20:49,12658
2/9/2023 20:50,12880
2/9/2023 20:50,12880
2/9/2023 20:51,12442
2/9/2023 20:51,12282
2/9/2023 20:52,13743
2/9/2023 20:52,12045
2/9/2023 20:53,13205
2/9/2023 20:53,12514
2/9/2023 20:54,12007
2/9/2023 20:54,12533
2/9/2023 20:55,11501
2/9/2023 20:55,12880
2/9/2023 20:56,12026
2/9/2023 20:56,13107
2/9/2023 20:57,12232
2/9/2023 20:57,13262
2/9/2023 20:58,12132
2/9/2023 20:58,13323
2/9/2023 20:59,12880
2/9/2023 20:59,13011
2/9/2023 21:00,12182
2/9/2023 21:00,12301
2/9/2023 21:01,12825
2/9/2023 21:01,12639
2/9/2023 21:02,12321
2/9/2023 21:02,12232
2/9/2023 21:03,12094
2/9/2023 21:03,13107
2/9/2023 21:04,11958
2/9/2023 21:04,12321
2/9/2023 21:05,13164
2/9/2023 21:05,12475
2/9/2023 21:06,13184
2/9/2023 21:06,12501
2/9/2023 21:07,13479
2/9/2023 21:07,12162
2/9/2023 21:08,12143
2/9/2023 21:08,12880
2/9/2023 21:09,12162
2/9/2023 21:09,11892
2/9/2023 21:10,11998
2/9/2023 21:10,13031
2/9/2023 21:11,12423
2/9/2023 21:11,11882
2/9/2023 21:12,12113
2/9/2023 21:12,12212
2/9/2023 21:13,12094
2/9/2023 21:14,12371
2/9/2023 21:14,12573
2/9/2023 21:15,11988
2/9/2023 21:15,12423
2/9/2023 21:16,12639
2/9/2023 21:16,11996
2/9/2023 21:17,11958
2/9/2023 21:17,13164
2/9/2023 21:18,13262
2/9/2023 21:18,12352
2/9/2023 21:19,12880
2/9/2023 21:19,12251
2/9/2023 21:20,11269
2/9/2023 21:20,12113
2/9/2023 21:21,12975
2/9/2023 21:21,11940
2/9/2023 21:22,12732
2/9/2023 21:22,12075
2/9/2023 21:23,11977
2/9/2023 21:23,12007
2/9/2023 21:24,12371
2/9/2023 21:24,11806
2/9/2023 21:25,13031
2/9/2023 21:25,12975
2/9/2023 21:26,13051
2/9/2023 21:26,12162
2/9/2023 21:27,12094
2/9/2023 21:27,12442
2/9/2023 21:28,12094
2/9/2023 21:28,12732
2/9/2023 21:29,12182
2/9/2023 21:29,12094
2/9/2023 21:30,12658
2/9/2023 21:30,12658
2/9/2023 21:31,11778
2/9/2023 21:31,12026
2/9/2023 21:32,12442
2/9/2023 21:32,13047
2/9/2023 21:33,12113
2/9/2023 21:33,12189
2/9/2023 21:34,11863
2/9/2023 21:34,12712
2/9/2023 21:35,11969
2/9/2023 21:35,12282
2/9/2023 21:36,12026
2/9/2023 21:36,11910
2/9/2023 21:37,11892
2/9/2023 21:37,12880
2/9/2023 21:38,12026
2/9/2023 21:38,12232
2/9/2023 21:39,12026
2/9/2023 21:40,12955
2/9/2023 21:40,12143
2/9/2023 21:41,11892
2/9/2023 21:41,12371
2/9/2023 21:42,12371
2/9/2023 21:42,12251
2/9/2023 21:43,12094
2/9/2023 21:43,12678
2/9/2023 21:44,12026
2/9/2023 21:44,13107
2/9/2023 21:45,12094
2/9/2023 21:45,11892
2/9/2023 21:46,12182
2/9/2023 21:46,12064
2/9/2023 21:47,11967
2/9/2023 21:47,11555
2/9/2023 21:48,12258
2/9/2023 21:48,12182
2/9/2023 21:49,11958
2/9/2023 21:49,12391
2/9/2023 21:50,11977
2/9/2023 21:50,11910
2/9/2023 21:51,12391
2/9/2023 21:51,12639
2/9/2023 21:52,12232
2/9/2023 21:52,11825
2/9/2023 21:53,12605
2/9/2023 21:53,12860
2/9/2023 21:54,12212
2/9/2023 21:54,11778
2/9/2023 21:55,12182
2/9/2023 21:55,11393
2/9/2023 21:56,12162
2/9/2023 21:56,11825
2/9/2023 21:57,12732
2/9/2023 21:57,12658
2/9/2023 21:58,11778
2/9/2023 21:58,12975
2/9/2023 21:59,12270
2/9/2023 21:59,12015
2/9/2023 22:00,11313
2/9/2023 22:00,11977
2/9/2023 22:01,11958
2/9/2023 22:01,11958
2/9/2023 22:02,12920
2/9/2023 22:02,12625
2/9/2023 22:03,13580
2/9/2023 22:03,13525
2/9/2023 22:04,12026
2/9/2023 22:04,12064
2/9/2023 22:05,11977
2/9/2023 22:05,12015
2/9/2023 22:06,13164
2/9/2023 22:07,12162
2/9/2023 22:07,12162
2/9/2023 22:08,11546
2/9/2023 22:08,13420
2/9/2023 22:09,12605
2/9/2023 22:09,12751
2/9/2023 22:10,12251
2/9/2023 22:10,12975
2/9/2023 22:11,12880
2/9/2023 22:11,12605
2/9/2023 22:12,12094
2/9/2023 22:12,12026
2/9/2023 22:13,12232
2/9/2023 22:13,12232
2/9/2023 22:14,12880
2/9/2023 22:14,11929
2/9/2023 22:15,12282
2/9/2023 22:15,12391
2/9/2023 22:16,12880
2/9/2023 22:16,13661
2/9/2023 22:17,11910
2/9/2023 22:17,12132
2/9/2023 22:18,12143
2/9/2023 22:18,12371
2/9/2023 22:19,12553
2/9/2023 22:19,12045
2/9/2023 22:20,12251
2/9/2023 22:20,12533
2/9/2023 22:21,11921
2/9/2023 22:21,12162
2/9/2023 22:22,12113
2/9/2023 22:22,12232
2/9/2023 22:23,13184
2/9/2023 22:23,13205
2/9/2023 22:24,12920
2/9/2023 22:24,12955
2/9/2023 22:25,12825
2/9/2023 22:25,11825
2/9/2023 22:26,12533
2/9/2023 22:26,12975
2/9/2023 22:27,12751
2/9/2023 22:27,12301
2/9/2023 22:28,12920
2/9/2023 22:28,12732
2/9/2023 22:29,12586
2/9/2023 22:29,12880
2/9/2023 22:30,11929
2/9/2023 22:30,13303
2/9/2023 22:31,12751
2/9/2023 22:31,12189
2/9/2023 22:32,12371
2/9/2023 22:32,12900
2/9/2023 22:33,12301
2/9/2023 22:34,12975
2/9/2023 22:34,11977
2/9/2023 22:35,12533
2/9/2023 22:35,12880
2/9/2023 22:36,11910
2/9/2023 22:36,12678
2/9/2023 22:37,12075
2/9/2023 22:37,13107
2/9/2023 22:38,12845
2/9/2023 22:38,12321
2/9/2023 22:39,12860
2/9/2023 22:39,12586
2/9/2023 22:40,12251
2/9/2023 22:40,12586
2/9/2023 22:41,13205
2/9/2023 22:41,12533
2/9/2023 22:42,12900
2/9/2023 22:42,13051
2/9/2023 22:43,13184
2/9/2023 22:43,12605
2/9/2023 22:44,12094
2/9/2023 22:44,12975
2/9/2023 22:45,12391
2/9/2023 22:45,12143
2/9/2023 22:46,12182
2/9/2023 22:46,12658
2/9/2023 22:47,12220
2/9/2023 22:47,12321
2/9/2023 22:48,12232
2/9/2023 22:48,12321
2/9/2023 22:49,12462
2/9/2023 22:49,12371
2/9/2023 22:50,12678
2/9/2023 22:50,12995
2/9/2023 22:51,11977
2/9/2023 22:51,12045
2/9/2023 22:52,12900
2/9/2023 22:52,12162
2/9/2023 22:53,12975
2/9/2023 22:53,12371
2/9/2023 22:54,12182
2/9/2023 22:54,12806
2/9/2023 22:55,12462
2/9/2023 22:55,12220
2/9/2023 22:56,13051
2/9/2023 22:56,12182
2/9/2023 22:57,11648
2/9/2023 22:57,12113
2/9/2023 22:58,12251
2/9/2023 22:58,12462
2/9/2023 22:59,11929
2/9/2023 23:00,12462
2/9/2023 23:00,13184
2/9/2023 23:01,12533
2/9/2023 23:01,12533
2/9/2023 23:02,12995
2/9/2023 23:02,13361
2/9/2023 23:03,12232
2/9/2023 23:03,12162
2/9/2023 23:04,13303
2/9/2023 23:04,12321
2/9/2023 23:05,13011
2/9/2023 23:05,12193
2/9/2023 23:06,12232
2/9/2023 23:06,12605
2/9/2023 23:07,11778
2/9/2023 23:07,12251
2/9/2023 23:08,12026
2/9/2023 23:08,12605
2/9/2023 23:09,12533
2/9/2023 23:09,11520
2/9/2023 23:10,12920
2/9/2023 23:10,12251
2/9/2023 23:11,11910
2/9/2023 23:11,13245
2/9/2023 23:12,12182
2/9/2023 23:12,11759
2/9/2023 23:13,12806
2/9/2023 23:13,12955
2/9/2023 23:14,12391
2/9/2023 23:14,12113
2/9/2023 23:15,12900
2/9/2023 23:15,12232
2/9/2023 23:16,12321
2/9/2023 23:16,12514
2/9/2023 23:17,12232
2/9/2023 23:17,12182
2/9/2023 23:18,13303
2/9/2023 23:18,12026
2/9/2023 23:19,12251
2/9/2023 23:19,11520
2/9/2023 23:20,12475
2/9/2023 23:20,12162
2/9/2023 23:21,12494
2/9/2023 23:21,11910
2/9/2023 23:22,12045
2/9/2023 23:22,12162
2/9/2023 23:23,13107
2/9/2023 23:23,12900
2/9/2023 23:24,12533
2/9/2023 23:24,13361
2/9/2023 23:25,13320
2/9/2023 23:25,12456
2/9/2023 23:26,12488
2/9/2023 23:27,12658
2/9/2023 23:27,12514
2/9/2023 23:28,12182
2/9/2023 23:28,12045
2/9/2023 23:29,13087
2/9/2023 23:29,12462
2/9/2023 23:30,13205
2/9/2023 23:30,12442
2/9/2023 23:31,12232
2/9/2023 23:31,12282
2/9/2023 23:32,12321
2/9/2023 23:32,12975
2/9/2023 23:33,12243
2/9/2023 23:33,11694
2/9/2023 23:34,12045
2/9/2023 23:34,11910
2/9/2023 23:35,12442
2/9/2023 23:35,12113
2/9/2023 23:36,13341
2/9/2023 23:36,12955
2/9/2023 23:37,13500
2/9/2023 23:37,12698
2/9/2023 23:38,13031
2/9/2023 23:38,13087
2/9/2023 23:39,11929
2/9/2023 23:39,12232
2/9/2023 23:40,12182
2/9/2023 23:40,12880
2/9/2023 23:41,12955
2/9/2023 23:41,13262
2/9/2023 23:42,12391
2/9/2023 23:42,12251
2/9/2023 23:43,11910
2/9/2023 23:43,12925
2/9/2023 23:44,12094
2/9/2023 23:44,12301
2/9/2023 23:45,13011
2/9/2023 23:45,12915
2/9/2023 23:46,13341
2/9/2023 23:46,12026
2/9/2023 23:47,13184
2/9/2023 23:47,12182
2/9/2023 23:48,12026
2/9/2023 23:48,12251
2/9/2023 23:49,11910
2/9/2023 23:49,13361
2/9/2023 23:50,12143
2/9/2023 23:50,12282
2/9/2023 23:51,12026
2/9/2023 23:51,12488
2/9/2023 23:52,12825
2/9/2023 23:53,12045
2/9/2023 23:53,12566
2/9/2023 23:54,12806
2/9/2023 23:54,13184
2/9/2023 23:55,12026
2/9/2023 23:55,12182
2/9/2023 23:56,11797
2/9/2023 23:56,13107
2/9/2023 23:57,12462
2/9/2023 23:57,12113
2/9/2023 23:58,11759
2/9/2023 23:58,12751
2/9/2023 23:59,12900
2/9/2023 23:59,12371
2/10/2023 0:00,11958
2/10/2023 0:00,11713
2/10/2023 0:01,13184
2/10/2023 0:01,12094
2/10/2023 0:02,11910
2/10/2023 0:02,13160
2/10/2023 0:03,12586
2/10/2023 0:03,12045
2/10/2023 0:04,11892
2/10/2023 0:04,12075
2/10/2023 0:05,12860
2/10/2023 0:05,12056
2/10/2023 0:06,12371
2/10/2023 0:06,12605
2/10/2023 0:07,11977
2/10/2023 0:07,12840
2/10/2023 0:08,12605
2/10/2023 0:08,12162
2/10/2023 0:09,12251
2/10/2023 0:09,13420
2/10/2023 0:10,13341
2/10/2023 0:10,12732
2/10/2023 0:11,13559
2/10/2023 0:11,11910
2/10/2023 0:12,12182
2/10/2023 0:12,12113
2/10/2023 0:13,12975
2/10/2023 0:13,13500
2/10/2023 0:14,12975
2/10/2023 0:14,11825
2/10/2023 0:15,12533
2/10/2023 0:15,13184
2/10/2023 0:16,12182
2/10/2023 0:16,12955
2/10/2023 0:17,12462
2/10/2023 0:17,12132
2/10/2023 0:18,12045
2/10/2023 0:18,12442
2/10/2023 0:19,11873
2/10/2023 0:20,13067
2/10/2023 0:20,12321
2/10/2023 0:21,12220
2/10/2023 0:21,12155
2/10/2023 0:22,12900
2/10/2023 0:22,12935
2/10/2023 0:23,12162
2/10/2023 0:23,12955
2/10/2023 0:24,13164
2/10/2023 0:24,12806
2/10/2023 0:25,12347
2/10/2023 0:25,13320
2/10/2023 0:26,13661
2/10/2023 0:26,12619
2/10/2023 0:27,12301
2/10/2023 0:27,12162
2/10/2023 0:28,11940
2/10/2023 0:28,12162
2/10/2023 0:29,12442
2/10/2023 0:29,13205
2/10/2023 0:30,13379
2/10/2023 0:30,12766
2/10/2023 0:31,12270
2/10/2023 0:31,13107
2/10/2023 0:32,12026
2/10/2023 0:32,12075
2/10/2023 0:33,11825
2/10/2023 0:33,12282
2/10/2023 0:34,13184
2/10/2023 0:34,12514
2/10/2023 0:35,12371
2/10/2023 0:35,12263
2/10/2023 0:36,11825
2/10/2023 0:36,12282
2/10/2023 0:37,12333
2/10/2023 0:37,11921
2/10/2023 0:38,13341
2/10/2023 0:38,12232
2/10/2023 0:39,12170
2/10/2023 0:39,12294
2/10/2023 0:40,12732
2/10/2023 0:40,13764
2/10/2023 0:41,12423
2/10/2023 0:41,12566
2/10/2023 0:42,12232
2/10/2023 0:42,12494
2/10/2023 0:43,12301
2/10/2023 0:43,12925
2/10/2023 0:44,12371
2/10/2023 0:44,11998
2/10/2023 0:45,12162
2/10/2023 0:45,12301
2/10/2023 0:46,13805
2/10/2023 0:47,12371
2/10/2023 0:47,12301
2/10/2023 0:48,12232
2/10/2023 0:48,13320
2/10/2023 0:49,13320
2/10/2023 0:49,12094
2/10/2023 0:50,12232
2/10/2023 0:50,12423
2/10/2023 0:51,12094
2/10/2023 0:51,13031
2/10/2023 0:52,13262
2/10/2023 0:52,12692
2/10/2023 0:53,12371
2/10/2023 0:53,12007
2/10/2023 0:54,12047
2/10/2023 0:54,12232
2/10/2023 0:55,12806
2/10/2023 0:55,12806
2/10/2023 0:56,11892
2/10/2023 0:56,13538
2/10/2023 0:57,12371
2/10/2023 0:57,12391
2/10/2023 0:58,12352
2/10/2023 0:58,12514
2/10/2023 0:59,12301
2/10/2023 0:59,12514
2/10/2023 1:00,12162
2/10/2023 1:00,12075
2/10/2023 1:01,12026
2/10/2023 1:01,12619
2/10/2023 1:02,12546
2/10/2023 1:02,12766
2/10/2023 1:03,12232
2/10/2023 1:03,12494
2/10/2023 1:04,11892
2/10/2023 1:04,12712
2/10/2023 1:05,12212
2/10/2023 1:05,12546
2/10/2023 1:06,12094
2/10/2023 1:06,12007
2/10/2023 1:07,12143
2/10/2023 1:07,11675
2/10/2023 1:08,12232
2/10/2023 1:08,12212
2/10/2023 1:09,12566
2/10/2023 1:09,12442
2/10/2023 1:10,12212
2/10/2023 1:10,12282
2/10/2023 1:11,12726
2/10/2023 1:11,12007
2/10/2023 1:12,11741
2/10/2023 1:13,12026
2/10/2023 1:13,12371
2/10/2023 1:14,12282
2/10/2023 1:14,12566
2/10/2023 1:15,13259
2/10/2023 1:15,12391
2/10/2023 1:16,12193
2/10/2023 1:16,11675
2/10/2023 1:17,13580
2/10/2023 1:17,12403
2/10/2023 1:18,12162
2/10/2023 1:18,13538
2/10/2023 1:19,12124
2/10/2023 1:19,12840
2/10/2023 1:20,13011
2/10/2023 1:20,12915
2/10/2023 1:21,13320
2/10/2023 1:21,12263
2/10/2023 1:22,12935
2/10/2023 1:22,12251
2/10/2023 1:23,12086
2/10/2023 1:23,12105
2/10/2023 1:24,12732
2/10/2023 1:24,13300
2/10/2023 1:25,13520
2/10/2023 1:25,12692
2/10/2023 1:26,13164
2/10/2023 1:26,12746
2/10/2023 1:27,12333
2/10/2023 1:27,13067
2/10/2023 1:28,12494
2/10/2023 1:28,12282
2/10/2023 1:29,13087
2/10/2023 1:29,12639
2/10/2023 1:30,12935
2/10/2023 1:30,11921
2/10/2023 1:31,13168
2/10/2023 1:31,12263
2/10/2023 1:32,13437
2/10/2023 1:32,12384
2/10/2023 1:33,12494
2/10/2023 1:33,12028
2/10/2023 1:34,12333
2/10/2023 1:34,12212
2/10/2023 1:35,12143
2/10/2023 1:35,12333
2/10/2023 1:36,12991
2/10/2023 1:36,12494
2/10/2023 1:37,11873
2/10/2023 1:37,11629
2/10/2023 1:38,11969
2/10/2023 1:38,11921
2/10/2023 1:39,13242
2/10/2023 1:40,12193
2/10/2023 1:40,11854
2/10/2023 1:41,13805
2/10/2023 1:41,13221
2/10/2023 1:42,12193
2/10/2023 1:42,13640
2/10/2023 1:43,12124
2/10/2023 1:43,12193
2/10/2023 1:44,11988
2/10/2023 1:44,12860
2/10/2023 1:45,11845
2/10/2023 1:45,12094
2/10/2023 1:46,12282
2/10/2023 1:46,12333
2/10/2023 1:47,13300
2/10/2023 1:47,12423
2/10/2023 1:48,13323
2/10/2023 1:48,12442
2/10/2023 1:49,12333
2/10/2023 1:49,12599
2/10/2023 1:50,12263
2/10/2023 1:50,12658
2/10/2023 1:51,13221
2/10/2023 1:51,12840
2/10/2023 1:52,12212
2/10/2023 1:52,11988
2/10/2023 1:53,12384
2/10/2023 1:53,12263
2/10/2023 1:54,11988
2/10/2023 1:54,12124
2/10/2023 1:55,12143
2/10/2023 1:55,12619
2/10/2023 1:56,12527
2/10/2023 1:56,13067
2/10/2023 1:57,12766
2/10/2023 1:57,13067
2/10/2023 1:58,12840
2/10/2023 1:58,11788
2/10/2023 1:59,12403
2/10/2023 1:59,12056
2/10/2023 2:00,12915
2/10/2023 2:00,11769
2/10/2023 2:01,12403
2/10/2023 2:01,12193
2/10/2023 2:02,12766
2/10/2023 2:02,12243
2/10/2023 2:03,13067
2/10/2023 2:03,12174
2/10/2023 2:04,12212
2/10/2023 2:04,12007
2/10/2023 2:05,12037
2/10/2023 2:05,11750
2/10/2023 2:06,12105
2/10/2023 2:07,13217
2/10/2023 2:07,12527
2/10/2023 2:08,12193
2/10/2023 2:08,12915
2/10/2023 2:09,13518
2/10/2023 2:09,13458
2/10/2023 2:10,12333
2/10/2023 2:10,11806
2/10/2023 2:11,12806
2/10/2023 2:11,12263
2/10/2023 2:12,12384
2/10/2023 2:12,12193
2/10/2023 2:13,13067
2/10/2023 2:13,12124
2/10/2023 2:14,12442
2/10/2023 2:14,11902
2/10/2023 2:15,12514
2/10/2023 2:15,11921
2/10/2023 2:16,13620
2/10/2023 2:16,13242
2/10/2023 2:17,12449
2/10/2023 2:17,12915
2/10/2023 2:18,11988
2/10/2023 2:18,12546
2/10/2023 2:19,12174
2/10/2023 2:19,12212
2/10/2023 2:20,13337
2/10/2023 2:20,12527
2/10/2023 2:21,12566
2/10/2023 2:21,13201
2/10/2023 2:22,12263
2/10/2023 2:22,12263
2/10/2023 2:23,12599
2/10/2023 2:23,12599
2/10/2023 2:24,12423
2/10/2023 2:24,12991
2/10/2023 2:25,12124
2/10/2023 2:25,12820
2/10/2023 2:26,12151
2/10/2023 2:26,13680
2/10/2023 2:27,12313
2/10/2023 2:27,12313
2/10/2023 2:28,11969
2/10/2023 2:28,11750
2/10/2023 2:29,12820
2/10/2023 2:29,13337
2/10/2023 2:30,11741
2/10/2023 2:30,12333
2/10/2023 2:31,11835
2/10/2023 2:31,12527
2/10/2023 2:32,12746
2/10/2023 2:32,12384
2/10/2023 2:33,12880
2/10/2023 2:34,13201
2/10/2023 2:34,11574
2/10/2023 2:35,12442
2/10/2023 2:35,13221
2/10/2023 2:36,12507
2/10/2023 2:36,13680
2/10/2023 2:37,12243
2/10/2023 2:37,12243
2/10/2023 2:38,12840
2/10/2023 2:38,12037
2/10/2023 2:39,12384
2/10/2023 2:39,12619
2/10/2023 2:40,13763
2/10/2023 2:40,11988
2/10/2023 2:41,12527
2/10/2023 2:41,11722
2/10/2023 2:42,12546
2/10/2023 2:42,12915
2/10/2023 2:43,12224
2/10/2023 2:43,12243
2/10/2023 2:44,12313
2/10/2023 2:44,13541
2/10/2023 2:45,12243
2/10/2023 2:45,12193
2/10/2023 2:46,12860
2/10/2023 2:46,12403
2/10/2023 2:47,13701
2/10/2023 2:47,12546
2/10/2023 2:48,12124
2/10/2023 2:48,12263
2/10/2023 2:49,13497
2/10/2023 2:49,12056
2/10/2023 2:50,13144
2/10/2023 2:50,11969
2/10/2023 2:51,12403
2/10/2023 2:51,12527
2/10/2023 2:52,13599
2/10/2023 2:52,12475
2/10/2023 2:53,12193
2/10/2023 2:53,13358
2/10/2023 2:54,12398
2/10/2023 2:54,12263
2/10/2023 2:55,12800
2/10/2023 2:55,12243
2/10/2023 2:56,12507
2/10/2023 2:56,12599
2/10/2023 2:57,12251
2/10/2023 2:57,12800
2/10/2023 2:58,12991
2/10/2023 2:58,12143
2/10/2023 2:59,12652
2/10/2023 3:00,13417
2/10/2023 3:00,12193
2/10/2023 3:01,11638
2/10/2023 3:01,12333
2/10/2023 3:02,12243
2/10/2023 3:02,13006
2/10/2023 3:03,12475
2/10/2023 3:03,12174
2/10/2023 3:04,11446
2/10/2023 3:04,12086
2/10/2023 3:05,12263
2/10/2023 3:05,11921
2/10/2023 3:06,13087
2/10/2023 3:06,12475
2/10/2023 3:07,12056
2/10/2023 3:07,12672
2/10/2023 3:08,13497
2/10/2023 3:08,12243
2/10/2023 3:09,12527
2/10/2023 3:09,13437
2/10/2023 3:10,12403
2/10/2023 3:10,12746
2/10/2023 3:11,12746
2/10/2023 3:11,12174
2/10/2023 3:12,12455
2/10/2023 3:12,12455
2/10/2023 3:13,12352
2/10/2023 3:13,12895
2/10/2023 3:14,13067
2/10/2023 3:14,11703
2/10/2023 3:15,11969
2/10/2023 3:15,12895
2/10/2023 3:16,12970
2/10/2023 3:16,12652
2/10/2023 3:17,11988
2/10/2023 3:17,12377
2/10/2023 3:18,12243
2/10/2023 3:18,12174
2/10/2023 3:19,12313
2/10/2023 3:19,12255
2/10/2023 3:20,12105
2/10/2023 3:20,12692
2/10/2023 3:21,12243
2/10/2023 3:21,12546
2/10/2023 3:22,11950
2/10/2023 3:22,12105
2/10/2023 3:23,12263
2/10/2023 3:23,12746
2/10/2023 3:24,12037
2/10/2023 3:24,12333
2/10/2023 3:25,12345
2/10/2023 3:25,12243
2/10/2023 3:26,13358
2/10/2023 3:27,12243
2/10/2023 3:27,12243
2/10/2023 3:28,11835
2/10/2023 3:28,13238
2/10/2023 3:29,12970
2/10/2023 3:29,12384
2/10/2023 3:30,13417
2/10/2023 3:30,12313
2/10/2023 3:31,12527
2/10/2023 3:31,11555
2/10/2023 3:32,12895
2/10/2023 3:32,12105
2/10/2023 3:33,12455
2/10/2023 3:33,12455
2/10/2023 3:34,12746
2/10/2023 3:34,11854
2/10/2023 3:35,13047
2/10/2023 3:35,14015
2/10/2023 3:36,13358
2/10/2023 3:36,13056
2/10/2023 3:37,13476
2/10/2023 3:37,12835
2/10/2023 3:38,12155
2/10/2023 3:38,13518
2/10/2023 3:39,12086
2/10/2023 3:39,12174
2/10/2023 3:40,12800
2/10/2023 3:40,13160
2/10/2023 3:41,11969
2/10/2023 3:41,12950
2/10/2023 3:42,12294
2/10/2023 3:42,12423
2/10/2023 3:43,12243
2/10/2023 3:43,12820
2/10/2023 3:44,12037
2/10/2023 3:44,12599
2/10/2023 3:45,11750
2/10/2023 3:45,13518
2/10/2023 3:46,11902
2/10/2023 3:46,11892
2/10/2023 3:47,12313
2/10/2023 3:47,12364
2/10/2023 3:48,13026
2/10/2023 3:48,12915
2/10/2023 3:49,12672
2/10/2023 3:49,11931
2/10/2023 3:50,12067
2/10/2023 3:50,12672
2/10/2023 3:51,13279
2/10/2023 3:51,11969
2/10/2023 3:52,11769
2/10/2023 3:52,12560
2/10/2023 3:53,12619
2/10/2023 3:54,12294
2/10/2023 3:54,12384
2/10/2023 3:55,13742
2/10/2023 3:55,12455
2/10/2023 3:56,13337
2/10/2023 3:56,11769
2/10/2023 3:57,12313
2/10/2023 3:57,12455
2/10/2023 3:58,12560
2/10/2023 3:58,12174
2/10/2023 3:59,12800
2/10/2023 3:59,12895
2/10/2023 4:00,12313
2/10/2023 4:00,12384
2/10/2023 4:01,12243
2/10/2023 4:01,12313
2/10/2023 4:02,12487
2/10/2023 4:02,12294
2/10/2023 4:03,12384
2/10/2023 4:03,12487
2/10/2023 4:04,12086
2/10/2023 4:04,12174
2/10/2023 4:05,11969
2/10/2023 4:05,12800
2/10/2023 4:06,12692
2/10/2023 4:06,12455
2/10/2023 4:07,12224
2/10/2023 4:07,12384
2/10/2023 4:08,12243
2/10/2023 4:08,13358
2/10/2023 4:09,12345
2/10/2023 4:09,12028
2/10/2023 4:10,12174
2/10/2023 4:10,12533
2/10/2023 4:11,13437
2/10/2023 4:11,12243
2/10/2023 4:12,12875
2/10/2023 4:12,12313
2/10/2023 4:13,12205
2/10/2023 4:13,12313
2/10/2023 4:14,11769
2/10/2023 4:14,12105
2/10/2023 4:15,12746
2/10/2023 4:15,12970
2/10/2023 4:16,12746
2/10/2023 4:16,13337
2/10/2023 4:17,11769
2/10/2023 4:17,12155
2/10/2023 4:18,12243
2/10/2023 4:18,13476
2/10/2023 4:19,12364
2/10/2023 4:19,13417
2/10/2023 4:20,12910
2/10/2023 4:21,12174
2/10/2023 4:21,12800
2/10/2023 4:22,13209
2/10/2023 4:22,12875
2/10/2023 4:23,13026
2/10/2023 4:23,13103
2/10/2023 4:24,12579
2/10/2023 4:24,12455
2/10/2023 4:25,12599
2/10/2023 4:25,12780
2/10/2023 4:26,12970
2/10/2023 4:26,13417
2/10/2023 4:27,13026
2/10/2023 4:27,12174
2/10/2023 4:28,12527
2/10/2023 4:28,13518
2/10/2023 4:29,12766
2/10/2023 4:29,11902
2/10/2023 4:30,12243
2/10/2023 4:30,12487
2/10/2023 4:31,12950
2/10/2023 4:31,13825
2/10/2023 4:32,12566
2/10/2023 4:32,12243
2/10/2023 4:33,12294
2/10/2023 4:33,13417
2/10/2023 4:34,12345
2/10/2023 4:34,12294
2/10/2023 4:35,12294
2/10/2023 4:35,13103
2/10/2023 4:36,13358
2/10/2023 4:36,12313
2/10/2023 4:37,12579
2/10/2023 4:37,12780
2/10/2023 4:38,12507
2/10/2023 4:38,12364
2/10/2023 4:39,13640
2/10/2023 4:39,12678
2/10/2023 4:40,12895
2/10/2023 4:40,12384
2/10/2023 4:41,12086
2/10/2023 4:41,12384
2/10/2023 4:42,12155
2/10/2023 4:42,12333
2/10/2023 4:43,12017
2/10/2023 4:43,13221
2/10/2023 4:44,12599
2/10/2023 4:44,12780
2/10/2023 4:45,12579
2/10/2023 4:45,12193
2/10/2023 4:46,13156
2/10/2023 4:46,13067
2/10/2023 4:47,12599
2/10/2023 4:48,12243
2/10/2023 4:48,13337
2/10/2023 4:49,11574
2/10/2023 4:49,12820
2/10/2023 4:50,12632
2/10/2023 4:50,13083
2/10/2023 4:51,12692
2/10/2023 4:51,12224
2/10/2023 4:52,12416
2/10/2023 4:52,13180
2/10/2023 4:53,13417
2/10/2023 4:53,12224
2/10/2023 4:54,13180
2/10/2023 4:54,12672
2/10/2023 4:55,12384
2/10/2023 4:55,13180
2/10/2023 4:56,12507
2/10/2023 4:56,11950
2/10/2023 4:57,12825
2/10/2023 4:57,12037
2/10/2023 4:58,13103
2/10/2023 4:58,13160
2/10/2023 4:59,12364
2/10/2023 4:59,12294
2/10/2023 5:00,12384
2/10/2023 5:00,13700
2/10/2023 5:01,13825
2/10/2023 5:01,12875
2/10/2023 5:02,13103
2/10/2023 5:02,11657
2/10/2023 5:03,12494
2/10/2023 5:03,12579
2/10/2023 5:04,12800
2/10/2023 5:04,13742
2/10/2023 5:05,12507
2/10/2023 5:05,12527
2/10/2023 5:06,12579
2/10/2023 5:06,12224
2/10/2023 5:07,12155
2/10/2023 5:07,12970
2/10/2023 5:08,12875
2/10/2023 5:08,13011
2/10/2023 5:09,12632
2/10/2023 5:09,12174
2/10/2023 5:10,12294
2/10/2023 5:10,12442
2/10/2023 5:11,13494
2/10/2023 5:11,12155
2/10/2023 5:12,12274
2/10/2023 5:12,12328
2/10/2023 5:13,12364
2/10/2023 5:14,12037
2/10/2023 5:14,12487
2/10/2023 5:15,13259
2/10/2023 5:15,12507
2/10/2023 5:16,12321
2/10/2023 5:16,12527
2/10/2023 5:17,12384
2/10/2023 5:17,12435
2/10/2023 5:18,13238
2/10/2023 5:18,13047
2/10/2023 5:19,12435
2/10/2023 5:19,12895
2/10/2023 5:20,12037
2/10/2023 5:20,13103
2/10/2023 5:21,12970
2/10/2023 5:21,13026
2/10/2023 5:22,12820
2/10/2023 5:22,12384
2/10/2023 5:23,12224
2/10/2023 5:23,12780
2/10/2023 5:24,13160
2/10/2023 5:24,12487
2/10/2023 5:25,13279
2/10/2023 5:25,13026
2/10/2023 5:26,12475
2/10/2023 5:26,12652
2/10/2023 5:27,12455
2/10/2023 5:27,12384
2/10/2023 5:28,13358
2/10/2023 5:28,11883
2/10/2023 5:29,12435
2/10/2023 5:29,12540
2/10/2023 5:30,13160
2/10/2023 5:30,13180
2/10/2023 5:31,12403
2/10/2023 5:31,12034
2/10/2023 5:32,12435
2/10/2023 5:32,13180
2/10/2023 5:33,12692
2/10/2023 5:33,12086
2/10/2023 5:34,13180
2/10/2023 5:34,13103
2/10/2023 5:35,12224
2/10/2023 5:35,12396
2/10/2023 5:36,12820
2/10/2023 5:36,12706
2/10/2023 5:37,12726
2/10/2023 5:37,12435
2/10/2023 5:38,12579
2/10/2023 5:38,12527
2/10/2023 5:39,13006
2/10/2023 5:39,12155
2/10/2023 5:40,13026
2/10/2023 5:41,12455
2/10/2023 5:41,12560
2/10/2023 5:42,13358
2/10/2023 5:42,12435
2/10/2023 5:43,13742
2/10/2023 5:43,13026
2/10/2023 5:44,13047
2/10/2023 5:44,13180
2/10/2023 5:45,12746
2/10/2023 5:45,13180
2/10/2023 5:46,13259
2/10/2023 5:46,13103
2/10/2023 5:47,12527
2/10/2023 5:47,12435
2/10/2023 5:48,12579
2/10/2023 5:48,12652
2/10/2023 5:49,12294
2/10/2023 5:49,12652
2/10/2023 5:50,12294
2/10/2023 5:50,12416
2/10/2023 5:51,12435
2/10/2023 5:51,12986
2/10/2023 5:52,13417
2/10/2023 5:52,12364
2/10/2023 5:53,12364
2/10/2023 5:53,11950
2/10/2023 5:54,13279
2/10/2023 5:54,12950
2/10/2023 5:55,12416
2/10/2023 5:55,13279
2/10/2023 5:56,12352
2/10/2023 5:56,12224
2/10/2023 5:57,12855
2/10/2023 5:57,12416
2/10/2023 5:58,12243
2/10/2023 5:58,12224
2/10/2023 5:59,12487
2/10/2023 5:59,12037
2/10/2023 6:00,12224
2/10/2023 6:00,12520
2/10/2023 6:01,12294
2/10/2023 6:01,13300
2/10/2023 6:02,12507
2/10/2023 6:02,13238
2/10/2023 6:03,13497
2/10/2023 6:03,12652
2/10/2023 6:04,12652
2/10/2023 6:04,12800
2/10/2023 6:05,13617
2/10/2023 6:05,12155
2/10/2023 6:06,12345
2/10/2023 6:06,12313
2/10/2023 6:07,12224
2/10/2023 6:08,13296
2/10/2023 6:08,12224
2/10/2023 6:09,12800
2/10/2023 6:09,12364
2/10/2023 6:10,13160
2/10/2023 6:10,13417
2/10/2023 6:11,13047
2/10/2023 6:11,12875
2/10/2023 6:12,13497
2/10/2023 6:12,13259
2/10/2023 6:13,13103
2/10/2023 6:13,11950
2/10/2023 6:14,12632
2/10/2023 6:14,11769
2/10/2023 6:15,12345
2/10/2023 6:15,12037
2/10/2023 6:16,12086
2/10/2023 6:16,13006
2/10/2023 6:17,12930
2/10/2023 6:17,12507
2/10/2023 6:18,12652
2/10/2023 6:18,12384
2/10/2023 6:19,13994
2/10/2023 6:19,12706
2/10/2023 6:20,12800
2/10/2023 6:20,13337
2/10/2023 6:21,12357
2/10/2023 6:21,12533
2/10/2023 6:22,12619
2/10/2023 6:22,13238
2/10/2023 6:23,13638
2/10/2023 6:23,12507
2/10/2023 6:24,12294
2/10/2023 6:24,12185
2/10/2023 6:25,12294
2/10/2023 6:25,12875
2/10/2023 6:26,13026
2/10/2023 6:26,11555
2/10/2023 6:27,12950
2/10/2023 6:27,13160
2/10/2023 6:28,12800
2/10/2023 6:28,13026
2/10/2023 6:29,12760
2/10/2023 6:29,13396
2/10/2023 6:30,12930
2/10/2023 6:30,13417
2/10/2023 6:31,12746
2/10/2023 6:31,12435
2/10/2023 6:32,12875
2/10/2023 6:32,12487
2/10/2023 6:33,12416
2/10/2023 6:33,13417
2/10/2023 6:34,12800
2/10/2023 6:35,13259
2/10/2023 6:35,12652
2/10/2023 6:36,13259
2/10/2023 6:36,13006
2/10/2023 6:37,13557
2/10/2023 6:37,12950
2/10/2023 6:38,13238
2/10/2023 6:38,13006
2/10/2023 6:39,13160
2/10/2023 6:39,13201
2/10/2023 6:40,12396
2/10/2023 6:40,12435
2/10/2023 6:41,13437
2/10/2023 6:41,12849
2/10/2023 6:42,13275
2/10/2023 6:42,13083
2/10/2023 6:43,12435
2/10/2023 6:43,11998
2/10/2023 6:44,12579
2/10/2023 6:44,13361
2/10/2023 6:45,12435
2/10/2023 6:45,13160
2/10/2023 6:46,12950
2/10/2023 6:46,12930
2/10/2023 6:47,12706
2/10/2023 6:47,13103
2/10/2023 6:48,13083
2/10/2023 6:48,13067
2/10/2023 6:49,12726
2/10/2023 6:49,12820
2/10/2023 6:50,12855
2/10/2023 6:50,12806
2/10/2023 6:51,12820
2/10/2023 6:51,12970
2/10/2023 6:52,13026
2/10/2023 6:52,12950
2/10/2023 6:53,12579
2/10/2023 6:53,13259
2/10/2023 6:54,13337
2/10/2023 6:54,12950
2/10/2023 6:55,12855
2/10/2023 6:55,11998
2/10/2023 6:56,13296
2/10/2023 6:56,11414
2/10/2023 6:57,13337
2/10/2023 6:57,13358
2/10/2023 6:58,13238
2/10/2023 6:58,12800
2/10/2023 6:59,12487
2/10/2023 6:59,12652
2/10/2023 7:00,12599
2/10/2023 7:00,12632
2/10/2023 7:01,12706
2/10/2023 7:02,12193
2/10/2023 7:02,13317
2/10/2023 7:03,12599
2/10/2023 7:03,12910
2/10/2023 7:04,13083
2/10/2023 7:04,11998
2/10/2023 7:05,13455
2/10/2023 7:05,13103
2/10/2023 7:06,12726
2/10/2023 7:06,13062
2/10/2023 7:07,11703
2/10/2023 7:07,12067
2/10/2023 7:08,13026
2/10/2023 7:08,12047
2/10/2023 7:09,12086
2/10/2023 7:09,11950
2/10/2023 7:10,13180
2/10/2023 7:10,13006
2/10/2023 7:11,13042
2/10/2023 7:11,11931
2/10/2023 7:12,13042
2/10/2023 7:12,13283
2/10/2023 7:13,11409
2/10/2023 7:13,12243
2/10/2023 7:14,13259
2/10/2023 7:14,12855
2/10/2023 7:15,13083
2/10/2023 7:15,13103
2/10/2023 7:16,12579
2/10/2023 7:16,12935
2/10/2023 7:17,12364
2/10/2023 7:17,13103
2/10/2023 7:18,13022
2/10/2023 7:18,13317
2/10/2023 7:19,12706
2/10/2023 7:19,13026
2/10/2023 7:20,12780
2/10/2023 7:20,13217
2/10/2023 7:21,11364
2/10/2023 7:21,13238
2/10/2023 7:22,13083
2/10/2023 7:22,13103
2/10/2023 7:23,12706
2/10/2023 7:23,13026
2/10/2023 7:24,12950
2/10/2023 7:24,13238
2/10/2023 7:25,12855
2/10/2023 7:25,13296
2/10/2023 7:26,13396
2/10/2023 7:26,12507
2/10/2023 7:27,12560
2/10/2023 7:28,12706
2/10/2023 7:28,12800
2/10/2023 7:29,12364
2/10/2023 7:29,12274
2/10/2023 7:30,12294
2/10/2023 7:30,12435
2/10/2023 7:31,12910
2/10/2023 7:31,12760
2/10/2023 7:32,13006
2/10/2023 7:32,13578
2/10/2023 7:33,12845
2/10/2023 7:33,12632
2/10/2023 7:34,12047
2/10/2023 7:34,12800
2/10/2023 7:35,13103
2/10/2023 7:35,12930
2/10/2023 7:36,13500
2/10/2023 7:36,12652
2/10/2023 7:37,12981
2/10/2023 7:37,13160
2/10/2023 7:38,12205
2/10/2023 7:38,12726
2/10/2023 7:39,13317
2/10/2023 7:39,12910
2/10/2023 7:40,12364
2/10/2023 7:40,14036
2/10/2023 7:41,12274
2/10/2023 7:41,12384
2/10/2023 7:42,13026
2/10/2023 7:42,12613
2/10/2023 7:43,13417
2/10/2023 7:43,12966
2/10/2023 7:44,12706
2/10/2023 7:44,13006
2/10/2023 7:45,11931
2/10/2023 7:45,12185
2/10/2023 7:46,13026
2/10/2023 7:46,13180
2/10/2023 7:47,12950
2/10/2023 7:47,13091
2/10/2023 7:48,12855
2/10/2023 7:48,12986
2/10/2023 7:49,12560
2/10/2023 7:49,12416
2/10/2023 7:50,13337
2/10/2023 7:50,13022
2/10/2023 7:51,12950
2/10/2023 7:51,12243
2/10/2023 7:52,12124
2/10/2023 7:52,11883
2/10/2023 7:53,12780
2/10/2023 7:53,12910
2/10/2023 7:54,12045
2/10/2023 7:55,12815
2/10/2023 7:55,12800
2/10/2023 7:56,12579
2/10/2023 7:56,13123
2/10/2023 7:57,12875
2/10/2023 7:57,12980
2/10/2023 7:58,12672
2/10/2023 7:58,12930
2/10/2023 7:59,12925
2/10/2023 7:59,12855
2/10/2023 8:00,12875
2/10/2023 8:00,12632
2/10/2023 8:01,12224
2/10/2023 8:01,12950
2/10/2023 8:02,12706
2/10/2023 8:02,12384
2/10/2023 8:03,12124
2/10/2023 8:03,12448
2/10/2023 8:04,12895
2/10/2023 8:04,12632
2/10/2023 8:05,13180
2/10/2023 8:05,12325
2/10/2023 8:06,12255
2/10/2023 8:06,11750
2/10/2023 8:07,13160
2/10/2023 8:07,12820
2/10/2023 8:08,12487
2/10/2023 8:08,13026
2/10/2023 8:09,12686
2/10/2023 8:09,12950
2/10/2023 8:10,12875
2/10/2023 8:10,12780
2/10/2023 8:11,12895
2/10/2023 8:11,12820
2/10/2023 8:12,12487
2/10/2023 8:12,12455
2/10/2023 8:13,13417
2/10/2023 8:13,12579
2/10/2023 8:14,12028
2/10/2023 8:14,12435
2/10/2023 8:15,12017
2/10/2023 8:15,12345
2/10/2023 8:16,11940
2/10/2023 8:16,11601
2/10/2023 8:17,13286
2/10/2023 8:17,11883
2/10/2023 8:18,12435
2/10/2023 8:18,12345
2/10/2023 8:19,12579
2/10/2023 8:19,12507
2/10/2023 8:20,12800
2/10/2023 8:20,12652
2/10/2023 8:21,12507
2/10/2023 8:22,13103
2/10/2023 8:22,12780
2/10/2023 8:23,12746
2/10/2023 8:23,13047
2/10/2023 8:24,11703
2/10/2023 8:24,12174
2/10/2023 8:25,13103
2/10/2023 8:25,13083
2/10/2023 8:26,13358
2/10/2023 8:26,13437
2/10/2023 8:27,13026
2/10/2023 8:27,12726
2/10/2023 8:28,12895
2/10/2023 8:28,11638
2/10/2023 8:29,12860
2/10/2023 8:29,12313
2/10/2023 8:30,12494
2/10/2023 8:30,12652
2/10/2023 8:31,12475
2/10/2023 8:31,13067
2/10/2023 8:32,11628
2/10/2023 8:32,12345
2/10/2023 8:33,13355
2/10/2023 8:33,12599
2/10/2023 8:34,12205
2/10/2023 8:34,12243
2/10/2023 8:35,12313
2/10/2023 8:35,12435
2/10/2023 8:36,12692
2/10/2023 8:36,12820
2/10/2023 8:37,13763
2/10/2023 8:37,12991
2/10/2023 8:38,12991
2/10/2023 8:38,12820
2/10/2023 8:39,13067
2/10/2023 8:39,12820
2/10/2023 8:40,12619
2/10/2023 8:40,12546
2/10/2023 8:41,12970
2/10/2023 8:41,12435
2/10/2023 8:42,12726
2/10/2023 8:42,11816
2/10/2023 8:43,12435
2/10/2023 8:43,13221
2/10/2023 8:44,13458
2/10/2023 8:44,13026
2/10/2023 8:45,12840
2/10/2023 8:45,11921
2/10/2023 8:46,11969
2/10/2023 8:46,12855
2/10/2023 8:47,12970
2/10/2023 8:47,11215
2/10/2023 8:48,12507
2/10/2023 8:49,13047
2/10/2023 8:49,12672
2/10/2023 8:50,12820
2/10/2023 8:50,11251
2/10/2023 8:51,12224
2/10/2023 8:51,11657
2/10/2023 8:52,12037
2/10/2023 8:52,13275
2/10/2023 8:53,13763
2/10/2023 8:53,12105
2/10/2023 8:54,12895
2/10/2023 8:54,12384
2/10/2023 8:55,12527
2/10/2023 8:55,12895
2/10/2023 8:56,12599
2/10/2023 8:56,12105
2/10/2023 8:57,12599
2/10/2023 8:57,12435
2/10/2023 8:58,12746
2/10/2023 8:58,12970
2/10/2023 8:59,12672
2/10/2023 8:59,13476
2/10/2023 9:00,12455
2/10/2023 9:00,12527
2/10/2023 9:01,12692
2/10/2023 9:01,12384
2/10/2023 9:02,12895
2/10/2023 9:02,12224
2/10/2023 9:03,11258
2/10/2023 9:03,12384
2/10/2023 9:04,12800
2/10/2023 9:04,12455
2/10/2023 9:05,12507
2/10/2023 9:05,12672
2/10/2023 9:06,12352
2/10/2023 9:06,12455
2/10/2023 9:07,13300
2/10/2023 9:07,11258
2/10/2023 9:08,12672
2/10/2023 9:08,12875
2/10/2023 9:09,12212
2/10/2023 9:09,12455
2/10/2023 9:10,12455
2/10/2023 9:10,12345
2/10/2023 9:11,12692
2/10/2023 9:11,12475
2/10/2023 9:12,12507
2/10/2023 9:12,12546
2/10/2023 9:13,12507
2/10/2023 9:13,12124
2/10/2023 9:14,12455
2/10/2023 9:14,12403
2/10/2023 9:15,13358
2/10/2023 9:16,11383
2/10/2023 9:16,12915
2/10/2023 9:17,12766
2/10/2023 9:17,12875
2/10/2023 9:18,12384
2/10/2023 9:18,12546
2/10/2023 9:19,12672
2/10/2023 9:19,12124
2/10/2023 9:20,12455
2/10/2023 9:20,12599
2/10/2023 9:21,12403
2/10/2023 9:21,12442
2/10/2023 9:22,13067
2/10/2023 9:22,11921
2/10/2023 9:23,12193
2/10/2023 9:23,12766
2/10/2023 9:24,12546
2/10/2023 9:24,12423
2/10/2023 9:25,12294
2/10/2023 9:25,12970
2/10/2023 9:26,12746
2/10/2023 9:26,12462
2/10/2023 9:27,12403
2/10/2023 9:27,13221
2/10/2023 9:28,12840
2/10/2023 9:28,12840
2/10/2023 9:29,11854
2/10/2023 9:29,13091
2/10/2023 9:30,11854
2/10/2023 9:30,12991
2/10/2023 9:31,12991
2/10/2023 9:31,12820
2/10/2023 9:32,12786
2/10/2023 9:32,12566
2/10/2023 9:33,12384
2/10/2023 9:33,11611
2/10/2023 9:34,13164
2/10/2023 9:34,13201
2/10/2023 9:35,13087
2/10/2023 9:35,13015
2/10/2023 9:36,12333
2/10/2023 9:36,12840
2/10/2023 9:37,12840
2/10/2023 9:37,12991
2/10/2023 9:38,13144
2/10/2023 9:38,12494
2/10/2023 9:39,12860
2/10/2023 9:39,12619
2/10/2023 9:40,12915
2/10/2023 9:40,12430
2/10/2023 9:41,11921
2/10/2023 9:42,12991
2/10/2023 9:42,11988
2/10/2023 9:43,11806
2/10/2023 9:43,11483
2/10/2023 9:44,11611
2/10/2023 9:44,11816
2/10/2023 9:45,12991
2/10/2023 9:45,12263
2/10/2023 9:46,12352
2/10/2023 9:46,12143
2/10/2023 9:47,12639
2/10/2023 9:47,12352
2/10/2023 9:48,12056
2/10/2023 9:48,11892
2/10/2023 9:49,11806
2/10/2023 9:49,12915
2/10/2023 9:50,12094
2/10/2023 9:50,12970
2/10/2023 9:51,13620
2/10/2023 9:51,12619
2/10/2023 9:52,13458
2/10/2023 9:52,11988
2/10/2023 9:53,12766
2/10/2023 9:53,12820
2/10/2023 9:54,12619
2/10/2023 9:54,12639
2/10/2023 9:55,12527
2/10/2023 9:55,12915
2/10/2023 9:56,12619
2/10/2023 9:56,11958
2/10/2023 9:57,12352
2/10/2023 9:57,11611
2/10/2023 9:58,12143
2/10/2023 9:58,11806
2/10/2023 9:59,12599
2/10/2023 9:59,12840
2/10/2023 10:00,12692
2/10/2023 10:00,12475
2/10/2023 10:01,12546
2/10/2023 10:01,12056
2/10/2023 10:02,12333
2/10/2023 10:02,12289
2/10/2023 10:03,13144
2/10/2023 10:03,11339
2/10/2023 10:04,12151
2/10/2023 10:04,12527
2/10/2023 10:05,12639
2/10/2023 10:05,12193
2/10/2023 10:06,12423
2/10/2023 10:06,12403
2/10/2023 10:07,12333
2/10/2023 10:07,13144
2/10/2023 10:08,12806
2/10/2023 10:09,12514
2/10/2023 10:09,12423
2/10/2023 10:10,11816
2/10/2023 10:10,12263
2/10/2023 10:11,13103
2/10/2023 10:11,11988
2/10/2023 10:12,12113
2/10/2023 10:12,12263
2/10/2023 10:13,12475
2/10/2023 10:13,12991
2/10/2023 10:14,12546
2/10/2023 10:14,12384
2/10/2023 10:15,12566
2/10/2023 10:15,13217
2/10/2023 10:16,12658
2/10/2023 10:16,13144
2/10/2023 10:17,12672
2/10/2023 10:17,11675
2/10/2023 10:18,12403
2/10/2023 10:18,12672
2/10/2023 10:19,12442
2/10/2023 10:19,12692
2/10/2023 10:20,12712
2/10/2023 10:20,12712
2/10/2023 10:21,12566
2/10/2023 10:21,12586
2/10/2023 10:22,12672
2/10/2023 10:22,12692
2/10/2023 10:23,12475
2/10/2023 10:23,12840
2/10/2023 10:24,12507
2/10/2023 10:24,12494
2/10/2023 10:25,12692
2/10/2023 10:25,12692
2/10/2023 10:26,12970
2/10/2023 10:26,12925
2/10/2023 10:27,12766
2/10/2023 10:27,12403
2/10/2023 10:28,12037
2/10/2023 10:28,12527
2/10/2023 10:29,11902
2/10/2023 10:29,12840
2/10/2023 10:30,12840
2/10/2023 10:30,12599
2/10/2023 10:31,12546
2/10/2023 10:31,12766
2/10/2023 10:32,12546
2/10/2023 10:32,12384
2/10/2023 10:33,12895
2/10/2023 10:33,12895
2/10/2023 10:34,12766
2/10/2023 10:34,11988
2/10/2023 10:35,12475
2/10/2023 10:36,12124
2/10/2023 10:36,12746
2/10/2023 10:37,11592
2/10/2023 10:37,12599
2/10/2023 10:38,12840
2/10/2023 10:38,12340
2/10/2023 10:39,12935
2/10/2023 10:39,12546
2/10/2023 10:40,12527
2/10/2023 10:40,12333
2/10/2023 10:41,11769
2/10/2023 10:41,12475
2/10/2023 10:42,11612
2/10/2023 10:42,12546
2/10/2023 10:43,12294
2/10/2023 10:43,12037
2/10/2023 10:44,12766
2/10/2023 10:44,12991
2/10/2023 10:45,12475
2/10/2023 10:45,12566
2/10/2023 10:46,11357
2/10/2023 10:46,12746
2/10/2023 10:47,13067
2/10/2023 10:47,12174
2/10/2023 10:48,12174
2/10/2023 10:48,12840
2/10/2023 10:49,12991
2/10/2023 10:49,12124
2/10/2023 10:50,12533
2/10/2023 10:50,12672
2/10/2023 10:51,12056
2/10/2023 10:51,12533
2/10/2023 10:52,12991
2/10/2023 10:52,11383
2/10/2023 10:53,12527
2/10/2023 10:53,11969
2/10/2023 10:54,12403
2/10/2023 10:54,12384
2/10/2023 10:55,13144
2/10/2023 10:55,12692
2/10/2023 10:56,13437
2/10/2023 10:56,12599
2/10/2023 10:57,12712
2/10/2023 10:57,12820
2/10/2023 10:58,12507
2/10/2023 10:58,12619
2/10/2023 10:59,12599
2/10/2023 10:59,12403
2/10/2023 11:00,12384
2/10/2023 11:00,11835
2/10/2023 11:01,13201
2/10/2023 11:01,12546
2/10/2023 11:02,12086
2/10/2023 11:03,12243
2/10/2023 11:03,12243
2/10/2023 11:04,12599
2/10/2023 11:04,12105
2/10/2023 11:05,12313
2/10/2023 11:05,12706
2/10/2023 11:06,12475
2/10/2023 11:06,13067
2/10/2023 11:07,12193
2/10/2023 11:07,12970
2/10/2023 11:08,12672
2/10/2023 11:08,12243
2/10/2023 11:09,13123
2/10/2023 11:09,12527
2/10/2023 11:10,13201
2/10/2023 11:10,12352
2/10/2023 11:11,12174
2/10/2023 11:11,12692
2/10/2023 11:12,12950
2/10/2023 11:12,12155
2/10/2023 11:13,12174
2/10/2023 11:13,12746
2/10/2023 11:14,12086
2/10/2023 11:14,12313
2/10/2023 11:15,12895
2/10/2023 11:15,13201
2/10/2023 11:16,12364
2/10/2023 11:16,13047
2/10/2023 11:17,12007
2/10/2023 11:17,12193
2/10/2023 11:18,12527
2/10/2023 11:18,12105
2/10/2023 11:19,12726
2/10/2023 11:19,13358
2/10/2023 11:20,13103
2/10/2023 11:20,13180
2/10/2023 11:21,13047
2/10/2023 11:21,12075
2/10/2023 11:22,12546
2/10/2023 11:22,12815
2/10/2023 11:23,13201
2/10/2023 11:23,12840
2/10/2023 11:24,13184
2/10/2023 11:24,12915
2/10/2023 11:25,12494
2/10/2023 11:25,12619
2/10/2023 11:26,12672
2/10/2023 11:26,13201
2/10/2023 11:27,13067
2/10/2023 11:27,12455
2/10/2023 11:28,11592
2/10/2023 11:29,12820
2/10/2023 11:29,12475
2/10/2023 11:30,12840
2/10/2023 11:30,12224
2/10/2023 11:31,13379
2/10/2023 11:31,12282
2/10/2023 11:32,11902
2/10/2023 11:32,12037
2/10/2023 11:33,12124
2/10/2023 11:33,12263
2/10/2023 11:34,12672
2/10/2023 11:34,12384
2/10/2023 11:35,12442
2/10/2023 11:35,13067
2/10/2023 11:36,12672
2/10/2023 11:36,13497
2/10/2023 11:37,13067
2/10/2023 11:37,12494
2/10/2023 11:38,12325
2/10/2023 11:38,12056
2/10/2023 11:39,12143
2/10/2023 11:39,12533
2/10/2023 11:40,12105
2/10/2023 11:40,11969
2/10/2023 11:41,11988
2/10/2023 11:41,12546
2/10/2023 11:42,13067
2/10/2023 11:42,12124
2/10/2023 11:43,12232
2/10/2023 11:43,12174
2/10/2023 11:44,12193
2/10/2023 11:44,12840
2/10/2023 11:45,12124
2/10/2023 11:45,13123
2/10/2023 11:46,12037
2/10/2023 11:46,12313
2/10/2023 11:47,12546
2/10/2023 11:47,12546
2/10/2023 11:48,12056
2/10/2023 11:48,13164
2/10/2023 11:49,11788
2/10/2023 11:49,12900
2/10/2023 11:50,12820
2/10/2023 11:50,12124
2/10/2023 11:51,12475
2/10/2023 11:51,12991
2/10/2023 11:52,12639
2/10/2023 11:52,12403
2/10/2023 11:53,13379
2/10/2023 11:53,12143
2/10/2023 11:54,12182
2/10/2023 11:54,12174
2/10/2023 11:55,12991
2/10/2023 11:56,12193
2/10/2023 11:56,13541
2/10/2023 11:57,13144
2/10/2023 11:57,13144
2/10/2023 11:58,11694
2/10/2023 11:58,12599
2/10/2023 11:59,12056
2/10/2023 11:59,12658
2/10/2023 12:00,12546
2/10/2023 12:00,12527
2/10/2023 12:01,13144
2/10/2023 12:01,13047
2/10/2023 12:02,11657
2/10/2023 12:02,12766
2/10/2023 12:03,11835
2/10/2023 12:03,12820
2/10/2023 12:04,12619
2/10/2023 12:04,12875
2/10/2023 12:05,12599
2/10/2023 12:05,12766
2/10/2023 12:06,12766
2/10/2023 12:06,12527
2/10/2023 12:07,12174
2/10/2023 12:07,12915
2/10/2023 12:08,12333
2/10/2023 12:08,12619
2/10/2023 12:09,12384
2/10/2023 12:09,12527
2/10/2023 12:10,12895
2/10/2023 12:10,13201
2/10/2023 12:11,13201
2/10/2023 12:11,12925
2/10/2023 12:12,12384
2/10/2023 12:12,12193
2/10/2023 12:13,12746
2/10/2023 12:13,13067
2/10/2023 12:14,12527
2/10/2023 12:14,13123
2/10/2023 12:15,11592
2/10/2023 12:15,12970
2/10/2023 12:16,12455
2/10/2023 12:16,13047
2/10/2023 12:17,13047
2/10/2023 12:17,12527
2/10/2023 12:18,12384
2/10/2023 12:18,12746
2/10/2023 12:19,12475
2/10/2023 12:19,12455
2/10/2023 12:20,12377
2/10/2023 12:20,12672
2/10/2023 12:21,12403
2/10/2023 12:21,12527
2/10/2023 12:22,13144
2/10/2023 12:23,12619
2/10/2023 12:23,12056
2/10/2023 12:24,12037
2/10/2023 12:24,13067
2/10/2023 12:25,12212
2/10/2023 12:25,12475
2/10/2023 12:26,12455
2/10/2023 12:26,12672
2/10/2023 12:27,12527
2/10/2023 12:27,12991
2/10/2023 12:28,12313
2/10/2023 12:28,12840
2/10/2023 12:29,13279
2/10/2023 12:29,12475
2/10/2023 12:30,12652
2/10/2023 12:30,12494
2/10/2023 12:31,12672
2/10/2023 12:31,12950
2/10/2023 12:32,12678
2/10/2023 12:32,12527
2/10/2023 12:33,11546
2/10/2023 12:33,12243
2/10/2023 12:34,12766
2/10/2023 12:34,12403
2/10/2023 12:35,12352
2/10/2023 12:35,12692
2/10/2023 12:36,12263
2/10/2023 12:36,12435
2/10/2023 12:37,12403
2/10/2023 12:37,12546
2/10/2023 12:38,12442
2/10/2023 12:38,12105
2/10/2023 12:39,12494
2/10/2023 12:39,12371
2/10/2023 12:40,12333
2/10/2023 12:40,12193
2/10/2023 12:41,12282
2/10/2023 12:41,12333
2/10/2023 12:42,12475
2/10/2023 12:42,11215
2/10/2023 12:43,12124
2/10/2023 12:43,12786
2/10/2023 12:44,12820
2/10/2023 12:44,12766
2/10/2023 12:45,12403
2/10/2023 12:45,13279
2/10/2023 12:46,12746
2/10/2023 12:46,12991
2/10/2023 12:47,12619
2/10/2023 12:47,11988
2/10/2023 12:48,11940
2/10/2023 12:48,12766
2/10/2023 12:49,12193
2/10/2023 12:50,12263
2/10/2023 12:50,11657
2/10/2023 12:51,12806
2/10/2023 12:51,12599
2/10/2023 12:52,12840
2/10/2023 12:52,11788
2/10/2023 12:53,12840
2/10/2023 12:53,12970
2/10/2023 12:54,11902
2/10/2023 12:54,11769
2/10/2023 12:55,12579
2/10/2023 12:55,13479
2/10/2023 12:56,12746
2/10/2023 12:56,11854
2/10/2023 12:57,13047
2/10/2023 12:57,12417
2/10/2023 12:58,12333
2/10/2023 12:58,12193
2/10/2023 12:59,11032
2/10/2023 12:59,11988
2/10/2023 13:00,12692
2/10/2023 13:00,12619
2/10/2023 13:01,12991
2/10/2023 13:01,12599
2/10/2023 13:02,12546
2/10/2023 13:02,12546
2/10/2023 13:03,12475
2/10/2023 13:03,12007
2/10/2023 13:04,13144
2/10/2023 13:04,12514
2/10/2023 13:05,11483
2/10/2023 13:05,12800
2/10/2023 13:06,12475
2/10/2023 13:06,12403
2/10/2023 13:07,12243
2/10/2023 13:07,12991
2/10/2023 13:08,12546
2/10/2023 13:08,13067
2/10/2023 13:09,12527
2/10/2023 13:09,12384
2/10/2023 13:10,11295
2/10/2023 13:10,12282
2/10/2023 13:11,12915
2/10/2023 13:11,12658
2/10/2023 13:12,11657
2/10/2023 13:12,11921
2/10/2023 13:13,13479
2/10/2023 13:13,12875
2/10/2023 13:14,12143
2/10/2023 13:14,12007
2/10/2023 13:15,12619
2/10/2023 13:16,13300
2/10/2023 13:16,12105
2/10/2023 13:17,11825
2/10/2023 13:17,12352
2/10/2023 13:18,12007
2/10/2023 13:18,12455
2/10/2023 13:19,12475
2/10/2023 13:19,11675
2/10/2023 13:20,11233
2/10/2023 13:20,12786
2/10/2023 13:21,12619
2/10/2023 13:21,12403
2/10/2023 13:22,12605
2/10/2023 13:22,13245
2/10/2023 13:23,13011
2/10/2023 13:23,12333
2/10/2023 13:24,13011
2/10/2023 13:24,13011
2/10/2023 13:25,11731
2/10/2023 13:25,11988
2/10/2023 13:26,13242
2/10/2023 13:26,12494
2/10/2023 13:27,12820
2/10/2023 13:27,12313
2/10/2023 13:28,12692
2/10/2023 13:28,12991
2/10/2023 13:29,12915
2/10/2023 13:29,12546
2/10/2023 13:30,12619
2/10/2023 13:30,12546
2/10/2023 13:31,12786
2/10/2023 13:31,12566
2/10/2023 13:32,12639
2/10/2023 13:32,12732
2/10/2023 13:33,12692
2/10/2023 13:33,12263
2/10/2023 13:34,11921
2/10/2023 13:34,11759
2/10/2023 13:35,13417
2/10/2023 13:35,12619
2/10/2023 13:36,12212
2/10/2023 13:36,12475
2/10/2023 13:37,11902
2/10/2023 13:37,13047
2/10/2023 13:38,11988
2/10/2023 13:38,12455
2/10/2023 13:39,12403
2/10/2023 13:39,12746
2/10/2023 13:40,12455
2/10/2023 13:40,12566
2/10/2023 13:41,12462
2/10/2023 13:41,12639
2/10/2023 13:42,11854
2/10/2023 13:43,12423
2/10/2023 13:43,12007
2/10/2023 13:44,12991
2/10/2023 13:44,12840
2/10/2023 13:45,12860
2/10/2023 13:45,12639
2/10/2023 13:46,12692
2/10/2023 13:46,12546
2/10/2023 13:47,12712
2/10/2023 13:47,13087
2/10/2023 13:48,12692
2/10/2023 13:48,12263
2/10/2023 13:49,12423
2/10/2023 13:49,13087
2/10/2023 13:50,12619
2/10/2023 13:50,13087
2/10/2023 13:51,13144
2/10/2023 13:51,12423
2/10/2023 13:52,12652
2/10/2023 13:52,12423
2/10/2023 13:53,12301
2/10/2023 13:53,12935
2/10/2023 13:54,11854
2/10/2023 13:54,12403
2/10/2023 13:55,12692
2/10/2023 13:55,12712
2/10/2023 13:56,12915
2/10/2023 13:56,13221
2/10/2023 13:57,12712
2/10/2023 13:57,12712
2/10/2023 13:58,12143
2/10/2023 13:58,12423
2/10/2023 13:59,12282
2/10/2023 13:59,12263
2/10/2023 14:00,12732
2/10/2023 14:00,12855
2/10/2023 14:01,12639
2/10/2023 14:01,12692
2/10/2023 14:02,12094
2/10/2023 14:02,12494
2/10/2023 14:03,12991
2/10/2023 14:03,12840
2/10/2023 14:04,12692
2/10/2023 14:04,11464
2/10/2023 14:05,12494
2/10/2023 14:05,12384
2/10/2023 14:06,11611
2/10/2023 14:06,12712
2/10/2023 14:07,12935
2/10/2023 14:07,12384
2/10/2023 14:08,13107
2/10/2023 14:08,12494
2/10/2023 14:09,12619
2/10/2023 14:10,10990
2/10/2023 14:10,12282
2/10/2023 14:11,12232
2/10/2023 14:11,12712
2/10/2023 14:12,12282
2/10/2023 14:12,11806
2/10/2023 14:13,12352
2/10/2023 14:13,12672
2/10/2023 14:14,12766
2/10/2023 14:14,12475
2/10/2023 14:15,13144
2/10/2023 14:15,11420
2/10/2023 14:16,12860
2/10/2023 14:16,12935
2/10/2023 14:17,11420
2/10/2023 14:17,12786
2/10/2023 14:18,12692
2/10/2023 14:18,12840
2/10/2023 14:19,12325
2/10/2023 14:19,12124
2/10/2023 14:20,13242
2/10/2023 14:20,12786
2/10/2023 14:21,12559
2/10/2023 14:21,12546
2/10/2023 14:22,11675
2/10/2023 14:22,11565
2/10/2023 14:23,12991
2/10/2023 14:23,12566
2/10/2023 14:24,12619
2/10/2023 14:24,12840
2/10/2023 14:25,12124
2/10/2023 14:25,12991
2/10/2023 14:26,12780
2/10/2023 14:26,12282
2/10/2023 14:27,11741
2/10/2023 14:27,11420
2/10/2023 14:28,12835
2/10/2023 14:28,12692
2/10/2023 14:29,12786
2/10/2023 14:29,13128
2/10/2023 14:30,12403
2/10/2023 14:30,12991
2/10/2023 14:31,12599
2/10/2023 14:31,12475
2/10/2023 14:32,13067
2/10/2023 14:32,12613
2/10/2023 14:33,12174
2/10/2023 14:33,12970
2/10/2023 14:34,12546
2/10/2023 14:34,12586
2/10/2023 14:35,12639
2/10/2023 14:35,12825
2/10/2023 14:36,12619
2/10/2023 14:37,12820
2/10/2023 14:37,11854
2/10/2023 14:38,12475
2/10/2023 14:38,12507
2/10/2023 14:39,13123
2/10/2023 14:39,12037
2/10/2023 14:40,12672
2/10/2023 14:41,12840
2/10/2023 14:41,12895
2/10/2023 14:42,12423
2/10/2023 14:42,12875
2/10/2023 14:43,13123
2/10/2023 14:43,12282
2/10/2023 14:44,12955
2/10/2023 14:44,12243
2/10/2023 14:45,12915
2/10/2023 14:45,12746
2/10/2023 14:46,12746
2/10/2023 14:46,12840
2/10/2023 14:47,13103
2/10/2023 14:47,12726
2/10/2023 14:48,11854
2/10/2023 14:48,13180
2/10/2023 14:49,11788
2/10/2023 14:49,12313
2/10/2023 14:50,12692
2/10/2023 14:50,12760
2/10/2023 14:52,12527
2/10/2023 14:52,12124
2/10/2023 14:53,12403
2/10/2023 14:54,13047
2/10/2023 14:54,13578
2/10/2023 14:55,11854
2/10/2023 14:55,13103
2/10/2023 14:56,12746
2/10/2023 14:56,12520
2/10/2023 14:57,12746
2/10/2023 14:57,12672
2/10/2023 14:58,12475
2/10/2023 14:58,13279
2/10/2023 14:59,11988
2/10/2023 15:00,12475
2/10/2023 15:00,12619
2/10/2023 15:01,11464
2/10/2023 15:01,12384
2/10/2023 15:02,11958
2/10/2023 15:02,12766
2/10/2023 15:03,13026
2/10/2023 15:03,12875
2/10/2023 15:04,12619
2/10/2023 15:04,12333
2/10/2023 15:05,11854
2/10/2023 15:05,12619
2/10/2023 15:06,13123
2/10/2023 15:06,12546
2/10/2023 15:07,13518
2/10/2023 15:07,12895
2/10/2023 15:08,12991
2/10/2023 15:08,13379
2/10/2023 15:09,13164
2/10/2023 15:09,13123
2/10/2023 15:10,13201
2/10/2023 15:10,12143
2/10/2023 15:11,12546
2/10/2023 15:11,11464
2/10/2023 15:12,11172
2/10/2023 15:12,12800
2/10/2023 15:13,12566
2/10/2023 15:13,12970
2/10/2023 15:14,12840
2/10/2023 15:14,12559
2/10/2023 15:15,12546
2/10/2023 15:15,12935
2/10/2023 15:16,11675
2/10/2023 15:16,12712
2/10/2023 15:17,12840
2/10/2023 15:17,12840
2/10/2023 15:18,13320
2/10/2023 15:18,12094
2/10/2023 15:19,12652
2/10/2023 15:19,12455
2/10/2023 15:20,12494
2/10/2023 15:20,13076
2/10/2023 15:21,12075
2/10/2023 15:21,13144
2/10/2023 15:22,12475
2/10/2023 15:22,13087
2/10/2023 15:23,12639
2/10/2023 15:23,12282
2/10/2023 15:24,12423
2/10/2023 15:24,12840
2/10/2023 15:25,12263
2/10/2023 15:25,12566
2/10/2023 15:26,12619
2/10/2023 15:27,12075
2/10/2023 15:27,12895
2/10/2023 15:28,11854
2/10/2023 15:28,12475
2/10/2023 15:29,12333
2/10/2023 15:29,12333
2/10/2023 15:30,11339
2/10/2023 15:30,12692
2/10/2023 15:31,12263
2/10/2023 15:31,11722
2/10/2023 15:32,12007
2/10/2023 15:32,12692
2/10/2023 15:33,13047
2/10/2023 15:33,12174
2/10/2023 15:34,13067
2/10/2023 15:34,12692
2/10/2023 15:35,13047
2/10/2023 15:35,12865
2/10/2023 15:36,12840
2/10/2023 15:36,11464
2/10/2023 15:37,12875
2/10/2023 15:37,12455
2/10/2023 15:38,12313
2/10/2023 15:38,12786
2/10/2023 15:39,11401
2/10/2023 15:39,11446
2/10/2023 15:40,12333
2/10/2023 15:40,12243
2/10/2023 15:41,12371
2/10/2023 15:41,11592
2/10/2023 15:42,12692
2/10/2023 15:42,12860
2/10/2023 15:43,12455
2/10/2023 15:43,12475
2/10/2023 15:44,12991
2/10/2023 15:44,12423
2/10/2023 15:45,12639
2/10/2023 15:45,11854
2/10/2023 15:46,12282
2/10/2023 15:46,12423
2/10/2023 15:47,12860
2/10/2023 15:47,12546
2/10/2023 15:48,13399
2/10/2023 15:48,12692
2/10/2023 15:49,12494
2/10/2023 15:49,11593
2/10/2023 15:50,12639
2/10/2023 15:50,12514
2/10/2023 15:51,13123
2/10/2023 15:51,12423
2/10/2023 15:52,12692
2/10/2023 15:53,12915
2/10/2023 15:53,12143
2/10/2023 15:54,12333
2/10/2023 15:54,12333
2/10/2023 15:55,12546
2/10/2023 15:55,13358
2/10/2023 15:56,12820
2/10/2023 15:56,12494
2/10/2023 15:57,12915
2/10/2023 15:57,12075
2/10/2023 15:58,11722
2/10/2023 15:58,11873
2/10/2023 15:59,12692
2/10/2023 15:59,12403
2/10/2023 16:00,12294
2/10/2023 16:00,13300
2/10/2023 16:01,12371
2/10/2023 16:01,12333
2/10/2023 16:02,11528
2/10/2023 16:02,12017
2/10/2023 16:03,12124
2/10/2023 16:03,13067
2/10/2023 16:04,11854
2/10/2023 16:04,12333
2/10/2023 16:05,13337
2/10/2023 16:05,13262
2/10/2023 16:06,12124
2/10/2023 16:06,12712
2/10/2023 16:07,12384
2/10/2023 16:07,12423
2/10/2023 16:08,13144
2/10/2023 16:08,12333
2/10/2023 16:09,12766
2/10/2023 16:09,11483
2/10/2023 16:10,13399
2/10/2023 16:10,12333
2/10/2023 16:11,12573
2/10/2023 16:11,12263
2/10/2023 16:12,12786
2/10/2023 16:12,12599
2/10/2023 16:13,13358
2/10/2023 16:13,11648
2/10/2023 16:14,11464
2/10/2023 16:14,13107
2/10/2023 16:15,12527
2/10/2023 16:15,12860
2/10/2023 16:16,12282
2/10/2023 16:16,12423
2/10/2023 16:17,12263
2/10/2023 16:17,13437
2/10/2023 16:18,12786
2/10/2023 16:18,12806
2/10/2023 16:19,11375
2/10/2023 16:20,11675
2/10/2023 16:20,11675
2/10/2023 16:21,12075
2/10/2023 16:21,12143
2/10/2023 16:22,12494
2/10/2023 16:22,12075
2/10/2023 16:23,12786
2/10/2023 16:23,12514
2/10/2023 16:24,12423
2/10/2023 16:24,12494
2/10/2023 16:25,12423
2/10/2023 16:25,12494
2/10/2023 16:26,12475
2/10/2023 16:26,10890
2/10/2023 16:27,13320
2/10/2023 16:27,12860
2/10/2023 16:28,12494
2/10/2023 16:28,13242
2/10/2023 16:29,12212
2/10/2023 16:29,12352
2/10/2023 16:30,12566
2/10/2023 16:30,12232
2/10/2023 16:31,11892
2/10/2023 16:31,12282
2/10/2023 16:32,12352
2/10/2023 16:32,12766
2/10/2023 16:33,12371
2/10/2023 16:33,11694
2/10/2023 16:34,12658
2/10/2023 16:34,12193
2/10/2023 16:35,13107
2/10/2023 16:35,12162
2/10/2023 16:36,12514
2/10/2023 16:36,12860
2/10/2023 16:37,12514
2/10/2023 16:37,13303
2/10/2023 16:38,12566
2/10/2023 16:38,12712
2/10/2023 16:39,12105
2/10/2023 16:39,11892
2/10/2023 16:40,12860
2/10/2023 16:40,12514
2/10/2023 16:41,12232
2/10/2023 16:41,12321
2/10/2023 16:42,13107
2/10/2023 16:42,13242
2/10/2023 16:43,12371
2/10/2023 16:43,12462
2/10/2023 16:44,12533
2/10/2023 16:44,13184
2/10/2023 16:45,12786
2/10/2023 16:45,13107
2/10/2023 16:46,13479
2/10/2023 16:47,12955
2/10/2023 16:47,11375
2/10/2023 16:48,12732
2/10/2023 16:48,12860
2/10/2023 16:49,11456
2/10/2023 16:49,13031
2/10/2023 16:50,12732
2/10/2023 16:50,12514
2/10/2023 16:51,11958
2/10/2023 16:51,13011
2/10/2023 16:52,12860
2/10/2023 16:52,12586
2/10/2023 16:53,12895
2/10/2023 16:53,12860
2/10/2023 16:54,13107
2/10/2023 16:54,11863
2/10/2023 16:55,13031
2/10/2023 16:55,12566
2/10/2023 16:56,10831
2/10/2023 16:56,13341
2/10/2023 16:57,12732
2/10/2023 16:57,11629
2/10/2023 16:58,12712
2/10/2023 16:58,13031
2/10/2023 16:59,12586
2/10/2023 16:59,12751
2/10/2023 17:00,12605
2/10/2023 17:00,12586
2/10/2023 17:01,12800
2/10/2023 17:01,13184
2/10/2023 17:02,11958
2/10/2023 17:02,12494
2/10/2023 17:03,12371
2/10/2023 17:03,12806
2/10/2023 17:04,12712
2/10/2023 17:04,12786
2/10/2023 17:05,11583
2/10/2023 17:05,12658
2/10/2023 17:06,12162
2/10/2023 17:06,13031
2/10/2023 17:07,11592
2/10/2023 17:07,12442
2/10/2023 17:08,13031
2/10/2023 17:08,12514
2/10/2023 17:09,12232
2/10/2023 17:09,12494
2/10/2023 17:10,12658
2/10/2023 17:10,12162
2/10/2023 17:11,12301
2/10/2023 17:11,12732
2/10/2023 17:12,12652
2/10/2023 17:12,13031
2/10/2023 17:13,12494
2/10/2023 17:14,12806
2/10/2023 17:14,12732
2/10/2023 17:15,12494
2/10/2023 17:15,12371
2/10/2023 17:16,12925
2/10/2023 17:16,12880
2/10/2023 17:17,12732
2/10/2023 17:17,12094
2/10/2023 17:18,12900
2/10/2023 17:18,13011
2/10/2023 17:19,12371
2/10/2023 17:19,13262
2/10/2023 17:20,11759
2/10/2023 17:20,12672
2/10/2023 17:21,12494
2/10/2023 17:21,12955
2/10/2023 17:22,12232
2/10/2023 17:22,12566
2/10/2023 17:23,12880
2/10/2023 17:23,12494
2/10/2023 17:24,11694
2/10/2023 17:24,12301
2/10/2023 17:25,13107
2/10/2023 17:25,11977
2/10/2023 17:26,11806
2/10/2023 17:26,13164
2/10/2023 17:27,13262
2/10/2023 17:27,12806
2/10/2023 17:28,12371
2/10/2023 17:28,12442
2/10/2023 17:29,13051
2/10/2023 17:29,12658
2/10/2023 17:30,12880
2/10/2023 17:30,11759
2/10/2023 17:31,13051
2/10/2023 17:31,12639
2/10/2023 17:32,13031
2/10/2023 17:32,12232
2/10/2023 17:33,13283
2/10/2023 17:33,12692
2/10/2023 17:34,12371
2/10/2023 17:34,12895
2/10/2023 17:35,12232
2/10/2023 17:35,12514
2/10/2023 17:36,12625
2/10/2023 17:36,12282
2/10/2023 17:37,12732
2/10/2023 17:37,12282
2/10/2023 17:38,13164
2/10/2023 17:38,12732
2/10/2023 17:39,13011
2/10/2023 17:40,13242
2/10/2023 17:40,12533
2/10/2023 17:41,13087
2/10/2023 17:41,12586
2/10/2023 17:42,13221
2/10/2023 17:42,12301
2/10/2023 17:43,11759
2/10/2023 17:43,13341
2/10/2023 17:44,12658
2/10/2023 17:44,13107
2/10/2023 17:45,12658
2/10/2023 17:45,13580
2/10/2023 17:46,12658
2/10/2023 17:46,12423
2/10/2023 17:47,12403
2/10/2023 17:47,12533
2/10/2023 17:48,13420
2/10/2023 17:48,12371
2/10/2023 17:49,13107
2/10/2023 17:49,12094
2/10/2023 17:50,12806
2/10/2023 17:50,13184
2/10/2023 17:51,12658
2/10/2023 17:51,12639
2/10/2023 17:52,12481
2/10/2023 17:52,12442
2/10/2023 17:53,12732
2/10/2023 17:53,12658
2/10/2023 17:54,13399
2/10/2023 17:54,12045
2/10/2023 17:55,12251
2/10/2023 17:55,12860
2/10/2023 17:56,12371
2/10/2023 17:56,13051
2/10/2023 17:57,12860
2/10/2023 17:57,12403
2/10/2023 17:58,13661
2/10/2023 17:58,12825
2/10/2023 17:59,12371
2/10/2023 17:59,12481
2/10/2023 18:00,12301
2/10/2023 18:00,12423
2/10/2023 18:01,12391
2/10/2023 18:01,12860
2/10/2023 18:02,12232
2/10/2023 18:02,13500
2/10/2023 18:03,13107
2/10/2023 18:03,13303
2/10/2023 18:04,12586
2/10/2023 18:04,12639
2/10/2023 18:05,13559
2/10/2023 18:05,13262
2/10/2023 18:06,13051
2/10/2023 18:07,11958
2/10/2023 18:07,12678
2/10/2023 18:08,12182
2/10/2023 18:08,13184
2/10/2023 18:09,12658
2/10/2023 18:09,12771
2/10/2023 18:10,12566
2/10/2023 18:10,13341
2/10/2023 18:11,13341
2/10/2023 18:11,12658
2/10/2023 18:12,12514
2/10/2023 18:12,13031
2/10/2023 18:13,12533
2/10/2023 18:13,12162
2/10/2023 18:14,12619
2/10/2023 18:14,12162
2/10/2023 18:15,12514
2/10/2023 18:15,13031
2/10/2023 18:16,12143
2/10/2023 18:16,12712
2/10/2023 18:17,13500
2/10/2023 18:17,12391
2/10/2023 18:18,12955
2/10/2023 18:18,13184
2/10/2023 18:19,12712
2/10/2023 18:19,12321
2/10/2023 18:20,12658
2/10/2023 18:20,12995
2/10/2023 18:21,12935
2/10/2023 18:21,12672
2/10/2023 18:22,12352
2/10/2023 18:22,12507
2/10/2023 18:23,12501
2/10/2023 18:23,12658
2/10/2023 18:24,12232
2/10/2023 18:24,12586
2/10/2023 18:25,13262
2/10/2023 18:25,12301
2/10/2023 18:26,12935
2/10/2023 18:26,12321
2/10/2023 18:27,12313
2/10/2023 18:27,12732
2/10/2023 18:28,13107
2/10/2023 18:28,13242
2/10/2023 18:29,12301
2/10/2023 18:29,12232
2/10/2023 18:30,12712
2/10/2023 18:30,13420
2/10/2023 18:31,12566
2/10/2023 18:31,12514
2/10/2023 18:32,12625
2/10/2023 18:32,12586
2/10/2023 18:33,12786
2/10/2023 18:34,12900
2/10/2023 18:34,12658
2/10/2023 18:35,12678
2/10/2023 18:35,12825
2/10/2023 18:36,12612
2/10/2023 18:36,12880
2/10/2023 18:37,12430
2/10/2023 18:37,11629
2/10/2023 18:38,13601
2/10/2023 18:38,13640
2/10/2023 18:39,12384
2/10/2023 18:39,12732
2/10/2023 18:40,12232
2/10/2023 18:40,12816
2/10/2023 18:41,12423
2/10/2023 18:41,12605
2/10/2023 18:42,13031
2/10/2023 18:42,12586
2/10/2023 18:43,12462
2/10/2023 18:43,12586
2/10/2023 18:44,12935
2/10/2023 18:44,13341
2/10/2023 18:45,13341
2/10/2023 18:45,12423
2/10/2023 18:46,13184
2/10/2023 18:46,12732
2/10/2023 18:47,12586
2/10/2023 18:47,12732
2/10/2023 18:48,12860
2/10/2023 18:48,12026
2/10/2023 18:49,13262
2/10/2023 18:49,12806
2/10/2023 18:50,12698
2/10/2023 18:50,12825
2/10/2023 18:51,12806
2/10/2023 18:51,13031
2/10/2023 18:52,13743
2/10/2023 18:52,12605
2/10/2023 18:53,12766
2/10/2023 18:53,13399
2/10/2023 18:54,12514
2/10/2023 18:54,12712
2/10/2023 18:55,13067
2/10/2023 18:55,12658
2/10/2023 18:56,12678
2/10/2023 18:56,12442
2/10/2023 18:57,12263
2/10/2023 18:57,12806
2/10/2023 18:58,12639
2/10/2023 18:58,12935
2/10/2023 18:59,12566
2/10/2023 19:00,12658
2/10/2023 19:00,12352
2/10/2023 19:01,12282
2/10/2023 19:01,12586
2/10/2023 19:02,12746
2/10/2023 19:02,12712
2/10/2023 19:03,12806
2/10/2023 19:03,12566
2/10/2023 19:04,12442
2/10/2023 19:04,12083
2/10/2023 19:05,12860
2/10/2023 19:05,12423
2/10/2023 19:06,11892
2/10/2023 19:06,12094
2/10/2023 19:07,13341
2/10/2023 19:07,12586
2/10/2023 19:08,12301
2/10/2023 19:08,12586
2/10/2023 19:09,13559
2/10/2023 19:09,12605
2/10/2023 19:10,12573
2/10/2023 19:10,12678
2/10/2023 19:11,13479
2/10/2023 19:11,12658
2/10/2023 19:12,12732
2/10/2023 19:12,12632
2/10/2023 19:13,12658
2/10/2023 19:13,12991
2/10/2023 19:14,13262
2/10/2023 19:14,12786
2/10/2023 19:15,12352
2/10/2023 19:15,12162
2/10/2023 19:16,12639
2/10/2023 19:16,12880
2/10/2023 19:17,12423
2/10/2023 19:17,11910
2/10/2023 19:18,11977
2/10/2023 19:18,13031
2/10/2023 19:19,12494
2/10/2023 19:19,12045
2/10/2023 19:20,13225
2/10/2023 19:20,11825
2/10/2023 19:21,13184
2/10/2023 19:21,13826
2/10/2023 19:22,12880
2/10/2023 19:22,12678
2/10/2023 19:23,12116
2/10/2023 19:23,12371
2/10/2023 19:24,12712
2/10/2023 19:24,12494
2/10/2023 19:25,13184
2/10/2023 19:25,13661
2/10/2023 19:26,13031
2/10/2023 19:27,12786
2/10/2023 19:27,12494
2/10/2023 19:28,12955
2/10/2023 19:28,12925
2/10/2023 19:29,12546
2/10/2023 19:29,12514
2/10/2023 19:30,12712
2/10/2023 19:30,13071
2/10/2023 19:31,11892
2/10/2023 19:31,12586
2/10/2023 19:32,12026
2/10/2023 19:32,12423
2/10/2023 19:33,12442
2/10/2023 19:33,12007
2/10/2023 19:34,13011
2/10/2023 19:34,13107
2/10/2023 19:35,13420
2/10/2023 19:35,12514
2/10/2023 19:36,12658
2/10/2023 19:36,12301
2/10/2023 19:37,12475
2/10/2023 19:37,12586
2/10/2023 19:38,13011
2/10/2023 19:38,12806
2/10/2023 19:39,12766
2/10/2023 19:39,13379
2/10/2023 19:40,13184
2/10/2023 19:40,12546
2/10/2023 19:41,12251
2/10/2023 19:41,12403
2/10/2023 19:42,12757
2/10/2023 19:42,12806
2/10/2023 19:43,13148
2/10/2023 19:43,12566
2/10/2023 19:44,12639
2/10/2023 19:44,12806
2/10/2023 19:45,12359
2/10/2023 19:45,13826
2/10/2023 19:46,12658
2/10/2023 19:46,12605
2/10/2023 19:47,12494
2/10/2023 19:47,13262
2/10/2023 19:48,12514
2/10/2023 19:48,12658
2/10/2023 19:49,12514
2/10/2023 19:49,12514
2/10/2023 19:50,12732
2/10/2023 19:50,12514
2/10/2023 19:51,12763
2/10/2023 19:51,12786
2/10/2023 19:52,12975
2/10/2023 19:52,12586
2/10/2023 19:53,13479
2/10/2023 19:54,13500
2/10/2023 19:54,13262
2/10/2023 19:55,13107
2/10/2023 19:55,12860
2/10/2023 19:56,12890
2/10/2023 19:56,12880
2/10/2023 19:57,12825
2/10/2023 19:57,12442
2/10/2023 19:58,12462
2/10/2023 19:58,12975
2/10/2023 19:59,13580
2/10/2023 19:59,12586
2/10/2023 20:00,13031
2/10/2023 20:00,12026
2/10/2023 20:01,12026
2/10/2023 20:01,12880
2/10/2023 20:02,12007
2/10/2023 20:02,12639
2/10/2023 20:03,12586
2/10/2023 20:03,12766
2/10/2023 20:04,12403
2/10/2023 20:04,13559
2/10/2023 20:05,12639
2/10/2023 20:05,12955
2/10/2023 20:06,12726
2/10/2023 20:06,12282
2/10/2023 20:07,12586
2/10/2023 20:07,13520
2/10/2023 20:08,12533
2/10/2023 20:08,12533
2/10/2023 20:09,12678
2/10/2023 20:09,12658
2/10/2023 20:10,12442
2/10/2023 20:10,12605
2/10/2023 20:11,13184
2/10/2023 20:11,12514
2/10/2023 20:12,12732
2/10/2023 20:12,12960
2/10/2023 20:13,13341
2/10/2023 20:13,13784
2/10/2023 20:14,13931
2/10/2023 20:14,12586
2/10/2023 20:15,12423
2/10/2023 20:15,12639
2/10/2023 20:16,13743
2/10/2023 20:16,12514
2/10/2023 20:17,13341
2/10/2023 20:17,12880
2/10/2023 20:18,12352
2/10/2023 20:18,12658
2/10/2023 20:19,12619
2/10/2023 20:20,13262
2/10/2023 20:20,13341
2/10/2023 20:21,12026
2/10/2023 20:21,13087
2/10/2023 20:22,12786
2/10/2023 20:22,12566
2/10/2023 20:23,12825
2/10/2023 20:23,12658
2/10/2023 20:24,12232
2/10/2023 20:24,13320
2/10/2023 20:25,13031
2/10/2023 20:25,13056
2/10/2023 20:26,12546
2/10/2023 20:26,12955
2/10/2023 20:27,13745
2/10/2023 20:27,12658
2/10/2023 20:28,13184
2/10/2023 20:28,12462
2/10/2023 20:29,12371
2/10/2023 20:29,13743
2/10/2023 20:30,13262
2/10/2023 20:30,13601
2/10/2023 20:31,12732
2/10/2023 20:31,12232
2/10/2023 20:32,12442
2/10/2023 20:32,12625
2/10/2023 20:33,12340
2/10/2023 20:33,12586
2/10/2023 20:34,12232
2/10/2023 20:34,13184
2/10/2023 20:35,12925
2/10/2023 20:35,12658
2/10/2023 20:36,12806
2/10/2023 20:36,12566
2/10/2023 20:37,12514
2/10/2023 20:37,12533
2/10/2023 20:38,12751
2/10/2023 20:38,12658
2/10/2023 20:39,13031
2/10/2023 20:39,12232
2/10/2023 20:40,12840
2/10/2023 20:40,12352
2/10/2023 20:41,13245
2/10/2023 20:41,12586
2/10/2023 20:42,12442
2/10/2023 20:42,12533
2/10/2023 20:43,12860
2/10/2023 20:43,12566
2/10/2023 20:44,12586
2/10/2023 20:44,12442
2/10/2023 20:45,12586
2/10/2023 20:45,13559
2/10/2023 20:46,12403
2/10/2023 20:47,12658
2/10/2023 20:47,13320
2/10/2023 20:48,13479
2/10/2023 20:48,12586
2/10/2023 20:49,12732
2/10/2023 20:49,13087
2/10/2023 20:50,12658
2/10/2023 20:50,12573
2/10/2023 20:51,12566
2/10/2023 20:51,12925
2/10/2023 20:52,12533
2/10/2023 20:52,12442
2/10/2023 20:53,11940
2/10/2023 20:53,12712
2/10/2023 20:54,11958
2/10/2023 20:54,13320
2/10/2023 20:55,13341
2/10/2023 20:55,12712
2/10/2023 20:56,13520
2/10/2023 20:56,12514
2/10/2023 20:57,13164
2/10/2023 20:57,12301
2/10/2023 20:58,12442
2/10/2023 20:58,12514
2/10/2023 20:59,12639
2/10/2023 20:59,13361
2/10/2023 21:00,13909
2/10/2023 21:00,12639
2/10/2023 21:01,12494
2/10/2023 21:01,12915
2/10/2023 21:02,12692
2/10/2023 21:02,12494
2/10/2023 21:03,13087
2/10/2023 21:03,12514
2/10/2023 21:04,12423
2/10/2023 21:04,13087
2/10/2023 21:05,12212
2/10/2023 21:05,13011
2/10/2023 21:06,12352
2/10/2023 21:06,13164
2/10/2023 21:07,12658
2/10/2023 21:07,12566
2/10/2023 21:08,12786
2/10/2023 21:08,13559
2/10/2023 21:09,12712
2/10/2023 21:09,13722
2/10/2023 21:10,12423
2/10/2023 21:10,12423
2/10/2023 21:11,12475
2/10/2023 21:11,13087
2/10/2023 21:12,12442
2/10/2023 21:12,13580
2/10/2023 21:13,13479
2/10/2023 21:14,13087
2/10/2023 21:14,12442
2/10/2023 21:15,12746
2/10/2023 21:15,12786
2/10/2023 21:16,11741
2/10/2023 21:16,12423
2/10/2023 21:17,12586
2/10/2023 21:17,12806
2/10/2023 21:18,13279
2/10/2023 21:18,12860
2/10/2023 21:19,13051
2/10/2023 21:19,12566
2/10/2023 21:20,13011
2/10/2023 21:20,13011
2/10/2023 21:21,13437
2/10/2023 21:21,13640
2/10/2023 21:22,13262
2/10/2023 21:22,13640
2/10/2023 21:23,13262
2/10/2023 21:23,12658
2/10/2023 21:24,12553
2/10/2023 21:24,13341
2/10/2023 21:25,13341
2/10/2023 21:25,12639
2/10/2023 21:26,12712
2/10/2023 21:26,12586
2/10/2023 21:27,12475
2/10/2023 21:27,13620
2/10/2023 21:28,12806
2/10/2023 21:28,13320
2/10/2023 21:29,12652
2/10/2023 21:29,12840
2/10/2023 21:30,13479
2/10/2023 21:30,13665
2/10/2023 21:31,13087
2/10/2023 21:31,12586
2/10/2023 21:32,13242
2/10/2023 21:32,12371
2/10/2023 21:33,12423
2/10/2023 21:33,12880
2/10/2023 21:34,12825
2/10/2023 21:34,13437
2/10/2023 21:35,12658
2/10/2023 21:35,12619
2/10/2023 21:36,12546
2/10/2023 21:36,13060
2/10/2023 21:37,12527
2/10/2023 21:37,13399
2/10/2023 21:38,12658
2/10/2023 21:38,12212
2/10/2023 21:39,13420
2/10/2023 21:40,12639
2/10/2023 21:40,13011
2/10/2023 21:41,12586
2/10/2023 21:41,12566
2/10/2023 21:42,13994
2/10/2023 21:42,12712
2/10/2023 21:43,12619
2/10/2023 21:43,12658
2/10/2023 21:44,13286
2/10/2023 21:44,12915
2/10/2023 21:45,12816
2/10/2023 21:45,12494
2/10/2023 21:46,13087
2/10/2023 21:46,13011
2/10/2023 21:47,12442
2/10/2023 21:47,13051
2/10/2023 21:48,13056
2/10/2023 21:48,13559
2/10/2023 21:49,12955
2/10/2023 21:49,13399
2/10/2023 21:50,13559
2/10/2023 21:50,12766
2/10/2023 21:51,13320
2/10/2023 21:51,12860
2/10/2023 21:52,13640
2/10/2023 21:52,13184
2/10/2023 21:53,13500
2/10/2023 21:53,12786
2/10/2023 21:54,12732
2/10/2023 21:54,13051
2/10/2023 21:55,12806
2/10/2023 21:55,12845
2/10/2023 21:56,13479
2/10/2023 21:56,12806
2/10/2023 21:57,13242
2/10/2023 21:57,12806
2/10/2023 21:58,13262
2/10/2023 21:58,12586
2/10/2023 21:59,13420
2/10/2023 21:59,12806
2/10/2023 22:00,12825
2/10/2023 22:00,13242
2/10/2023 22:01,12786
2/10/2023 22:01,13087
2/10/2023 22:02,12825
2/10/2023 22:02,13205
2/10/2023 22:03,13011
2/10/2023 22:03,12880
2/10/2023 22:04,13087
2/10/2023 22:04,13580
2/10/2023 22:05,12658
2/10/2023 22:05,12900
2/10/2023 22:06,13107
2/10/2023 22:07,13479
2/10/2023 22:07,13826
2/10/2023 22:08,13184
2/10/2023 22:08,12737
2/10/2023 22:09,13320
2/10/2023 22:09,12995
2/10/2023 22:10,12920
2/10/2023 22:10,12751
2/10/2023 22:11,13087
2/10/2023 22:11,12639
2/10/2023 22:12,12712
2/10/2023 22:12,12658
2/10/2023 22:13,12658
2/10/2023 22:13,12732
2/10/2023 22:14,12514
2/10/2023 22:14,12806
2/10/2023 22:15,12232
2/10/2023 22:15,12955
2/10/2023 22:16,12514
2/10/2023 22:16,12732
2/10/2023 22:17,12991
2/10/2023 22:17,12786
2/10/2023 22:18,12481
2/10/2023 22:18,12527
2/10/2023 22:19,12423
2/10/2023 22:19,13164
2/10/2023 22:20,12935
2/10/2023 22:20,12658
2/10/2023 22:21,12586
2/10/2023 22:21,12586
2/10/2023 22:22,13205
2/10/2023 22:22,12706
2/10/2023 22:23,12712
2/10/2023 22:23,12619
2/10/2023 22:24,13661
2/10/2023 22:24,13242
2/10/2023 22:25,12732
2/10/2023 22:25,12935
2/10/2023 22:26,12462
2/10/2023 22:26,13722
2/10/2023 22:27,12692
2/10/2023 22:27,12732
2/10/2023 22:28,12786
2/10/2023 22:28,13087
2/10/2023 22:29,12442
2/10/2023 22:29,13399
2/10/2023 22:30,12955
2/10/2023 22:30,12514
2/10/2023 22:31,12678
2/10/2023 22:31,13107
2/10/2023 22:32,13067
2/10/2023 22:32,13826
2/10/2023 22:33,13437
2/10/2023 22:34,12786
2/10/2023 22:34,12232
2/10/2023 22:35,12639
2/10/2023 22:35,12806
2/10/2023 22:36,13164
2/10/2023 22:36,12806
2/10/2023 22:37,13458
2/10/2023 22:37,13164
2/10/2023 22:38,12533
2/10/2023 22:38,12975
2/10/2023 22:39,12586
2/10/2023 22:39,12751
2/10/2023 22:40,12678
2/10/2023 22:40,13500
2/10/2023 22:41,13888
2/10/2023 22:41,12860
2/10/2023 22:42,12806
2/10/2023 22:42,12806
2/10/2023 22:43,12900
2/10/2023 22:43,13087
2/10/2023 22:44,12880
2/10/2023 22:44,12442
2/10/2023 22:45,13909
2/10/2023 22:45,12732
2/10/2023 22:46,13031
2/10/2023 22:46,12825
2/10/2023 22:47,13262
2/10/2023 22:47,12900
2/10/2023 22:48,12605
2/10/2023 22:48,13682
2/10/2023 22:49,12442
2/10/2023 22:49,12586
2/10/2023 22:50,13479
2/10/2023 22:50,12586
2/10/2023 22:51,12732
2/10/2023 22:51,12825
2/10/2023 22:52,12732
2/10/2023 22:52,12806
2/10/2023 22:53,12935
2/10/2023 22:53,12566
2/10/2023 22:54,13283
2/10/2023 22:54,13440
2/10/2023 22:55,13682
2/10/2023 22:55,13580
2/10/2023 22:56,12678
2/10/2023 22:56,13785
2/10/2023 22:57,12605
2/10/2023 22:57,13500
2/10/2023 22:58,12825
2/10/2023 22:58,13128
2/10/2023 22:59,13011
2/10/2023 23:00,12791
2/10/2023 23:00,12975
2/10/2023 23:01,13580
2/10/2023 23:01,12900
2/10/2023 23:02,13087
2/10/2023 23:02,12880
2/10/2023 23:03,13399
2/10/2023 23:03,13031
2/10/2023 23:04,12806
2/10/2023 23:04,12462
2/10/2023 23:05,12462
2/10/2023 23:05,12825
2/10/2023 23:06,12732
2/10/2023 23:06,13743
2/10/2023 23:07,12880
2/10/2023 23:07,13011
2/10/2023 23:08,12806
2/10/2023 23:08,13603
2/10/2023 23:09,13361
2/10/2023 23:09,12514
2/10/2023 23:10,12533
2/10/2023 23:10,13580
2/10/2023 23:11,13011
2/10/2023 23:11,13128
2/10/2023 23:12,13128
2/10/2023 23:12,13005
2/10/2023 23:13,12786
2/10/2023 23:13,12658
2/10/2023 23:14,12806
2/10/2023 23:14,12751
2/10/2023 23:15,12391
2/10/2023 23:15,13500
2/10/2023 23:16,14164
2/10/2023 23:16,12860
2/10/2023 23:17,13184
2/10/2023 23:17,12786
2/10/2023 23:18,13205
2/10/2023 23:18,12880
2/10/2023 23:19,12786
2/10/2023 23:19,13440
2/10/2023 23:20,13051
2/10/2023 23:20,12860
2/10/2023 23:21,12751
2/10/2023 23:21,13601
2/10/2023 23:22,12712
2/10/2023 23:22,12865
2/10/2023 23:23,13559
2/10/2023 23:23,12840
2/10/2023 23:24,12975
2/10/2023 23:24,12698
2/10/2023 23:25,12712
2/10/2023 23:25,12825
2/10/2023 23:26,13440
2/10/2023 23:27,12825
2/10/2023 23:27,12698
2/10/2023 23:28,13051
2/10/2023 23:28,12605
2/10/2023 23:29,12751
2/10/2023 23:29,12605
2/10/2023 23:30,13559
2/10/2023 23:30,12935
2/10/2023 23:31,12811
2/10/2023 23:31,13458
2/10/2023 23:32,13479
2/10/2023 23:32,12955
2/10/2023 23:33,12771
2/10/2023 23:33,14079
2/10/2023 23:34,13361
2/10/2023 23:34,12712
2/10/2023 23:35,12586
2/10/2023 23:35,12540
2/10/2023 23:36,13520
2/10/2023 23:36,13580
2/10/2023 23:37,13440
2/10/2023 23:37,12352
2/10/2023 23:38,13743
2/10/2023 23:38,13420
2/10/2023 23:39,12658
2/10/2023 23:39,13031
2/10/2023 23:40,12586
2/10/2023 23:40,13283
2/10/2023 23:41,13262
2/10/2023 23:41,12975
2/10/2023 23:42,12423
2/10/2023 23:42,13361
2/10/2023 23:43,12825
2/10/2023 23:43,12442
2/10/2023 23:44,12955
2/10/2023 23:44,12698
2/10/2023 23:45,12599
2/10/2023 23:45,12639
2/10/2023 23:46,12806
2/10/2023 23:46,13184
2/10/2023 23:47,12900
2/10/2023 23:47,12806
2/10/2023 23:48,13764
2/10/2023 23:48,12639
2/10/2023 23:49,13205
2/10/2023 23:49,12880
2/10/2023 23:50,12900
2/10/2023 23:50,12282
2/10/2023 23:51,12533
2/10/2023 23:51,13580
2/10/2023 23:52,12442
2/10/2023 23:52,12825
2/10/2023 23:53,13107
2/10/2023 23:54,12698
2/10/2023 23:54,12806
2/10/2023 23:55,13479
2/10/2023 23:55,12391
2/10/2023 23:56,12751
2/10/2023 23:56,12586
2/10/2023 23:57,13205
2/10/2023 23:57,13107
2/10/2023 23:58,12975
2/10/2023 23:58,12462
2/10/2023 23:59,14338
2/10/2023 23:59,12935
2/11/2023 0:00,12880
2/11/2023 0:00,14186
2/11/2023 0:01,12806
2/11/2023 0:01,13684
2/11/2023 0:02,12442
2/11/2023 0:02,12619
2/11/2023 0:03,12212
2/11/2023 0:03,12232
2/11/2023 0:04,12462
2/11/2023 0:04,13764
2/11/2023 0:05,13500
2/11/2023 0:05,13663
2/11/2023 0:06,13888
2/11/2023 0:06,12658
2/11/2023 0:07,12825
2/11/2023 0:07,12533
2/11/2023 0:08,12900
2/11/2023 0:08,12586
2/11/2023 0:09,12806
2/11/2023 0:09,12751
2/11/2023 0:10,13107
2/11/2023 0:10,12825
2/11/2023 0:11,12880
2/11/2023 0:11,12586
2/11/2023 0:12,12806
2/11/2023 0:12,12533
2/11/2023 0:13,12678
2/11/2023 0:13,13011
2/11/2023 0:14,12612
2/11/2023 0:14,12586
2/11/2023 0:15,12586
2/11/2023 0:15,13443
2/11/2023 0:16,12619
2/11/2023 0:16,12605
2/11/2023 0:17,13972
2/11/2023 0:17,12423
2/11/2023 0:18,12935
2/11/2023 0:18,13764
2/11/2023 0:19,12840
2/11/2023 0:20,13722
2/11/2023 0:20,12766
2/11/2023 0:21,11958
2/11/2023 0:21,12462
2/11/2023 0:22,13262
2/11/2023 0:22,13805
2/11/2023 0:23,12212
2/11/2023 0:23,12955
2/11/2023 0:24,13580
2/11/2023 0:24,12514
2/11/2023 0:25,12860
2/11/2023 0:25,13500
2/11/2023 0:26,12566
2/11/2023 0:26,13184
2/11/2023 0:27,13051
2/11/2023 0:27,12533
2/11/2023 0:28,12658
2/11/2023 0:28,12860
2/11/2023 0:29,12860
2/11/2023 0:29,12751
2/11/2023 0:30,12771
2/11/2023 0:30,12712
2/11/2023 0:31,13051
2/11/2023 0:31,12625
2/11/2023 0:32,12371
2/11/2023 0:32,13420
2/11/2023 0:33,13952
2/11/2023 0:33,13743
2/11/2023 0:34,12995
2/11/2023 0:34,13249
2/11/2023 0:35,12786
2/11/2023 0:35,13640
2/11/2023 0:36,13420
2/11/2023 0:36,12075
2/11/2023 0:37,12678
2/11/2023 0:37,12586
2/11/2023 0:38,12712
2/11/2023 0:38,12732
2/11/2023 0:39,12162
2/11/2023 0:39,12301
2/11/2023 0:40,12282
2/11/2023 0:40,13242
2/11/2023 0:41,13640
2/11/2023 0:41,13972
2/11/2023 0:42,12806
2/11/2023 0:42,12786
2/11/2023 0:43,12860
2/11/2023 0:43,13320
2/11/2023 0:44,12371
2/11/2023 0:44,13262
2/11/2023 0:45,13476
2/11/2023 0:45,12494
2/11/2023 0:46,12475
2/11/2023 0:47,13661
2/11/2023 0:47,13888
2/11/2023 0:48,12955
2/11/2023 0:48,12514
2/11/2023 0:49,12423
2/11/2023 0:49,12501
2/11/2023 0:50,12546
2/11/2023 0:50,12494
2/11/2023 0:51,12566
2/11/2023 0:51,13144
2/11/2023 0:52,13743
2/11/2023 0:52,12282
2/11/2023 0:53,13520
2/11/2023 0:53,12935
2/11/2023 0:54,12313
2/11/2023 0:54,13620
2/11/2023 0:55,13640
2/11/2023 0:55,12333
2/11/2023 0:56,13300
2/11/2023 0:56,12935
2/11/2023 0:57,13479
2/11/2023 0:57,12566
2/11/2023 0:58,12007
2/11/2023 0:58,13379
2/11/2023 0:59,13559
2/11/2023 0:59,12786
2/11/2023 1:00,13931
2/11/2023 1:00,13972
2/11/2023 1:01,12533
2/11/2023 1:01,12766
2/11/2023 1:02,12494
2/11/2023 1:02,13722
2/11/2023 1:03,12639
2/11/2023 1:03,12786
2/11/2023 1:04,13458
2/11/2023 1:04,12746
2/11/2023 1:05,12533
2/11/2023 1:05,12586
2/11/2023 1:06,12546
2/11/2023 1:06,12352
2/11/2023 1:07,12712
2/11/2023 1:07,13620
2/11/2023 1:08,13221
2/11/2023 1:08,11940
2/11/2023 1:09,12955
2/11/2023 1:09,13420
2/11/2023 1:10,12860
2/11/2023 1:10,12692
2/11/2023 1:11,12475
2/11/2023 1:11,13399
2/11/2023 1:12,13011
2/11/2023 1:12,12991
2/11/2023 1:13,13701
2/11/2023 1:14,12880
2/11/2023 1:14,13458
2/11/2023 1:15,12619
2/11/2023 1:15,12786
2/11/2023 1:16,13011
2/11/2023 1:16,12806
2/11/2023 1:17,12800
2/11/2023 1:17,13722
2/11/2023 1:18,13620
2/11/2023 1:18,12692
2/11/2023 1:19,12860
2/11/2023 1:19,12064
2/11/2023 1:20,13722
2/11/2023 1:20,12546
2/11/2023 1:21,12282
2/11/2023 1:21,13538
2/11/2023 1:22,13784
2/11/2023 1:22,13242
2/11/2023 1:23,12766
2/11/2023 1:23,12786
2/11/2023 1:24,13123
2/11/2023 1:24,14121
2/11/2023 1:25,13144
2/11/2023 1:25,12935
2/11/2023 1:26,13144
2/11/2023 1:26,12174
2/11/2023 1:27,13201
2/11/2023 1:27,13930
2/11/2023 1:28,12786
2/11/2023 1:28,12692
2/11/2023 1:29,14273
2/11/2023 1:29,12645
2/11/2023 1:30,12860
2/11/2023 1:30,12970
2/11/2023 1:31,12712
2/11/2023 1:31,13538
2/11/2023 1:32,13701
2/11/2023 1:32,12639
2/11/2023 1:33,12403
2/11/2023 1:33,13538
2/11/2023 1:34,12786
2/11/2023 1:34,12706
2/11/2023 1:35,13972
2/11/2023 1:35,12619
2/11/2023 1:36,12692
2/11/2023 1:36,12313
2/11/2023 1:37,14036
2/11/2023 1:37,12352
2/11/2023 1:38,12599
2/11/2023 1:38,12546
2/11/2023 1:39,12193
2/11/2023 1:40,13763
2/11/2023 1:40,13559
2/11/2023 1:41,12950
2/11/2023 1:41,12423
2/11/2023 1:42,12193
2/11/2023 1:42,12786
2/11/2023 1:43,12840
2/11/2023 1:43,12313
2/11/2023 1:44,12282
2/11/2023 1:44,12786
2/11/2023 1:45,12806
2/11/2023 1:45,12840
2/11/2023 1:46,12645
2/11/2023 1:46,12639
2/11/2023 1:47,12527
2/11/2023 1:47,13279
2/11/2023 1:48,12514
2/11/2023 1:48,12619
2/11/2023 1:49,12639
2/11/2023 1:49,14036
2/11/2023 1:50,13221
2/11/2023 1:50,13784
2/11/2023 1:51,12475
2/11/2023 1:51,13358
2/11/2023 1:52,12423
2/11/2023 1:52,13951
2/11/2023 1:53,13458
2/11/2023 1:53,12639
2/11/2023 1:54,12313
2/11/2023 1:54,13476
2/11/2023 1:55,12075
2/11/2023 1:55,12658
2/11/2023 1:56,12672
2/11/2023 1:56,12494
2/11/2023 1:57,12840
2/11/2023 1:57,13205
2/11/2023 1:58,14100
2/11/2023 1:58,12935
2/11/2023 1:59,12915
2/11/2023 1:59,12599
2/11/2023 2:00,12860
2/11/2023 2:00,13144
2/11/2023 2:01,13341
2/11/2023 2:01,12955
2/11/2023 2:02,13026
2/11/2023 2:02,13067
2/11/2023 2:03,12895
2/11/2023 2:03,14121
2/11/2023 2:04,12599
2/11/2023 2:04,12599
2/11/2023 2:05,13437
2/11/2023 2:05,12672
2/11/2023 2:06,13221
2/11/2023 2:07,13458
2/11/2023 2:07,12619
2/11/2023 2:08,12423
2/11/2023 2:08,13538
2/11/2023 2:09,13680
2/11/2023 2:09,13144
2/11/2023 2:10,12599
2/11/2023 2:10,12692
2/11/2023 2:11,12403
2/11/2023 2:11,13180
2/11/2023 2:12,12612
2/11/2023 2:12,12845
2/11/2023 2:13,13358
2/11/2023 2:13,12546
2/11/2023 2:14,12840
2/11/2023 2:14,12384
2/11/2023 2:15,13726
2/11/2023 2:15,12991
2/11/2023 2:16,12174
2/11/2023 2:16,13805
2/11/2023 2:17,12124
2/11/2023 2:17,12895
2/11/2023 2:18,12672
2/11/2023 2:18,13599
2/11/2023 2:19,12403
2/11/2023 2:19,13680
2/11/2023 2:20,12692
2/11/2023 2:20,12527
2/11/2023 2:21,13909
2/11/2023 2:21,12746
2/11/2023 2:22,12895
2/11/2023 2:22,12652
2/11/2023 2:23,13123
2/11/2023 2:23,13661
2/11/2023 2:24,12692
2/11/2023 2:24,12746
2/11/2023 2:25,13599
2/11/2023 2:25,13300
2/11/2023 2:26,12056
2/11/2023 2:26,12766
2/11/2023 2:27,12423
2/11/2023 2:27,12442
2/11/2023 2:28,12263
2/11/2023 2:28,12895
2/11/2023 2:29,12820
2/11/2023 2:29,12384
2/11/2023 2:30,13242
2/11/2023 2:30,12766
2/11/2023 2:31,12599
2/11/2023 2:31,12333
2/11/2023 2:32,12840
2/11/2023 2:32,12546
2/11/2023 2:33,13458
2/11/2023 2:34,12915
2/11/2023 2:34,13701
2/11/2023 2:35,13518
2/11/2023 2:35,12124
2/11/2023 2:36,13437
2/11/2023 2:36,13379
2/11/2023 2:37,13787
2/11/2023 2:37,13123
2/11/2023 2:38,12915
2/11/2023 2:38,12599
2/11/2023 2:39,12475
2/11/2023 2:39,13103
2/11/2023 2:40,12692
2/11/2023 2:40,12895
2/11/2023 2:41,12619
2/11/2023 2:41,13358
2/11/2023 2:42,13867
2/11/2023 2:42,13087
2/11/2023 2:43,13972
2/11/2023 2:43,13279
2/11/2023 2:44,12915
2/11/2023 2:44,13123
2/11/2023 2:45,12840
2/11/2023 2:45,12875
2/11/2023 2:46,12915
2/11/2023 2:46,12384
2/11/2023 2:47,14100
2/11/2023 2:47,13620
2/11/2023 2:48,13123
2/11/2023 2:48,12672
2/11/2023 2:49,12658
2/11/2023 2:49,13701
2/11/2023 2:50,12895
2/11/2023 2:50,12639
2/11/2023 2:51,13825
2/11/2023 2:51,12895
2/11/2023 2:52,12599
2/11/2023 2:52,12970
2/11/2023 2:53,12806
2/11/2023 2:53,13599
2/11/2023 2:54,12546
2/11/2023 2:54,12593
2/11/2023 2:55,12915
2/11/2023 2:55,13951
2/11/2023 2:56,12599
2/11/2023 2:56,12875
2/11/2023 2:57,12895
2/11/2023 2:57,13518
2/11/2023 2:58,13262
2/11/2023 2:58,12732
2/11/2023 2:59,13417
2/11/2023 2:59,13011
2/11/2023 3:00,12672
2/11/2023 3:01,12895
2/11/2023 3:01,12174
2/11/2023 3:02,13458
2/11/2023 3:02,13763
2/11/2023 3:03,12840
2/11/2023 3:03,13337
2/11/2023 3:04,12860
2/11/2023 3:04,12865
2/11/2023 3:05,12712
2/11/2023 3:05,12507
2/11/2023 3:06,13067
2/11/2023 3:06,12970
2/11/2023 3:07,12026
2/11/2023 3:07,13144
2/11/2023 3:08,12527
2/11/2023 3:08,13846
2/11/2023 3:09,14207
2/11/2023 3:09,12777
2/11/2023 3:10,13201
2/11/2023 3:10,12579
2/11/2023 3:11,12416
2/11/2023 3:11,12915
2/11/2023 3:12,12895
2/11/2023 3:12,14057
2/11/2023 3:13,12619
2/11/2023 3:13,13358
2/11/2023 3:14,12820
2/11/2023 3:14,13067
2/11/2023 3:15,13300
2/11/2023 3:15,12991
2/11/2023 3:16,12766
2/11/2023 3:16,13659
2/11/2023 3:17,13559
2/11/2023 3:17,13279
2/11/2023 3:18,13680
2/11/2023 3:18,12991
2/11/2023 3:19,12800
2/11/2023 3:19,12566
2/11/2023 3:20,12672
2/11/2023 3:20,12875
2/11/2023 3:21,12991
2/11/2023 3:21,13123
2/11/2023 3:22,12619
2/11/2023 3:22,13103
2/11/2023 3:23,12915
2/11/2023 3:23,13417
2/11/2023 3:24,12487
2/11/2023 3:24,12313
2/11/2023 3:25,12991
2/11/2023 3:25,12579
2/11/2023 3:26,12475
2/11/2023 3:27,12599
2/11/2023 3:27,12895
2/11/2023 3:28,13867
2/11/2023 3:28,12017
2/11/2023 3:29,12820
2/11/2023 3:29,12527
2/11/2023 3:30,12672
2/11/2023 3:30,12860
2/11/2023 3:31,12672
2/11/2023 3:31,13578
2/11/2023 3:32,13437
2/11/2023 3:32,12494
2/11/2023 3:33,13259
2/11/2023 3:33,13680
2/11/2023 3:34,12895
2/11/2023 3:34,13763
2/11/2023 3:35,13011
2/11/2023 3:35,13620
2/11/2023 3:36,13067
2/11/2023 3:36,12527
2/11/2023 3:37,12746
2/11/2023 3:37,13417
2/11/2023 3:38,13047
2/11/2023 3:38,12950
2/11/2023 3:39,13518
2/11/2023 3:39,13763
2/11/2023 3:40,13437
2/11/2023 3:40,12820
2/11/2023 3:41,12579
2/11/2023 3:41,13458
2/11/2023 3:42,13518
2/11/2023 3:42,13972
2/11/2023 3:43,13930
2/11/2023 3:43,12692
2/11/2023 3:44,12527
2/11/2023 3:44,12475
2/11/2023 3:45,12806
2/11/2023 3:45,12533
2/11/2023 3:46,12915
2/11/2023 3:46,13103
2/11/2023 3:47,12800
2/11/2023 3:47,12726
2/11/2023 3:48,12599
2/11/2023 3:48,13559
2/11/2023 3:49,12652
2/11/2023 3:49,13279
2/11/2023 3:50,12263
2/11/2023 3:50,12746
2/11/2023 3:51,13201
2/11/2023 3:51,12599
2/11/2023 3:52,12333
2/11/2023 3:52,13358
2/11/2023 3:53,12243
2/11/2023 3:54,12075
2/11/2023 3:54,12875
2/11/2023 3:55,13417
2/11/2023 3:55,13358
2/11/2023 3:56,13763
2/11/2023 3:56,13437
2/11/2023 3:57,13201
2/11/2023 3:57,12487
2/11/2023 3:58,13087
2/11/2023 3:58,13144
2/11/2023 3:59,12455
2/11/2023 3:59,13358
2/11/2023 4:00,13358
2/11/2023 4:00,13680
2/11/2023 4:01,12820
2/11/2023 4:01,12875
2/11/2023 4:02,13417
2/11/2023 4:02,12991
2/11/2023 4:03,12746
2/11/2023 4:03,12527
2/11/2023 4:04,13909
2/11/2023 4:04,13680
2/11/2023 4:05,12970
2/11/2023 4:05,13437
2/11/2023 4:06,13201
2/11/2023 4:06,13500
2/11/2023 4:07,12840
2/11/2023 4:07,14036
2/11/2023 4:08,12760
2/11/2023 4:08,12875
2/11/2023 4:09,12672
2/11/2023 4:09,13026
2/11/2023 4:10,13103
2/11/2023 4:10,12855
2/11/2023 4:11,12895
2/11/2023 4:11,12970
2/11/2023 4:12,12780
2/11/2023 4:12,13103
2/11/2023 4:13,12820
2/11/2023 4:13,12746
2/11/2023 4:14,13379
2/11/2023 4:14,13680
2/11/2023 4:15,13396
2/11/2023 4:15,12895
2/11/2023 4:16,12766
2/11/2023 4:16,13279
2/11/2023 4:17,13993
2/11/2023 4:17,13804
2/11/2023 4:18,13221
2/11/2023 4:18,12875
2/11/2023 4:19,13123
2/11/2023 4:19,12692
2/11/2023 4:20,12527
2/11/2023 4:21,13358
2/11/2023 4:21,13497
2/11/2023 4:22,12820
2/11/2023 4:22,13103
2/11/2023 4:23,13279
2/11/2023 4:23,12895
2/11/2023 4:24,13180
2/11/2023 4:24,13680
2/11/2023 4:25,12706
2/11/2023 4:25,12017
2/11/2023 4:26,12579
2/11/2023 4:26,13047
2/11/2023 4:27,12950
2/11/2023 4:27,13557
2/11/2023 4:28,12599
2/11/2023 4:28,12915
2/11/2023 4:29,12820
2/11/2023 4:29,13518
2/11/2023 4:30,12746
2/11/2023 4:30,13279
2/11/2023 4:31,12672
2/11/2023 4:31,12579
2/11/2023 4:32,13279
2/11/2023 4:32,14186
2/11/2023 4:33,12970
2/11/2023 4:33,13006
2/11/2023 4:34,13006
2/11/2023 4:34,13201
2/11/2023 4:35,12652
2/11/2023 4:35,13951
2/11/2023 4:36,13458
2/11/2023 4:36,12970
2/11/2023 4:37,12174
2/11/2023 4:37,12820
2/11/2023 4:38,12895
2/11/2023 4:38,14186
2/11/2023 4:39,12800
2/11/2023 4:39,12915
2/11/2023 4:40,13972
2/11/2023 4:40,12455
2/11/2023 4:41,12820
2/11/2023 4:41,13417
2/11/2023 4:42,12970
2/11/2023 4:42,13123
2/11/2023 4:43,13067
2/11/2023 4:43,13047
2/11/2023 4:44,12970
2/11/2023 4:44,12766
2/11/2023 4:45,13742
2/11/2023 4:45,12746
2/11/2023 4:46,12527
2/11/2023 4:46,12986
2/11/2023 4:47,13993
2/11/2023 4:48,12533
2/11/2023 4:48,12895
2/11/2023 4:49,12333
2/11/2023 4:49,13123
2/11/2023 4:50,12746
2/11/2023 4:50,12895
2/11/2023 4:51,13742
2/11/2023 4:51,13026
2/11/2023 4:52,12820
2/11/2023 4:52,12950
2/11/2023 4:53,13026
2/11/2023 4:53,13825
2/11/2023 4:54,12672
2/11/2023 4:54,13317
2/11/2023 4:55,13518
2/11/2023 4:55,12726
2/11/2023 4:56,12672
2/11/2023 4:56,12384
2/11/2023 4:57,13578
2/11/2023 4:57,13047
2/11/2023 4:58,13701
2/11/2023 4:58,13680
2/11/2023 4:59,13337
2/11/2023 4:59,12991
2/11/2023 5:00,13417
2/11/2023 5:00,12726
2/11/2023 5:01,13825
2/11/2023 5:01,12726
2/11/2023 5:02,12895
2/11/2023 5:02,12599
2/11/2023 5:03,12403
2/11/2023 5:03,12930
2/11/2023 5:04,12692
2/11/2023 5:04,12313
2/11/2023 5:05,12777
2/11/2023 5:05,13123
2/11/2023 5:06,13617
2/11/2023 5:06,12875
2/11/2023 5:07,12950
2/11/2023 5:07,12364
2/11/2023 5:08,13031
2/11/2023 5:08,13678
2/11/2023 5:09,13144
2/11/2023 5:09,13201
2/11/2023 5:10,12726
2/11/2023 5:10,12950
2/11/2023 5:11,12619
2/11/2023 5:11,13846
2/11/2023 5:12,14015
2/11/2023 5:12,13047
2/11/2023 5:13,12794
2/11/2023 5:13,12970
2/11/2023 5:14,12527
2/11/2023 5:15,13011
2/11/2023 5:15,12800
2/11/2023 5:16,13006
2/11/2023 5:16,13026
2/11/2023 5:17,12746
2/11/2023 5:17,12800
2/11/2023 5:18,12652
2/11/2023 5:18,13201
2/11/2023 5:19,12306
2/11/2023 5:19,13031
2/11/2023 5:20,12895
2/11/2023 5:20,13437
2/11/2023 5:21,12579
2/11/2023 5:21,13067
2/11/2023 5:22,13437
2/11/2023 5:22,13930
2/11/2023 5:23,12855
2/11/2023 5:23,12780
2/11/2023 5:24,13420
2/11/2023 5:24,13026
2/11/2023 5:25,12875
2/11/2023 5:25,12895
2/11/2023 5:26,12895
2/11/2023 5:26,12700
2/11/2023 5:27,13500
2/11/2023 5:27,13437
2/11/2023 5:28,12766
2/11/2023 5:28,13659
2/11/2023 5:29,12875
2/11/2023 5:29,13123
2/11/2023 5:30,12895
2/11/2023 5:30,12800
2/11/2023 5:31,12800
2/11/2023 5:31,12780
2/11/2023 5:32,12746
2/11/2023 5:32,13742
2/11/2023 5:33,13123
2/11/2023 5:33,12435
2/11/2023 5:34,13201
2/11/2023 5:34,12820
2/11/2023 5:35,13659
2/11/2023 5:35,14143
2/11/2023 5:36,12970
2/11/2023 5:36,13103
2/11/2023 5:37,13279
2/11/2023 5:37,12780
2/11/2023 5:38,13337
2/11/2023 5:38,12800
2/11/2023 5:39,14100
2/11/2023 5:39,13518
2/11/2023 5:40,13259
2/11/2023 5:41,13026
2/11/2023 5:41,13624
2/11/2023 5:42,12895
2/11/2023 5:42,12746
2/11/2023 5:43,13026
2/11/2023 5:43,12780
2/11/2023 5:44,13083
2/11/2023 5:44,13476
2/11/2023 5:45,13599
2/11/2023 5:45,13337
2/11/2023 5:46,12835
2/11/2023 5:46,13259
2/11/2023 5:47,13259
2/11/2023 5:47,13083
2/11/2023 5:48,13201
2/11/2023 5:48,12970
2/11/2023 5:49,12435
2/11/2023 5:49,13259
2/11/2023 5:50,13006
2/11/2023 5:50,13083
2/11/2023 5:51,12890
2/11/2023 5:51,13518
2/11/2023 5:52,13067
2/11/2023 5:52,12950
2/11/2023 5:53,12632
2/11/2023 5:53,14015
2/11/2023 5:54,12652
2/11/2023 5:54,12851
2/11/2023 5:55,13103
2/11/2023 5:55,13659
2/11/2023 5:56,13930
2/11/2023 5:56,13993
2/11/2023 5:57,12599
2/11/2023 5:57,13396
2/11/2023 5:58,12294
2/11/2023 5:58,14473
2/11/2023 5:59,13909
2/11/2023 5:59,12950
2/11/2023 6:00,13518
2/11/2023 6:00,13047
2/11/2023 6:01,12579
2/11/2023 6:01,12599
2/11/2023 6:02,13279
2/11/2023 6:02,12313
2/11/2023 6:03,13337
2/11/2023 6:03,12652
2/11/2023 6:04,13123
2/11/2023 6:04,13026
2/11/2023 6:05,13238
2/11/2023 6:05,13026
2/11/2023 6:06,13067
2/11/2023 6:06,13026
2/11/2023 6:07,12274
2/11/2023 6:08,13700
2/11/2023 6:08,13279
2/11/2023 6:09,12632
2/11/2023 6:09,13396
2/11/2023 6:10,12950
2/11/2023 6:10,12726
2/11/2023 6:11,13197
2/11/2023 6:11,12870
2/11/2023 6:12,12037
2/11/2023 6:12,12527
2/11/2023 6:13,12930
2/11/2023 6:13,13047
2/11/2023 6:14,12726
2/11/2023 6:14,12579
2/11/2023 6:15,12726
2/11/2023 6:15,12970
2/11/2023 6:16,13344
2/11/2023 6:16,12986
2/11/2023 6:17,13437
2/11/2023 6:17,12875
2/11/2023 6:18,13201
2/11/2023 6:18,13680
2/11/2023 6:19,13659
2/11/2023 6:19,13103
2/11/2023 6:20,13091
2/11/2023 6:20,12895
2/11/2023 6:21,13497
2/11/2023 6:21,13929
2/11/2023 6:22,13972
2/11/2023 6:22,12820
2/11/2023 6:23,12820
2/11/2023 6:23,13417
2/11/2023 6:24,12364
2/11/2023 6:24,12800
2/11/2023 6:25,13578
2/11/2023 6:25,13825
2/11/2023 6:26,13700
2/11/2023 6:26,12760
2/11/2023 6:27,13805
2/11/2023 6:27,13497
2/11/2023 6:28,12364
2/11/2023 6:28,13180
2/11/2023 6:29,13417
2/11/2023 6:29,13680
2/11/2023 6:30,13659
2/11/2023 6:30,13804
2/11/2023 6:31,13578
2/11/2023 6:31,13396
2/11/2023 6:32,12475
2/11/2023 6:32,13476
2/11/2023 6:33,13358
2/11/2023 6:33,12686
2/11/2023 6:34,13638
2/11/2023 6:35,13497
2/11/2023 6:35,13578
2/11/2023 6:36,13337
2/11/2023 6:36,13497
2/11/2023 6:37,13396
2/11/2023 6:37,13909
2/11/2023 6:38,13909
2/11/2023 6:38,13721
2/11/2023 6:39,13184
2/11/2023 6:39,12875
2/11/2023 6:40,13417
2/11/2023 6:40,11638
2/11/2023 6:41,12579
2/11/2023 6:41,13742
2/11/2023 6:42,13337
2/11/2023 6:42,12950
2/11/2023 6:43,13341
2/11/2023 6:43,13337
2/11/2023 6:44,12746
2/11/2023 6:44,13721
2/11/2023 6:45,13497
2/11/2023 6:45,13047
2/11/2023 6:46,12579
2/11/2023 6:46,13479
2/11/2023 6:47,13417
2/11/2023 6:47,13279
2/11/2023 6:48,13067
2/11/2023 6:48,13396
2/11/2023 6:49,12174
2/11/2023 6:49,12135
2/11/2023 6:50,13337
2/11/2023 6:50,13659
2/11/2023 6:51,13638
2/11/2023 6:51,13497
2/11/2023 6:52,13317
2/11/2023 6:52,13578
2/11/2023 6:53,13062
2/11/2023 6:53,13180
2/11/2023 6:54,12950
2/11/2023 6:54,12599
2/11/2023 6:55,13700
2/11/2023 6:55,13659
2/11/2023 6:56,13180
2/11/2023 6:56,13909
2/11/2023 6:57,12820
2/11/2023 6:57,13993
2/11/2023 6:58,13930
2/11/2023 6:58,13361
2/11/2023 6:59,13417
2/11/2023 6:59,13700
2/11/2023 7:00,13417
2/11/2023 7:00,13180
2/11/2023 7:01,13763
2/11/2023 7:02,13497
2/11/2023 7:02,13259
2/11/2023 7:03,13379
2/11/2023 7:03,13103
2/11/2023 7:04,13358
2/11/2023 7:04,13420
2/11/2023 7:05,13375
2/11/2023 7:05,13804
2/11/2023 7:06,13930
2/11/2023 7:06,13180
2/11/2023 7:07,12086
2/11/2023 7:07,12950
2/11/2023 7:08,13396
2/11/2023 7:08,13026
2/11/2023 7:09,13417
2/11/2023 7:09,13047
2/11/2023 7:10,12970
2/11/2023 7:10,13701
2/11/2023 7:11,12507
2/11/2023 7:11,13083
2/11/2023 7:12,12800
2/11/2023 7:12,13909
2/11/2023 7:13,13417
2/11/2023 7:13,13518
2/11/2023 7:14,13083
2/11/2023 7:14,12780
2/11/2023 7:15,13180
2/11/2023 7:15,12500
2/11/2023 7:16,13180
2/11/2023 7:16,12875
2/11/2023 7:17,13599
2/11/2023 7:17,13180
2/11/2023 7:18,13221
2/11/2023 7:18,12875
2/11/2023 7:19,12045
2/11/2023 7:19,12820
2/11/2023 7:20,13180
2/11/2023 7:20,13825
2/11/2023 7:21,13279
2/11/2023 7:21,13103
2/11/2023 7:22,13930
2/11/2023 7:22,12895
2/11/2023 7:23,12605
2/11/2023 7:23,12726
2/11/2023 7:24,13341
2/11/2023 7:24,13144
2/11/2023 7:25,13417
2/11/2023 7:25,13437
2/11/2023 7:26,12820
2/11/2023 7:26,13103
2/11/2023 7:27,12855
2/11/2023 7:27,13825
2/11/2023 7:28,12124
2/11/2023 7:29,12037
2/11/2023 7:29,12364
2/11/2023 7:30,13358
2/11/2023 7:30,13437
2/11/2023 7:31,14208
2/11/2023 7:31,13440
2/11/2023 7:32,13930
2/11/2023 7:32,13047
2/11/2023 7:33,13201
2/11/2023 7:33,12991
2/11/2023 7:34,13067
2/11/2023 7:34,12263
2/11/2023 7:35,13300
2/11/2023 7:35,13144
2/11/2023 7:36,12105
2/11/2023 7:36,13763
2/11/2023 7:37,13180
2/11/2023 7:37,13379
2/11/2023 7:38,13067
2/11/2023 7:38,12895
2/11/2023 7:39,12970
2/11/2023 7:39,13784
2/11/2023 7:40,12333
2/11/2023 7:40,13201
2/11/2023 7:41,13221
2/11/2023 7:41,13951
2/11/2023 7:42,11921
2/11/2023 7:42,13221
2/11/2023 7:43,13283
2/11/2023 7:43,13500
2/11/2023 7:44,13221
2/11/2023 7:44,13184
2/11/2023 7:45,13867
2/11/2023 7:45,11666
2/11/2023 7:46,12915
2/11/2023 7:46,12056
2/11/2023 7:47,13067
2/11/2023 7:48,13242
2/11/2023 7:48,12991
2/11/2023 7:49,12766
2/11/2023 7:49,14208
2/11/2023 7:50,13067
2/11/2023 7:50,13599
2/11/2023 7:51,13722
2/11/2023 7:51,14015
2/11/2023 7:52,12930
2/11/2023 7:52,13640
2/11/2023 7:53,13242
2/11/2023 7:53,13620
2/11/2023 7:54,13242
2/11/2023 7:55,13091
2/11/2023 7:55,13437
2/11/2023 7:56,14036
2/11/2023 7:56,13358
2/11/2023 7:57,13087
2/11/2023 7:57,12970
2/11/2023 7:58,13279
2/11/2023 7:58,13300
2/11/2023 7:59,14036
2/11/2023 7:59,13184
2/11/2023 8:00,13221
2/11/2023 8:00,13538
2/11/2023 8:01,12162
2/11/2023 8:01,13379
2/11/2023 8:02,12527
2/11/2023 8:02,13784
2/11/2023 8:03,13784
2/11/2023 8:03,13458
2/11/2023 8:04,13144
2/11/2023 8:04,13846
2/11/2023 8:05,13500
2/11/2023 8:05,13067
2/11/2023 8:06,13164
2/11/2023 8:06,13559
2/11/2023 8:07,13164
2/11/2023 8:07,13640
2/11/2023 8:08,12619
2/11/2023 8:08,12766
2/11/2023 8:09,13144
2/11/2023 8:09,12333
2/11/2023 8:10,13661
2/11/2023 8:10,12732
2/11/2023 8:11,13559
2/11/2023 8:11,12282
2/11/2023 8:12,13479
2/11/2023 8:12,13320
2/11/2023 8:13,13067
2/11/2023 8:13,13722
2/11/2023 8:14,13805
2/11/2023 8:14,12840
2/11/2023 8:15,14015
2/11/2023 8:15,13420
2/11/2023 8:16,13458
2/11/2023 8:16,13320
2/11/2023 8:17,12766
2/11/2023 8:17,13323
2/11/2023 8:18,12540
2/11/2023 8:18,13242
2/11/2023 8:19,13437
2/11/2023 8:19,13722
2/11/2023 8:20,13399
2/11/2023 8:21,12282
2/11/2023 8:21,12991
2/11/2023 8:22,12840
2/11/2023 8:22,13279
2/11/2023 8:23,13087
2/11/2023 8:23,13279
2/11/2023 8:24,13300
2/11/2023 8:24,13518
2/11/2023 8:25,13399
2/11/2023 8:25,13144
2/11/2023 8:26,12352
2/11/2023 8:26,13087
2/11/2023 8:27,14100
2/11/2023 8:27,13320
2/11/2023 8:28,13440
2/11/2023 8:28,12423
2/11/2023 8:29,13559
2/11/2023 8:29,13221
2/11/2023 8:30,13559
2/11/2023 8:30,13300
2/11/2023 8:31,12442
2/11/2023 8:31,12494
2/11/2023 8:32,13262
2/11/2023 8:32,13640
2/11/2023 8:33,13722
2/11/2023 8:33,13358
2/11/2023 8:34,12860
2/11/2023 8:34,13379
2/11/2023 8:35,13500
2/11/2023 8:35,13184
2/11/2023 8:36,13103
2/11/2023 8:36,13680
2/11/2023 8:37,13559
2/11/2023 8:37,12143
2/11/2023 8:38,13701
2/11/2023 8:38,12915
2/11/2023 8:39,13320
2/11/2023 8:39,11988
2/11/2023 8:40,13972
2/11/2023 8:40,12371
2/11/2023 8:41,13538
2/11/2023 8:41,13640
2/11/2023 8:42,13341
2/11/2023 8:42,12806
2/11/2023 8:43,13701
2/11/2023 8:43,12935
2/11/2023 8:44,13640
2/11/2023 8:44,13972
2/11/2023 8:45,12619
2/11/2023 8:45,13642
2/11/2023 8:46,13320
2/11/2023 8:46,13701
2/11/2023 8:47,13479
2/11/2023 8:48,13599
2/11/2023 8:48,13479
2/11/2023 8:49,12403
2/11/2023 8:49,13107
2/11/2023 8:50,13067
2/11/2023 8:50,12658
2/11/2023 8:51,12333
2/11/2023 8:51,12970
2/11/2023 8:52,13784
2/11/2023 8:52,12639
2/11/2023 8:53,12162
2/11/2023 8:53,12860
2/11/2023 8:54,12955
2/11/2023 8:54,12639
2/11/2023 8:55,13242
2/11/2023 8:55,13011
2/11/2023 8:56,13847
2/11/2023 8:56,13067
2/11/2023 8:57,12124
2/11/2023 8:57,13011
2/11/2023 8:58,12840
2/11/2023 8:58,13479
2/11/2023 8:59,13262
2/11/2023 8:59,12546
2/11/2023 9:00,13320
2/11/2023 9:00,11873
2/11/2023 9:01,12007
2/11/2023 9:01,13994
2/11/2023 9:02,12935
2/11/2023 9:02,13011
2/11/2023 9:03,14186
2/11/2023 9:03,12352
2/11/2023 9:04,12619
2/11/2023 9:04,12786
2/11/2023 9:05,12712
2/11/2023 9:05,12806
2/11/2023 9:06,14273
2/11/2023 9:06,13764
2/11/2023 9:07,12639
2/11/2023 9:07,13306
2/11/2023 9:08,11611
2/11/2023 9:08,13067
2/11/2023 9:09,13051
2/11/2023 9:09,13087
2/11/2023 9:10,12639
2/11/2023 9:10,12678
2/11/2023 9:11,12955
2/11/2023 9:11,12786
2/11/2023 9:12,12658
2/11/2023 9:12,12955
2/11/2023 9:13,13722
2/11/2023 9:13,13031
2/11/2023 9:14,13867
2/11/2023 9:15,12732
2/11/2023 9:15,12806
2/11/2023 9:16,12639
2/11/2023 9:16,13420
2/11/2023 9:17,12494
2/11/2023 9:17,12371
2/11/2023 9:18,12991
2/11/2023 9:18,12860
2/11/2023 9:19,13888
2/11/2023 9:19,12712
2/11/2023 9:20,13559
2/11/2023 9:20,13184
2/11/2023 9:21,12955
2/11/2023 9:21,13011
2/11/2023 9:22,12915
2/11/2023 9:22,11969
2/11/2023 9:23,13011
2/11/2023 9:23,13242
2/11/2023 9:24,13221
2/11/2023 9:24,12880
2/11/2023 9:25,12075
2/11/2023 9:25,12935
2/11/2023 9:26,12935
2/11/2023 9:26,12991
2/11/2023 9:27,13031
2/11/2023 9:27,12007
2/11/2023 9:28,11565
2/11/2023 9:28,13047
2/11/2023 9:29,13144
2/11/2023 9:29,11892
2/11/2023 9:30,13123
2/11/2023 9:30,12930
2/11/2023 9:31,13205
2/11/2023 9:31,13221
2/11/2023 9:32,13164
2/11/2023 9:32,13148
2/11/2023 9:33,13031
2/11/2023 9:33,12566
2/11/2023 9:34,12970
2/11/2023 9:34,13399
2/11/2023 9:35,11501
2/11/2023 9:35,13379
2/11/2023 9:36,12791
2/11/2023 9:36,13205
2/11/2023 9:37,12586
2/11/2023 9:37,13479
2/11/2023 9:38,12201
2/11/2023 9:38,12880
2/11/2023 9:39,12955
2/11/2023 9:39,13128
2/11/2023 9:40,12895
2/11/2023 9:41,13361
2/11/2023 9:41,12232
2/11/2023 9:42,11648
2/11/2023 9:42,13785
2/11/2023 9:43,13051
2/11/2023 9:43,13184
2/11/2023 9:44,13399
2/11/2023 9:44,12533
2/11/2023 9:45,12955
2/11/2023 9:45,12732
2/11/2023 9:46,13283
2/11/2023 9:46,12875
2/11/2023 9:47,12507
2/11/2023 9:47,13523
2/11/2023 9:48,13341
2/11/2023 9:48,13242
2/11/2023 9:49,13361
2/11/2023 9:49,13262
2/11/2023 9:50,12455
2/11/2023 9:50,11958
2/11/2023 9:51,12732
2/11/2023 9:51,13184
2/11/2023 9:52,13361
2/11/2023 9:52,13341
2/11/2023 9:53,12143
2/11/2023 9:53,13107
2/11/2023 9:54,13107
2/11/2023 9:54,13743
2/11/2023 9:55,13399
2/11/2023 9:55,12955
2/11/2023 9:56,14537
2/11/2023 9:56,13051
2/11/2023 9:57,12321
2/11/2023 9:57,12751
2/11/2023 9:58,13031
2/11/2023 9:58,13011
2/11/2023 9:59,12880
2/11/2023 9:59,12955
2/11/2023 10:00,13164
2/11/2023 10:00,13152
2/11/2023 10:01,13087
2/11/2023 10:01,12442
2/11/2023 10:02,12915
2/11/2023 10:02,12800
2/11/2023 10:03,13026
2/11/2023 10:03,13661
2/11/2023 10:04,12391
2/11/2023 10:04,12880
2/11/2023 10:05,12880
2/11/2023 10:05,13107
2/11/2023 10:06,12955
2/11/2023 10:06,12975
2/11/2023 10:07,13011
2/11/2023 10:08,12251
2/11/2023 10:08,13341
2/11/2023 10:09,13262
2/11/2023 10:09,13580
2/11/2023 10:10,13031
2/11/2023 10:10,11759
2/11/2023 10:11,12825
2/11/2023 10:11,13500
2/11/2023 10:12,13341
2/11/2023 10:12,12925
2/11/2023 10:13,12658
2/11/2023 10:13,12732
2/11/2023 10:14,12201
2/11/2023 10:14,12658
2/11/2023 10:15,13031
2/11/2023 10:15,12391
2/11/2023 10:16,11892
2/11/2023 10:16,13221
2/11/2023 10:17,13682
2/11/2023 10:17,13283
2/11/2023 10:18,12423
2/11/2023 10:18,12806
2/11/2023 10:19,12955
2/11/2023 10:19,12706
2/11/2023 10:20,13051
2/11/2023 10:20,13164
2/11/2023 10:21,13420
2/11/2023 10:21,13559
2/11/2023 10:22,12751
2/11/2023 10:22,13500
2/11/2023 10:23,11649
2/11/2023 10:23,12566
2/11/2023 10:24,12162
2/11/2023 10:24,13164
2/11/2023 10:25,11910
2/11/2023 10:25,13500
2/11/2023 10:26,13031
2/11/2023 10:26,13087
2/11/2023 10:27,13440
2/11/2023 10:27,12639
2/11/2023 10:28,13164
2/11/2023 10:28,12352
2/11/2023 10:29,12678
2/11/2023 10:29,11977
2/11/2023 10:30,12806
2/11/2023 10:30,13107
2/11/2023 10:31,13500
2/11/2023 10:31,13031
2/11/2023 10:32,12995
2/11/2023 10:32,12955
2/11/2023 10:33,12586
2/11/2023 10:33,12625
2/11/2023 10:34,12423
2/11/2023 10:35,13440
2/11/2023 10:35,12955
2/11/2023 10:36,13128
2/11/2023 10:36,12806
2/11/2023 10:37,12270
2/11/2023 10:37,13164
2/11/2023 10:38,13184
2/11/2023 10:38,12955
2/11/2023 10:39,12514
2/11/2023 10:39,13164
2/11/2023 10:40,12825
2/11/2023 10:40,13184
2/11/2023 10:41,12975
2/11/2023 10:41,13420
2/11/2023 10:42,12520
2/11/2023 10:42,11520
2/11/2023 10:43,13283
2/11/2023 10:43,13520
2/11/2023 10:44,13242
2/11/2023 10:44,12880
2/11/2023 10:45,12955
2/11/2023 10:45,12423
2/11/2023 10:46,13071
2/11/2023 10:46,13051
2/11/2023 10:47,13011
2/11/2023 10:47,12900
2/11/2023 10:48,13205
2/11/2023 10:48,12566
2/11/2023 10:49,12806
2/11/2023 10:49,13184
2/11/2023 10:50,13225
2/11/2023 10:50,12975
2/11/2023 10:51,12533
2/11/2023 10:51,13031
2/11/2023 10:52,12566
2/11/2023 10:52,13283
2/11/2023 10:53,12391
2/11/2023 10:53,12371
2/11/2023 10:54,13341
2/11/2023 10:54,13020
2/11/2023 10:55,12955
2/11/2023 10:55,13051
2/11/2023 10:56,13440
2/11/2023 10:56,13184
2/11/2023 10:57,11675
2/11/2023 10:57,12232
2/11/2023 10:58,12900
2/11/2023 10:58,12586
2/11/2023 10:59,12514
2/11/2023 10:59,12746
2/11/2023 11:00,13743
2/11/2023 11:01,12533
2/11/2023 11:01,13497
2/11/2023 11:02,12270
2/11/2023 11:02,12026
2/11/2023 11:03,13279
2/11/2023 11:03,12825
2/11/2023 11:04,12371
2/11/2023 11:04,12442
2/11/2023 11:05,12975
2/11/2023 11:05,13420
2/11/2023 11:06,12301
2/11/2023 11:06,13164
2/11/2023 11:07,13128
2/11/2023 11:07,12975
2/11/2023 11:08,12442
2/11/2023 11:08,12732
2/11/2023 11:09,12359
2/11/2023 11:09,13128
2/11/2023 11:10,13661
2/11/2023 11:10,13011
2/11/2023 11:11,12825
2/11/2023 11:11,13051
2/11/2023 11:12,13341
2/11/2023 11:12,12605
2/11/2023 11:13,12806
2/11/2023 11:13,13060
2/11/2023 11:14,12975
2/11/2023 11:14,13743
2/11/2023 11:15,13205
2/11/2023 11:15,12955
2/11/2023 11:16,12732
2/11/2023 11:16,12935
2/11/2023 11:17,11759
2/11/2023 11:17,12026
2/11/2023 11:18,12880
2/11/2023 11:18,12880
2/11/2023 11:19,12586
2/11/2023 11:19,13128
2/11/2023 11:20,13144
2/11/2023 11:20,13164
2/11/2023 11:21,13640
2/11/2023 11:21,12533
2/11/2023 11:22,13601
2/11/2023 11:22,12282
2/11/2023 11:23,13205
2/11/2023 11:23,12880
2/11/2023 11:24,12955
2/11/2023 11:24,13500
2/11/2023 11:25,12880
2/11/2023 11:25,12494
2/11/2023 11:26,13051
2/11/2023 11:26,13112
2/11/2023 11:27,12678
2/11/2023 11:28,12955
2/11/2023 11:28,12825
2/11/2023 11:29,13952
2/11/2023 11:29,14337
2/11/2023 11:30,13107
2/11/2023 11:30,13580
2/11/2023 11:31,13184
2/11/2023 11:31,13164
2/11/2023 11:32,13031
2/11/2023 11:32,12955
2/11/2023 11:33,12371
2/11/2023 11:33,13107
2/11/2023 11:34,13107
2/11/2023 11:34,13026
2/11/2023 11:35,12442
2/11/2023 11:35,12900
2/11/2023 11:36,13262
2/11/2023 11:36,13184
2/11/2023 11:37,11996
2/11/2023 11:37,12371
2/11/2023 11:38,12605
2/11/2023 11:38,13500
2/11/2023 11:39,12391
2/11/2023 11:39,12321
2/11/2023 11:40,12442
2/11/2023 11:40,12423
2/11/2023 11:41,12514
2/11/2023 11:41,13164
2/11/2023 11:42,13931
2/11/2023 11:42,12955
2/11/2023 11:43,12955
2/11/2023 11:43,13087
2/11/2023 11:44,13164
2/11/2023 11:44,12955
2/11/2023 11:45,13479
2/11/2023 11:45,12732
2/11/2023 11:46,13011
2/11/2023 11:46,12732
2/11/2023 11:47,12925
2/11/2023 11:47,12442
2/11/2023 11:48,13011
2/11/2023 11:48,11750
2/11/2023 11:49,12860
2/11/2023 11:49,13205
2/11/2023 11:50,12840
2/11/2023 11:50,13011
2/11/2023 11:51,12566
2/11/2023 11:51,13011
2/11/2023 11:52,13320
2/11/2023 11:52,12619
2/11/2023 11:53,13396
2/11/2023 11:53,13242
2/11/2023 11:54,12935
2/11/2023 11:55,13123
2/11/2023 11:55,13164
2/11/2023 11:56,12915
2/11/2023 11:56,12800
2/11/2023 11:57,12935
2/11/2023 11:57,11788
2/11/2023 11:58,13538
2/11/2023 11:58,12639
2/11/2023 11:59,13221
2/11/2023 11:59,12915
2/11/2023 12:00,13497
2/11/2023 12:00,13144
2/11/2023 12:01,13011
2/11/2023 12:01,12935
2/11/2023 12:02,13242
2/11/2023 12:02,12692
2/11/2023 12:03,12007
2/11/2023 12:03,13518
2/11/2023 12:04,12970
2/11/2023 12:04,13358
2/11/2023 12:05,13300
2/11/2023 12:05,13279
2/11/2023 12:06,13458
2/11/2023 12:06,14015
2/11/2023 12:07,13201
2/11/2023 12:07,13259
2/11/2023 12:08,12352
2/11/2023 12:08,12263
2/11/2023 12:09,12991
2/11/2023 12:09,12895
2/11/2023 12:10,12895
2/11/2023 12:10,13458
2/11/2023 12:11,13123
2/11/2023 12:11,12895
2/11/2023 12:12,13518
2/11/2023 12:12,13180
2/11/2023 12:13,12915
2/11/2023 12:13,12333
2/11/2023 12:14,12991
2/11/2023 12:14,12855
2/11/2023 12:15,12403
2/11/2023 12:15,13047
2/11/2023 12:16,13320
2/11/2023 12:16,13620
2/11/2023 12:17,13458
2/11/2023 12:17,12174
2/11/2023 12:18,11988
2/11/2023 12:18,13259
2/11/2023 12:19,12619
2/11/2023 12:19,12672
2/11/2023 12:20,13701
2/11/2023 12:20,11750
2/11/2023 12:21,12855
2/11/2023 12:22,13259
2/11/2023 12:22,12566
2/11/2023 12:23,13437
2/11/2023 12:23,13300
2/11/2023 12:24,12840
2/11/2023 12:24,13047
2/11/2023 12:25,12855
2/11/2023 12:25,12105
2/11/2023 12:26,13221
2/11/2023 12:26,13201
2/11/2023 12:27,13620
2/11/2023 12:27,13437
2/11/2023 12:28,13201
2/11/2023 12:28,13123
2/11/2023 12:29,13144
2/11/2023 12:29,12345
2/11/2023 12:30,12672
2/11/2023 12:30,13201
2/11/2023 12:31,12263
2/11/2023 12:31,12384
2/11/2023 12:32,13076
2/11/2023 12:32,13437
2/11/2023 12:33,13476
2/11/2023 12:33,12900
2/11/2023 12:34,12970
2/11/2023 12:34,13279
2/11/2023 12:35,12950
2/11/2023 12:35,12820
2/11/2023 12:36,12698
2/11/2023 12:36,13026
2/11/2023 12:37,13259
2/11/2023 12:37,13620
2/11/2023 12:38,13123
2/11/2023 12:38,12546
2/11/2023 12:39,12243
2/11/2023 12:39,12895
2/11/2023 12:40,12224
2/11/2023 12:40,12384
2/11/2023 12:41,12605
2/11/2023 12:41,12706
2/11/2023 12:42,12243
2/11/2023 12:42,13437
2/11/2023 12:43,13067
2/11/2023 12:43,12507
2/11/2023 12:44,12991
2/11/2023 12:44,12766
2/11/2023 12:45,12786
2/11/2023 12:45,12672
2/11/2023 12:46,13399
2/11/2023 12:46,12560
2/11/2023 12:47,13599
2/11/2023 12:48,12619
2/11/2023 12:48,12599
2/11/2023 12:49,13358
2/11/2023 12:49,12712
2/11/2023 12:50,12895
2/11/2023 12:50,12766
2/11/2023 12:51,12619
2/11/2023 12:51,13575
2/11/2023 12:52,12294
2/11/2023 12:52,13805
2/11/2023 12:53,12820
2/11/2023 12:53,12263
2/11/2023 12:54,12232
2/11/2023 12:54,13846
2/11/2023 12:55,13559
2/11/2023 12:55,13423
2/11/2023 12:56,12672
2/11/2023 12:56,12746
2/11/2023 12:57,12313
2/11/2023 12:57,12475
2/11/2023 12:58,12619
2/11/2023 12:58,12546
2/11/2023 12:59,13784
2/11/2023 12:59,12619
2/11/2023 13:00,13123
2/11/2023 13:00,12712
2/11/2023 13:01,12546
2/11/2023 13:01,12494
2/11/2023 13:02,13458
2/11/2023 13:02,13680
2/11/2023 13:03,13259
2/11/2023 13:03,13221
2/11/2023 13:04,13076
2/11/2023 13:04,13087
2/11/2023 13:05,12546
2/11/2023 13:05,12732
2/11/2023 13:06,12278
2/11/2023 13:06,13379
2/11/2023 13:07,12599
2/11/2023 13:07,12282
2/11/2023 13:08,12766
2/11/2023 13:08,12403
2/11/2023 13:09,13722
2/11/2023 13:09,12658
2/11/2023 13:10,12193
2/11/2023 13:10,13784
2/11/2023 13:11,13279
2/11/2023 13:11,12124
2/11/2023 13:12,12732
2/11/2023 13:12,12546
2/11/2023 13:13,12193
2/11/2023 13:13,12282
2/11/2023 13:14,12313
2/11/2023 13:15,12514
2/11/2023 13:15,13144
2/11/2023 13:16,12075
2/11/2023 13:16,13620
2/11/2023 13:17,13011
2/11/2023 13:17,12416
2/11/2023 13:18,11675
2/11/2023 13:18,13559
2/11/2023 13:19,12712
2/11/2023 13:19,12566
2/11/2023 13:20,13087
2/11/2023 13:20,12586
2/11/2023 13:21,13067
2/11/2023 13:21,13320
2/11/2023 13:22,12282
2/11/2023 13:22,13399
2/11/2023 13:23,12282
2/11/2023 13:23,13538
2/11/2023 13:24,12639
2/11/2023 13:24,12442
2/11/2023 13:25,13703
2/11/2023 13:25,12423
2/11/2023 13:26,12619
2/11/2023 13:26,13242
2/11/2023 13:27,12639
2/11/2023 13:27,13262
2/11/2023 13:28,12786
2/11/2023 13:28,12423
2/11/2023 13:29,13888
2/11/2023 13:29,12514
2/11/2023 13:30,12566
2/11/2023 13:30,12732
2/11/2023 13:31,13784
2/11/2023 13:31,12566
2/11/2023 13:32,12494
2/11/2023 13:32,13620
2/11/2023 13:33,12442
2/11/2023 13:33,12494
2/11/2023 13:34,13320
2/11/2023 13:34,14164
2/11/2023 13:35,12712
2/11/2023 13:35,11806
2/11/2023 13:36,12546
2/11/2023 13:36,12786
2/11/2023 13:37,12718
2/11/2023 13:37,14057
2/11/2023 13:38,12732
2/11/2023 13:38,12786
2/11/2023 13:39,13164
2/11/2023 13:39,13661
2/11/2023 13:40,13582
2/11/2023 13:40,13580
2/11/2023 13:41,13479
2/11/2023 13:42,13341
2/11/2023 13:42,12527
2/11/2023 13:43,12678
2/11/2023 13:43,12732
2/11/2023 13:44,12514
2/11/2023 13:44,12639
2/11/2023 13:45,12212
2/11/2023 13:45,13640
2/11/2023 13:46,13262
2/11/2023 13:46,13087
2/11/2023 13:47,12333
2/11/2023 13:47,12806
2/11/2023 13:48,12527
2/11/2023 13:48,13011
2/11/2023 13:49,13242
2/11/2023 13:49,13479
2/11/2023 13:50,12935
2/11/2023 13:50,12806
2/11/2023 13:51,12771
2/11/2023 13:51,12825
2/11/2023 13:52,12384
2/11/2023 13:52,12423
2/11/2023 13:53,12442
2/11/2023 13:53,11797
2/11/2023 13:54,12586
2/11/2023 13:54,12880
2/11/2023 13:55,13242
2/11/2023 13:55,12991
2/11/2023 13:56,12712
2/11/2023 13:56,13184
2/11/2023 13:57,12639
2/11/2023 13:57,12955
2/11/2023 13:58,12806
2/11/2023 13:58,12865
2/11/2023 13:59,12860
2/11/2023 13:59,12860
2/11/2023 14:00,12955
2/11/2023 14:00,12566
2/11/2023 14:01,12442
2/11/2023 14:01,13399
2/11/2023 14:02,11556
2/11/2023 14:02,13420
2/11/2023 14:03,13242
2/11/2023 14:03,13164
2/11/2023 14:04,12732
2/11/2023 14:04,13107
2/11/2023 14:05,12935
2/11/2023 14:05,13071
2/11/2023 14:06,12514
2/11/2023 14:06,12182
2/11/2023 14:07,12658
2/11/2023 14:07,13087
2/11/2023 14:08,13520
2/11/2023 14:09,12514
2/11/2023 14:09,12840
2/11/2023 14:10,13479
2/11/2023 14:10,13640
2/11/2023 14:11,12880
2/11/2023 14:11,12586
2/11/2023 14:12,11788
2/11/2023 14:12,12212
2/11/2023 14:13,13184
2/11/2023 14:13,13440
2/11/2023 14:14,13640
2/11/2023 14:14,12732
2/11/2023 14:15,12658
2/11/2023 14:15,12955
2/11/2023 14:16,12806
2/11/2023 14:16,13164
2/11/2023 14:17,13500
2/11/2023 14:17,14447
2/11/2023 14:18,12955
2/11/2023 14:18,12786
2/11/2023 14:19,13722
2/11/2023 14:19,13420
2/11/2023 14:20,12301
2/11/2023 14:20,12625
2/11/2023 14:21,12732
2/11/2023 14:21,13184
2/11/2023 14:22,13184
2/11/2023 14:22,11501
2/11/2023 14:23,12766
2/11/2023 14:23,13011
2/11/2023 14:24,13107
2/11/2023 14:24,12732
2/11/2023 14:25,12726
2/11/2023 14:25,12791
2/11/2023 14:26,14121
2/11/2023 14:26,12732
2/11/2023 14:27,12825
2/11/2023 14:27,12920
2/11/2023 14:28,13580
2/11/2023 14:28,13107
2/11/2023 14:29,12955
2/11/2023 14:29,12732
2/11/2023 14:30,12806
2/11/2023 14:30,13580
2/11/2023 14:31,12975
2/11/2023 14:31,13500
2/11/2023 14:32,13500
2/11/2023 14:32,13087
2/11/2023 14:33,11694
2/11/2023 14:33,13128
2/11/2023 14:34,13128
2/11/2023 14:35,13051
2/11/2023 14:35,13242
2/11/2023 14:36,13051
2/11/2023 14:36,13184
2/11/2023 14:37,13184
2/11/2023 14:37,13440
2/11/2023 14:38,13262
2/11/2023 14:38,12786
2/11/2023 14:39,12586
2/11/2023 14:39,12732
2/11/2023 14:40,13128
2/11/2023 14:40,13520
2/11/2023 14:41,12639
2/11/2023 14:41,12586
2/11/2023 14:42,12026
2/11/2023 14:42,13661
2/11/2023 14:43,13500
2/11/2023 14:43,11825
2/11/2023 14:44,12619
2/11/2023 14:44,13520
2/11/2023 14:45,12786
2/11/2023 14:45,13500
2/11/2023 14:46,12825
2/11/2023 14:46,12712
2/11/2023 14:47,12143
2/11/2023 14:47,12975
2/11/2023 14:48,12732
2/11/2023 14:48,13087
2/11/2023 14:49,12880
2/11/2023 14:49,11546
2/11/2023 14:50,13262
2/11/2023 14:50,13420
2/11/2023 14:51,13323
2/11/2023 14:51,12514
2/11/2023 14:52,12712
2/11/2023 14:52,13184
2/11/2023 14:53,12639
2/11/2023 14:53,12645
2/11/2023 14:54,12955
2/11/2023 14:54,12313
2/11/2023 14:55,13420
2/11/2023 14:55,13201
2/11/2023 14:56,13784
2/11/2023 14:56,11977
2/11/2023 14:57,12301
2/11/2023 14:57,13640
2/11/2023 14:58,12514
2/11/2023 14:58,12860
2/11/2023 14:59,12935
2/11/2023 14:59,13051
2/11/2023 15:00,12935
2/11/2023 15:00,12251
2/11/2023 15:01,12301
2/11/2023 15:02,12658
2/11/2023 15:02,12639
2/11/2023 15:03,12975
2/11/2023 15:03,12706
2/11/2023 15:04,13500
2/11/2023 15:04,12880
2/11/2023 15:05,11438
2/11/2023 15:05,13446
2/11/2023 15:06,12333
2/11/2023 15:06,12955
2/11/2023 15:07,12955
2/11/2023 15:07,12658
2/11/2023 15:08,12786
2/11/2023 15:08,13031
2/11/2023 15:09,13031
2/11/2023 15:09,12955
2/11/2023 15:10,12860
2/11/2023 15:10,11629
2/11/2023 15:11,12751
2/11/2023 15:11,13580
2/11/2023 15:12,12955
2/11/2023 15:12,12475
2/11/2023 15:13,13107
2/11/2023 15:13,13184
2/11/2023 15:14,12900
2/11/2023 15:14,13164
2/11/2023 15:15,12309
2/11/2023 15:15,12352
2/11/2023 15:16,13184
2/11/2023 15:16,13826
2/11/2023 15:17,13107
2/11/2023 15:17,12732
2/11/2023 15:18,13320
2/11/2023 15:18,12955
2/11/2023 15:19,12639
2/11/2023 15:19,14079
2/11/2023 15:20,12301
2/11/2023 15:20,11844
2/11/2023 15:21,12751
2/11/2023 15:21,12806
2/11/2023 15:22,12786
2/11/2023 15:22,12751
2/11/2023 15:23,12678
2/11/2023 15:23,13051
2/11/2023 15:24,12905
2/11/2023 15:24,12880
2/11/2023 15:25,12732
2/11/2023 15:25,12462
2/11/2023 15:26,11882
2/11/2023 15:26,12751
2/11/2023 15:27,13051
2/11/2023 15:27,12806
2/11/2023 15:28,13184
2/11/2023 15:29,13205
2/11/2023 15:29,12094
2/11/2023 15:30,12920
2/11/2023 15:30,13341
2/11/2023 15:31,12925
2/11/2023 15:31,13071
2/11/2023 15:32,11713
2/11/2023 15:32,13500
2/11/2023 15:33,13107
2/11/2023 15:33,12955
2/11/2023 15:34,13031
2/11/2023 15:34,12658
2/11/2023 15:35,13479
2/11/2023 15:35,12880
2/11/2023 15:36,12045
2/11/2023 15:36,12094
2/11/2023 15:37,12955
2/11/2023 15:37,12955
2/11/2023 15:38,13164
2/11/2023 15:38,13479
2/11/2023 15:39,13128
2/11/2023 15:39,13580
2/11/2023 15:40,12900
2/11/2023 15:40,12333
2/11/2023 15:41,12494
2/11/2023 15:41,12880
2/11/2023 15:42,13184
2/11/2023 15:42,13640
2/11/2023 15:43,12442
2/11/2023 15:43,13221
2/11/2023 15:44,13184
2/11/2023 15:44,13087
2/11/2023 15:45,13209
2/11/2023 15:45,12806
2/11/2023 15:46,12880
2/11/2023 15:46,12860
2/11/2023 15:47,13520
2/11/2023 15:47,12806
2/11/2023 15:48,11694
2/11/2023 15:48,12442
2/11/2023 15:49,12652
2/11/2023 15:49,12678
2/11/2023 15:50,12975
2/11/2023 15:50,13283
2/11/2023 15:51,12880
2/11/2023 15:51,13361
2/11/2023 15:52,13399
2/11/2023 15:52,13242
2/11/2023 15:53,13164
2/11/2023 15:53,13538
2/11/2023 15:54,12321
2/11/2023 15:55,12955
2/11/2023 15:55,13107
2/11/2023 15:56,12658
2/11/2023 15:56,12880
2/11/2023 15:57,13341
2/11/2023 15:57,13262
2/11/2023 15:58,13764
2/11/2023 15:58,13242
2/11/2023 15:59,13144
2/11/2023 15:59,12955
2/11/2023 16:00,13205
2/11/2023 16:00,12442
2/11/2023 16:01,13067
2/11/2023 16:01,13361
2/11/2023 16:02,13341
2/11/2023 16:02,12955
2/11/2023 16:03,13031
2/11/2023 16:03,12751
2/11/2023 16:04,12494
2/11/2023 16:04,13107
2/11/2023 16:05,13538
2/11/2023 16:05,13128
2/11/2023 16:06,13420
2/11/2023 16:06,13107
2/11/2023 16:07,11892
2/11/2023 16:07,12786
2/11/2023 16:08,12955
2/11/2023 16:08,13420
2/11/2023 16:09,12732
2/11/2023 16:09,12955
2/11/2023 16:10,12975
2/11/2023 16:10,12900
2/11/2023 16:11,13031
2/11/2023 16:11,13087
2/11/2023 16:12,13031
2/11/2023 16:12,13341
2/11/2023 16:13,13500
2/11/2023 16:13,12955
2/11/2023 16:14,13500
2/11/2023 16:14,13538
2/11/2023 16:15,12780
2/11/2023 16:15,12155
2/11/2023 16:16,13026
2/11/2023 16:16,13399
2/11/2023 16:17,13279
2/11/2023 16:17,13358
2/11/2023 16:18,12475
2/11/2023 16:18,13620
2/11/2023 16:19,13123
2/11/2023 16:19,13599
2/11/2023 16:20,12991
2/11/2023 16:20,12950
2/11/2023 16:21,12970
2/11/2023 16:22,13047
2/11/2023 16:22,13437
2/11/2023 16:23,11769
2/11/2023 16:23,13358
2/11/2023 16:24,13047
2/11/2023 16:24,12855
2/11/2023 16:25,12455
2/11/2023 16:25,13067
2/11/2023 16:26,12895
2/11/2023 16:26,13026
2/11/2023 16:27,13497
2/11/2023 16:27,13437
2/11/2023 16:28,12672
2/11/2023 16:28,12950
2/11/2023 16:29,12672
2/11/2023 16:29,12895
2/11/2023 16:30,12915
2/11/2023 16:30,13337
2/11/2023 16:31,13358
2/11/2023 16:31,13300
2/11/2023 16:32,12105
2/11/2023 16:32,13067
2/11/2023 16:33,13518
2/11/2023 16:33,12970
2/11/2023 16:34,12935
2/11/2023 16:34,13144
2/11/2023 16:35,13067
2/11/2023 16:35,12423
2/11/2023 16:36,13846
2/11/2023 16:36,12692
2/11/2023 16:37,13242
2/11/2023 16:37,13047
2/11/2023 16:38,13144
2/11/2023 16:38,12105
2/11/2023 16:39,13867
2/11/2023 16:39,13144
2/11/2023 16:40,13011
2/11/2023 16:40,13300
2/11/2023 16:41,12579
2/11/2023 16:41,13538
2/11/2023 16:42,12991
2/11/2023 16:42,12105
2/11/2023 16:43,13379
2/11/2023 16:43,13067
2/11/2023 16:44,13701
2/11/2023 16:44,13221
2/11/2023 16:45,13221
2/11/2023 16:45,13201
2/11/2023 16:46,12950
2/11/2023 16:46,13500
2/11/2023 16:47,13047
2/11/2023 16:48,12766
2/11/2023 16:48,13047
2/11/2023 16:49,13144
2/11/2023 16:49,13047
2/11/2023 16:50,12840
2/11/2023 16:50,13437
2/11/2023 16:51,13868
2/11/2023 16:51,12915
2/11/2023 16:52,12845
2/11/2023 16:52,13123
2/11/2023 16:53,13867
2/11/2023 16:53,13701
2/11/2023 16:54,13067
2/11/2023 16:54,12475
2/11/2023 16:55,12915
2/11/2023 16:55,12746
2/11/2023 16:56,13784
2/11/2023 16:56,12930
2/11/2023 16:57,12955
2/11/2023 16:57,12875
2/11/2023 16:58,13047
2/11/2023 16:58,12746
2/11/2023 16:59,11988
2/11/2023 16:59,13458
2/11/2023 17:00,13205
2/11/2023 17:00,13557
2/11/2023 17:01,11854
2/11/2023 17:01,11722
2/11/2023 17:02,12895
2/11/2023 17:02,13867
2/11/2023 17:03,13763
2/11/2023 17:03,13358
2/11/2023 17:04,12263
2/11/2023 17:04,13221
2/11/2023 17:05,13123
2/11/2023 17:05,13437
2/11/2023 17:06,12970
2/11/2023 17:06,14405
2/11/2023 17:07,13396
2/11/2023 17:07,13722
2/11/2023 17:08,12875
2/11/2023 17:08,13184
2/11/2023 17:09,12895
2/11/2023 17:09,13144
2/11/2023 17:10,12895
2/11/2023 17:10,13180
2/11/2023 17:11,11988
2/11/2023 17:11,13026
2/11/2023 17:12,13930
2/11/2023 17:12,13379
2/11/2023 17:13,13826
2/11/2023 17:13,12263
2/11/2023 17:14,13144
2/11/2023 17:15,12364
2/11/2023 17:15,13011
2/11/2023 17:16,13867
2/11/2023 17:16,13337
2/11/2023 17:17,13300
2/11/2023 17:17,13087
2/11/2023 17:18,12455
2/11/2023 17:18,12835
2/11/2023 17:19,13087
2/11/2023 17:19,12840
2/11/2023 17:20,13701
2/11/2023 17:20,13437
2/11/2023 17:21,12991
2/11/2023 17:21,13144
2/11/2023 17:22,12313
2/11/2023 17:22,13144
2/11/2023 17:23,13701
2/11/2023 17:23,13067
2/11/2023 17:24,13518
2/11/2023 17:24,12935
2/11/2023 17:25,13245
2/11/2023 17:25,13221
2/11/2023 17:26,13379
2/11/2023 17:26,13144
2/11/2023 17:27,12860
2/11/2023 17:27,13379
2/11/2023 17:28,12143
2/11/2023 17:28,13242
2/11/2023 17:29,13399
2/11/2023 17:29,13107
2/11/2023 17:30,13221
2/11/2023 17:30,12712
2/11/2023 17:31,13538
2/11/2023 17:31,13087
2/11/2023 17:32,13164
2/11/2023 17:32,12732
2/11/2023 17:33,12915
2/11/2023 17:33,13164
2/11/2023 17:34,13221
2/11/2023 17:34,12955
2/11/2023 17:35,13479
2/11/2023 17:35,13300
2/11/2023 17:36,13578
2/11/2023 17:36,13242
2/11/2023 17:37,14208
2/11/2023 17:37,13722
2/11/2023 17:38,12212
2/11/2023 17:38,12766
2/11/2023 17:39,13067
2/11/2023 17:39,12915
2/11/2023 17:40,12546
2/11/2023 17:40,12212
2/11/2023 17:41,13341
2/11/2023 17:42,13011
2/11/2023 17:42,13087
2/11/2023 17:43,12935
2/11/2023 17:43,12925
2/11/2023 17:44,12746
2/11/2023 17:44,13846
2/11/2023 17:45,13320
2/11/2023 17:45,12766
2/11/2023 17:46,13867
2/11/2023 17:46,12174
2/11/2023 17:47,12970
2/11/2023 17:47,13091
2/11/2023 17:48,13888
2/11/2023 17:48,13221
2/11/2023 17:49,13620
2/11/2023 17:49,13620
2/11/2023 17:50,13011
2/11/2023 17:50,13201
2/11/2023 17:51,12895
2/11/2023 17:51,12786
2/11/2023 17:52,12494
2/11/2023 17:52,12423
2/11/2023 17:53,12840
2/11/2023 17:53,13620
2/11/2023 17:54,13784
2/11/2023 17:54,12075
2/11/2023 17:55,12880
2/11/2023 17:55,13011
2/11/2023 17:56,12955
2/11/2023 17:56,12766
2/11/2023 17:57,12935
2/11/2023 17:57,12860
2/11/2023 17:58,13011
2/11/2023 17:58,13580
2/11/2023 17:59,13144
2/11/2023 17:59,12935
2/11/2023 18:00,12915
2/11/2023 18:00,14100
2/11/2023 18:01,12639
2/11/2023 18:01,12712
2/11/2023 18:02,12494
2/11/2023 18:02,13722
2/11/2023 18:03,13067
2/11/2023 18:03,12950
2/11/2023 18:04,12726
2/11/2023 18:04,13047
2/11/2023 18:05,13379
2/11/2023 18:05,12820
2/11/2023 18:06,13620
2/11/2023 18:06,12915
2/11/2023 18:07,13743
2/11/2023 18:08,13026
2/11/2023 18:08,13826
2/11/2023 18:09,13087
2/11/2023 18:09,12915
2/11/2023 18:10,13805
2/11/2023 18:10,12726
2/11/2023 18:11,13221
2/11/2023 18:11,12806
2/11/2023 18:12,12935
2/11/2023 18:12,14057
2/11/2023 18:13,13722
2/11/2023 18:13,13320
2/11/2023 18:14,12840
2/11/2023 18:14,12751
2/11/2023 18:15,13620
2/11/2023 18:15,12692
2/11/2023 18:16,13640
2/11/2023 18:16,13972
2/11/2023 18:17,12860
2/11/2023 18:17,13031
2/11/2023 18:18,14057
2/11/2023 18:18,13437
2/11/2023 18:19,13845
2/11/2023 18:19,13164
2/11/2023 18:20,12726
2/11/2023 18:20,12935
2/11/2023 18:21,12579
2/11/2023 18:21,12692
2/11/2023 18:22,13361
2/11/2023 18:22,12282
2/11/2023 18:23,12566
2/11/2023 18:23,12692
2/11/2023 18:24,12840
2/11/2023 18:24,13620
2/11/2023 18:25,12712
2/11/2023 18:25,13300
2/11/2023 18:26,13087
2/11/2023 18:26,12546
2/11/2023 18:27,13784
2/11/2023 18:27,13011
2/11/2023 18:28,13067
2/11/2023 18:28,12672
2/11/2023 18:29,13031
2/11/2023 18:29,13300
2/11/2023 18:30,12766
2/11/2023 18:30,13888
2/11/2023 18:31,13221
2/11/2023 18:31,12075
2/11/2023 18:32,13221
2/11/2023 18:32,12692
2/11/2023 18:33,12527
2/11/2023 18:33,12915
2/11/2023 18:34,13279
2/11/2023 18:35,14121
2/11/2023 18:35,13640
2/11/2023 18:36,13888
2/11/2023 18:36,14472
2/11/2023 18:37,14405
2/11/2023 18:37,13805
2/11/2023 18:38,12566
2/11/2023 18:38,12840
2/11/2023 18:39,13867
2/11/2023 18:39,12455
2/11/2023 18:40,13300
2/11/2023 18:40,12712
2/11/2023 18:41,12692
2/11/2023 18:41,12991
2/11/2023 18:42,12672
2/11/2023 18:42,13559
2/11/2023 18:43,13972
2/11/2023 18:43,12333
2/11/2023 18:44,13300
2/11/2023 18:44,13379
2/11/2023 18:45,13103
2/11/2023 18:45,12282
2/11/2023 18:46,13164
2/11/2023 18:46,12786
2/11/2023 18:47,13051
2/11/2023 18:47,14036
2/11/2023 18:48,13164
2/11/2023 18:48,12494
2/11/2023 18:49,12384
2/11/2023 18:49,13399
2/11/2023 18:50,12840
2/11/2023 18:50,12840
2/11/2023 18:51,13242
2/11/2023 18:51,12935
2/11/2023 18:52,12007
2/11/2023 18:52,12746
2/11/2023 18:53,13087
2/11/2023 18:53,13722
2/11/2023 18:54,12639
2/11/2023 18:54,13399
2/11/2023 18:55,13259
2/11/2023 18:55,12820
2/11/2023 18:56,13538
2/11/2023 18:56,13826
2/11/2023 18:57,13259
2/11/2023 18:57,12455
2/11/2023 18:58,12514
2/11/2023 18:58,12007
2/11/2023 18:59,13479
2/11/2023 18:59,13888
2/11/2023 19:00,13047
2/11/2023 19:00,13867
2/11/2023 19:01,12860
2/11/2023 19:02,12619
2/11/2023 19:02,12494
2/11/2023 19:03,13011
2/11/2023 19:03,12991
2/11/2023 19:04,12546
2/11/2023 19:04,12766
2/11/2023 19:05,11873
2/11/2023 19:05,13148
2/11/2023 19:06,13437
2/11/2023 19:06,12840
2/11/2023 19:07,13015
2/11/2023 19:07,13337
2/11/2023 19:08,13437
2/11/2023 19:08,12920
2/11/2023 19:09,12786
2/11/2023 19:09,14100
2/11/2023 19:10,12282
2/11/2023 19:10,12658
2/11/2023 19:11,12935
2/11/2023 19:11,12786
2/11/2023 19:12,12880
2/11/2023 19:12,13011
2/11/2023 19:13,13087
2/11/2023 19:13,13262
2/11/2023 19:14,13144
2/11/2023 19:14,13011
2/11/2023 19:15,12751
2/11/2023 19:15,12880
2/11/2023 19:16,13972
2/11/2023 19:16,13262
2/11/2023 19:17,13826
2/11/2023 19:17,13559
2/11/2023 19:18,13805
2/11/2023 19:18,13826
2/11/2023 19:19,13826
2/11/2023 19:19,13500
2/11/2023 19:20,13341
2/11/2023 19:20,13071
2/11/2023 19:21,13000
2/11/2023 19:21,12732
2/11/2023 19:22,13805
2/11/2023 19:22,13559
2/11/2023 19:23,13994
2/11/2023 19:23,12900
2/11/2023 19:24,12840
2/11/2023 19:24,12995
2/11/2023 19:25,13087
2/11/2023 19:25,12605
2/11/2023 19:26,13661
2/11/2023 19:26,13242
2/11/2023 19:27,13479
2/11/2023 19:28,13826
2/11/2023 19:28,14079
2/11/2023 19:29,13743
2/11/2023 19:29,13538
2/11/2023 19:30,13242
2/11/2023 19:30,12751
2/11/2023 19:31,12806
2/11/2023 19:31,12880
2/11/2023 19:32,12806
2/11/2023 19:32,13107
2/11/2023 19:33,13640
2/11/2023 19:33,12566
2/11/2023 19:34,13107
2/11/2023 19:34,14100
2/11/2023 19:35,12732
2/11/2023 19:35,12991
2/11/2023 19:36,13283
2/11/2023 19:36,13743
2/11/2023 19:37,13640
2/11/2023 19:37,13722
2/11/2023 19:38,13661
2/11/2023 19:38,13458
2/11/2023 19:39,13031
2/11/2023 19:39,12658
2/11/2023 19:40,13764
2/11/2023 19:40,12075
2/11/2023 19:41,13087
2/11/2023 19:41,12639
2/11/2023 19:42,12806
2/11/2023 19:42,13205
2/11/2023 19:43,13867
2/11/2023 19:43,13847
2/11/2023 19:44,12786
2/11/2023 19:44,13640
2/11/2023 19:45,12352
2/11/2023 19:45,13805
2/11/2023 19:46,13722
2/11/2023 19:46,13128
2/11/2023 19:47,13994
2/11/2023 19:47,12301
2/11/2023 19:48,13743
2/11/2023 19:48,13500
2/11/2023 19:49,13067
2/11/2023 19:49,12566
2/11/2023 19:50,12806
2/11/2023 19:50,13031
2/11/2023 19:51,12935
2/11/2023 19:51,13500
2/11/2023 19:52,13112
2/11/2023 19:52,13051
2/11/2023 19:53,13067
2/11/2023 19:53,13262
2/11/2023 19:54,12860
2/11/2023 19:55,13972
2/11/2023 19:55,13031
2/11/2023 19:56,12566
2/11/2023 19:56,12895
2/11/2023 19:57,14164
2/11/2023 19:57,12732
2/11/2023 19:58,12514
2/11/2023 19:58,13031
2/11/2023 19:59,12880
2/11/2023 19:59,13578
2/11/2023 20:00,12880
2/11/2023 20:00,12935
2/11/2023 20:01,13071
2/11/2023 20:01,12706
2/11/2023 20:02,12658
2/11/2023 20:02,13107
2/11/2023 20:03,13640
2/11/2023 20:03,12786
2/11/2023 20:04,13341
2/11/2023 20:04,13461
2/11/2023 20:05,12786
2/11/2023 20:05,13107
2/11/2023 20:06,13701
2/11/2023 20:06,13184
2/11/2023 20:07,13423
2/11/2023 20:07,12860
2/11/2023 20:08,12352
2/11/2023 20:08,12786
2/11/2023 20:09,13164
2/11/2023 20:09,13640
2/11/2023 20:10,12786
2/11/2023 20:10,13031
2/11/2023 20:11,13559
2/11/2023 20:11,14207
2/11/2023 20:12,13805
2/11/2023 20:12,13867
2/11/2023 20:13,13136
2/11/2023 20:13,12995
2/11/2023 20:14,12712
2/11/2023 20:14,13107
2/11/2023 20:15,13164
2/11/2023 20:15,13031
2/11/2023 20:16,12487
2/11/2023 20:16,13580
2/11/2023 20:17,13640
2/11/2023 20:17,12619
2/11/2023 20:18,12712
2/11/2023 20:18,12658
2/11/2023 20:19,14100
2/11/2023 20:19,13303
2/11/2023 20:20,13011
2/11/2023 20:21,12935
2/11/2023 20:21,12599
2/11/2023 20:22,13420
2/11/2023 20:22,13242
2/11/2023 20:23,14164
2/11/2023 20:23,13011
2/11/2023 20:24,12692
2/11/2023 20:24,13242
2/11/2023 20:25,13067
2/11/2023 20:25,12935
2/11/2023 20:26,13040
2/11/2023 20:26,13580
2/11/2023 20:27,12880
2/11/2023 20:27,14057
2/11/2023 20:28,12880
2/11/2023 20:28,13661
2/11/2023 20:29,13262
2/11/2023 20:29,12915
2/11/2023 20:30,13952
2/11/2023 20:30,14057
2/11/2023 20:31,12566
2/11/2023 20:31,13051
2/11/2023 20:32,13909
2/11/2023 20:32,12658
2/11/2023 20:33,12880
2/11/2023 20:33,13031
2/11/2023 20:34,13320
2/11/2023 20:34,13221
2/11/2023 20:35,12786
2/11/2023 20:35,13379
2/11/2023 20:36,13011
2/11/2023 20:36,12786
2/11/2023 20:37,13107
2/11/2023 20:37,14057
2/11/2023 20:38,12860
2/11/2023 20:38,12806
2/11/2023 20:39,12658
2/11/2023 20:39,12806
2/11/2023 20:40,13399
2/11/2023 20:40,13320
2/11/2023 20:41,13703
2/11/2023 20:41,13031
2/11/2023 20:42,13951
2/11/2023 20:42,14164
2/11/2023 20:43,12806
2/11/2023 20:43,12860
2/11/2023 20:44,13972
2/11/2023 20:44,13031
2/11/2023 20:45,12658
2/11/2023 20:45,13184
2/11/2023 20:46,12371
2/11/2023 20:46,13437
2/11/2023 20:47,13580
2/11/2023 20:48,14515
2/11/2023 20:48,14405
2/11/2023 20:49,13743
2/11/2023 20:49,13087
2/11/2023 20:50,13011
2/11/2023 20:50,13420
2/11/2023 20:51,13888
2/11/2023 20:51,13701
2/11/2023 20:52,13107
2/11/2023 20:52,13559
2/11/2023 20:53,13341
2/11/2023 20:53,13972
2/11/2023 20:54,12672
2/11/2023 20:54,13164
2/11/2023 20:55,13300
2/11/2023 20:55,12860
2/11/2023 20:56,13320
2/11/2023 20:56,12533
2/11/2023 20:57,13826
2/11/2023 20:57,12935
2/11/2023 20:58,12619
2/11/2023 20:58,12007
2/11/2023 20:59,13184
2/11/2023 20:59,14515
2/11/2023 21:00,13184
2/11/2023 21:00,13538
2/11/2023 21:01,12678
2/11/2023 21:01,12955
2/11/2023 21:02,14361
2/11/2023 21:02,13663
2/11/2023 21:03,13283
2/11/2023 21:03,14143
2/11/2023 21:04,14515
2/11/2023 21:04,13341
2/11/2023 21:05,13479
2/11/2023 21:05,12746
2/11/2023 21:06,12566
2/11/2023 21:06,14057
2/11/2023 21:07,13184
2/11/2023 21:07,13128
2/11/2023 21:08,13888
2/11/2023 21:08,13071
2/11/2023 21:09,13011
2/11/2023 21:09,12900
2/11/2023 21:10,12678
2/11/2023 21:10,13123
2/11/2023 21:11,13320
2/11/2023 21:11,14057
2/11/2023 21:12,13994
2/11/2023 21:12,12820
2/11/2023 21:13,13972
2/11/2023 21:13,13184
2/11/2023 21:14,12806
2/11/2023 21:15,12806
2/11/2023 21:15,14079
2/11/2023 21:16,13520
2/11/2023 21:16,13011
2/11/2023 21:17,13242
2/11/2023 21:17,13107
2/11/2023 21:18,11825
2/11/2023 21:18,12806
2/11/2023 21:19,13722
2/11/2023 21:19,12514
2/11/2023 21:20,13283
2/11/2023 21:20,13242
2/11/2023 21:21,13067
2/11/2023 21:21,12746
2/11/2023 21:22,14493
2/11/2023 21:22,12880
2/11/2023 21:23,14251
2/11/2023 21:23,13479
2/11/2023 21:24,13031
2/11/2023 21:24,13031
2/11/2023 21:25,13847
2/11/2023 21:25,12880
2/11/2023 21:26,13031
2/11/2023 21:26,12806
2/11/2023 21:27,12955
2/11/2023 21:27,13479
2/11/2023 21:28,13087
2/11/2023 21:28,13784
2/11/2023 21:29,13500
2/11/2023 21:29,12935
2/11/2023 21:30,13805
2/11/2023 21:30,12371
2/11/2023 21:31,12806
2/11/2023 21:31,13743
2/11/2023 21:32,13087
2/11/2023 21:32,13500
2/11/2023 21:33,13011
2/11/2023 21:33,13184
2/11/2023 21:34,14208
2/11/2023 21:34,13358
2/11/2023 21:35,13087
2/11/2023 21:35,13701
2/11/2023 21:36,12935
2/11/2023 21:36,14079
2/11/2023 21:37,13399
2/11/2023 21:37,14100
2/11/2023 21:38,12786
2/11/2023 21:38,12806
2/11/2023 21:39,13559
2/11/2023 21:39,12514
2/11/2023 21:40,12880
2/11/2023 21:41,13164
2/11/2023 21:41,12732
2/11/2023 21:42,13909
2/11/2023 21:42,14079
2/11/2023 21:43,13479
2/11/2023 21:43,12751
2/11/2023 21:44,14079
2/11/2023 21:44,13011
2/11/2023 21:45,13051
2/11/2023 21:45,12371
2/11/2023 21:46,13500
2/11/2023 21:46,13909
2/11/2023 21:47,13479
2/11/2023 21:47,12900
2/11/2023 21:48,13107
2/11/2023 21:48,13047
2/11/2023 21:49,12658
2/11/2023 21:49,13341
2/11/2023 21:50,13826
2/11/2023 21:50,12935
2/11/2023 21:51,13399
2/11/2023 21:51,13107
2/11/2023 21:52,12423
2/11/2023 21:52,12955
2/11/2023 21:53,13661
2/11/2023 21:53,12825
2/11/2023 21:54,14164
2/11/2023 21:54,12935
2/11/2023 21:55,13994
2/11/2023 21:55,13682
2/11/2023 21:56,13011
2/11/2023 21:56,13500
2/11/2023 21:57,13087
2/11/2023 21:57,12825
2/11/2023 21:58,13107
2/11/2023 21:58,13031
2/11/2023 21:59,13011
2/11/2023 21:59,13031
2/11/2023 22:00,13682
2/11/2023 22:00,13972
2/11/2023 22:01,12880
2/11/2023 22:01,13107
2/11/2023 22:02,12970
2/11/2023 22:02,13500
2/11/2023 22:03,13640
2/11/2023 22:03,13128
2/11/2023 22:04,12732
2/11/2023 22:04,14079
2/11/2023 22:05,12732
2/11/2023 22:05,12026
2/11/2023 22:06,12880
2/11/2023 22:06,14426
2/11/2023 22:07,13128
2/11/2023 22:08,13283
2/11/2023 22:08,13909
2/11/2023 22:09,13262
2/11/2023 22:09,13420
2/11/2023 22:10,13994
2/11/2023 22:10,13031
2/11/2023 22:11,12880
2/11/2023 22:11,13107
2/11/2023 22:12,13804
2/11/2023 22:12,12955
2/11/2023 22:13,13262
2/11/2023 22:13,13107
2/11/2023 22:14,12442
2/11/2023 22:14,14405
2/11/2023 22:15,12113
2/11/2023 22:15,12806
2/11/2023 22:16,13420
2/11/2023 22:16,13682
2/11/2023 22:17,12806
2/11/2023 22:17,12955
2/11/2023 22:18,13320
2/11/2023 22:18,13087
2/11/2023 22:19,12955
2/11/2023 22:19,13107
2/11/2023 22:20,13031
2/11/2023 22:20,13184
2/11/2023 22:21,12955
2/11/2023 22:21,13071
2/11/2023 22:22,12533
2/11/2023 22:22,12786
2/11/2023 22:23,13622
2/11/2023 22:23,13051
2/11/2023 22:24,12860
2/11/2023 22:24,13087
2/11/2023 22:25,12900
2/11/2023 22:25,12955
2/11/2023 22:26,13205
2/11/2023 22:26,12900
2/11/2023 22:27,13847
2/11/2023 22:27,12825
2/11/2023 22:28,12975
2/11/2023 22:28,13341
2/11/2023 22:29,13283
2/11/2023 22:29,12732
2/11/2023 22:30,12143
2/11/2023 22:30,12732
2/11/2023 22:31,12975
2/11/2023 22:31,12391
2/11/2023 22:32,14100
2/11/2023 22:32,12301
2/11/2023 22:33,12113
2/11/2023 22:34,12806
2/11/2023 22:34,12625
2/11/2023 22:35,13847
2/11/2023 22:35,13184
2/11/2023 22:36,13031
2/11/2023 22:36,13640
2/11/2023 22:37,13826
2/11/2023 22:37,12900
2/11/2023 22:38,13164
2/11/2023 22:38,13225
2/11/2023 22:39,13500
2/11/2023 22:39,14186
2/11/2023 22:40,13764
2/11/2023 22:40,13440
2/11/2023 22:41,13303
2/11/2023 22:41,14405
2/11/2023 22:42,13128
2/11/2023 22:42,12698
2/11/2023 22:43,12605
2/11/2023 22:43,12845
2/11/2023 22:44,13994
2/11/2023 22:44,13440
2/11/2023 22:45,12605
2/11/2023 22:45,13128
2/11/2023 22:46,12955
2/11/2023 22:46,13071
2/11/2023 22:47,12605
2/11/2023 22:47,12920
2/11/2023 22:48,13031
2/11/2023 22:48,12900
2/11/2023 22:49,13071
2/11/2023 22:49,13764
2/11/2023 22:50,14338
2/11/2023 22:50,14294
2/11/2023 22:51,13440
2/11/2023 22:51,13994
2/11/2023 22:52,12955
2/11/2023 22:52,12371
2/11/2023 22:53,12900
2/11/2023 22:53,13341
2/11/2023 22:54,14207
2/11/2023 22:54,13283
2/11/2023 22:55,14360
2/11/2023 22:55,13440
2/11/2023 22:56,12900
2/11/2023 22:56,12975
2/11/2023 22:57,12825
2/11/2023 22:57,12751
2/11/2023 22:58,13500
2/11/2023 22:58,13379
2/11/2023 22:59,12553
2/11/2023 22:59,14015
2/11/2023 23:00,13107
2/11/2023 23:01,14164
2/11/2023 23:01,12955
2/11/2023 23:02,13283
2/11/2023 23:02,12639
2/11/2023 23:03,12880
2/11/2023 23:03,13128
2/11/2023 23:04,13000
2/11/2023 23:04,14015
2/11/2023 23:05,13087
2/11/2023 23:05,12975
2/11/2023 23:06,13661
2/11/2023 23:06,13826
2/11/2023 23:07,12920
2/11/2023 23:07,13361
2/11/2023 23:08,13087
2/11/2023 23:08,13520
2/11/2023 23:09,13283
2/11/2023 23:09,14251
2/11/2023 23:10,14057
2/11/2023 23:10,13107
2/11/2023 23:11,13031
2/11/2023 23:11,14382
2/11/2023 23:12,13148
2/11/2023 23:12,13601
2/11/2023 23:13,14015
2/11/2023 23:13,13764
2/11/2023 23:14,13440
2/11/2023 23:14,13520
2/11/2023 23:15,13184
2/11/2023 23:15,13225
2/11/2023 23:16,13031
2/11/2023 23:16,13887
2/11/2023 23:17,13184
2/11/2023 23:17,13787
2/11/2023 23:18,13051
2/11/2023 23:18,13952
2/11/2023 23:19,12481
2/11/2023 23:19,13661
2/11/2023 23:20,13205
2/11/2023 23:20,12955
2/11/2023 23:21,12533
2/11/2023 23:21,14015
2/11/2023 23:22,12201
2/11/2023 23:22,13382
2/11/2023 23:23,12321
2/11/2023 23:23,12825
2/11/2023 23:24,13283
2/11/2023 23:24,14515
2/11/2023 23:25,12825
2/11/2023 23:25,12900
2/11/2023 23:26,14015
2/11/2023 23:27,13399
2/11/2023 23:27,13931
2/11/2023 23:28,13682
2/11/2023 23:28,12905
2/11/2023 23:29,13525
2/11/2023 23:29,13128
2/11/2023 23:30,13764
2/11/2023 23:30,13909
2/11/2023 23:31,13107
2/11/2023 23:31,14295
2/11/2023 23:32,13205
2/11/2023 23:32,13520
2/11/2023 23:33,13031
2/11/2023 23:33,14251
2/11/2023 23:34,12845
2/11/2023 23:34,12905
2/11/2023 23:35,13107
2/11/2023 23:35,13361
2/11/2023 23:36,13128
2/11/2023 23:36,12771
2/11/2023 23:37,13128
2/11/2023 23:37,12766
2/11/2023 23:38,13520
2/11/2023 23:38,13300
2/11/2023 23:39,14015
2/11/2023 23:39,13091
2/11/2023 23:40,13184
2/11/2023 23:40,13128
2/11/2023 23:41,13205
2/11/2023 23:41,14186
2/11/2023 23:42,13361
2/11/2023 23:42,12845
2/11/2023 23:43,14360
2/11/2023 23:43,13743
2/11/2023 23:44,12806
2/11/2023 23:44,13107
2/11/2023 23:45,13031
2/11/2023 23:45,13661
2/11/2023 23:46,13107
2/11/2023 23:46,13580
2/11/2023 23:47,14100
2/11/2023 23:47,13909
2/11/2023 23:48,13682
2/11/2023 23:48,14186
2/11/2023 23:49,13283
2/11/2023 23:49,14164
2/11/2023 23:50,13361
2/11/2023 23:50,13341
2/11/2023 23:51,13128
2/11/2023 23:51,14382
2/11/2023 23:52,13994
2/11/2023 23:52,13601
2/11/2023 23:53,13399
2/11/2023 23:54,12900
2/11/2023 23:54,13361
2/11/2023 23:55,12825
2/11/2023 23:55,13601
2/11/2023 23:56,13601
2/11/2023 23:56,13764
2/11/2023 23:57,13682
2/11/2023 23:57,13682
2/11/2023 23:58,14100
2/11/2023 23:58,13262
2/11/2023 23:59,13205
2/11/2023 23:59,13087
2/12/2023 0:00,12975
2/12/2023 0:00,13764
2/12/2023 0:01,13868
2/12/2023 0:01,13624
2/12/2023 0:02,13128
2/12/2023 0:02,13423
2/12/2023 0:03,14294
2/12/2023 0:03,13601
2/12/2023 0:04,14100
2/12/2023 0:04,14100
2/12/2023 0:05,14718
2/12/2023 0:05,13148
2/12/2023 0:06,12995
2/12/2023 0:06,14338
2/12/2023 0:07,14472
2/12/2023 0:07,12975
2/12/2023 0:08,13051
2/12/2023 0:08,12751
2/12/2023 0:09,12975
2/12/2023 0:09,14493
2/12/2023 0:10,13826
2/12/2023 0:10,14787
2/12/2023 0:11,14186
2/12/2023 0:11,12698
2/12/2023 0:12,14100
2/12/2023 0:12,13303
2/12/2023 0:13,13361
2/12/2023 0:13,12955
2/12/2023 0:14,14338
2/12/2023 0:14,13601
2/12/2023 0:15,14490
2/12/2023 0:15,12840
2/12/2023 0:16,13051
2/12/2023 0:16,14100
2/12/2023 0:17,14143
2/12/2023 0:17,13031
2/12/2023 0:18,13148
2/12/2023 0:18,13242
2/12/2023 0:19,13148
2/12/2023 0:19,12900
2/12/2023 0:20,13682
2/12/2023 0:21,13743
2/12/2023 0:21,12825
2/12/2023 0:22,13764
2/12/2023 0:22,12771
2/12/2023 0:23,13724
2/12/2023 0:23,13056
2/12/2023 0:24,13605
2/12/2023 0:24,12182
2/12/2023 0:25,14185
2/12/2023 0:25,13205
2/12/2023 0:26,13909
2/12/2023 0:26,13420
2/12/2023 0:27,14143
2/12/2023 0:27,13184
2/12/2023 0:28,13031
2/12/2023 0:28,12995
2/12/2023 0:29,14360
2/12/2023 0:29,13242
2/12/2023 0:30,13184
2/12/2023 0:30,13341
2/12/2023 0:31,14272
2/12/2023 0:31,13440
2/12/2023 0:32,12935
2/12/2023 0:32,12975
2/12/2023 0:33,13283
2/12/2023 0:33,13764
2/12/2023 0:34,12955
2/12/2023 0:34,13051
2/12/2023 0:35,14696
2/12/2023 0:35,14015
2/12/2023 0:36,13361
2/12/2023 0:36,14100
2/12/2023 0:37,12533
2/12/2023 0:37,13601
2/12/2023 0:38,13826
2/12/2023 0:38,13952
2/12/2023 0:39,12880
2/12/2023 0:39,13661
2/12/2023 0:40,13051
2/12/2023 0:40,13743
2/12/2023 0:41,13361
2/12/2023 0:41,12900
2/12/2023 0:42,13107
2/12/2023 0:42,13205
2/12/2023 0:43,13601
2/12/2023 0:43,13722
2/12/2023 0:44,14100
2/12/2023 0:44,14186
2/12/2023 0:45,14100
2/12/2023 0:45,13361
2/12/2023 0:46,13071
2/12/2023 0:47,13283
2/12/2023 0:47,13703
2/12/2023 0:48,14100
2/12/2023 0:48,13500
2/12/2023 0:49,13361
2/12/2023 0:49,12514
2/12/2023 0:50,13327
2/12/2023 0:50,13580
2/12/2023 0:51,13242
2/12/2023 0:51,13889
2/12/2023 0:52,14251
2/12/2023 0:52,12975
2/12/2023 0:53,12975
2/12/2023 0:53,12955
2/12/2023 0:54,13283
2/12/2023 0:54,13805
2/12/2023 0:55,12900
2/12/2023 0:55,12251
2/12/2023 0:56,13051
2/12/2023 0:56,13520
2/12/2023 0:57,12442
2/12/2023 0:57,12586
2/12/2023 0:58,12825
2/12/2023 0:58,14338
2/12/2023 0:59,13361
2/12/2023 0:59,13184
2/12/2023 1:00,14339
2/12/2023 1:00,14515
2/12/2023 1:01,13500
2/12/2023 1:01,12712
2/12/2023 1:02,12935
2/12/2023 1:02,13826
2/12/2023 1:03,14337
2/12/2023 1:03,14164
2/12/2023 1:04,14186
2/12/2023 1:04,14515
2/12/2023 1:05,13826
2/12/2023 1:05,13031
2/12/2023 1:06,12658
2/12/2023 1:06,13420
2/12/2023 1:07,13399
2/12/2023 1:07,14450
2/12/2023 1:08,12786
2/12/2023 1:08,13087
2/12/2023 1:09,14583
2/12/2023 1:09,13011
2/12/2023 1:10,13909
2/12/2023 1:10,13031
2/12/2023 1:11,14079
2/12/2023 1:11,12820
2/12/2023 1:12,13341
2/12/2023 1:12,13703
2/12/2023 1:13,12371
2/12/2023 1:14,12975
2/12/2023 1:14,13317
2/12/2023 1:15,13087
2/12/2023 1:15,12806
2/12/2023 1:16,14143
2/12/2023 1:16,12991
2/12/2023 1:17,13279
2/12/2023 1:17,13458
2/12/2023 1:18,13420
2/12/2023 1:18,13107
2/12/2023 1:19,12935
2/12/2023 1:19,14472
2/12/2023 1:20,12935
2/12/2023 1:20,13972
2/12/2023 1:21,13221
2/12/2023 1:21,13051
2/12/2023 1:22,13341
2/12/2023 1:22,12586
2/12/2023 1:23,12890
2/12/2023 1:23,13341
2/12/2023 1:24,12475
2/12/2023 1:24,13184
2/12/2023 1:25,14185
2/12/2023 1:25,12860
2/12/2023 1:26,12672
2/12/2023 1:26,13031
2/12/2023 1:27,12935
2/12/2023 1:27,13266
2/12/2023 1:28,13144
2/12/2023 1:28,13087
2/12/2023 1:29,13951
2/12/2023 1:29,13640
2/12/2023 1:30,13087
2/12/2023 1:30,14208
2/12/2023 1:31,13826
2/12/2023 1:31,14057
2/12/2023 1:32,13399
2/12/2023 1:32,13011
2/12/2023 1:33,14787
2/12/2023 1:33,13184
2/12/2023 1:34,13437
2/12/2023 1:34,13559
2/12/2023 1:35,14405
2/12/2023 1:35,14121
2/12/2023 1:36,12915
2/12/2023 1:36,13320
2/12/2023 1:37,13479
2/12/2023 1:37,12806
2/12/2023 1:38,13006
2/12/2023 1:38,12806
2/12/2023 1:39,14229
2/12/2023 1:40,13888
2/12/2023 1:40,13184
2/12/2023 1:41,13805
2/12/2023 1:41,12416
2/12/2023 1:42,12910
2/12/2023 1:42,13067
2/12/2023 1:43,13067
2/12/2023 1:43,14605
2/12/2023 1:44,13538
2/12/2023 1:44,12840
2/12/2023 1:45,13242
2/12/2023 1:45,13423
2/12/2023 1:46,13067
2/12/2023 1:46,13951
2/12/2023 1:47,12915
2/12/2023 1:47,12860
2/12/2023 1:48,13123
2/12/2023 1:48,12546
2/12/2023 1:49,13784
2/12/2023 1:49,13011
2/12/2023 1:50,13164
2/12/2023 1:50,13067
2/12/2023 1:51,12639
2/12/2023 1:51,12840
2/12/2023 1:52,13559
2/12/2023 1:52,12915
2/12/2023 1:53,12955
2/12/2023 1:53,13437
2/12/2023 1:54,13221
2/12/2023 1:54,13458
2/12/2023 1:55,13184
2/12/2023 1:55,13249
2/12/2023 1:56,13763
2/12/2023 1:56,12546
2/12/2023 1:57,13201
2/12/2023 1:57,13599
2/12/2023 1:58,13067
2/12/2023 1:58,13123
2/12/2023 1:59,12915
2/12/2023 1:59,13846
2/12/2023 2:00,12991
2/12/2023 2:00,14472
2/12/2023 2:01,13011
2/12/2023 2:01,13930
2/12/2023 2:02,13458
2/12/2023 2:02,13721
2/12/2023 2:03,13067
2/12/2023 2:03,12895
2/12/2023 2:04,13201
2/12/2023 2:04,13722
2/12/2023 2:05,13067
2/12/2023 2:05,14383
2/12/2023 2:06,13375
2/12/2023 2:07,14383
2/12/2023 2:07,13497
2/12/2023 2:08,13402
2/12/2023 2:08,12692
2/12/2023 2:09,14472
2/12/2023 2:09,13087
2/12/2023 2:10,14273
2/12/2023 2:10,12475
2/12/2023 2:11,13067
2/12/2023 2:11,13379
2/12/2023 2:12,13067
2/12/2023 2:12,13205
2/12/2023 2:13,14450
2/12/2023 2:13,13379
2/12/2023 2:14,12639
2/12/2023 2:14,13221
2/12/2023 2:15,12820
2/12/2023 2:15,13144
2/12/2023 2:16,13067
2/12/2023 2:16,12930
2/12/2023 2:17,13379
2/12/2023 2:17,13518
2/12/2023 2:18,13067
2/12/2023 2:18,14472
2/12/2023 2:19,13164
2/12/2023 2:19,13782
2/12/2023 2:20,13107
2/12/2023 2:20,14450
2/12/2023 2:21,12840
2/12/2023 2:21,13238
2/12/2023 2:22,13067
2/12/2023 2:22,13221
2/12/2023 2:23,14295
2/12/2023 2:23,14036
2/12/2023 2:24,14317
2/12/2023 2:24,13144
2/12/2023 2:25,12333
2/12/2023 2:25,13123
2/12/2023 2:26,13763
2/12/2023 2:26,13123
2/12/2023 2:27,13476
2/12/2023 2:27,13201
2/12/2023 2:28,14100
2/12/2023 2:28,13538
2/12/2023 2:29,13123
2/12/2023 2:29,13201
2/12/2023 2:30,13887
2/12/2023 2:30,13417
2/12/2023 2:31,13930
2/12/2023 2:31,14165
2/12/2023 2:32,12970
2/12/2023 2:32,12875
2/12/2023 2:33,13047
2/12/2023 2:34,13201
2/12/2023 2:34,12527
2/12/2023 2:35,13518
2/12/2023 2:35,13201
2/12/2023 2:36,14208
2/12/2023 2:36,13026
2/12/2023 2:37,13144
2/12/2023 2:37,14100
2/12/2023 2:38,12455
2/12/2023 2:38,13087
2/12/2023 2:39,14539
2/12/2023 2:39,13259
2/12/2023 2:40,13414
2/12/2023 2:40,14295
2/12/2023 2:41,12786
2/12/2023 2:41,12746
2/12/2023 2:42,12726
2/12/2023 2:42,14361
2/12/2023 2:43,14015
2/12/2023 2:43,13047
2/12/2023 2:44,12263
2/12/2023 2:44,13972
2/12/2023 2:45,13497
2/12/2023 2:45,12950
2/12/2023 2:46,13417
2/12/2023 2:46,14057
2/12/2023 2:47,14517
2/12/2023 2:47,14361
2/12/2023 2:48,14428
2/12/2023 2:48,12970
2/12/2023 2:49,13123
2/12/2023 2:49,13437
2/12/2023 2:50,13103
2/12/2023 2:50,13337
2/12/2023 2:51,12800
2/12/2023 2:51,13358
2/12/2023 2:52,13458
2/12/2023 2:52,13518
2/12/2023 2:53,14057
2/12/2023 2:53,14165
2/12/2023 2:54,13180
2/12/2023 2:54,13201
2/12/2023 2:55,13518
2/12/2023 2:55,14186
2/12/2023 2:56,13180
2/12/2023 2:56,13279
2/12/2023 2:57,13930
2/12/2023 2:57,13011
2/12/2023 2:58,12930
2/12/2023 2:58,12766
2/12/2023 2:59,14273
2/12/2023 2:59,13103
2/12/2023 3:00,13382
2/12/2023 3:01,13103
2/12/2023 3:01,14079
2/12/2023 3:02,13279
2/12/2023 3:02,13047
2/12/2023 3:03,13201
2/12/2023 3:03,12915
2/12/2023 3:04,13123
2/12/2023 3:04,12487
2/12/2023 3:05,12950
2/12/2023 3:05,13279
2/12/2023 3:06,14165
2/12/2023 3:06,14608
2/12/2023 3:07,12895
2/12/2023 3:07,12895
2/12/2023 3:08,13437
2/12/2023 3:08,14274
2/12/2023 3:09,13582
2/12/2023 3:09,13201
2/12/2023 3:10,13123
2/12/2023 3:10,13358
2/12/2023 3:11,13599
2/12/2023 3:11,13047
2/12/2023 3:12,12970
2/12/2023 3:12,13176
2/12/2023 3:13,12875
2/12/2023 3:13,13909
2/12/2023 3:14,13417
2/12/2023 3:14,13259
2/12/2023 3:15,13659
2/12/2023 3:15,13887
2/12/2023 3:16,13455
2/12/2023 3:16,13417
2/12/2023 3:17,13437
2/12/2023 3:17,13599
2/12/2023 3:18,13578
2/12/2023 3:18,13337
2/12/2023 3:19,14057
2/12/2023 3:19,13180
2/12/2023 3:20,12970
2/12/2023 3:20,13123
2/12/2023 3:21,13417
2/12/2023 3:21,12970
2/12/2023 3:22,13599
2/12/2023 3:22,13317
2/12/2023 3:23,13887
2/12/2023 3:23,12507
2/12/2023 3:24,13087
2/12/2023 3:24,13659
2/12/2023 3:25,13518
2/12/2023 3:25,12890
2/12/2023 3:26,13599
2/12/2023 3:27,12970
2/12/2023 3:27,13399
2/12/2023 3:28,13358
2/12/2023 3:28,13337
2/12/2023 3:29,13825
2/12/2023 3:29,14361
2/12/2023 3:30,13787
2/12/2023 3:30,13578
2/12/2023 3:31,13279
2/12/2023 3:31,14450
2/12/2023 3:32,13279
2/12/2023 3:32,13437
2/12/2023 3:33,13103
2/12/2023 3:33,12800
2/12/2023 3:34,13358
2/12/2023 3:34,13201
2/12/2023 3:35,13680
2/12/2023 3:35,13476
2/12/2023 3:36,13279
2/12/2023 3:36,13557
2/12/2023 3:37,13721
2/12/2023 3:37,13083
2/12/2023 3:38,13518
2/12/2023 3:38,14015
2/12/2023 3:39,14165
2/12/2023 3:39,13763
2/12/2023 3:40,13123
2/12/2023 3:40,14079
2/12/2023 3:41,13825
2/12/2023 3:41,13805
2/12/2023 3:42,13140
2/12/2023 3:42,14450
2/12/2023 3:43,13599
2/12/2023 3:43,13103
2/12/2023 3:44,13659
2/12/2023 3:44,13259
2/12/2023 3:45,13825
2/12/2023 3:45,14186
2/12/2023 3:46,13721
2/12/2023 3:46,12950
2/12/2023 3:47,14079
2/12/2023 3:47,13867
2/12/2023 3:48,14230
2/12/2023 3:48,12507
2/12/2023 3:49,14273
2/12/2023 3:49,13909
2/12/2023 3:50,13358
2/12/2023 3:50,12950
2/12/2023 3:51,13393
2/12/2023 3:51,13201
2/12/2023 3:52,13578
2/12/2023 3:52,13557
2/12/2023 3:53,13578
2/12/2023 3:54,13659
2/12/2023 3:54,13259
2/12/2023 3:55,12507
2/12/2023 3:55,13700
2/12/2023 3:56,13238
2/12/2023 3:56,14428
2/12/2023 3:57,14608
2/12/2023 3:57,14015
2/12/2023 3:58,13337
2/12/2023 3:58,13103
2/12/2023 3:59,12930
2/12/2023 3:59,13578
2/12/2023 4:00,13476
2/12/2023 4:00,13047
2/12/2023 4:01,13557
2/12/2023 4:01,13476
2/12/2023 4:02,14361
2/12/2023 4:02,14252
2/12/2023 4:03,14608
2/12/2023 4:03,13993
2/12/2023 4:04,13201
2/12/2023 4:04,13313
2/12/2023 4:05,13578
2/12/2023 4:05,13317
2/12/2023 4:06,13180
2/12/2023 4:06,13559
2/12/2023 4:07,14079
2/12/2023 4:07,13782
2/12/2023 4:08,13259
2/12/2023 4:08,14252
2/12/2023 4:09,13742
2/12/2023 4:09,13180
2/12/2023 4:10,13638
2/12/2023 4:10,13825
2/12/2023 4:11,13557
2/12/2023 4:11,12507
2/12/2023 4:12,12950
2/12/2023 4:12,13144
2/12/2023 4:13,13578
2/12/2023 4:13,13599
2/12/2023 4:14,14654
2/12/2023 4:14,13358
2/12/2023 4:15,13083
2/12/2023 4:15,14057
2/12/2023 4:16,13238
2/12/2023 4:16,13123
2/12/2023 4:17,13317
2/12/2023 4:17,13784
2/12/2023 4:18,12652
2/12/2023 4:18,12800
2/12/2023 4:19,13721
2/12/2023 4:19,14252
2/12/2023 4:20,13283
2/12/2023 4:21,13103
2/12/2023 4:21,13742
2/12/2023 4:22,13972
2/12/2023 4:22,13763
2/12/2023 4:23,13417
2/12/2023 4:23,13103
2/12/2023 4:24,13417
2/12/2023 4:24,13103
2/12/2023 4:25,13396
2/12/2023 4:25,13358
2/12/2023 4:26,14036
2/12/2023 4:26,13638
2/12/2023 4:27,14585
2/12/2023 4:27,13742
2/12/2023 4:28,13700
2/12/2023 4:28,13497
2/12/2023 4:29,12950
2/12/2023 4:29,13559
2/12/2023 4:30,14339
2/12/2023 4:30,13476
2/12/2023 4:31,13259
2/12/2023 4:31,13742
2/12/2023 4:32,14361
2/12/2023 4:32,14165
2/12/2023 4:33,13761
2/12/2023 4:33,12895
2/12/2023 4:34,14186
2/12/2023 4:34,13238
2/12/2023 4:35,13909
2/12/2023 4:35,13238
2/12/2023 4:36,13180
2/12/2023 4:36,13337
2/12/2023 4:37,14296
2/12/2023 4:37,13742
2/12/2023 4:38,13578
2/12/2023 4:38,14252
2/12/2023 4:39,14057
2/12/2023 4:39,13180
2/12/2023 4:40,12895
2/12/2023 4:40,13238
2/12/2023 4:41,13578
2/12/2023 4:41,13578
2/12/2023 4:42,13538
2/12/2023 4:42,13026
2/12/2023 4:43,13123
2/12/2023 4:43,13993
2/12/2023 4:44,13578
2/12/2023 4:44,13536
2/12/2023 4:45,13578
2/12/2023 4:45,13993
2/12/2023 4:46,13825
2/12/2023 4:47,14079
2/12/2023 4:47,13337
2/12/2023 4:48,13123
2/12/2023 4:48,13742
2/12/2023 4:49,13396
2/12/2023 4:49,12632
2/12/2023 4:50,13640
2/12/2023 4:50,13144
2/12/2023 4:51,12950
2/12/2023 4:51,13742
2/12/2023 4:52,13180
2/12/2023 4:52,14450
2/12/2023 4:53,13123
2/12/2023 4:53,12875
2/12/2023 4:54,13742
2/12/2023 4:54,14384
2/12/2023 4:55,14428
2/12/2023 4:55,13026
2/12/2023 4:56,13437
2/12/2023 4:56,13337
2/12/2023 4:57,13259
2/12/2023 4:57,13103
2/12/2023 4:58,12970
2/12/2023 4:58,13396
2/12/2023 4:59,13659
2/12/2023 4:59,12780
2/12/2023 5:00,13180
2/12/2023 5:00,13103
2/12/2023 5:01,13062
2/12/2023 5:01,13355
2/12/2023 5:02,14317
2/12/2023 5:02,13259
2/12/2023 5:03,14252
2/12/2023 5:03,13437
2/12/2023 5:04,13103
2/12/2023 5:04,13742
2/12/2023 5:05,13160
2/12/2023 5:05,12950
2/12/2023 5:06,13279
2/12/2023 5:06,13951
2/12/2023 5:07,13062
2/12/2023 5:07,12652
2/12/2023 5:08,13476
2/12/2023 5:08,13103
2/12/2023 5:09,13578
2/12/2023 5:09,13638
2/12/2023 5:10,13993
2/12/2023 5:10,13337
2/12/2023 5:11,13578
2/12/2023 5:11,13887
2/12/2023 5:12,13160
2/12/2023 5:13,13700
2/12/2023 5:13,14384
2/12/2023 5:14,13047
2/12/2023 5:14,13497
2/12/2023 5:15,13825
2/12/2023 5:15,13417
2/12/2023 5:16,13455
2/12/2023 5:16,14165
2/12/2023 5:17,14057
2/12/2023 5:17,13846
2/12/2023 5:18,13337
2/12/2023 5:18,14608
2/12/2023 5:19,13259
2/12/2023 5:19,14079
2/12/2023 5:20,14406
2/12/2023 5:20,12666
2/12/2023 5:21,13099
2/12/2023 5:21,13180
2/12/2023 5:22,12652
2/12/2023 5:22,14143
2/12/2023 5:23,13617
2/12/2023 5:23,13476
2/12/2023 5:24,13417
2/12/2023 5:24,13497
2/12/2023 5:25,14608
2/12/2023 5:25,14535
2/12/2023 5:26,14079
2/12/2023 5:26,13659
2/12/2023 5:27,12986
2/12/2023 5:27,14406
2/12/2023 5:28,13909
2/12/2023 5:28,13680
2/12/2023 5:29,13909
2/12/2023 5:29,14428
2/12/2023 5:30,13518
2/12/2023 5:30,13476
2/12/2023 5:31,13659
2/12/2023 5:31,13337
2/12/2023 5:32,14165
2/12/2023 5:32,13930
2/12/2023 5:33,13578
2/12/2023 5:33,13259
2/12/2023 5:34,13497
2/12/2023 5:34,13557
2/12/2023 5:35,13659
2/12/2023 5:35,13972
2/12/2023 5:36,14585
2/12/2023 5:36,13399
2/12/2023 5:37,13317
2/12/2023 5:37,13279
2/12/2023 5:38,12970
2/12/2023 5:38,13083
2/12/2023 5:39,13417
2/12/2023 5:40,13994
2/12/2023 5:40,13536
2/12/2023 5:41,13396
2/12/2023 5:41,13557
2/12/2023 5:42,13476
2/12/2023 5:42,14296
2/12/2023 5:43,14630
2/12/2023 5:43,13536
2/12/2023 5:44,13638
2/12/2023 5:44,13437
2/12/2023 5:45,13742
2/12/2023 5:45,13317
2/12/2023 5:46,13317
2/12/2023 5:46,13804
2/12/2023 5:47,12560
2/12/2023 5:47,13358
2/12/2023 5:48,13993
2/12/2023 5:48,13993
2/12/2023 5:49,13103
2/12/2023 5:49,13846
2/12/2023 5:50,12895
2/12/2023 5:50,13160
2/12/2023 5:51,13337
2/12/2023 5:51,13497
2/12/2023 5:52,13317
2/12/2023 5:52,13476
2/12/2023 5:53,13337
2/12/2023 5:53,13180
2/12/2023 5:54,13180
2/12/2023 5:54,13259
2/12/2023 5:55,13417
2/12/2023 5:55,14339
2/12/2023 5:56,13417
2/12/2023 5:56,13557
2/12/2023 5:57,12930
2/12/2023 5:57,14079
2/12/2023 5:58,14122
2/12/2023 5:58,13119
2/12/2023 5:59,14384
2/12/2023 5:59,13578
2/12/2023 6:00,13476
2/12/2023 6:00,14057
2/12/2023 6:01,13160
2/12/2023 6:01,13482
2/12/2023 6:02,13929
2/12/2023 6:02,13721
2/12/2023 6:03,13825
2/12/2023 6:03,13337
2/12/2023 6:04,13846
2/12/2023 6:04,13476
2/12/2023 6:05,13337
2/12/2023 6:05,13417
2/12/2023 6:06,13238
2/12/2023 6:07,14079
2/12/2023 6:07,13659
2/12/2023 6:08,12875
2/12/2023 6:08,13417
2/12/2023 6:09,13375
2/12/2023 6:09,13180
2/12/2023 6:10,13160
2/12/2023 6:10,13476
2/12/2023 6:11,13259
2/12/2023 6:11,13971
2/12/2023 6:12,13557
2/12/2023 6:12,13317
2/12/2023 6:13,13255
2/12/2023 6:13,13217
2/12/2023 6:14,14208
2/12/2023 6:14,13638
2/12/2023 6:15,13396
2/12/2023 6:15,13083
2/12/2023 6:16,13638
2/12/2023 6:16,14318
2/12/2023 6:17,14768
2/12/2023 6:17,13375
2/12/2023 6:18,13259
2/12/2023 6:18,13432
2/12/2023 6:19,13375
2/12/2023 6:19,13358
2/12/2023 6:20,13259
2/12/2023 6:20,13180
2/12/2023 6:21,13296
2/12/2023 6:21,13638
2/12/2023 6:22,13866
2/12/2023 6:22,13721
2/12/2023 6:23,13866
2/12/2023 6:23,13887
2/12/2023 6:24,14252
2/12/2023 6:24,14100
2/12/2023 6:25,13107
2/12/2023 6:25,12416
2/12/2023 6:26,13443
2/12/2023 6:26,13866
2/12/2023 6:27,14406
2/12/2023 6:27,14406
2/12/2023 6:28,13909
2/12/2023 6:28,14318
2/12/2023 6:29,12930
2/12/2023 6:29,14143
2/12/2023 6:30,13887
2/12/2023 6:30,14362
2/12/2023 6:31,13887
2/12/2023 6:31,14057
2/12/2023 6:32,14230
2/12/2023 6:32,13396
2/12/2023 6:33,13180
2/12/2023 6:34,14143
2/12/2023 6:34,13006
2/12/2023 6:35,13740
2/12/2023 6:35,13180
2/12/2023 6:36,13825
2/12/2023 6:36,13950
2/12/2023 6:37,14057
2/12/2023 6:37,14100
2/12/2023 6:38,12930
2/12/2023 6:38,13804
2/12/2023 6:39,14143
2/12/2023 6:39,13866
2/12/2023 6:40,14230
2/12/2023 6:40,13026
2/12/2023 6:41,14186
2/12/2023 6:41,14165
2/12/2023 6:42,14079
2/12/2023 6:42,13930
2/12/2023 6:43,12345
2/12/2023 6:43,13476
2/12/2023 6:44,12910
2/12/2023 6:44,14100
2/12/2023 6:45,13972
2/12/2023 6:45,13536
2/12/2023 6:46,13972
2/12/2023 6:46,14036
2/12/2023 6:47,13638
2/12/2023 6:47,14230
2/12/2023 6:48,13047
2/12/2023 6:48,13804
2/12/2023 6:49,14143
2/12/2023 6:49,14057
2/12/2023 6:50,14121
2/12/2023 6:50,14122
2/12/2023 6:51,12726
2/12/2023 6:51,13866
2/12/2023 6:52,13638
2/12/2023 6:52,14057
2/12/2023 6:53,14406
2/12/2023 6:53,14296
2/12/2023 6:54,13217
2/12/2023 6:54,13721
2/12/2023 6:55,14079
2/12/2023 6:55,13578
2/12/2023 6:56,13930
2/12/2023 6:56,12780
2/12/2023 6:57,13599
2/12/2023 6:57,14230
2/12/2023 6:58,14208
2/12/2023 6:58,12760
2/12/2023 6:59,14057
2/12/2023 6:59,14100
2/12/2023 7:00,13804
2/12/2023 7:01,14057
2/12/2023 7:01,14230
2/12/2023 7:02,13972
2/12/2023 7:02,13846
2/12/2023 7:03,14057
2/12/2023 7:03,14230
2/12/2023 7:04,13804
2/12/2023 7:04,13909
2/12/2023 7:05,13972
2/12/2023 7:05,14318
2/12/2023 7:06,14143
2/12/2023 7:06,13887
2/12/2023 7:07,13825
2/12/2023 7:07,13972
2/12/2023 7:08,13396
2/12/2023 7:08,14057
2/12/2023 7:09,14122
2/12/2023 7:09,14057
2/12/2023 7:10,13993
2/12/2023 7:10,14014
2/12/2023 7:11,13909
2/12/2023 7:11,14165
2/12/2023 7:12,14057
2/12/2023 7:12,13887
2/12/2023 7:13,14208
2/12/2023 7:13,14296
2/12/2023 7:14,12970
2/12/2023 7:14,14251
2/12/2023 7:15,12950
2/12/2023 7:15,14057
2/12/2023 7:16,14495
2/12/2023 7:16,13617
2/12/2023 7:17,13396
2/12/2023 7:17,14036
2/12/2023 7:18,14318
2/12/2023 7:18,12720
2/12/2023 7:19,14057
2/12/2023 7:19,14230
2/12/2023 7:20,13887
2/12/2023 7:20,14296
2/12/2023 7:21,14318
2/12/2023 7:21,13804
2/12/2023 7:22,13887
2/12/2023 7:22,14057
2/12/2023 7:23,14057
2/12/2023 7:23,13557
2/12/2023 7:24,13536
2/12/2023 7:24,12274
2/12/2023 7:25,13804
2/12/2023 7:25,14230
2/12/2023 7:26,14057
2/12/2023 7:27,13972
2/12/2023 7:27,13950
2/12/2023 7:28,14057
2/12/2023 7:28,12986
2/12/2023 7:29,14746
2/12/2023 7:29,13972
2/12/2023 7:30,14296
2/12/2023 7:30,14100
2/12/2023 7:31,12632
2/12/2023 7:31,13887
2/12/2023 7:32,13557
2/12/2023 7:32,14143
2/12/2023 7:33,13083
2/12/2023 7:33,14057
2/12/2023 7:34,13866
2/12/2023 7:34,14230
2/12/2023 7:35,14057
2/12/2023 7:35,14100
2/12/2023 7:36,12950
2/12/2023 7:36,13804
2/12/2023 7:37,14057
2/12/2023 7:37,13930
2/12/2023 7:38,14495
2/12/2023 7:38,14079
2/12/2023 7:39,13296
2/12/2023 7:39,14057
2/12/2023 7:40,14252
2/12/2023 7:40,13972
2/12/2023 7:41,14057
2/12/2023 7:41,13476
2/12/2023 7:42,12800
2/12/2023 7:42,14473
2/12/2023 7:43,13638
2/12/2023 7:43,13930
2/12/2023 7:44,13396
2/12/2023 7:44,14036
2/12/2023 7:45,13782
2/12/2023 7:45,14296
2/12/2023 7:46,14100
2/12/2023 7:46,14100
2/12/2023 7:47,13782
2/12/2023 7:47,11998
2/12/2023 7:48,13972
2/12/2023 7:48,14057
2/12/2023 7:49,14165
2/12/2023 7:49,13972
2/12/2023 7:50,13103
2/12/2023 7:50,14036
2/12/2023 7:51,13782
2/12/2023 7:51,12760
2/12/2023 7:52,14143
2/12/2023 7:52,12706
2/12/2023 7:53,14057
2/12/2023 7:54,14495
2/12/2023 7:54,14318
2/12/2023 7:55,14079
2/12/2023 7:55,13087
2/12/2023 7:56,13617
2/12/2023 7:56,13782
2/12/2023 7:57,13557
2/12/2023 7:57,13700
2/12/2023 7:58,14057
2/12/2023 7:58,13804
2/12/2023 7:59,13804
2/12/2023 7:59,13866
2/12/2023 8:00,14057
2/12/2023 8:00,14036
2/12/2023 8:01,14057
2/12/2023 8:01,13847
2/12/2023 8:02,14165
2/12/2023 8:02,14495
2/12/2023 8:03,13972
2/12/2023 8:03,13721
2/12/2023 8:04,13700
2/12/2023 8:04,13476
2/12/2023 8:05,14230
2/12/2023 8:05,13742
2/12/2023 8:06,14079
2/12/2023 8:06,13638
2/12/2023 8:07,13846
2/12/2023 8:07,13721
2/12/2023 8:08,13993
2/12/2023 8:08,15535
2/12/2023 8:09,13887
2/12/2023 8:09,14165
2/12/2023 8:10,13972
2/12/2023 8:10,13638
2/12/2023 8:11,13259
2/12/2023 8:11,13972
2/12/2023 8:12,13140
2/12/2023 8:12,14384
2/12/2023 8:13,13909
2/12/2023 8:13,14057
2/12/2023 8:14,13889
2/12/2023 8:14,14230
2/12/2023 8:15,13909
2/12/2023 8:15,13160
2/12/2023 8:16,13180
2/12/2023 8:16,12364
2/12/2023 8:17,14036
2/12/2023 8:17,13887
2/12/2023 8:18,14057
2/12/2023 8:18,13887
2/12/2023 8:19,13887
2/12/2023 8:19,12875
2/12/2023 8:20,13866
2/12/2023 8:21,13782
2/12/2023 8:21,13887
2/12/2023 8:22,13557
2/12/2023 8:22,14036
2/12/2023 8:23,13742
2/12/2023 8:23,14057
2/12/2023 8:24,12468
2/12/2023 8:24,13909
2/12/2023 8:25,13845
2/12/2023 8:25,14057
2/12/2023 8:26,13396
2/12/2023 8:26,14057
2/12/2023 8:27,14208
2/12/2023 8:27,12527
2/12/2023 8:28,14122
2/12/2023 8:28,13887
2/12/2023 8:29,13700
2/12/2023 8:29,13180
2/12/2023 8:30,12706
2/12/2023 8:30,13536
2/12/2023 8:31,13638
2/12/2023 8:31,13536
2/12/2023 8:32,13950
2/12/2023 8:32,14122
2/12/2023 8:33,13375
2/12/2023 8:33,13476
2/12/2023 8:34,13887
2/12/2023 8:34,12416
2/12/2023 8:35,14036
2/12/2023 8:35,14208
2/12/2023 8:36,13782
2/12/2023 8:36,14473
2/12/2023 8:37,14035
2/12/2023 8:37,12835
2/12/2023 8:38,13972
2/12/2023 8:38,13638
2/12/2023 8:39,14057
2/12/2023 8:39,14208
2/12/2023 8:40,13972
2/12/2023 8:40,14100
2/12/2023 8:41,14122
2/12/2023 8:41,14036
2/12/2023 8:42,13160
2/12/2023 8:42,13804
2/12/2023 8:43,13062
2/12/2023 8:43,13557
2/12/2023 8:44,13083
2/12/2023 8:44,13638
2/12/2023 8:45,13721
2/12/2023 8:45,14932
2/12/2023 8:46,13638
2/12/2023 8:46,14100
2/12/2023 8:47,13951
2/12/2023 8:48,13700
2/12/2023 8:48,12875
2/12/2023 8:49,13950
2/12/2023 8:49,14337
2/12/2023 8:50,13375
2/12/2023 8:50,13337
2/12/2023 8:51,14014
2/12/2023 8:51,13887
2/12/2023 8:52,13536
2/12/2023 8:52,14208
2/12/2023 8:53,13103
2/12/2023 8:53,13638
2/12/2023 8:54,13804
2/12/2023 8:54,13557
2/12/2023 8:55,13866
2/12/2023 8:55,14208
2/12/2023 8:56,13617
2/12/2023 8:56,14296
2/12/2023 8:57,13638
2/12/2023 8:57,13259
2/12/2023 8:58,13866
2/12/2023 8:58,13804
2/12/2023 8:59,13455
2/12/2023 8:59,13950
2/12/2023 9:00,14143
2/12/2023 9:00,12345
2/12/2023 9:01,13950
2/12/2023 9:01,13866
2/12/2023 9:02,14057
2/12/2023 9:02,14207
2/12/2023 9:03,12986
2/12/2023 9:03,13740
2/12/2023 9:04,13638
2/12/2023 9:04,14230
2/12/2023 9:05,14036
2/12/2023 9:05,13866
2/12/2023 9:06,13844
2/12/2023 9:06,13006
2/12/2023 9:07,14339
2/12/2023 9:07,13950
2/12/2023 9:08,13950
2/12/2023 9:08,13578
2/12/2023 9:09,13866
2/12/2023 9:09,13804
2/12/2023 9:10,14296
2/12/2023 9:10,13006
2/12/2023 9:11,13761
2/12/2023 9:11,13515
2/12/2023 9:12,14143
2/12/2023 9:12,14057
2/12/2023 9:13,13972
2/12/2023 9:13,13887
2/12/2023 9:14,14296
2/12/2023 9:15,13721
2/12/2023 9:15,13396
2/12/2023 9:16,13557
2/12/2023 9:16,13782
2/12/2023 9:17,13476
2/12/2023 9:17,13638
2/12/2023 9:18,14057
2/12/2023 9:18,13700
2/12/2023 9:19,12416
2/12/2023 9:19,13972
2/12/2023 9:20,13617
2/12/2023 9:20,13578
2/12/2023 9:21,13638
2/12/2023 9:21,13617
2/12/2023 9:22,13804
2/12/2023 9:22,13721
2/12/2023 9:23,13062
2/12/2023 9:23,14208
2/12/2023 9:24,13617
2/12/2023 9:24,13557
2/12/2023 9:25,13536
2/12/2023 9:25,13929
2/12/2023 9:26,12706
2/12/2023 9:26,13557
2/12/2023 9:27,13455
2/12/2023 9:27,14079
2/12/2023 9:28,13721
2/12/2023 9:28,12613
2/12/2023 9:29,13721
2/12/2023 9:29,13721
2/12/2023 9:30,14014
2/12/2023 9:30,13678
2/12/2023 9:31,13317
2/12/2023 9:31,13909
2/12/2023 9:32,13317
2/12/2023 9:32,13536
2/12/2023 9:33,13617
2/12/2023 9:33,13317
2/12/2023 9:34,13887
2/12/2023 9:34,13455
2/12/2023 9:35,12666
2/12/2023 9:35,13887
2/12/2023 9:36,13678
2/12/2023 9:36,13721
2/12/2023 9:37,14057
2/12/2023 9:37,13659
2/12/2023 9:38,13993
2/12/2023 9:38,12255
2/12/2023 9:39,12686
2/12/2023 9:39,13557
2/12/2023 9:40,13972
2/12/2023 9:41,13804
2/12/2023 9:41,12760
2/12/2023 9:42,13396
2/12/2023 9:42,14057
2/12/2023 9:43,12855
2/12/2023 9:43,13396
2/12/2023 9:44,12345
2/12/2023 9:44,13083
2/12/2023 9:45,13455
2/12/2023 9:45,13455
2/12/2023 9:46,13638
2/12/2023 9:46,12800
2/12/2023 9:47,13866
2/12/2023 9:47,13804
2/12/2023 9:48,13067
2/12/2023 9:48,13515
2/12/2023 9:49,13536
2/12/2023 9:49,12686
2/12/2023 9:50,12613
2/12/2023 9:50,13887
2/12/2023 9:51,13950
2/12/2023 9:51,13238
2/12/2023 9:52,13375
2/12/2023 9:52,14208
2/12/2023 9:53,13238
2/12/2023 9:53,13638
2/12/2023 9:54,14143
2/12/2023 9:54,13617
2/12/2023 9:55,13782
2/12/2023 9:55,13375
2/12/2023 9:56,13700
2/12/2023 9:56,13887
2/12/2023 9:57,13638
2/12/2023 9:57,13972
2/12/2023 9:58,13557
2/12/2023 9:58,14014
2/12/2023 9:59,12815
2/12/2023 9:59,13557
2/12/2023 10:00,13617
2/12/2023 10:00,13866
2/12/2023 10:01,13160
2/12/2023 10:01,13700
2/12/2023 10:02,13638
2/12/2023 10:02,13950
2/12/2023 10:03,13972
2/12/2023 10:03,14492
2/12/2023 10:04,14187
2/12/2023 10:04,13536
2/12/2023 10:05,12593
2/12/2023 10:05,13782
2/12/2023 10:06,13536
2/12/2023 10:06,13972
2/12/2023 10:07,13296
2/12/2023 10:08,13636
2/12/2023 10:08,13972
2/12/2023 10:09,14036
2/12/2023 10:09,13515
2/12/2023 10:10,13062
2/12/2023 10:10,13396
2/12/2023 10:11,14057
2/12/2023 10:11,13497
2/12/2023 10:12,13866
2/12/2023 10:12,13804
2/12/2023 10:13,13557
2/12/2023 10:13,13657
2/12/2023 10:14,13929
2/12/2023 10:14,13599
2/12/2023 10:15,13700
2/12/2023 10:15,13887
2/12/2023 10:16,13476
2/12/2023 10:16,13476
2/12/2023 10:17,13557
2/12/2023 10:17,13396
2/12/2023 10:18,13973
2/12/2023 10:18,13804
2/12/2023 10:19,13743
2/12/2023 10:19,13557
2/12/2023 10:20,13375
2/12/2023 10:20,13929
2/12/2023 10:21,13062
2/12/2023 10:21,13160
2/12/2023 10:22,13375
2/12/2023 10:22,12487
2/12/2023 10:23,13160
2/12/2023 10:23,13476
2/12/2023 10:24,12986
2/12/2023 10:24,13375
2/12/2023 10:25,13866
2/12/2023 10:25,12626
2/12/2023 10:26,13866
2/12/2023 10:26,13536
2/12/2023 10:27,13515
2/12/2023 10:27,13721
2/12/2023 10:28,13476
2/12/2023 10:28,13536
2/12/2023 10:29,13845
2/12/2023 10:29,13355
2/12/2023 10:30,13476
2/12/2023 10:30,13887
2/12/2023 10:31,13638
2/12/2023 10:31,13804
2/12/2023 10:32,14296
2/12/2023 10:32,14057
2/12/2023 10:33,13929
2/12/2023 10:33,13972
2/12/2023 10:34,13972
2/12/2023 10:35,13700
2/12/2023 10:35,14186
2/12/2023 10:36,13782
2/12/2023 10:36,14318
2/12/2023 10:37,12815
2/12/2023 10:37,13180
2/12/2023 10:38,13846
2/12/2023 10:38,13476
2/12/2023 10:39,13866
2/12/2023 10:39,13317
2/12/2023 10:40,13476
2/12/2023 10:40,13804
2/12/2023 10:41,12345
2/12/2023 10:41,13160
2/12/2023 10:42,12274
2/12/2023 10:42,13721
2/12/2023 10:43,13782
2/12/2023 10:43,13761
2/12/2023 10:44,13476
2/12/2023 10:44,12205
2/12/2023 10:45,13804
2/12/2023 10:45,12930
2/12/2023 10:46,14036
2/12/2023 10:46,13721
2/12/2023 10:47,12416
2/12/2023 10:47,13721
2/12/2023 10:48,13156
2/12/2023 10:48,12780
2/12/2023 10:49,13238
2/12/2023 10:49,13396
2/12/2023 10:50,13396
2/12/2023 10:50,13887
2/12/2023 10:51,13557
2/12/2023 10:51,13721
2/12/2023 10:52,13866
2/12/2023 10:52,12540
2/12/2023 10:53,12416
2/12/2023 10:53,13721
2/12/2023 10:54,13006
2/12/2023 10:54,13887
2/12/2023 10:55,13557
2/12/2023 10:55,13476
2/12/2023 10:56,13238
2/12/2023 10:56,13557
2/12/2023 10:57,13455
2/12/2023 10:57,12613
2/12/2023 10:58,12135
2/12/2023 10:58,13888
2/12/2023 10:59,13476
2/12/2023 10:59,13721
2/12/2023 11:00,13557
2/12/2023 11:00,13417
2/12/2023 11:01,12991
2/12/2023 11:02,13476
2/12/2023 11:02,13557
2/12/2023 11:03,13396
2/12/2023 11:03,13455
2/12/2023 11:04,12706
2/12/2023 11:04,13455
2/12/2023 11:05,13455
2/12/2023 11:05,13659
2/12/2023 11:06,13455
2/12/2023 11:06,13062
2/12/2023 11:07,12855
2/12/2023 11:07,13721
2/12/2023 11:08,13536
2/12/2023 11:08,13275
2/12/2023 11:09,13355
2/12/2023 11:09,12185
2/12/2023 11:10,13782
2/12/2023 11:10,13396
2/12/2023 11:11,13557
2/12/2023 11:11,13536
2/12/2023 11:12,12930
2/12/2023 11:12,14143
2/12/2023 11:13,13804
2/12/2023 11:13,13617
2/12/2023 11:14,13337
2/12/2023 11:14,13950
2/12/2023 11:15,13638
2/12/2023 11:15,13396
2/12/2023 11:16,13680
2/12/2023 11:16,12930
2/12/2023 11:17,13536
2/12/2023 11:17,13804
2/12/2023 11:18,13375
2/12/2023 11:18,12086
2/12/2023 11:19,13300
2/12/2023 11:19,13562
2/12/2023 11:20,13119
2/12/2023 11:20,13782
2/12/2023 11:21,13782
2/12/2023 11:21,12686
2/12/2023 11:22,13866
2/12/2023 11:22,12294
2/12/2023 11:23,13396
2/12/2023 11:23,13993
2/12/2023 11:24,13557
2/12/2023 11:24,13557
2/12/2023 11:25,12855
2/12/2023 11:25,13599
2/12/2023 11:26,13160
2/12/2023 11:26,13887
2/12/2023 11:27,12546
2/12/2023 11:27,12995
2/12/2023 11:28,12706
2/12/2023 11:29,12255
2/12/2023 11:29,13557
2/12/2023 11:30,13006
2/12/2023 11:30,13396
2/12/2023 11:31,13497
2/12/2023 11:31,13476
2/12/2023 11:32,13234
2/12/2023 11:32,13972
2/12/2023 11:33,13950
2/12/2023 11:33,13596
2/12/2023 11:34,13887
2/12/2023 11:34,13804
2/12/2023 11:35,13317
2/12/2023 11:35,13476
2/12/2023 11:36,14100
2/12/2023 11:36,13536
2/12/2023 11:37,12416
2/12/2023 11:37,13317
2/12/2023 11:38,13721
2/12/2023 11:38,13721
2/12/2023 11:39,13950
2/12/2023 11:39,13887
2/12/2023 11:40,13721
2/12/2023 11:40,13680
2/12/2023 11:41,13396
2/12/2023 11:41,13317
2/12/2023 11:42,12147
2/12/2023 11:42,13638
2/12/2023 11:43,13238
2/12/2023 11:43,13317
2/12/2023 11:44,13557
2/12/2023 11:44,13617
2/12/2023 11:45,12780
2/12/2023 11:45,13476
2/12/2023 11:46,13638
2/12/2023 11:46,12910
2/12/2023 11:47,13435
2/12/2023 11:47,13497
2/12/2023 11:48,11988
2/12/2023 11:48,13217
2/12/2023 11:49,13580
2/12/2023 11:49,13578
2/12/2023 11:50,13557
2/12/2023 11:50,12224
2/12/2023 11:51,13317
2/12/2023 11:51,13659
2/12/2023 11:52,13275
2/12/2023 11:52,13417
2/12/2023 11:53,13497
2/12/2023 11:53,12487
2/12/2023 11:54,12487
2/12/2023 11:55,13909
2/12/2023 11:55,13078
2/12/2023 11:56,13993
2/12/2023 11:56,13518
2/12/2023 11:57,15436
2/12/2023 11:57,13721
2/12/2023 11:58,13659
2/12/2023 11:58,13825
2/12/2023 11:59,13317
2/12/2023 11:59,13804
2/12/2023 12:00,13476
2/12/2023 12:00,13396
2/12/2023 12:01,13887
2/12/2023 12:01,13317
2/12/2023 12:02,13497
2/12/2023 12:02,12560
2/12/2023 12:03,12706
2/12/2023 12:03,13557
2/12/2023 12:04,13887
2/12/2023 12:04,13721
2/12/2023 12:05,13259
2/12/2023 12:05,13337
2/12/2023 12:06,13083
2/12/2023 12:06,13497
2/12/2023 12:07,12746
2/12/2023 12:07,13993
2/12/2023 12:08,13417
2/12/2023 12:08,13909
2/12/2023 12:09,13476
2/12/2023 12:09,12258
2/12/2023 12:10,13993
2/12/2023 12:10,12875
2/12/2023 12:11,13417
2/12/2023 12:11,13396
2/12/2023 12:12,13596
2/12/2023 12:12,12950
2/12/2023 12:13,13659
2/12/2023 12:13,13909
2/12/2023 12:14,13417
2/12/2023 12:14,13497
2/12/2023 12:15,13578
2/12/2023 12:15,13375
2/12/2023 12:16,13337
2/12/2023 12:16,13802
2/12/2023 12:17,13518
2/12/2023 12:17,12384
2/12/2023 12:18,13180
2/12/2023 12:18,13825
2/12/2023 12:19,12174
2/12/2023 12:19,13909
2/12/2023 12:20,13804
2/12/2023 12:20,12800
2/12/2023 12:21,13763
2/12/2023 12:22,13103
2/12/2023 12:22,13538
2/12/2023 12:23,13763
2/12/2023 12:23,12726
2/12/2023 12:24,12174
2/12/2023 12:24,14143
2/12/2023 12:25,14079
2/12/2023 12:25,13887
2/12/2023 12:26,13437
2/12/2023 12:26,13578
2/12/2023 12:27,13538
2/12/2023 12:27,14057
2/12/2023 12:28,13846
2/12/2023 12:28,13497
2/12/2023 12:29,12672
2/12/2023 12:29,13721
2/12/2023 12:30,13103
2/12/2023 12:30,13497
2/12/2023 12:31,13782
2/12/2023 12:31,13497
2/12/2023 12:32,13476
2/12/2023 12:32,13437
2/12/2023 12:33,13578
2/12/2023 12:33,13180
2/12/2023 12:34,13742
2/12/2023 12:34,13909
2/12/2023 12:35,13337
2/12/2023 12:35,13659
2/12/2023 12:36,13317
2/12/2023 12:36,13417
2/12/2023 12:37,13279
2/12/2023 12:37,13201
2/12/2023 12:38,13742
2/12/2023 12:38,13701
2/12/2023 12:39,13417
2/12/2023 12:39,13437
2/12/2023 12:40,13455
2/12/2023 12:40,13180
2/12/2023 12:41,12726
2/12/2023 12:41,13180
2/12/2023 12:42,12527
2/12/2023 12:42,13659
2/12/2023 12:43,13458
2/12/2023 12:43,13476
2/12/2023 12:44,13337
2/12/2023 12:44,12067
2/12/2023 12:45,13721
2/12/2023 12:45,13337
2/12/2023 12:46,13578
2/12/2023 12:46,13972
2/12/2023 12:47,13259
2/12/2023 12:47,12835
2/12/2023 12:48,14079
2/12/2023 12:49,12462
2/12/2023 12:49,12930
2/12/2023 12:50,13279
2/12/2023 12:50,13358
2/12/2023 12:51,13296
2/12/2023 12:51,13497
2/12/2023 12:52,13337
2/12/2023 12:52,13972
2/12/2023 12:53,13497
2/12/2023 12:53,13259
2/12/2023 12:54,13497
2/12/2023 12:54,13559
2/12/2023 12:55,13417
2/12/2023 12:55,13518
2/12/2023 12:56,13617
2/12/2023 12:56,13026
2/12/2023 12:57,13259
2/12/2023 12:57,12780
2/12/2023 12:58,13721
2/12/2023 12:58,13804
2/12/2023 12:59,13638
2/12/2023 12:59,13909
2/12/2023 13:00,13599
2/12/2023 13:00,14585
2/12/2023 13:01,13680
2/12/2023 13:01,13497
2/12/2023 13:02,13497
2/12/2023 13:02,12243
2/12/2023 13:03,11592
2/12/2023 13:03,14165
2/12/2023 13:04,13722
2/12/2023 13:04,13217
2/12/2023 13:05,12442
2/12/2023 13:05,13160
2/12/2023 13:06,13763
2/12/2023 13:06,13578
2/12/2023 13:07,13909
2/12/2023 13:07,11950
2/12/2023 13:08,13317
2/12/2023 13:08,12619
2/12/2023 13:09,14014
2/12/2023 13:09,13337
2/12/2023 13:10,13701
2/12/2023 13:10,13763
2/12/2023 13:11,13578
2/12/2023 13:11,13497
2/12/2023 13:12,13680
2/12/2023 13:12,13787
2/12/2023 13:13,13396
2/12/2023 13:13,13536
2/12/2023 13:14,13599
2/12/2023 13:14,13742
2/12/2023 13:15,12652
2/12/2023 13:16,14079
2/12/2023 13:16,13557
2/12/2023 13:17,13846
2/12/2023 13:17,13296
2/12/2023 13:18,13557
2/12/2023 13:18,12970
2/12/2023 13:19,12895
2/12/2023 13:19,13417
2/12/2023 13:20,13659
2/12/2023 13:20,13742
2/12/2023 13:21,13317
2/12/2023 13:21,13804
2/12/2023 13:22,13123
2/12/2023 13:22,13497
2/12/2023 13:23,12970
2/12/2023 13:23,13417
2/12/2023 13:24,13518
2/12/2023 13:24,13437
2/12/2023 13:25,13782
2/12/2023 13:25,13678
2/12/2023 13:26,13455
2/12/2023 13:26,13599
2/12/2023 13:27,13620
2/12/2023 13:27,13396
2/12/2023 13:28,13396
2/12/2023 13:28,12875
2/12/2023 13:29,13930
2/12/2023 13:29,13659
2/12/2023 13:30,13497
2/12/2023 13:30,13283
2/12/2023 13:31,12632
2/12/2023 13:31,13518
2/12/2023 13:32,13417
2/12/2023 13:32,14057
2/12/2023 13:33,13201
2/12/2023 13:33,13497
2/12/2023 13:34,13518
2/12/2023 13:34,13160
2/12/2023 13:35,13721
2/12/2023 13:35,13417
2/12/2023 13:36,12652
2/12/2023 13:36,13455
2/12/2023 13:37,13417
2/12/2023 13:37,13259
2/12/2023 13:38,13599
2/12/2023 13:38,13659
2/12/2023 13:39,13417
2/12/2023 13:39,12800
2/12/2023 13:40,13497
2/12/2023 13:40,13721
2/12/2023 13:41,12800
2/12/2023 13:42,13742
2/12/2023 13:42,13337
2/12/2023 13:43,13026
2/12/2023 13:43,14208
2/12/2023 13:44,12672
2/12/2023 13:44,13201
2/12/2023 13:45,13680
2/12/2023 13:45,12487
2/12/2023 13:46,12800
2/12/2023 13:46,13578
2/12/2023 13:47,13742
2/12/2023 13:47,13358
2/12/2023 13:48,13497
2/12/2023 13:48,12820
2/12/2023 13:49,13620
2/12/2023 13:49,12950
2/12/2023 13:50,13337
2/12/2023 13:50,13437
2/12/2023 13:51,13993
2/12/2023 13:51,13417
2/12/2023 13:52,13661
2/12/2023 13:52,12333
2/12/2023 13:53,13259
2/12/2023 13:53,13557
2/12/2023 13:54,12527
2/12/2023 13:54,12455
2/12/2023 13:55,13825
2/12/2023 13:55,13909
2/12/2023 13:56,12950
2/12/2023 13:56,13742
2/12/2023 13:57,11902
2/12/2023 13:57,13620
2/12/2023 13:58,12672
2/12/2023 13:58,13180
2/12/2023 13:59,13742
2/12/2023 13:59,13972
2/12/2023 14:00,13640
2/12/2023 14:00,13259
2/12/2023 14:01,13846
2/12/2023 14:01,13615
2/12/2023 14:02,13578
2/12/2023 14:02,13396
2/12/2023 14:03,12726
2/12/2023 14:03,13846
2/12/2023 14:04,14079
2/12/2023 14:04,12746
2/12/2023 14:05,13659
2/12/2023 14:05,13680
2/12/2023 14:06,13337
2/12/2023 14:06,13396
2/12/2023 14:07,12930
2/12/2023 14:07,13701
2/12/2023 14:08,12455
2/12/2023 14:09,13497
2/12/2023 14:09,13742
2/12/2023 14:10,13638
2/12/2023 14:10,13067
2/12/2023 14:11,13742
2/12/2023 14:11,12579
2/12/2023 14:12,13497
2/12/2023 14:12,13518
2/12/2023 14:13,13518
2/12/2023 14:13,13103
2/12/2023 14:14,13557
2/12/2023 14:14,13123
2/12/2023 14:15,13659
2/12/2023 14:15,14143
2/12/2023 14:16,13497
2/12/2023 14:16,13993
2/12/2023 14:17,13763
2/12/2023 14:17,13887
2/12/2023 14:18,13578
2/12/2023 14:18,13804
2/12/2023 14:19,13742
2/12/2023 14:19,13846
2/12/2023 14:20,13659
2/12/2023 14:20,13888
2/12/2023 14:21,12950
2/12/2023 14:21,13497
2/12/2023 14:22,13417
2/12/2023 14:22,13479
2/12/2023 14:23,12930
2/12/2023 14:23,13909
2/12/2023 14:24,13497
2/12/2023 14:24,13866
2/12/2023 14:25,14100
2/12/2023 14:25,13993
2/12/2023 14:26,13259
2/12/2023 14:26,13497
2/12/2023 14:27,13993
2/12/2023 14:27,13993
2/12/2023 14:28,12855
2/12/2023 14:28,13497
2/12/2023 14:29,13047
2/12/2023 14:29,13846
2/12/2023 14:30,14252
2/12/2023 14:30,14057
2/12/2023 14:31,13887
2/12/2023 14:31,13887
2/12/2023 14:32,13680
2/12/2023 14:32,13317
2/12/2023 14:33,13417
2/12/2023 14:33,12935
2/12/2023 14:34,13742
2/12/2023 14:34,13763
2/12/2023 14:35,12345
2/12/2023 14:36,13417
2/12/2023 14:36,13578
2/12/2023 14:37,13536
2/12/2023 14:37,13358
2/12/2023 14:38,12364
2/12/2023 14:38,13103
2/12/2023 14:39,13358
2/12/2023 14:39,12294
2/12/2023 14:40,13659
2/12/2023 14:40,13437
2/12/2023 14:41,12333
2/12/2023 14:41,13437
2/12/2023 14:42,13201
2/12/2023 14:42,14079
2/12/2023 14:43,13846
2/12/2023 14:43,14165
2/12/2023 14:44,13518
2/12/2023 14:44,13763
2/12/2023 14:45,13026
2/12/2023 14:45,13659
2/12/2023 14:46,14208
2/12/2023 14:46,13083
2/12/2023 14:47,14339
2/12/2023 14:47,13026
2/12/2023 14:48,13909
2/12/2023 14:48,13680
2/12/2023 14:49,13437
2/12/2023 14:49,14252
2/12/2023 14:50,12263
2/12/2023 14:50,13103
2/12/2023 14:51,13825
2/12/2023 14:51,13518
2/12/2023 14:52,13617
2/12/2023 14:52,13494
2/12/2023 14:53,13993
2/12/2023 14:53,13825
2/12/2023 14:54,13680
2/12/2023 14:54,13784
2/12/2023 14:55,13279
2/12/2023 14:55,13659
2/12/2023 14:56,13909
2/12/2023 14:56,13993
2/12/2023 14:57,13358
2/12/2023 14:57,14252
2/12/2023 14:58,13846
2/12/2023 14:58,13846
2/12/2023 14:59,13103
2/12/2023 14:59,13804
2/12/2023 15:00,12579
2/12/2023 15:00,13700
2/12/2023 15:01,13497
2/12/2023 15:01,13476
2/12/2023 15:02,13578
2/12/2023 15:03,13259
2/12/2023 15:03,12746
2/12/2023 15:04,13659
2/12/2023 15:04,12599
2/12/2023 15:05,13721
2/12/2023 15:05,13437
2/12/2023 15:06,13680
2/12/2023 15:06,13518
2/12/2023 15:07,13417
2/12/2023 15:07,12672
2/12/2023 15:08,13680
2/12/2023 15:08,11797
2/12/2023 15:09,13846
2/12/2023 15:09,12895
2/12/2023 15:10,13358
2/12/2023 15:10,13638
2/12/2023 15:11,13721
2/12/2023 15:11,13721
2/12/2023 15:12,13952
2/12/2023 15:12,13825
2/12/2023 15:13,13279
2/12/2023 15:13,14185
2/12/2023 15:14,13930
2/12/2023 15:14,12455
2/12/2023 15:15,14252
2/12/2023 15:15,14165
2/12/2023 15:16,13719
2/12/2023 15:16,13599
2/12/2023 15:17,12224
2/12/2023 15:17,12895
2/12/2023 15:18,12037
2/12/2023 15:18,13659
2/12/2023 15:19,13659
2/12/2023 15:19,12706
2/12/2023 15:20,13476
2/12/2023 15:20,13763
2/12/2023 15:21,13846
2/12/2023 15:21,13909
2/12/2023 15:22,13761
2/12/2023 15:22,14428
2/12/2023 15:23,13437
2/12/2023 15:23,13846
2/12/2023 15:24,12599
2/12/2023 15:24,13887
2/12/2023 15:25,13437
2/12/2023 15:25,13846
2/12/2023 15:26,13763
2/12/2023 15:26,13417
2/12/2023 15:27,13846
2/12/2023 15:27,13497
2/12/2023 15:28,12313
2/12/2023 15:28,13536
2/12/2023 15:29,13437
2/12/2023 15:30,12579
2/12/2023 15:30,12313
2/12/2023 15:31,13259
2/12/2023 15:31,13993
2/12/2023 15:32,14100
2/12/2023 15:32,13620
2/12/2023 15:33,13680
2/12/2023 15:33,12970
2/12/2023 15:34,13951
2/12/2023 15:34,13701
2/12/2023 15:35,13659
2/12/2023 15:35,14057
2/12/2023 15:36,13680
2/12/2023 15:36,13599
2/12/2023 15:37,13804
2/12/2023 15:37,13279
2/12/2023 15:38,13578
2/12/2023 15:38,13659
2/12/2023 15:39,13417
2/12/2023 15:39,13909
2/12/2023 15:40,12845
2/12/2023 15:40,13437
2/12/2023 15:41,13972
2/12/2023 15:41,13396
2/12/2023 15:42,13930
2/12/2023 15:42,13083
2/12/2023 15:43,14079
2/12/2023 15:43,13680
2/12/2023 15:44,13144
2/12/2023 15:44,13259
2/12/2023 15:45,13742
2/12/2023 15:45,14079
2/12/2023 15:46,13763
2/12/2023 15:46,12692
2/12/2023 15:47,13846
2/12/2023 15:47,13026
2/12/2023 15:48,14143
2/12/2023 15:48,13909
2/12/2023 15:49,14143
2/12/2023 15:49,13743
2/12/2023 15:50,12895
2/12/2023 15:50,14079
2/12/2023 15:51,12205
2/12/2023 15:51,13103
2/12/2023 15:52,13599
2/12/2023 15:52,13867
2/12/2023 15:53,13825
2/12/2023 15:53,14015
2/12/2023 15:54,14100
2/12/2023 15:54,13866
2/12/2023 15:55,13993
2/12/2023 15:56,13497
2/12/2023 15:56,12333
2/12/2023 15:57,13680
2/12/2023 15:57,13680
2/12/2023 15:58,13599
2/12/2023 15:58,14273
2/12/2023 15:59,13047
2/12/2023 15:59,13599
2/12/2023 16:00,13497
2/12/2023 16:00,13804
2/12/2023 16:01,13557
2/12/2023 16:01,14121
2/12/2023 16:02,14015
2/12/2023 16:02,13909
2/12/2023 16:03,13599
2/12/2023 16:03,13417
2/12/2023 16:04,12560
2/12/2023 16:04,14428
2/12/2023 16:05,13909
2/12/2023 16:05,14100
2/12/2023 16:06,13680
2/12/2023 16:06,13846
2/12/2023 16:07,13930
2/12/2023 16:07,13909
2/12/2023 16:08,14186
2/12/2023 16:08,14057
2/12/2023 16:09,13993
2/12/2023 16:09,12950
2/12/2023 16:10,13320
2/12/2023 16:10,14273
2/12/2023 16:11,13680
2/12/2023 16:11,13180
2/12/2023 16:12,12855
2/12/2023 16:12,13599
2/12/2023 16:13,13784
2/12/2023 16:13,13659
2/12/2023 16:14,13887
2/12/2023 16:14,14057
2/12/2023 16:15,13518
2/12/2023 16:15,13680
2/12/2023 16:16,12632
2/12/2023 16:16,13437
2/12/2023 16:17,14361
2/12/2023 16:17,12527
2/12/2023 16:18,12672
2/12/2023 16:18,14186
2/12/2023 16:19,13888
2/12/2023 16:19,13909
2/12/2023 16:20,13680
2/12/2023 16:20,12560
2/12/2023 16:21,14100
2/12/2023 16:21,13279
2/12/2023 16:22,13458
2/12/2023 16:23,12851
2/12/2023 16:23,13742
2/12/2023 16:24,14361
2/12/2023 16:24,14100
2/12/2023 16:25,13479
2/12/2023 16:25,13026
2/12/2023 16:26,13680
2/12/2023 16:26,13497
2/12/2023 16:27,12950
2/12/2023 16:27,13599
2/12/2023 16:28,13909
2/12/2023 16:28,14079
2/12/2023 16:29,13930
2/12/2023 16:29,13930
2/12/2023 16:30,13764
2/12/2023 16:30,12507
2/12/2023 16:31,12193
2/12/2023 16:31,13083
2/12/2023 16:32,13993
2/12/2023 16:32,14450
2/12/2023 16:33,13659
2/12/2023 16:33,13337
2/12/2023 16:34,12632
2/12/2023 16:34,12527
2/12/2023 16:35,14339
2/12/2023 16:35,13599
2/12/2023 16:36,13031
2/12/2023 16:36,13763
2/12/2023 16:37,13358
2/12/2023 16:37,13358
2/12/2023 16:38,13763
2/12/2023 16:38,13201
2/12/2023 16:39,14057
2/12/2023 16:39,13201
2/12/2023 16:40,12384
2/12/2023 16:40,13846
2/12/2023 16:41,13680
2/12/2023 16:41,13201
2/12/2023 16:42,14273
2/12/2023 16:42,13763
2/12/2023 16:43,12652
2/12/2023 16:43,14079
2/12/2023 16:44,14079
2/12/2023 16:44,14165
2/12/2023 16:45,13826
2/12/2023 16:45,13123
2/12/2023 16:46,14036
2/12/2023 16:46,13742
2/12/2023 16:47,13825
2/12/2023 16:47,14079
2/12/2023 16:48,13599
2/12/2023 16:48,14015
2/12/2023 16:49,13337
2/12/2023 16:50,14165
2/12/2023 16:50,14165
2/12/2023 16:51,12895
2/12/2023 16:51,14517
2/12/2023 16:52,13930
2/12/2023 16:52,13846
2/12/2023 16:53,14165
2/12/2023 16:53,13846
2/12/2023 16:54,12991
2/12/2023 16:54,12860
2/12/2023 16:55,14273
2/12/2023 16:55,14015
2/12/2023 16:56,13518
2/12/2023 16:56,12527
2/12/2023 16:57,14165
2/12/2023 16:57,14079
2/12/2023 16:58,13599
2/12/2023 16:58,13358
2/12/2023 16:59,14036
2/12/2023 16:59,13951
2/12/2023 17:00,13972
2/12/2023 17:00,14015
2/12/2023 17:01,12820
2/12/2023 17:01,14015
2/12/2023 17:02,14079
2/12/2023 17:02,13806
2/12/2023 17:03,12475
2/12/2023 17:03,13742
2/12/2023 17:04,13538
2/12/2023 17:04,13742
2/12/2023 17:05,13972
2/12/2023 17:05,13909
2/12/2023 17:06,13659
2/12/2023 17:06,14230
2/12/2023 17:07,12780
2/12/2023 17:07,14036
2/12/2023 17:08,14165
2/12/2023 17:08,14273
2/12/2023 17:09,13846
2/12/2023 17:09,13742
2/12/2023 17:10,14906
2/12/2023 17:10,13993
2/12/2023 17:11,13909
2/12/2023 17:11,14539
2/12/2023 17:12,12950
2/12/2023 17:12,13930
2/12/2023 17:13,14100
2/12/2023 17:13,14079
2/12/2023 17:14,14015
2/12/2023 17:14,13601
2/12/2023 17:15,13680
2/12/2023 17:15,14450
2/12/2023 17:16,14296
2/12/2023 17:17,14079
2/12/2023 17:17,13993
2/12/2023 17:18,14406
2/12/2023 17:18,14015
2/12/2023 17:19,13763
2/12/2023 17:19,13930
2/12/2023 17:20,14015
2/12/2023 17:20,13930
2/12/2023 17:21,14339
2/12/2023 17:21,13497
2/12/2023 17:22,13826
2/12/2023 17:22,14057
2/12/2023 17:23,14230
2/12/2023 17:23,13846
2/12/2023 17:24,14273
2/12/2023 17:24,12384
2/12/2023 17:25,14015
2/12/2023 17:25,14186
2/12/2023 17:26,13825
2/12/2023 17:26,14186
2/12/2023 17:27,12560
2/12/2023 17:27,13160
2/12/2023 17:28,13742
2/12/2023 17:28,14517
2/12/2023 17:29,14383
2/12/2023 17:29,13909
2/12/2023 17:30,13909
2/12/2023 17:30,12455
2/12/2023 17:31,13518
2/12/2023 17:31,13909
2/12/2023 17:32,13763
2/12/2023 17:32,14100
2/12/2023 17:33,13825
2/12/2023 17:33,13825
2/12/2023 17:34,12579
2/12/2023 17:34,14100
2/12/2023 17:35,12193
2/12/2023 17:35,14450
2/12/2023 17:36,13763
2/12/2023 17:36,13909
2/12/2023 17:37,13721
2/12/2023 17:37,14121
2/12/2023 17:38,12672
2/12/2023 17:38,14100
2/12/2023 17:39,14585
2/12/2023 17:39,13497
2/12/2023 17:40,13375
2/12/2023 17:40,13279
2/12/2023 17:41,13337
2/12/2023 17:41,14015
2/12/2023 17:42,13358
2/12/2023 17:43,14450
2/12/2023 17:43,13279
2/12/2023 17:44,13520
2/12/2023 17:44,13680
2/12/2023 17:45,13437
2/12/2023 17:45,13476
2/12/2023 17:46,13497
2/12/2023 17:46,13417
2/12/2023 17:47,14339
2/12/2023 17:47,14608
2/12/2023 17:48,14015
2/12/2023 17:48,13458
2/12/2023 17:49,13358
2/12/2023 17:49,14273
2/12/2023 17:50,13358
2/12/2023 17:50,13201
2/12/2023 17:51,13279
2/12/2023 17:51,13437
2/12/2023 17:52,13396
2/12/2023 17:52,13825
2/12/2023 17:53,14229
2/12/2023 17:53,14318
2/12/2023 17:54,14428
2/12/2023 17:54,14539
2/12/2023 17:55,13375
2/12/2023 17:55,14079
2/12/2023 17:56,13742
2/12/2023 17:56,15094
2/12/2023 17:57,12746
2/12/2023 17:57,13437
2/12/2023 17:58,14252
2/12/2023 17:58,13320
2/12/2023 17:59,13538
2/12/2023 17:59,13578
2/12/2023 18:00,13417
2/12/2023 18:00,13638
2/12/2023 18:01,13497
2/12/2023 18:01,13599
2/12/2023 18:02,13578
2/12/2023 18:02,13538
2/12/2023 18:03,14100
2/12/2023 18:03,13993
2/12/2023 18:04,13972
2/12/2023 18:04,14450
2/12/2023 18:05,13379
2/12/2023 18:05,13262
2/12/2023 18:06,13557
2/12/2023 18:06,13951
2/12/2023 18:07,13221
2/12/2023 18:07,13599
2/12/2023 18:08,14652
2/12/2023 18:08,13518
2/12/2023 18:09,13518
2/12/2023 18:10,14143
2/12/2023 18:10,14861
2/12/2023 18:11,14208
2/12/2023 18:11,14630
2/12/2023 18:12,12599
2/12/2023 18:12,13562
2/12/2023 18:13,14015
2/12/2023 18:13,14121
2/12/2023 18:14,13680
2/12/2023 18:14,14473
2/12/2023 18:15,13599
2/12/2023 18:15,13993
2/12/2023 18:16,13909
2/12/2023 18:16,13518
2/12/2023 18:17,13259
2/12/2023 18:17,12840
2/12/2023 18:18,13742
2/12/2023 18:18,13479
2/12/2023 18:19,13763
2/12/2023 18:19,14339
2/12/2023 18:20,13578
2/12/2023 18:20,14361
2/12/2023 18:21,13825
2/12/2023 18:21,13417
2/12/2023 18:22,14186
2/12/2023 18:22,14743
2/12/2023 18:23,13846
2/12/2023 18:23,14165
2/12/2023 18:24,13620
2/12/2023 18:24,14361
2/12/2023 18:25,14273
2/12/2023 18:25,13680
2/12/2023 18:26,13437
2/12/2023 18:26,13680
2/12/2023 18:27,14273
2/12/2023 18:27,13701
2/12/2023 18:28,14906
2/12/2023 18:28,14252
2/12/2023 18:29,13867
2/12/2023 18:29,13846
2/12/2023 18:30,13379
2/12/2023 18:30,13300
2/12/2023 18:31,12970
2/12/2023 18:31,14208
2/12/2023 18:32,13620
2/12/2023 18:32,14295
2/12/2023 18:33,13599
2/12/2023 18:33,13437
2/12/2023 18:34,13599
2/12/2023 18:34,13458
2/12/2023 18:35,14186
2/12/2023 18:35,13538
2/12/2023 18:36,13047
2/12/2023 18:37,13279
2/12/2023 18:37,13518
2/12/2023 18:38,13379
2/12/2023 18:38,13867
2/12/2023 18:39,13497
2/12/2023 18:39,14015
2/12/2023 18:40,13701
2/12/2023 18:40,14317
2/12/2023 18:41,12527
2/12/2023 18:41,14036
2/12/2023 18:42,13559
2/12/2023 18:42,13680
2/12/2023 18:43,13067
2/12/2023 18:43,13620
2/12/2023 18:44,13300
2/12/2023 18:44,14561
2/12/2023 18:45,13599
2/12/2023 18:45,13358
2/12/2023 18:46,13458
2/12/2023 18:46,13337
2/12/2023 18:47,13701
2/12/2023 18:47,13180
2/12/2023 18:48,13620
2/12/2023 18:48,13680
2/12/2023 18:49,13497
2/12/2023 18:49,14338
2/12/2023 18:50,13538
2/12/2023 18:50,14208
2/12/2023 18:51,13661
2/12/2023 18:51,13458
2/12/2023 18:52,13437
2/12/2023 18:52,13320
2/12/2023 18:53,13642
2/12/2023 18:53,13620
2/12/2023 18:54,13640
2/12/2023 18:54,13337
2/12/2023 18:55,14121
2/12/2023 18:55,13500
2/12/2023 18:56,14450
2/12/2023 18:56,13559
2/12/2023 18:57,13300
2/12/2023 18:57,14208
2/12/2023 18:58,13458
2/12/2023 18:58,13242
2/12/2023 18:59,13458
2/12/2023 18:59,13620
2/12/2023 19:00,14383
2/12/2023 19:00,13805
2/12/2023 19:01,13640
2/12/2023 19:01,14121
2/12/2023 19:02,14630
2/12/2023 19:02,14143
2/12/2023 19:03,13479
2/12/2023 19:04,14539
2/12/2023 19:04,13620
2/12/2023 19:05,13458
2/12/2023 19:05,13888
2/12/2023 19:06,13538
2/12/2023 19:06,13221
2/12/2023 19:07,13559
2/12/2023 19:07,14517
2/12/2023 19:08,13144
2/12/2023 19:08,14561
2/12/2023 19:09,13846
2/12/2023 19:09,14186
2/12/2023 19:10,13458
2/12/2023 19:10,13622
2/12/2023 19:11,15000
2/12/2023 19:11,13300
2/12/2023 19:12,14361
2/12/2023 19:12,12766
2/12/2023 19:13,14630
2/12/2023 19:13,13296
2/12/2023 19:14,14383
2/12/2023 19:14,13620
2/12/2023 19:15,14361
2/12/2023 19:15,14608
2/12/2023 19:16,13640
2/12/2023 19:16,13785
2/12/2023 19:17,13846
2/12/2023 19:17,13867
2/12/2023 19:18,13743
2/12/2023 19:18,13680
2/12/2023 19:19,14121
2/12/2023 19:19,14539
2/12/2023 19:20,13538
2/12/2023 19:20,14928
2/12/2023 19:21,13846
2/12/2023 19:21,14036
2/12/2023 19:22,13889
2/12/2023 19:22,14208
2/12/2023 19:23,14361
2/12/2023 19:23,13743
2/12/2023 19:24,13722
2/12/2023 19:24,13888
2/12/2023 19:25,12935
2/12/2023 19:25,13846
2/12/2023 19:26,14100
2/12/2023 19:26,14539
2/12/2023 19:27,13479
2/12/2023 19:27,14743
2/12/2023 19:28,14057
2/12/2023 19:28,13972
2/12/2023 19:29,13620
2/12/2023 19:30,13640
2/12/2023 19:30,14273
2/12/2023 19:31,13599
2/12/2023 19:31,13701
2/12/2023 19:32,13538
2/12/2023 19:32,14721
2/12/2023 19:33,13164
2/12/2023 19:33,14295
2/12/2023 19:34,13087
2/12/2023 19:34,13559
2/12/2023 19:35,13559
2/12/2023 19:35,13279
2/12/2023 19:36,14493
2/12/2023 19:36,13722
2/12/2023 19:37,14493
2/12/2023 19:37,13067
2/12/2023 19:38,13722
2/12/2023 19:38,13379
2/12/2023 19:39,13538
2/12/2023 19:39,14186
2/12/2023 19:40,14583
2/12/2023 19:40,13951
2/12/2023 19:41,14472
2/12/2023 19:41,14652
2/12/2023 19:42,14383
2/12/2023 19:42,14229
2/12/2023 19:43,14295
2/12/2023 19:43,13701
2/12/2023 19:44,13458
2/12/2023 19:44,14674
2/12/2023 19:45,13242
2/12/2023 19:45,13766
2/12/2023 19:46,13578
2/12/2023 19:46,13620
2/12/2023 19:47,13379
2/12/2023 19:47,13518
2/12/2023 19:48,12860
2/12/2023 19:48,14928
2/12/2023 19:49,13826
2/12/2023 19:49,13805
2/12/2023 19:50,14561
2/12/2023 19:50,13640
2/12/2023 19:51,13242
2/12/2023 19:51,13805
2/12/2023 19:52,13784
2/12/2023 19:52,14472
2/12/2023 19:53,14472
2/12/2023 19:53,13722
2/12/2023 19:54,13867
2/12/2023 19:54,13743
2/12/2023 19:55,13559
2/12/2023 19:55,14100
2/12/2023 19:56,13599
2/12/2023 19:57,14674
2/12/2023 19:57,14057
2/12/2023 19:58,13743
2/12/2023 19:58,13951
2/12/2023 19:59,13784
2/12/2023 19:59,13764
2/12/2023 20:00,14317
2/12/2023 20:00,13743
2/12/2023 20:01,13518
2/12/2023 20:01,13888
2/12/2023 20:02,13518
2/12/2023 20:02,13867
2/12/2023 20:03,13620
2/12/2023 20:03,14493
2/12/2023 20:04,14100
2/12/2023 20:04,14950
2/12/2023 20:05,13538
2/12/2023 20:05,14057
2/12/2023 20:06,15067
2/12/2023 20:06,14143
2/12/2023 20:07,13479
2/12/2023 20:07,13300
2/12/2023 20:08,14015
2/12/2023 20:08,14143
2/12/2023 20:09,14674
2/12/2023 20:09,14605
2/12/2023 20:10,14383
2/12/2023 20:10,13620
2/12/2023 20:11,13659
2/12/2023 20:11,13930
2/12/2023 20:12,14583
2/12/2023 20:12,13479
2/12/2023 20:13,14405
2/12/2023 20:13,14652
2/12/2023 20:14,13164
2/12/2023 20:14,13640
2/12/2023 20:15,13867
2/12/2023 20:15,13502
2/12/2023 20:16,13888
2/12/2023 20:16,13888
2/12/2023 20:17,13538
2/12/2023 20:17,13399
2/12/2023 20:18,13320
2/12/2023 20:18,13011
2/12/2023 20:19,13805
2/12/2023 20:19,14338
2/12/2023 20:20,14973
2/12/2023 20:20,13620
2/12/2023 20:21,14208
2/12/2023 20:21,13538
2/12/2023 20:22,13951
2/12/2023 20:22,13479
2/12/2023 20:23,13784
2/12/2023 20:24,13784
2/12/2023 20:24,13931
2/12/2023 20:25,13538
2/12/2023 20:25,13722
2/12/2023 20:26,13661
2/12/2023 20:26,14493
2/12/2023 20:27,13722
2/12/2023 20:27,14605
2/12/2023 20:28,14405
2/12/2023 20:28,13909
2/12/2023 20:29,13763
2/12/2023 20:29,13620
2/12/2023 20:30,14539
2/12/2023 20:30,13867
2/12/2023 20:31,13420
2/12/2023 20:31,13805
2/12/2023 20:32,14932
2/12/2023 20:32,14317
2/12/2023 20:33,15213
2/12/2023 20:33,14813
2/12/2023 20:34,13888
2/12/2023 20:34,13764
2/12/2023 20:35,13559
2/12/2023 20:35,13784
2/12/2023 20:36,14583
2/12/2023 20:36,13888
2/12/2023 20:37,13888
2/12/2023 20:37,13888
2/12/2023 20:38,14143
2/12/2023 20:38,14143
2/12/2023 20:39,14251
2/12/2023 20:39,13805
2/12/2023 20:40,13909
2/12/2023 20:40,14472
2/12/2023 20:41,13722
2/12/2023 20:41,14472
2/12/2023 20:42,13826
2/12/2023 20:42,13701
2/12/2023 20:43,13888
2/12/2023 20:43,13888
2/12/2023 20:44,13300
2/12/2023 20:44,14121
2/12/2023 20:45,14450
2/12/2023 20:45,14973
2/12/2023 20:46,13559
2/12/2023 20:46,14674
2/12/2023 20:47,13242
2/12/2023 20:47,13382
2/12/2023 20:48,13826
2/12/2023 20:48,13661
2/12/2023 20:49,13722
2/12/2023 20:50,13826
2/12/2023 20:50,13805
2/12/2023 20:51,13784
2/12/2023 20:51,14561
2/12/2023 20:52,13640
2/12/2023 20:52,13722
2/12/2023 20:53,14605
2/12/2023 20:53,13972
2/12/2023 20:54,14835
2/12/2023 20:54,13888
2/12/2023 20:55,13804
2/12/2023 20:55,13972
2/12/2023 20:56,14671
2/12/2023 20:56,13826
2/12/2023 20:57,14493
2/12/2023 20:57,13805
2/12/2023 20:58,13701
2/12/2023 20:58,13888
2/12/2023 20:59,13867
2/12/2023 20:59,13722
2/12/2023 21:00,13805
2/12/2023 21:00,14605
2/12/2023 21:01,14100
2/12/2023 21:01,14973
2/12/2023 21:02,13972
2/12/2023 21:02,13805
2/12/2023 21:03,13399
2/12/2023 21:03,13826
2/12/2023 21:04,14317
2/12/2023 21:04,13580
2/12/2023 21:05,14100
2/12/2023 21:05,13972
2/12/2023 21:06,12915
2/12/2023 21:06,13743
2/12/2023 21:07,14015
2/12/2023 21:07,14765
2/12/2023 21:08,13382
2/12/2023 21:08,13722
2/12/2023 21:09,14229
2/12/2023 21:09,14559
2/12/2023 21:10,13805
2/12/2023 21:10,14743
2/12/2023 21:11,13785
2/12/2023 21:11,14928
2/12/2023 21:12,13661
2/12/2023 21:12,13784
2/12/2023 21:13,14251
2/12/2023 21:13,15162
2/12/2023 21:14,13909
2/12/2023 21:14,13479
2/12/2023 21:15,13640
2/12/2023 21:15,13888
2/12/2023 21:16,13972
2/12/2023 21:17,14583
2/12/2023 21:17,14383
2/12/2023 21:18,13420
2/12/2023 21:18,13580
2/12/2023 21:19,13784
2/12/2023 21:19,14079
2/12/2023 21:20,14426
2/12/2023 21:20,14317
2/12/2023 21:21,14765
2/12/2023 21:21,14272
2/12/2023 21:22,13847
2/12/2023 21:22,13640
2/12/2023 21:23,13722
2/12/2023 21:23,14229
2/12/2023 21:24,14627
2/12/2023 21:24,13601
2/12/2023 21:25,14057
2/12/2023 21:25,15067
2/12/2023 21:26,13994
2/12/2023 21:26,13867
2/12/2023 21:27,14036
2/12/2023 21:27,13640
2/12/2023 21:28,13031
2/12/2023 21:28,13909
2/12/2023 21:29,14652
2/12/2023 21:29,13164
2/12/2023 21:30,13743
2/12/2023 21:30,14251
2/12/2023 21:31,14630
2/12/2023 21:31,14674
2/12/2023 21:32,14605
2/12/2023 21:32,13909
2/12/2023 21:33,13259
2/12/2023 21:33,14880
2/12/2023 21:34,13661
2/12/2023 21:34,14537
2/12/2023 21:35,13909
2/12/2023 21:35,13952
2/12/2023 21:36,13994
2/12/2023 21:36,13743
2/12/2023 21:37,14338
2/12/2023 21:37,13867
2/12/2023 21:38,13743
2/12/2023 21:38,14057
2/12/2023 21:39,15067
2/12/2023 21:39,13399
2/12/2023 21:40,13826
2/12/2023 21:40,13951
2/12/2023 21:41,13909
2/12/2023 21:41,13952
2/12/2023 21:42,14857
2/12/2023 21:42,13994
2/12/2023 21:43,14583
2/12/2023 21:44,14272
2/12/2023 21:44,14627
2/12/2023 21:45,14787
2/12/2023 21:45,13994
2/12/2023 21:46,13031
2/12/2023 21:46,13826
2/12/2023 21:47,14690
2/12/2023 21:47,14100
2/12/2023 21:48,14164
2/12/2023 21:48,14696
2/12/2023 21:49,14605
2/12/2023 21:49,15044
2/12/2023 21:50,13805
2/12/2023 21:50,14426
2/12/2023 21:51,13972
2/12/2023 21:51,14186
2/12/2023 21:52,13722
2/12/2023 21:52,14251
2/12/2023 21:53,13826
2/12/2023 21:53,14426
2/12/2023 21:54,14295
2/12/2023 21:54,14605
2/12/2023 21:55,14229
2/12/2023 21:55,14973
2/12/2023 21:56,14472
2/12/2023 21:56,14251
2/12/2023 21:57,13847
2/12/2023 21:57,14057
2/12/2023 21:58,13722
2/12/2023 21:58,13682
2/12/2023 21:59,13994
2/12/2023 21:59,14164
2/12/2023 22:00,13868
2/12/2023 22:00,13994
2/12/2023 22:01,14143
2/12/2023 22:01,14583
2/12/2023 22:02,14787
2/12/2023 22:02,14100
2/12/2023 22:03,14121
2/12/2023 22:03,13909
2/12/2023 22:04,14317
2/12/2023 22:04,14448
2/12/2023 22:05,14143
2/12/2023 22:05,13909
2/12/2023 22:06,14143
2/12/2023 22:06,14765
2/12/2023 22:07,13994
2/12/2023 22:07,13559
2/12/2023 22:08,14880
2/12/2023 22:08,14273
2/12/2023 22:09,13479
2/12/2023 22:10,13420
2/12/2023 22:10,13951
2/12/2023 22:11,14143
2/12/2023 22:11,13826
2/12/2023 22:12,13805
2/12/2023 22:12,13805
2/12/2023 22:13,13888
2/12/2023 22:13,13805
2/12/2023 22:14,13972
2/12/2023 22:14,13994
2/12/2023 22:15,13144
2/12/2023 22:15,13805
2/12/2023 22:16,14036
2/12/2023 22:16,13888
2/12/2023 22:17,13909
2/12/2023 22:17,13972
2/12/2023 22:18,13580
2/12/2023 22:18,13972
2/12/2023 22:19,14143
2/12/2023 22:19,14515
2/12/2023 22:20,14079
2/12/2023 22:20,14360
2/12/2023 22:21,13262
2/12/2023 22:21,14164
2/12/2023 22:22,14674
2/12/2023 22:22,14057
2/12/2023 22:23,14605
2/12/2023 22:23,14495
2/12/2023 22:24,13743
2/12/2023 22:24,13972
2/12/2023 22:25,14928
2/12/2023 22:25,12955
2/12/2023 22:26,14229
2/12/2023 22:26,13680
2/12/2023 22:27,13805
2/12/2023 22:27,14229
2/12/2023 22:28,14164
2/12/2023 22:28,14857
2/12/2023 22:29,13500
2/12/2023 22:29,13722
2/12/2023 22:30,14765
2/12/2023 22:30,13972
2/12/2023 22:31,12991
2/12/2023 22:31,14515
2/12/2023 22:32,14950
2/12/2023 22:32,13661
2/12/2023 22:33,14079
2/12/2023 22:33,14835
2/12/2023 22:34,15139
2/12/2023 22:34,14765
2/12/2023 22:35,13847
2/12/2023 22:35,14973
2/12/2023 22:36,13784
2/12/2023 22:37,13743
2/12/2023 22:37,14079
2/12/2023 22:38,14318
2/12/2023 22:38,14272
2/12/2023 22:39,14272
2/12/2023 22:39,14164
2/12/2023 22:40,14627
2/12/2023 22:40,14426
2/12/2023 22:41,13743
2/12/2023 22:41,14208
2/12/2023 22:42,13743
2/12/2023 22:42,13994
2/12/2023 22:43,14208
2/12/2023 22:43,13640
2/12/2023 22:44,14015
2/12/2023 22:44,13399
2/12/2023 22:45,15022
2/12/2023 22:45,14880
2/12/2023 22:46,14057
2/12/2023 22:46,14338
2/12/2023 22:47,13826
2/12/2023 22:47,13994
2/12/2023 22:48,14100
2/12/2023 22:48,13972
2/12/2023 22:49,13601
2/12/2023 22:49,13909
2/12/2023 22:50,14057
2/12/2023 22:50,14603
2/12/2023 22:51,14229
2/12/2023 22:51,14164
2/12/2023 22:52,14426
2/12/2023 22:52,13661
2/12/2023 22:53,13826
2/12/2023 22:53,14787
2/12/2023 22:54,14995
2/12/2023 22:54,15044
2/12/2023 22:55,14338
2/12/2023 22:55,14835
2/12/2023 22:56,13785
2/12/2023 22:56,14143
2/12/2023 22:57,14880
2/12/2023 22:57,13972
2/12/2023 22:58,13909
2/12/2023 22:58,14015
2/12/2023 22:59,14143
2/12/2023 22:59,15022
2/12/2023 23:00,13994
2/12/2023 23:00,13888
2/12/2023 23:01,14696
2/12/2023 23:01,13972
2/12/2023 23:02,14583
2/12/2023 23:02,14493
2/12/2023 23:03,15162
2/12/2023 23:04,14251
2/12/2023 23:04,14696
2/12/2023 23:05,14164
2/12/2023 23:05,13826
2/12/2023 23:06,13972
2/12/2023 23:06,13909
2/12/2023 23:07,15067
2/12/2023 23:07,13826
2/12/2023 23:08,14605
2/12/2023 23:08,13909
2/12/2023 23:09,13909
2/12/2023 23:09,14627
2/12/2023 23:10,14674
2/12/2023 23:10,14493
2/12/2023 23:11,14143
2/12/2023 23:11,13320
2/12/2023 23:12,13826
2/12/2023 23:12,13994
2/12/2023 23:13,14787
2/12/2023 23:13,13743
2/12/2023 23:14,15582
2/12/2023 23:14,14426
2/12/2023 23:15,14765
2/12/2023 23:15,15067
2/12/2023 23:16,13805
2/12/2023 23:16,14880
2/12/2023 23:17,13638
2/12/2023 23:17,13580
2/12/2023 23:18,14583
2/12/2023 23:18,13805
2/12/2023 23:19,13661
2/12/2023 23:19,13743
2/12/2023 23:20,14969
2/12/2023 23:20,13262
2/12/2023 23:21,14251
2/12/2023 23:21,13909
2/12/2023 23:22,14605
2/12/2023 23:22,15067
2/12/2023 23:23,14696
2/12/2023 23:23,13665
2/12/2023 23:24,13994
2/12/2023 23:24,13580
2/12/2023 23:25,14583
2/12/2023 23:25,13640
2/12/2023 23:26,14696
2/12/2023 23:26,13640
2/12/2023 23:27,13500
2/12/2023 23:27,14696
2/12/2023 23:28,13703
2/12/2023 23:28,13826
2/12/2023 23:29,14857
2/12/2023 23:30,13661
2/12/2023 23:30,14143
2/12/2023 23:31,14100
2/12/2023 23:31,13341
2/12/2023 23:32,15264
2/12/2023 23:32,14605
2/12/2023 23:33,13661
2/12/2023 23:33,14426
2/12/2023 23:34,13889
2/12/2023 23:34,14671
2/12/2023 23:35,14338
2/12/2023 23:35,14973
2/12/2023 23:36,13184
2/12/2023 23:36,13262
2/12/2023 23:37,13909
2/12/2023 23:37,14426
2/12/2023 23:38,13972
2/12/2023 23:38,14272
2/12/2023 23:39,13909
2/12/2023 23:39,13888
2/12/2023 23:40,14079
2/12/2023 23:40,13826
2/12/2023 23:41,13661
2/12/2023 23:41,14079
2/12/2023 23:42,13580
2/12/2023 23:42,15355
2/12/2023 23:43,14251
2/12/2023 23:43,14787
2/12/2023 23:44,15044
2/12/2023 23:44,13661
2/12/2023 23:45,14338
2/12/2023 23:45,13951
2/12/2023 23:46,14079
2/12/2023 23:46,13420
2/12/2023 23:47,14079
2/12/2023 23:47,13888
2/12/2023 23:48,14583
2/12/2023 23:48,14317
2/12/2023 23:49,13743
2/12/2023 23:49,13805
2/12/2023 23:50,14765
2/12/2023 23:50,14036
2/12/2023 23:51,14251
2/12/2023 23:51,14405
2/12/2023 23:52,13262
2/12/2023 23:52,13399
2/12/2023 23:53,14515
2/12/2023 23:53,13784
2/12/2023 23:54,14973
2/12/2023 23:54,13826
2/12/2023 23:55,14448
2/12/2023 23:55,14605
2/12/2023 23:56,13722
2/12/2023 23:57,13805
2/12/2023 23:57,14787
2/12/2023 23:58,14272
2/12/2023 23:58,13994
2/12/2023 23:59,13580
2/12/2023 23:59,13420
2/13/2023 0:00,13764
2/13/2023 0:00,14537
2/13/2023 0:01,13500
2/13/2023 0:01,13847
2/13/2023 0:02,13107
2/13/2023 0:02,15258
2/13/2023 0:03,13541
2/13/2023 0:03,13994
2/13/2023 0:04,13379
2/13/2023 0:04,15089
2/13/2023 0:05,14605
2/13/2023 0:05,14317
2/13/2023 0:06,13888
2/13/2023 0:06,13994
2/13/2023 0:07,13580
2/13/2023 0:07,15067
2/13/2023 0:08,13500
2/13/2023 0:08,14339
2/13/2023 0:09,13847
2/13/2023 0:09,14079
2/13/2023 0:10,14787
2/13/2023 0:10,13320
2/13/2023 0:11,14426
2/13/2023 0:11,13909
2/13/2023 0:12,13682
2/13/2023 0:12,15213
2/13/2023 0:13,14902
2/13/2023 0:13,13661
2/13/2023 0:14,14515
2/13/2023 0:14,14317
2/13/2023 0:15,13909
2/13/2023 0:15,13994
2/13/2023 0:16,13994
2/13/2023 0:16,13559
2/13/2023 0:17,14835
2/13/2023 0:17,13805
2/13/2023 0:18,13743
2/13/2023 0:18,13994
2/13/2023 0:19,14251
2/13/2023 0:19,13743
2/13/2023 0:20,13743
2/13/2023 0:20,13972
2/13/2023 0:21,15044
2/13/2023 0:21,13743
2/13/2023 0:22,13743
2/13/2023 0:22,13722
2/13/2023 0:23,13722
2/13/2023 0:24,13931
2/13/2023 0:24,14696
2/13/2023 0:25,14079
2/13/2023 0:25,13909
2/13/2023 0:26,13847
2/13/2023 0:26,13743
2/13/2023 0:27,14057
2/13/2023 0:27,14880
2/13/2023 0:28,14880
2/13/2023 0:28,14787
2/13/2023 0:29,13341
2/13/2023 0:29,14533
2/13/2023 0:30,13909
2/13/2023 0:30,13661
2/13/2023 0:31,13661
2/13/2023 0:31,13909
2/13/2023 0:32,13580
2/13/2023 0:32,13972
2/13/2023 0:33,13722
2/13/2023 0:33,13888
2/13/2023 0:34,13620
2/13/2023 0:34,15453
2/13/2023 0:35,14143
2/13/2023 0:35,14057
2/13/2023 0:36,14857
2/13/2023 0:36,13580
2/13/2023 0:37,14079
2/13/2023 0:37,14880
2/13/2023 0:38,14143
2/13/2023 0:38,15957
2/13/2023 0:39,14251
2/13/2023 0:39,13500
2/13/2023 0:40,14121
2/13/2023 0:40,14493
2/13/2023 0:41,14100
2/13/2023 0:41,14405
2/13/2023 0:42,13994
2/13/2023 0:42,13867
2/13/2023 0:43,14765
2/13/2023 0:43,14493
2/13/2023 0:44,14625
2/13/2023 0:44,13538
2/13/2023 0:45,12935
2/13/2023 0:45,13722
2/13/2023 0:46,14079
2/13/2023 0:46,14765
2/13/2023 0:47,14317
2/13/2023 0:47,13847
2/13/2023 0:48,13283
2/13/2023 0:48,14696
2/13/2023 0:49,15162
2/13/2023 0:50,14295
2/13/2023 0:50,14493
2/13/2023 0:51,14674
2/13/2023 0:51,13972
2/13/2023 0:52,13620
2/13/2023 0:52,13722
2/13/2023 0:53,15085
2/13/2023 0:53,13868
2/13/2023 0:54,15407
2/13/2023 0:54,13722
2/13/2023 0:55,14383
2/13/2023 0:55,14406
2/13/2023 0:56,14164
2/13/2023 0:56,12935
2/13/2023 0:57,14143
2/13/2023 0:57,14036
2/13/2023 0:58,13909
2/13/2023 0:58,13931
2/13/2023 0:59,13500
2/13/2023 0:59,14880
2/13/2023 1:00,13826
2/13/2023 1:00,14079
2/13/2023 1:01,14036
2/13/2023 1:01,13994
2/13/2023 1:02,13994
2/13/2023 1:02,15067
2/13/2023 1:03,14605
2/13/2023 1:03,15430
2/13/2023 1:04,14674
2/13/2023 1:04,15453
2/13/2023 1:05,13972
2/13/2023 1:05,14229
2/13/2023 1:06,14338
2/13/2023 1:06,13379
2/13/2023 1:07,13867
2/13/2023 1:07,13599
2/13/2023 1:08,12895
2/13/2023 1:08,13805
2/13/2023 1:09,13972
2/13/2023 1:09,13909
2/13/2023 1:10,15213
2/13/2023 1:10,13599
2/13/2023 1:11,13888
2/13/2023 1:11,13931
2/13/2023 1:12,14674
2/13/2023 1:12,13682
2/13/2023 1:13,14057
2/13/2023 1:13,13559
2/13/2023 1:14,13640
2/13/2023 1:14,13640
2/13/2023 1:15,13559
2/13/2023 1:15,14208
2/13/2023 1:16,13951
2/13/2023 1:17,13972
2/13/2023 1:17,14057
2/13/2023 1:18,13951
2/13/2023 1:18,14208
2/13/2023 1:19,13805
2/13/2023 1:19,13805
2/13/2023 1:20,14295
2/13/2023 1:20,14950
2/13/2023 1:21,14143
2/13/2023 1:21,14493
2/13/2023 1:22,13785
2/13/2023 1:22,14317
2/13/2023 1:23,14317
2/13/2023 1:23,14100
2/13/2023 1:24,13661
2/13/2023 1:24,12860
2/13/2023 1:25,14472
2/13/2023 1:25,13867
2/13/2023 1:26,13888
2/13/2023 1:26,13973
2/13/2023 1:27,14630
2/13/2023 1:27,14100
2/13/2023 1:28,13888
2/13/2023 1:28,13538
2/13/2023 1:29,14015
2/13/2023 1:29,13867
2/13/2023 1:30,15628
2/13/2023 1:30,14721
2/13/2023 1:31,14143
2/13/2023 1:31,14208
2/13/2023 1:32,14787
2/13/2023 1:32,13867
2/13/2023 1:33,14809
2/13/2023 1:33,14057
2/13/2023 1:34,14015
2/13/2023 1:34,13805
2/13/2023 1:35,13972
2/13/2023 1:35,13680
2/13/2023 1:36,14121
2/13/2023 1:36,14928
2/13/2023 1:37,14405
2/13/2023 1:37,13087
2/13/2023 1:38,13888
2/13/2023 1:38,13642
2/13/2023 1:39,13399
2/13/2023 1:39,14036
2/13/2023 1:40,13867
2/13/2023 1:40,13620
2/13/2023 1:41,13888
2/13/2023 1:41,13659
2/13/2023 1:42,13888
2/13/2023 1:42,13972
2/13/2023 1:43,15213
2/13/2023 1:44,14251
2/13/2023 1:44,13951
2/13/2023 1:45,13680
2/13/2023 1:45,14100
2/13/2023 1:46,14950
2/13/2023 1:46,14630
2/13/2023 1:47,14721
2/13/2023 1:47,13784
2/13/2023 1:48,14857
2/13/2023 1:48,13784
2/13/2023 1:49,14295
2/13/2023 1:49,13722
2/13/2023 1:50,14652
2/13/2023 1:50,13784
2/13/2023 1:51,13784
2/13/2023 1:51,13826
2/13/2023 1:52,13805
2/13/2023 1:52,14857
2/13/2023 1:53,14493
2/13/2023 1:53,13972
2/13/2023 1:54,13358
2/13/2023 1:54,14561
2/13/2023 1:55,14361
2/13/2023 1:55,14121
2/13/2023 1:56,15190
2/13/2023 1:56,13763
2/13/2023 1:57,14121
2/13/2023 1:57,14857
2/13/2023 1:58,14143
2/13/2023 1:58,13701
2/13/2023 1:59,14036
2/13/2023 1:59,13479
2/13/2023 2:00,14561
2/13/2023 2:00,14100
2/13/2023 2:01,13888
2/13/2023 2:01,14835
2/13/2023 2:02,14493
2/13/2023 2:02,15807
2/13/2023 2:03,14743
2/13/2023 2:03,13379
2/13/2023 2:04,14208
2/13/2023 2:04,14857
2/13/2023 2:05,13951
2/13/2023 2:05,13743
2/13/2023 2:06,14883
2/13/2023 2:06,15309
2/13/2023 2:07,14383
2/13/2023 2:07,14383
2/13/2023 2:08,15213
2/13/2023 2:08,13951
2/13/2023 2:09,14743
2/13/2023 2:10,13722
2/13/2023 2:10,14472
2/13/2023 2:11,14057
2/13/2023 2:11,13722
2/13/2023 2:12,15309
2/13/2023 2:12,13867
2/13/2023 2:13,13680
2/13/2023 2:13,13763
2/13/2023 2:14,14036
2/13/2023 2:14,14835
2/13/2023 2:15,13867
2/13/2023 2:15,14015
2/13/2023 2:16,13784
2/13/2023 2:16,13951
2/13/2023 2:17,13701
2/13/2023 2:17,13867
2/13/2023 2:18,13804
2/13/2023 2:18,14928
2/13/2023 2:19,14652
2/13/2023 2:19,15094
2/13/2023 2:20,15190
2/13/2023 2:20,14121
2/13/2023 2:21,14121
2/13/2023 2:21,14164
2/13/2023 2:22,13300
2/13/2023 2:22,14036
2/13/2023 2:23,13866
2/13/2023 2:23,14273
2/13/2023 2:24,14121
2/13/2023 2:24,14208
2/13/2023 2:25,14561
2/13/2023 2:25,14361
2/13/2023 2:26,13479
2/13/2023 2:26,13620
2/13/2023 2:27,14539
2/13/2023 2:27,15089
2/13/2023 2:28,14652
2/13/2023 2:28,13847
2/13/2023 2:29,13846
2/13/2023 2:29,13867
2/13/2023 2:30,13930
2/13/2023 2:30,13846
2/13/2023 2:31,14058
2/13/2023 2:31,13144
2/13/2023 2:32,14743
2/13/2023 2:32,13784
2/13/2023 2:33,13300
2/13/2023 2:33,13358
2/13/2023 2:34,13659
2/13/2023 2:34,13846
2/13/2023 2:35,14036
2/13/2023 2:35,14674
2/13/2023 2:36,14472
2/13/2023 2:37,14383
2/13/2023 2:37,14835
2/13/2023 2:38,12991
2/13/2023 2:38,14036
2/13/2023 2:39,14036
2/13/2023 2:39,14539
2/13/2023 2:40,14273
2/13/2023 2:40,13620
2/13/2023 2:41,15190
2/13/2023 2:41,13437
2/13/2023 2:42,14317
2/13/2023 2:42,14743
2/13/2023 2:43,13538
2/13/2023 2:43,13846
2/13/2023 2:44,14906
2/13/2023 2:44,13930
2/13/2023 2:45,13951
2/13/2023 2:45,15459
2/13/2023 2:46,14743
2/13/2023 2:46,14652
2/13/2023 2:47,13867
2/13/2023 2:47,14928
2/13/2023 2:48,14652
2/13/2023 2:48,13701
2/13/2023 2:49,14861
2/13/2023 2:49,14036
2/13/2023 2:50,13300
2/13/2023 2:50,14100
2/13/2023 2:51,13458
2/13/2023 2:51,14121
2/13/2023 2:52,13805
2/13/2023 2:52,14813
2/13/2023 2:53,13784
2/13/2023 2:53,13951
2/13/2023 2:54,15190
2/13/2023 2:54,13538
2/13/2023 2:55,14015
2/13/2023 2:55,13867
2/13/2023 2:56,13680
2/13/2023 2:56,13763
2/13/2023 2:57,14186
2/13/2023 2:57,13300
2/13/2023 2:58,15094
2/13/2023 2:58,13518
2/13/2023 2:59,14630
2/13/2023 2:59,14472
2/13/2023 3:00,14652
2/13/2023 3:00,13782
2/13/2023 3:01,14721
2/13/2023 3:01,14208
2/13/2023 3:02,13680
2/13/2023 3:02,13951
2/13/2023 3:03,14057
2/13/2023 3:04,14405
2/13/2023 3:04,14121
2/13/2023 3:05,14426
2/13/2023 3:05,14539
2/13/2023 3:06,13538
2/13/2023 3:06,13909
2/13/2023 3:07,14450
2/13/2023 3:07,15309
2/13/2023 3:08,14100
2/13/2023 3:08,14295
2/13/2023 3:09,14383
2/13/2023 3:09,13972
2/13/2023 3:10,14273
2/13/2023 3:10,13500
2/13/2023 3:11,14472
2/13/2023 3:11,15022
2/13/2023 3:12,13620
2/13/2023 3:12,13144
2/13/2023 3:13,14121
2/13/2023 3:13,13784
2/13/2023 3:14,14015
2/13/2023 3:14,13825
2/13/2023 3:15,13417
2/13/2023 3:15,14143
2/13/2023 3:16,14122
2/13/2023 3:16,14928
2/13/2023 3:17,13867
2/13/2023 3:17,14207
2/13/2023 3:18,13993
2/13/2023 3:18,14121
2/13/2023 3:19,13458
2/13/2023 3:19,13722
2/13/2023 3:20,13701
2/13/2023 3:20,14208
2/13/2023 3:21,14036
2/13/2023 3:21,14832
2/13/2023 3:22,15213
2/13/2023 3:22,14906
2/13/2023 3:23,15309
2/13/2023 3:23,14539
2/13/2023 3:24,14813
2/13/2023 3:24,14405
2/13/2023 3:25,14630
2/13/2023 3:25,15094
2/13/2023 3:26,15117
2/13/2023 3:26,14721
2/13/2023 3:27,13518
2/13/2023 3:27,14015
2/13/2023 3:28,14208
2/13/2023 3:28,14015
2/13/2023 3:29,13846
2/13/2023 3:29,15117
2/13/2023 3:30,13888
2/13/2023 3:31,14721
2/13/2023 3:31,13930
2/13/2023 3:32,14121
2/13/2023 3:32,14561
2/13/2023 3:33,13684
2/13/2023 3:33,12955
2/13/2023 3:34,14100
2/13/2023 3:34,14721
2/13/2023 3:35,14493
2/13/2023 3:35,14251
2/13/2023 3:36,14561
2/13/2023 3:36,14652
2/13/2023 3:37,13930
2/13/2023 3:37,15022
2/13/2023 3:38,14383
2/13/2023 3:38,14121
2/13/2023 3:39,13067
2/13/2023 3:39,14273
2/13/2023 3:40,13846
2/13/2023 3:40,14252
2/13/2023 3:41,14906
2/13/2023 3:41,13951
2/13/2023 3:42,14883
2/13/2023 3:42,14208
2/13/2023 3:43,14252
2/13/2023 3:43,13701
2/13/2023 3:44,14186
2/13/2023 3:44,14384
2/13/2023 3:45,14906
2/13/2023 3:45,13951
2/13/2023 3:46,14383
2/13/2023 3:46,13458
2/13/2023 3:47,13930
2/13/2023 3:47,13742
2/13/2023 3:48,14121
2/13/2023 3:48,15482
2/13/2023 3:49,14928
2/13/2023 3:49,15190
2/13/2023 3:50,14696
2/13/2023 3:50,15384
2/13/2023 3:51,15000
2/13/2023 3:51,15022
2/13/2023 3:52,14743
2/13/2023 3:52,13784
2/13/2023 3:53,15605
2/13/2023 3:53,14208
2/13/2023 3:54,15213
2/13/2023 3:54,14079
2/13/2023 3:55,14121
2/13/2023 3:55,14928
2/13/2023 3:56,14273
2/13/2023 3:57,14015
2/13/2023 3:57,13951
2/13/2023 3:58,14079
2/13/2023 3:58,14121
2/13/2023 3:59,14036
2/13/2023 3:59,14015
2/13/2023 4:00,14835
2/13/2023 4:00,14036
2/13/2023 4:01,14361
2/13/2023 4:01,14839
2/13/2023 4:02,14539
2/13/2023 4:02,14121
2/13/2023 4:03,14472
2/13/2023 4:03,13951
2/13/2023 4:04,13951
2/13/2023 4:04,14384
2/13/2023 4:05,13868
2/13/2023 4:05,14942
2/13/2023 4:06,14835
2/13/2023 4:06,15309
2/13/2023 4:07,14036
2/13/2023 4:07,15000
2/13/2023 4:08,14079
2/13/2023 4:08,14791
2/13/2023 4:09,13559
2/13/2023 4:09,13825
2/13/2023 4:10,15094
2/13/2023 4:10,14186
2/13/2023 4:11,14339
2/13/2023 4:11,14696
2/13/2023 4:12,13930
2/13/2023 4:12,15476
2/13/2023 4:13,15286
2/13/2023 4:13,15286
2/13/2023 4:14,15384
2/13/2023 4:14,14883
2/13/2023 4:15,14721
2/13/2023 4:15,14652
2/13/2023 4:16,14036
2/13/2023 4:16,14036
2/13/2023 4:17,14450
2/13/2023 4:17,14100
2/13/2023 4:18,14057
2/13/2023 4:18,15482
2/13/2023 4:19,15117
2/13/2023 4:19,14652
2/13/2023 4:20,14273
2/13/2023 4:20,14143
2/13/2023 4:21,14674
2/13/2023 4:21,13784
2/13/2023 4:22,14036
2/13/2023 4:22,15062
2/13/2023 4:23,14208
2/13/2023 4:24,13951
2/13/2023 4:24,14608
2/13/2023 4:25,14902
2/13/2023 4:25,14791
2/13/2023 4:26,14361
2/13/2023 4:26,14383
2/13/2023 4:27,13620
2/13/2023 4:27,14383
2/13/2023 4:28,13930
2/13/2023 4:28,13805
2/13/2023 4:29,14450
2/13/2023 4:29,13951
2/13/2023 4:30,13930
2/13/2023 4:30,14036
2/13/2023 4:31,13951
2/13/2023 4:31,13930
2/13/2023 4:32,14057
2/13/2023 4:32,13993
2/13/2023 4:33,14561
2/13/2023 4:33,15072
2/13/2023 4:34,14143
2/13/2023 4:34,13867
2/13/2023 4:35,15213
2/13/2023 4:35,14857
2/13/2023 4:36,14100
2/13/2023 4:36,13479
2/13/2023 4:37,14015
2/13/2023 4:37,15309
2/13/2023 4:38,13620
2/13/2023 4:38,14517
2/13/2023 4:39,14630
2/13/2023 4:39,13123
2/13/2023 4:40,13599
2/13/2023 4:40,14361
2/13/2023 4:41,14906
2/13/2023 4:41,13846
2/13/2023 4:42,14295
2/13/2023 4:42,14143
2/13/2023 4:43,13784
2/13/2023 4:43,14121
2/13/2023 4:44,13951
2/13/2023 4:44,14100
2/13/2023 4:45,14014
2/13/2023 4:45,14121
2/13/2023 4:46,15332
2/13/2023 4:46,14721
2/13/2023 4:47,14906
2/13/2023 4:47,13846
2/13/2023 4:48,14079
2/13/2023 4:48,14517
2/13/2023 4:49,14015
2/13/2023 4:49,14910
2/13/2023 4:50,14630
2/13/2023 4:51,14813
2/13/2023 4:51,15044
2/13/2023 4:52,15407
2/13/2023 4:52,14857
2/13/2023 4:53,13620
2/13/2023 4:53,13867
2/13/2023 4:54,14630
2/13/2023 4:54,14121
2/13/2023 4:55,13930
2/13/2023 4:55,14208
2/13/2023 4:56,14100
2/13/2023 4:56,13763
2/13/2023 4:57,14906
2/13/2023 4:57,14721
2/13/2023 4:58,13972
2/13/2023 4:58,14015
2/13/2023 4:59,14208
2/13/2023 4:59,14295
2/13/2023 5:00,14100
2/13/2023 5:00,13930
2/13/2023 5:01,15094
2/13/2023 5:01,14813
2/13/2023 5:02,14252
2/13/2023 5:02,13846
2/13/2023 5:03,14539
2/13/2023 5:03,14015
2/13/2023 5:04,14450
2/13/2023 5:04,13659
2/13/2023 5:05,14273
2/13/2023 5:05,14450
2/13/2023 5:06,15000
2/13/2023 5:06,14585
2/13/2023 5:07,15190
2/13/2023 5:07,14361
2/13/2023 5:08,14015
2/13/2023 5:08,13972
2/13/2023 5:09,13846
2/13/2023 5:09,14121
2/13/2023 5:10,13930
2/13/2023 5:10,14295
2/13/2023 5:11,14405
2/13/2023 5:11,15213
2/13/2023 5:12,14036
2/13/2023 5:12,14472
2/13/2023 5:13,13825
2/13/2023 5:13,13784
2/13/2023 5:14,14100
2/13/2023 5:14,15190
2/13/2023 5:15,14252
2/13/2023 5:15,14273
2/13/2023 5:16,14143
2/13/2023 5:16,14832
2/13/2023 5:17,14015
2/13/2023 5:18,14791
2/13/2023 5:18,14079
2/13/2023 5:19,14361
2/13/2023 5:19,15000
2/13/2023 5:20,14561
2/13/2023 5:20,15407
2/13/2023 5:21,14906
2/13/2023 5:21,14699
2/13/2023 5:22,13867
2/13/2023 5:22,13846
2/13/2023 5:23,14630
2/13/2023 5:23,14015
2/13/2023 5:24,14057
2/13/2023 5:24,13358
2/13/2023 5:25,14165
2/13/2023 5:25,14743
2/13/2023 5:26,13763
2/13/2023 5:26,14813
2/13/2023 5:27,13417
2/13/2023 5:27,14121
2/13/2023 5:28,14630
2/13/2023 5:28,15436
2/13/2023 5:29,14165
2/13/2023 5:29,14721
2/13/2023 5:30,13930
2/13/2023 5:30,13951
2/13/2023 5:31,14036
2/13/2023 5:31,14813
2/13/2023 5:32,15286
2/13/2023 5:32,14186
2/13/2023 5:33,14186
2/13/2023 5:33,13680
2/13/2023 5:34,15094
2/13/2023 5:34,14406
2/13/2023 5:35,15094
2/13/2023 5:35,14100
2/13/2023 5:36,14143
2/13/2023 5:36,15338
2/13/2023 5:37,14450
2/13/2023 5:37,14143
2/13/2023 5:38,14699
2/13/2023 5:38,14450
2/13/2023 5:39,14517
2/13/2023 5:39,15000
2/13/2023 5:40,14721
2/13/2023 5:40,14121
2/13/2023 5:41,14674
2/13/2023 5:41,13763
2/13/2023 5:42,13930
2/13/2023 5:42,13515
2/13/2023 5:43,14472
2/13/2023 5:44,15459
2/13/2023 5:44,13825
2/13/2023 5:45,14676
2/13/2023 5:45,14015
2/13/2023 5:46,15000
2/13/2023 5:46,13930
2/13/2023 5:47,15264
2/13/2023 5:47,14015
2/13/2023 5:48,14121
2/13/2023 5:48,14539
2/13/2023 5:49,14910
2/13/2023 5:49,15384
2/13/2023 5:50,14339
2/13/2023 5:50,13763
2/13/2023 5:51,13930
2/13/2023 5:51,13742
2/13/2023 5:52,14630
2/13/2023 5:52,14079
2/13/2023 5:53,13910
2/13/2023 5:53,14563
2/13/2023 5:54,13047
2/13/2023 5:54,14883
2/13/2023 5:55,13930
2/13/2023 5:55,14630
2/13/2023 5:56,13930
2/13/2023 5:56,15094
2/13/2023 5:57,14721
2/13/2023 5:57,13180
2/13/2023 5:58,14721
2/13/2023 5:58,14143
2/13/2023 5:59,14186
2/13/2023 5:59,14121
2/13/2023 6:00,15072
2/13/2023 6:00,14208
2/13/2023 6:01,14100
2/13/2023 6:01,14699
2/13/2023 6:02,14036
2/13/2023 6:02,14450
2/13/2023 6:03,14015
2/13/2023 6:03,14121
2/13/2023 6:04,15117
2/13/2023 6:04,14295
2/13/2023 6:05,14450
2/13/2023 6:05,14273
2/13/2023 6:06,14100
2/13/2023 6:06,15659
2/13/2023 6:07,14273
2/13/2023 6:07,14208
2/13/2023 6:08,15190
2/13/2023 6:08,15384
2/13/2023 6:09,15000
2/13/2023 6:09,14539
2/13/2023 6:10,14143
2/13/2023 6:11,14100
2/13/2023 6:11,14517
2/13/2023 6:12,15094
2/13/2023 6:12,14426
2/13/2023 6:13,14036
2/13/2023 6:13,14630
2/13/2023 6:14,14450
2/13/2023 6:14,14100
2/13/2023 6:15,14100
2/13/2023 6:15,14652
2/13/2023 6:16,14100
2/13/2023 6:16,14295
2/13/2023 6:17,13259
2/13/2023 6:17,14813
2/13/2023 6:18,14036
2/13/2023 6:18,14100
2/13/2023 6:19,14015
2/13/2023 6:19,14186
2/13/2023 6:20,14121
2/13/2023 6:20,14791
2/13/2023 6:21,14186
2/13/2023 6:21,14561
2/13/2023 6:22,14100
2/13/2023 6:22,14721
2/13/2023 6:23,13931
2/13/2023 6:23,15022
2/13/2023 6:24,14718
2/13/2023 6:24,13296
2/13/2023 6:25,14809
2/13/2023 6:25,14699
2/13/2023 6:26,13638
2/13/2023 6:26,14813
2/13/2023 6:27,14813
2/13/2023 6:27,14835
2/13/2023 6:28,13680
2/13/2023 6:28,14813
2/13/2023 6:29,14450
2/13/2023 6:29,14721
2/13/2023 6:30,14676
2/13/2023 6:30,14252
2/13/2023 6:31,14100
2/13/2023 6:31,14472
2/13/2023 6:32,14630
2/13/2023 6:32,14813
2/13/2023 6:33,14768
2/13/2023 6:33,13620
2/13/2023 6:34,15482
2/13/2023 6:34,14273
2/13/2023 6:35,14630
2/13/2023 6:35,13437
2/13/2023 6:36,14883
2/13/2023 6:36,15072
2/13/2023 6:37,14699
2/13/2023 6:38,14791
2/13/2023 6:38,14361
2/13/2023 6:39,15000
2/13/2023 6:39,14721
2/13/2023 6:40,14768
2/13/2023 6:40,14791
2/13/2023 6:41,14743
2/13/2023 6:41,14835
2/13/2023 6:42,15190
2/13/2023 6:42,14208
2/13/2023 6:43,14539
2/13/2023 6:43,14721
2/13/2023 6:44,15384
2/13/2023 6:44,14721
2/13/2023 6:45,14813
2/13/2023 6:45,14768
2/13/2023 6:46,14630
2/13/2023 6:46,13259
2/13/2023 6:47,12632
2/13/2023 6:47,14813
2/13/2023 6:48,14339
2/13/2023 6:48,14495
2/13/2023 6:49,14208
2/13/2023 6:49,14654
2/13/2023 6:50,15264
2/13/2023 6:50,14883
2/13/2023 6:51,14861
2/13/2023 6:51,14585
2/13/2023 6:52,15378
2/13/2023 6:52,14883
2/13/2023 6:53,14517
2/13/2023 6:53,14495
2/13/2023 6:54,13659
2/13/2023 6:54,14861
2/13/2023 6:55,14608
2/13/2023 6:55,14428
2/13/2023 6:56,15190
2/13/2023 6:56,14517
2/13/2023 6:57,14230
2/13/2023 6:57,14676
2/13/2023 6:58,14676
2/13/2023 6:58,14768
2/13/2023 6:59,14517
2/13/2023 6:59,14654
2/13/2023 7:00,14791
2/13/2023 7:00,14608
2/13/2023 7:01,14608
2/13/2023 7:01,14339
2/13/2023 7:02,14676
2/13/2023 7:02,14495
2/13/2023 7:03,15094
2/13/2023 7:03,14585
2/13/2023 7:04,14768
2/13/2023 7:05,14318
2/13/2023 7:05,15241
2/13/2023 7:06,15167
2/13/2023 7:06,14699
2/13/2023 7:07,14839
2/13/2023 7:07,14057
2/13/2023 7:08,14406
2/13/2023 7:08,13659
2/13/2023 7:09,14495
2/13/2023 7:09,14318
2/13/2023 7:10,14252
2/13/2023 7:10,14791
2/13/2023 7:11,15361
2/13/2023 7:11,15264
2/13/2023 7:12,15413
2/13/2023 7:12,13825
2/13/2023 7:13,14699
2/13/2023 7:13,15072
2/13/2023 7:14,14902
2/13/2023 7:14,14883
2/13/2023 7:15,14699
2/13/2023 7:15,14791
2/13/2023 7:16,14585
2/13/2023 7:16,13887
2/13/2023 7:17,14743
2/13/2023 7:17,13909
2/13/2023 7:18,14768
2/13/2023 7:18,15378
2/13/2023 7:19,14883
2/13/2023 7:19,13993
2/13/2023 7:20,15241
2/13/2023 7:20,14928
2/13/2023 7:21,14296
2/13/2023 7:21,15167
2/13/2023 7:22,13358
2/13/2023 7:22,14585
2/13/2023 7:23,14121
2/13/2023 7:23,14746
2/13/2023 7:24,13423
2/13/2023 7:24,15144
2/13/2023 7:25,13909
2/13/2023 7:25,15459
2/13/2023 7:26,14654
2/13/2023 7:26,14630
2/13/2023 7:27,14676
2/13/2023 7:27,15072
2/13/2023 7:28,14671
2/13/2023 7:28,14361
2/13/2023 7:29,15361
2/13/2023 7:29,14428
2/13/2023 7:30,14630
2/13/2023 7:31,14676
2/13/2023 7:31,14515
2/13/2023 7:32,15264
2/13/2023 7:32,14699
2/13/2023 7:33,14883
2/13/2023 7:33,14339
2/13/2023 7:34,14230
2/13/2023 7:34,13180
2/13/2023 7:35,14630
2/13/2023 7:35,14630
2/13/2023 7:36,14699
2/13/2023 7:36,14906
2/13/2023 7:37,14079
2/13/2023 7:37,15338
2/13/2023 7:38,14450
2/13/2023 7:38,15117
2/13/2023 7:39,14928
2/13/2023 7:39,15094
2/13/2023 7:40,14977
2/13/2023 7:40,15139
2/13/2023 7:41,15384
2/13/2023 7:41,14835
2/13/2023 7:42,13578
2/13/2023 7:42,14813
2/13/2023 7:43,14721
2/13/2023 7:43,14428
2/13/2023 7:44,14406
2/13/2023 7:44,14428
2/13/2023 7:45,14495
2/13/2023 7:45,15264
2/13/2023 7:46,13238
2/13/2023 7:46,14406
2/13/2023 7:47,14791
2/13/2023 7:47,14768
2/13/2023 7:48,14906
2/13/2023 7:49,14517
2/13/2023 7:49,15167
2/13/2023 7:50,14495
2/13/2023 7:50,13700
2/13/2023 7:51,13497
2/13/2023 7:51,14428
2/13/2023 7:52,14883
2/13/2023 7:52,13742
2/13/2023 7:53,14608
2/13/2023 7:53,13238
2/13/2023 7:54,14539
2/13/2023 7:54,14743
2/13/2023 7:55,15167
2/13/2023 7:55,14318
2/13/2023 7:56,13993
2/13/2023 7:57,14883
2/13/2023 7:57,14585
2/13/2023 7:58,14273
2/13/2023 7:58,14539
2/13/2023 7:59,15582
2/13/2023 7:59,13497
2/13/2023 8:00,15072
2/13/2023 8:00,14585
2/13/2023 8:01,14450
2/13/2023 8:01,14539
2/13/2023 8:02,14252
2/13/2023 8:02,14539
2/13/2023 8:03,14768
2/13/2023 8:03,14273
2/13/2023 8:04,14406
2/13/2023 8:04,14252
2/13/2023 8:05,14339
2/13/2023 8:05,14768
2/13/2023 8:06,14273
2/13/2023 8:06,14721
2/13/2023 8:07,15213
2/13/2023 8:07,14977
2/13/2023 8:08,14405
2/13/2023 8:08,15000
2/13/2023 8:09,14585
2/13/2023 8:09,14517
2/13/2023 8:10,13221
2/13/2023 8:10,15000
2/13/2023 8:11,14517
2/13/2023 8:11,15094
2/13/2023 8:12,14539
2/13/2023 8:12,14813
2/13/2023 8:13,14252
2/13/2023 8:13,14906
2/13/2023 8:14,14768
2/13/2023 8:14,14699
2/13/2023 8:15,14928
2/13/2023 8:15,14383
2/13/2023 8:16,15286
2/13/2023 8:16,14883
2/13/2023 8:17,14630
2/13/2023 8:17,14539
2/13/2023 8:18,14361
2/13/2023 8:18,14649
2/13/2023 8:19,15167
2/13/2023 8:19,14630
2/13/2023 8:20,14426
2/13/2023 8:20,14121
2/13/2023 8:21,13538
2/13/2023 8:21,13763
2/13/2023 8:22,15190
2/13/2023 8:22,14406
2/13/2023 8:23,15162
2/13/2023 8:24,15117
2/13/2023 8:24,14517
2/13/2023 8:25,13951
2/13/2023 8:25,14208
2/13/2023 8:26,14928
2/13/2023 8:26,14450
2/13/2023 8:27,14765
2/13/2023 8:27,14721
2/13/2023 8:28,15309
2/13/2023 8:28,14835
2/13/2023 8:29,13599
2/13/2023 8:29,13951
2/13/2023 8:30,14450
2/13/2023 8:30,14472
2/13/2023 8:31,15235
2/13/2023 8:31,14428
2/13/2023 8:32,14652
2/13/2023 8:32,14561
2/13/2023 8:33,13221
2/13/2023 8:33,14625
2/13/2023 8:34,15407
2/13/2023 8:34,14835
2/13/2023 8:35,14950
2/13/2023 8:35,14561
2/13/2023 8:36,15224
2/13/2023 8:36,15022
2/13/2023 8:37,13640
2/13/2023 8:37,15505
2/13/2023 8:38,14295
2/13/2023 8:38,13846
2/13/2023 8:39,13722
2/13/2023 8:39,14495
2/13/2023 8:40,13951
2/13/2023 8:40,15384
2/13/2023 8:41,14835
2/13/2023 8:41,14338
2/13/2023 8:42,14561
2/13/2023 8:42,14557
2/13/2023 8:43,14472
2/13/2023 8:43,13559
2/13/2023 8:44,14317
2/13/2023 8:44,14317
2/13/2023 8:45,15000
2/13/2023 8:45,13479
2/13/2023 8:46,13599
2/13/2023 8:46,12935
2/13/2023 8:47,14561
2/13/2023 8:47,14361
2/13/2023 8:48,14208
2/13/2023 8:48,14057
2/13/2023 8:49,13951
2/13/2023 8:49,14208
2/13/2023 8:50,12880
2/13/2023 8:51,14652
2/13/2023 8:51,14208
2/13/2023 8:52,14295
2/13/2023 8:52,14208
2/13/2023 8:53,14015
2/13/2023 8:53,13722
2/13/2023 8:54,14036
2/13/2023 8:54,15117
2/13/2023 8:55,14252
2/13/2023 8:55,13399
2/13/2023 8:56,14405
2/13/2023 8:56,14721
2/13/2023 8:57,14608
2/13/2023 8:57,15094
2/13/2023 8:58,15482
2/13/2023 8:58,14295
2/13/2023 8:59,14295
2/13/2023 8:59,14765
2/13/2023 9:00,14517
2/13/2023 9:00,14383
2/13/2023 9:01,13620
2/13/2023 9:01,13805
2/13/2023 9:02,14273
2/13/2023 9:02,14165
2/13/2023 9:03,14835
2/13/2023 9:03,14121
2/13/2023 9:04,14143
2/13/2023 9:04,14928
2/13/2023 9:05,14036
2/13/2023 9:05,12840
2/13/2023 9:06,14405
2/13/2023 9:06,14857
2/13/2023 9:07,15067
2/13/2023 9:07,14015
2/13/2023 9:08,14143
2/13/2023 9:08,14857
2/13/2023 9:09,13972
2/13/2023 9:09,13701
2/13/2023 9:10,15235
2/13/2023 9:10,13107
2/13/2023 9:11,12786
2/13/2023 9:11,14336
2/13/2023 9:12,14317
2/13/2023 9:12,12546
2/13/2023 9:13,14674
2/13/2023 9:13,14143
2/13/2023 9:14,13972
2/13/2023 9:14,14317
2/13/2023 9:15,14539
2/13/2023 9:15,14674
2/13/2023 9:16,14765
2/13/2023 9:17,14100
2/13/2023 9:17,13701
2/13/2023 9:18,14079
2/13/2023 9:18,14229
2/13/2023 9:19,14186
2/13/2023 9:19,14143
2/13/2023 9:20,13888
2/13/2023 9:20,14561
2/13/2023 9:21,13580
2/13/2023 9:21,14338
2/13/2023 9:22,14295
2/13/2023 9:22,14100
2/13/2023 9:23,14015
2/13/2023 9:23,13972
2/13/2023 9:24,14583
2/13/2023 9:24,14405
2/13/2023 9:25,14164
2/13/2023 9:25,14696
2/13/2023 9:26,14057
2/13/2023 9:26,14143
2/13/2023 9:27,14928
2/13/2023 9:27,14121
2/13/2023 9:28,14057
2/13/2023 9:28,15022
2/13/2023 9:29,14036
2/13/2023 9:29,14515
2/13/2023 9:30,13951
2/13/2023 9:30,13538
2/13/2023 9:31,13107
2/13/2023 9:31,14360
2/13/2023 9:32,14186
2/13/2023 9:32,13887
2/13/2023 9:33,14079
2/13/2023 9:33,14493
2/13/2023 9:34,14229
2/13/2023 9:34,14405
2/13/2023 9:35,14164
2/13/2023 9:35,14652
2/13/2023 9:36,14079
2/13/2023 9:36,14164
2/13/2023 9:37,14493
2/13/2023 9:37,14273
2/13/2023 9:38,14448
2/13/2023 9:38,13479
2/13/2023 9:39,14450
2/13/2023 9:39,14164
2/13/2023 9:40,14405
2/13/2023 9:40,14079
2/13/2023 9:41,14696
2/13/2023 9:41,13909
2/13/2023 9:42,14143
2/13/2023 9:42,14317
2/13/2023 9:43,14765
2/13/2023 9:44,12678
2/13/2023 9:44,14493
2/13/2023 9:45,14251
2/13/2023 9:45,13826
2/13/2023 9:46,14229
2/13/2023 9:46,14787
2/13/2023 9:47,14121
2/13/2023 9:47,14605
2/13/2023 9:48,13242
2/13/2023 9:48,14493
2/13/2023 9:49,14880
2/13/2023 9:49,14251
2/13/2023 9:50,14405
2/13/2023 9:50,13640
2/13/2023 9:51,13184
2/13/2023 9:51,14317
2/13/2023 9:52,14472
2/13/2023 9:52,14493
2/13/2023 9:53,13399
2/13/2023 9:53,13599
2/13/2023 9:54,14674
2/13/2023 9:54,13500
2/13/2023 9:55,14426
2/13/2023 9:55,14164
2/13/2023 9:56,14605
2/13/2023 9:56,14079
2/13/2023 9:57,14143
2/13/2023 9:57,13184
2/13/2023 9:58,14902
2/13/2023 9:58,14894
2/13/2023 9:59,14251
2/13/2023 9:59,14251
2/13/2023 10:00,14880
2/13/2023 10:00,14740
2/13/2023 10:01,14164
2/13/2023 10:01,14447
2/13/2023 10:02,13262
2/13/2023 10:02,14583
2/13/2023 10:03,14338
2/13/2023 10:03,14186
2/13/2023 10:04,14880
2/13/2023 10:04,14164
2/13/2023 10:05,14164
2/13/2023 10:05,13972
2/13/2023 10:06,14515
2/13/2023 10:06,14338
2/13/2023 10:07,14338
2/13/2023 10:07,14652
2/13/2023 10:08,14583
2/13/2023 10:08,14605
2/13/2023 10:09,12442
2/13/2023 10:10,14426
2/13/2023 10:10,14338
2/13/2023 10:11,12935
2/13/2023 10:11,14493
2/13/2023 10:12,14537
2/13/2023 10:12,13640
2/13/2023 10:13,14251
2/13/2023 10:13,13128
2/13/2023 10:14,14360
2/13/2023 10:14,14674
2/13/2023 10:15,14338
2/13/2023 10:15,13580
2/13/2023 10:16,13500
2/13/2023 10:16,13242
2/13/2023 10:17,14317
2/13/2023 10:17,14426
2/13/2023 10:18,14674
2/13/2023 10:18,12806
2/13/2023 10:19,14272
2/13/2023 10:19,13826
2/13/2023 10:20,13482
2/13/2023 10:20,14537
2/13/2023 10:21,13580
2/13/2023 10:21,13909
2/13/2023 10:22,14740
2/13/2023 10:22,14250
2/13/2023 10:23,14583
2/13/2023 10:23,15094
2/13/2023 10:24,14143
2/13/2023 10:24,13317
2/13/2023 10:25,14272
2/13/2023 10:25,14605
2/13/2023 10:26,14787
2/13/2023 10:26,14229
2/13/2023 10:27,13994
2/13/2023 10:27,13341
2/13/2023 10:28,13743
2/13/2023 10:28,13051
2/13/2023 10:29,14360
2/13/2023 10:29,14765
2/13/2023 10:30,14079
2/13/2023 10:30,14015
2/13/2023 10:31,12955
2/13/2023 10:31,14121
2/13/2023 10:32,14251
2/13/2023 10:32,14208
2/13/2023 10:33,14696
2/13/2023 10:33,14515
2/13/2023 10:34,14740
2/13/2023 10:34,14383
2/13/2023 10:35,14515
2/13/2023 10:35,14057
2/13/2023 10:36,14426
2/13/2023 10:37,13826
2/13/2023 10:37,14880
2/13/2023 10:38,15018
2/13/2023 10:38,14515
2/13/2023 10:39,14803
2/13/2023 10:39,13500
2/13/2023 10:40,14718
2/13/2023 10:40,12975
2/13/2023 10:41,13144
2/13/2023 10:41,14164
2/13/2023 10:42,14164
2/13/2023 10:42,13500
2/13/2023 10:43,13805
2/13/2023 10:43,14605
2/13/2023 10:44,14383
2/13/2023 10:44,14164
2/13/2023 10:45,13420
2/13/2023 10:45,14079
2/13/2023 10:46,14251
2/13/2023 10:46,14100
2/13/2023 10:47,13931
2/13/2023 10:47,14164
2/13/2023 10:48,14164
2/13/2023 10:48,14382
2/13/2023 10:49,14539
2/13/2023 10:49,14164
2/13/2023 10:50,14493
2/13/2023 10:50,14583
2/13/2023 10:51,13847
2/13/2023 10:51,14696
2/13/2023 10:52,14338
2/13/2023 10:52,14317
2/13/2023 10:53,14515
2/13/2023 10:53,14143
2/13/2023 10:54,14057
2/13/2023 10:54,14186
2/13/2023 10:55,13640
2/13/2023 10:55,14100
2/13/2023 10:56,14426
2/13/2023 10:56,14143
2/13/2023 10:57,14857
2/13/2023 10:57,13283
2/13/2023 10:58,14696
2/13/2023 10:58,13320
2/13/2023 10:59,14251
2/13/2023 10:59,14605
2/13/2023 11:00,14605
2/13/2023 11:00,14317
2/13/2023 11:01,13420
2/13/2023 11:01,14857
2/13/2023 11:02,14251
2/13/2023 11:02,13994
2/13/2023 11:03,14950
2/13/2023 11:04,14493
2/13/2023 11:04,13399
2/13/2023 11:05,14079
2/13/2023 11:05,14583
2/13/2023 11:06,13847
2/13/2023 11:06,14809
2/13/2023 11:07,14164
2/13/2023 11:07,14718
2/13/2023 11:08,14317
2/13/2023 11:08,14252
2/13/2023 11:09,14515
2/13/2023 11:09,14015
2/13/2023 11:10,14674
2/13/2023 11:10,14251
2/13/2023 11:11,14426
2/13/2023 11:11,14383
2/13/2023 11:12,12975
2/13/2023 11:12,14787
2/13/2023 11:13,14718
2/13/2023 11:13,14605
2/13/2023 11:14,13341
2/13/2023 11:14,13622
2/13/2023 11:15,14515
2/13/2023 11:15,14450
2/13/2023 11:16,14251
2/13/2023 11:16,13888
2/13/2023 11:17,14251
2/13/2023 11:17,13888
2/13/2023 11:18,14057
2/13/2023 11:18,14079
2/13/2023 11:19,15044
2/13/2023 11:19,14317
2/13/2023 11:20,14765
2/13/2023 11:20,14251
2/13/2023 11:21,14787
2/13/2023 11:21,14143
2/13/2023 11:22,14561
2/13/2023 11:22,15830
2/13/2023 11:23,13420
2/13/2023 11:23,14583
2/13/2023 11:24,13972
2/13/2023 11:24,14493
2/13/2023 11:25,14338
2/13/2023 11:25,14164
2/13/2023 11:26,13341
2/13/2023 11:26,14405
2/13/2023 11:27,13994
2/13/2023 11:27,14608
2/13/2023 11:28,14950
2/13/2023 11:28,13184
2/13/2023 11:29,13909
2/13/2023 11:30,14426
2/13/2023 11:30,13888
2/13/2023 11:31,14537
2/13/2023 11:31,14317
2/13/2023 11:32,12900
2/13/2023 11:32,13128
2/13/2023 11:33,14405
2/13/2023 11:33,13784
2/13/2023 11:34,14426
2/13/2023 11:34,14718
2/13/2023 11:35,14583
2/13/2023 11:35,14950
2/13/2023 11:36,14208
2/13/2023 11:36,14143
2/13/2023 11:37,14605
2/13/2023 11:37,14950
2/13/2023 11:38,14515
2/13/2023 11:38,13722
2/13/2023 11:39,13011
2/13/2023 11:39,13826
2/13/2023 11:40,14338
2/13/2023 11:40,13994
2/13/2023 11:41,12880
2/13/2023 11:41,15044
2/13/2023 11:42,15067
2/13/2023 11:42,13994
2/13/2023 11:43,12806
2/13/2023 11:43,14164
2/13/2023 11:44,14605
2/13/2023 11:44,14515
2/13/2023 11:45,14696
2/13/2023 11:45,13826
2/13/2023 11:46,14251
2/13/2023 11:46,14515
2/13/2023 11:47,14605
2/13/2023 11:47,15453
2/13/2023 11:48,14515
2/13/2023 11:48,14809
2/13/2023 11:49,13440
2/13/2023 11:49,14251
2/13/2023 11:50,14583
2/13/2023 11:50,14537
2/13/2023 11:51,12995
2/13/2023 11:51,13361
2/13/2023 11:52,13399
2/13/2023 11:52,13847
2/13/2023 11:53,14143
2/13/2023 11:53,14186
2/13/2023 11:54,13994
2/13/2023 11:54,14493
2/13/2023 11:55,13461
2/13/2023 11:55,14100
2/13/2023 11:56,13358
2/13/2023 11:57,13640
2/13/2023 11:57,13580
2/13/2023 11:58,14447
2/13/2023 11:58,14880
2/13/2023 11:59,13128
2/13/2023 11:59,13994
2/13/2023 12:00,14015
2/13/2023 12:00,14186
2/13/2023 12:01,14100
2/13/2023 12:01,14787
2/13/2023 12:02,14164
2/13/2023 12:02,14315
2/13/2023 12:03,14229
2/13/2023 12:03,13931
2/13/2023 12:04,13580
2/13/2023 12:04,14143
2/13/2023 12:05,14251
2/13/2023 12:05,14627
2/13/2023 12:06,14079
2/13/2023 12:06,14561
2/13/2023 12:07,14402
2/13/2023 12:07,14537
2/13/2023 12:08,14294
2/13/2023 12:08,14839
2/13/2023 12:09,14272
2/13/2023 12:09,13559
2/13/2023 12:10,14605
2/13/2023 12:10,13500
2/13/2023 12:11,14382
2/13/2023 12:11,13107
2/13/2023 12:12,14229
2/13/2023 12:12,14186
2/13/2023 12:13,14537
2/13/2023 12:13,15067
2/13/2023 12:14,14537
2/13/2023 12:14,14696
2/13/2023 12:15,12900
2/13/2023 12:15,14079
2/13/2023 12:16,14537
2/13/2023 12:16,14100
2/13/2023 12:17,14537
2/13/2023 12:17,14251
2/13/2023 12:18,14272
2/13/2023 12:18,14448
2/13/2023 12:19,13520
2/13/2023 12:19,13805
2/13/2023 12:20,14902
2/13/2023 12:20,14448
2/13/2023 12:21,14036
2/13/2023 12:21,12533
2/13/2023 12:22,14272
2/13/2023 12:22,13341
2/13/2023 12:23,14515
2/13/2023 12:24,14186
2/13/2023 12:24,14995
2/13/2023 12:25,13225
2/13/2023 12:25,12920
2/13/2023 12:26,14294
2/13/2023 12:26,14164
2/13/2023 12:27,13764
2/13/2023 12:27,15378
2/13/2023 12:28,14809
2/13/2023 12:28,14470
2/13/2023 12:29,13888
2/13/2023 12:29,14426
2/13/2023 12:30,14537
2/13/2023 12:30,14448
2/13/2023 12:31,14079
2/13/2023 12:31,14164
2/13/2023 12:32,14360
2/13/2023 12:32,14559
2/13/2023 12:33,14995
2/13/2023 12:33,14627
2/13/2023 12:34,14405
2/13/2023 12:34,15067
2/13/2023 12:35,14535
2/13/2023 12:35,14272
2/13/2023 12:36,14272
2/13/2023 12:36,13283
2/13/2023 12:37,14787
2/13/2023 12:37,14207
2/13/2023 12:38,14186
2/13/2023 12:38,15089
2/13/2023 12:39,16534
2/13/2023 12:39,14316
2/13/2023 12:40,13994
2/13/2023 12:40,14581
2/13/2023 12:41,14559
2/13/2023 12:41,13148
2/13/2023 12:42,14360
2/13/2023 12:42,14973
2/13/2023 12:43,12920
2/13/2023 12:43,14382
2/13/2023 12:44,14164
2/13/2023 12:44,14718
2/13/2023 12:45,14186
2/13/2023 12:45,12880
2/13/2023 12:46,14164
2/13/2023 12:46,14360
2/13/2023 12:47,14425
2/13/2023 12:47,13764
2/13/2023 12:48,14382
2/13/2023 12:48,14015
2/13/2023 12:49,12806
2/13/2023 12:50,13909
2/13/2023 12:50,14448
2/13/2023 12:51,14360
2/13/2023 12:51,14272
2/13/2023 12:52,14294
2/13/2023 12:52,15185
2/13/2023 12:53,14015
2/13/2023 12:53,14186
2/13/2023 12:54,14036
2/13/2023 12:54,14425
2/13/2023 12:55,14186
2/13/2023 12:55,13601
2/13/2023 12:56,14559
2/13/2023 12:56,14537
2/13/2023 12:57,14100
2/13/2023 12:57,14448
2/13/2023 12:58,13703
2/13/2023 12:58,14470
2/13/2023 12:59,14809
2/13/2023 12:59,14448
2/13/2023 13:00,14995
2/13/2023 13:00,14207
2/13/2023 13:01,14995
2/13/2023 13:01,14251
2/13/2023 13:02,14360
2/13/2023 13:02,14360
2/13/2023 13:03,14360
2/13/2023 13:03,14995
2/13/2023 13:04,14015
2/13/2023 13:04,14537
2/13/2023 13:05,15185
2/13/2023 13:05,14671
2/13/2023 13:06,14186
2/13/2023 13:06,14272
2/13/2023 13:07,13461
2/13/2023 13:07,14880
2/13/2023 13:08,14015
2/13/2023 13:08,14995
2/13/2023 13:09,15018
2/13/2023 13:09,13382
2/13/2023 13:10,14015
2/13/2023 13:10,14272
2/13/2023 13:11,14164
2/13/2023 13:11,14164
2/13/2023 13:12,14924
2/13/2023 13:12,13541
2/13/2023 13:13,14559
2/13/2023 13:13,15162
2/13/2023 13:14,14164
2/13/2023 13:14,14515
2/13/2023 13:15,14425
2/13/2023 13:15,14557
2/13/2023 13:16,14470
2/13/2023 13:17,14294
2/13/2023 13:17,14872
2/13/2023 13:18,13764
2/13/2023 13:18,14537
2/13/2023 13:19,15000
2/13/2023 13:19,14360
2/13/2023 13:20,14382
2/13/2023 13:20,14470
2/13/2023 13:21,15185
2/13/2023 13:21,14718
2/13/2023 13:22,14470
2/13/2023 13:22,13283
2/13/2023 13:23,15067
2/13/2023 13:23,14537
2/13/2023 13:24,13382
2/13/2023 13:24,14537
2/13/2023 13:25,14627
2/13/2023 13:25,14627
2/13/2023 13:26,14015
2/13/2023 13:26,14470
2/13/2023 13:27,13951
2/13/2023 13:27,14492
2/13/2023 13:28,14627
2/13/2023 13:28,14186
2/13/2023 13:29,13764
2/13/2023 13:29,13868
2/13/2023 13:30,12920
2/13/2023 13:30,12771
2/13/2023 13:31,13952
2/13/2023 13:31,13868
2/13/2023 13:32,12732
2/13/2023 13:32,13847
2/13/2023 13:33,14100
2/13/2023 13:33,13931
2/13/2023 13:34,15018
2/13/2023 13:34,14470
2/13/2023 13:35,14036
2/13/2023 13:35,14121
2/13/2023 13:36,14559
2/13/2023 13:36,14924
2/13/2023 13:37,14537
2/13/2023 13:37,13847
2/13/2023 13:38,14854
2/13/2023 13:38,14649
2/13/2023 13:39,15018
2/13/2023 13:39,15207
2/13/2023 13:40,14605
2/13/2023 13:40,14740
2/13/2023 13:41,14405
2/13/2023 13:41,14832
2/13/2023 13:42,14809
2/13/2023 13:43,15152
2/13/2023 13:43,13225
2/13/2023 13:44,14360
2/13/2023 13:44,14448
2/13/2023 13:45,14995
2/13/2023 13:45,14470
2/13/2023 13:46,14294
2/13/2023 13:46,13785
2/13/2023 13:47,14693
2/13/2023 13:47,14207
2/13/2023 13:48,14186
2/13/2023 13:48,13225
2/13/2023 13:49,14809
2/13/2023 13:49,14403
2/13/2023 13:50,14740
2/13/2023 13:50,14100
2/13/2023 13:51,13973
2/13/2023 13:51,14740
2/13/2023 13:52,14186
2/13/2023 13:52,14559
2/13/2023 13:53,13847
2/13/2023 13:53,12920
2/13/2023 13:54,15018
2/13/2023 13:54,13682
2/13/2023 13:55,14294
2/13/2023 13:55,14740
2/13/2023 13:56,14251
2/13/2023 13:56,14718
2/13/2023 13:57,12806
2/13/2023 13:57,14015
2/13/2023 13:58,13785
2/13/2023 13:58,14539
2/13/2023 13:59,14740
2/13/2023 13:59,14316
2/13/2023 14:00,14832
2/13/2023 14:00,14470
2/13/2023 14:01,13303
2/13/2023 14:01,14559
2/13/2023 14:02,14809
2/13/2023 14:02,14605
2/13/2023 14:03,14470
2/13/2023 14:03,14902
2/13/2023 14:04,15980
2/13/2023 14:04,14186
2/13/2023 14:05,13682
2/13/2023 14:05,14121
2/13/2023 14:06,13973
2/13/2023 14:06,14382
2/13/2023 14:07,13682
2/13/2023 14:07,14902
2/13/2023 14:08,14382
2/13/2023 14:08,14294
2/13/2023 14:09,14186
2/13/2023 14:10,14382
2/13/2023 14:10,14207
2/13/2023 14:11,14382
2/13/2023 14:11,14537
2/13/2023 14:12,14448
2/13/2023 14:12,14493
2/13/2023 14:13,13205
2/13/2023 14:13,13909
2/13/2023 14:14,15089
2/13/2023 14:14,14448
2/13/2023 14:15,14272
2/13/2023 14:15,13580
2/13/2023 14:16,14382
2/13/2023 14:16,13461
2/13/2023 14:17,14492
2/13/2023 14:17,13847
2/13/2023 14:18,12658
2/13/2023 14:18,14294
2/13/2023 14:19,14649
2/13/2023 14:19,14627
2/13/2023 14:20,14294
2/13/2023 14:20,14186
2/13/2023 14:21,15022
2/13/2023 14:21,14493
2/13/2023 14:22,14360
2/13/2023 14:22,14649
2/13/2023 14:23,13931
2/13/2023 14:23,13382
2/13/2023 14:24,14382
2/13/2023 14:24,14079
2/13/2023 14:25,14718
2/13/2023 14:25,12625
2/13/2023 14:26,14515
2/13/2023 14:26,13128
2/13/2023 14:27,14100
2/13/2023 14:27,15400
2/13/2023 14:28,14316
2/13/2023 14:28,14470
2/13/2023 14:29,13847
2/13/2023 14:29,13562
2/13/2023 14:30,13805
2/13/2023 14:30,14317
2/13/2023 14:31,14902
2/13/2023 14:31,14627
2/13/2023 14:32,14809
2/13/2023 14:32,15018
2/13/2023 14:33,14671
2/13/2023 14:33,14649
2/13/2023 14:34,14649
2/13/2023 14:34,14382
2/13/2023 14:35,13826
2/13/2023 14:35,14809
2/13/2023 14:36,13973
2/13/2023 14:37,15089
2/13/2023 14:37,15112
2/13/2023 14:38,13973
2/13/2023 14:38,15207
2/13/2023 14:39,14832
2/13/2023 14:39,15089
2/13/2023 14:40,15112
2/13/2023 14:40,14740
2/13/2023 14:41,14902
2/13/2023 14:41,15018
2/13/2023 14:42,14740
2/13/2023 14:42,14559
2/13/2023 14:43,14360
2/13/2023 14:43,13622
2/13/2023 14:44,14718
2/13/2023 14:44,14876
2/13/2023 14:45,14880
2/13/2023 14:45,14649
2/13/2023 14:46,14649
2/13/2023 14:46,15089
2/13/2023 14:47,14649
2/13/2023 14:47,14715
2/13/2023 14:48,14382
2/13/2023 14:48,13461
2/13/2023 14:49,14946
2/13/2023 14:49,14832
2/13/2023 14:50,15085
2/13/2023 14:50,14832
2/13/2023 14:51,14718
2/13/2023 14:51,14627
2/13/2023 14:52,14627
2/13/2023 14:52,14515
2/13/2023 14:53,14537
2/13/2023 14:53,14470
2/13/2023 14:54,14832
2/13/2023 14:54,14740
2/13/2023 14:55,14784
2/13/2023 14:55,14809
2/13/2023 14:56,14995
2/13/2023 14:56,14880
2/13/2023 14:57,14924
2/13/2023 14:57,12900
2/13/2023 14:58,14902
2/13/2023 14:58,14809
2/13/2023 14:59,14809
2/13/2023 14:59,14973
2/13/2023 15:00,12533
2/13/2023 15:00,14995
2/13/2023 15:01,14765
2/13/2023 15:01,14718
2/13/2023 15:02,13642
2/13/2023 15:03,15162
2/13/2023 15:03,14765
2/13/2023 15:04,14902
2/13/2023 15:04,14583
2/13/2023 15:05,15258
2/13/2023 15:05,15400
2/13/2023 15:06,14448
2/13/2023 15:06,14718
2/13/2023 15:07,13868
2/13/2023 15:07,13580
2/13/2023 15:08,13931
2/13/2023 15:08,15044
2/13/2023 15:09,16118
2/13/2023 15:09,13479
2/13/2023 15:10,14674
2/13/2023 15:10,14880
2/13/2023 15:11,14787
2/13/2023 15:11,13184
2/13/2023 15:12,13722
2/13/2023 15:12,15067
2/13/2023 15:13,14338
2/13/2023 15:13,14765
2/13/2023 15:14,14835
2/13/2023 15:14,13640
2/13/2023 15:15,14583
2/13/2023 15:15,15139
2/13/2023 15:16,14973
2/13/2023 15:16,14950
2/13/2023 15:17,14605
2/13/2023 15:17,14583
2/13/2023 15:18,13784
2/13/2023 15:18,14880
2/13/2023 15:19,14605
2/13/2023 15:19,15067
2/13/2023 15:20,14317
2/13/2023 15:20,14832
2/13/2023 15:21,14627
2/13/2023 15:21,14537
2/13/2023 15:22,15089
2/13/2023 15:22,13107
2/13/2023 15:23,14583
2/13/2023 15:23,13559
2/13/2023 15:24,14857
2/13/2023 15:24,15139
2/13/2023 15:25,15139
2/13/2023 15:25,13437
2/13/2023 15:26,14743
2/13/2023 15:26,15018
2/13/2023 15:27,14813
2/13/2023 15:27,13184
2/13/2023 15:28,15139
2/13/2023 15:28,14995
2/13/2023 15:29,14561
2/13/2023 15:30,14450
2/13/2023 15:30,13888
2/13/2023 15:31,14906
2/13/2023 15:31,13479
2/13/2023 15:32,14813
2/13/2023 15:32,14015
2/13/2023 15:33,15094
2/13/2023 15:33,14383
2/13/2023 15:34,13784
2/13/2023 15:34,14835
2/13/2023 15:35,15044
2/13/2023 15:35,14493
2/13/2023 15:36,13782
2/13/2023 15:36,15390
2/13/2023 15:37,14932
2/13/2023 15:37,14839
2/13/2023 15:38,14768
2/13/2023 15:38,14384
2/13/2023 15:39,14451
2/13/2023 15:39,15049
2/13/2023 15:40,13317
2/13/2023 15:40,13536
2/13/2023 15:41,14361
2/13/2023 15:41,15737
2/13/2023 15:42,15122
2/13/2023 15:42,14676
2/13/2023 15:43,14910
2/13/2023 15:43,14014
2/13/2023 15:44,14539
2/13/2023 15:44,13867
2/13/2023 15:45,14100
2/13/2023 15:45,13950
2/13/2023 15:46,14861
2/13/2023 15:46,14955
2/13/2023 15:47,14932
2/13/2023 15:47,13782
2/13/2023 15:48,13782
2/13/2023 15:48,14746
2/13/2023 15:49,14955
2/13/2023 15:49,13119
2/13/2023 15:50,14955
2/13/2023 15:50,14861
2/13/2023 15:51,14585
2/13/2023 15:51,13197
2/13/2023 15:52,14746
2/13/2023 15:52,14932
2/13/2023 15:53,14883
2/13/2023 15:53,13950
2/13/2023 15:54,14865
2/13/2023 15:54,14676
2/13/2023 15:55,14724
2/13/2023 15:55,14563
2/13/2023 15:56,13259
2/13/2023 15:57,14977
2/13/2023 15:57,14230
2/13/2023 15:58,14861
2/13/2023 15:58,13062
2/13/2023 15:59,15436
2/13/2023 15:59,15049
2/13/2023 16:00,15144
2/13/2023 16:00,14495
2/13/2023 16:01,14632
2/13/2023 16:01,14473
2/13/2023 16:02,14791
2/13/2023 16:02,14541
2/13/2023 16:03,14100
2/13/2023 16:03,14977
2/13/2023 16:04,14541
2/13/2023 16:04,15512
2/13/2023 16:05,15026
2/13/2023 16:05,14932
2/13/2023 16:06,13140
2/13/2023 16:06,14955
2/13/2023 16:07,14746
2/13/2023 16:07,14585
2/13/2023 16:08,14910
2/13/2023 16:08,15413
2/13/2023 16:09,14657
2/13/2023 16:09,15122
2/13/2023 16:10,15195
2/13/2023 16:10,15218
2/13/2023 16:11,15218
2/13/2023 16:11,14791
2/13/2023 16:12,14854
2/13/2023 16:12,14495
2/13/2023 16:13,14883
2/13/2023 16:13,12780
2/13/2023 16:14,14861
2/13/2023 16:14,14654
2/13/2023 16:15,14816
2/13/2023 16:15,14724
2/13/2023 16:16,15361
2/13/2023 16:16,14839
2/13/2023 16:17,14724
2/13/2023 16:17,13804
2/13/2023 16:18,14724
2/13/2023 16:18,15049
2/13/2023 16:19,14495
2/13/2023 16:19,14563
2/13/2023 16:20,15361
2/13/2023 16:20,14632
2/13/2023 16:21,13536
2/13/2023 16:21,14143
2/13/2023 16:22,13617
2/13/2023 16:23,15338
2/13/2023 16:23,14676
2/13/2023 16:24,14406
2/13/2023 16:24,14563
2/13/2023 16:25,14563
2/13/2023 16:25,13804
2/13/2023 16:26,15144
2/13/2023 16:26,13476
2/13/2023 16:27,14679
2/13/2023 16:27,14724
2/13/2023 16:28,14296
2/13/2023 16:28,14654
2/13/2023 16:29,14955
2/13/2023 16:29,14768
2/13/2023 16:30,14473
2/13/2023 16:30,15122
2/13/2023 16:31,14676
2/13/2023 16:31,13887
2/13/2023 16:32,14876
2/13/2023 16:32,15218
2/13/2023 16:33,15241
2/13/2023 16:33,14839
2/13/2023 16:34,15004
2/13/2023 16:34,14910
2/13/2023 16:35,14473
2/13/2023 16:35,14955
2/13/2023 16:36,14977
2/13/2023 16:36,14955
2/13/2023 16:37,14143
2/13/2023 16:37,13396
2/13/2023 16:38,14654
2/13/2023 16:38,14676
2/13/2023 16:39,14910
2/13/2023 16:39,15049
2/13/2023 16:40,13825
2/13/2023 16:40,14627
2/13/2023 16:41,15049
2/13/2023 16:41,15505
2/13/2023 16:42,15338
2/13/2023 16:42,14932
2/13/2023 16:43,15241
2/13/2023 16:43,14861
2/13/2023 16:44,14932
2/13/2023 16:44,15049
2/13/2023 16:45,15122
2/13/2023 16:45,14541
2/13/2023 16:46,14632
2/13/2023 16:46,13972
2/13/2023 16:47,13993
2/13/2023 16:47,15150
2/13/2023 16:48,14724
2/13/2023 16:48,15144
2/13/2023 16:49,13536
2/13/2023 16:50,14910
2/13/2023 16:50,13866
2/13/2023 16:51,14451
2/13/2023 16:51,12560
2/13/2023 16:52,14566
2/13/2023 16:52,14585
2/13/2023 16:53,14406
2/13/2023 16:53,13617
2/13/2023 16:54,13557
2/13/2023 16:54,15072
2/13/2023 16:55,15315
2/13/2023 16:55,15535
2/13/2023 16:56,14928
2/13/2023 16:56,14816
2/13/2023 16:57,14861
2/13/2023 16:57,14585
2/13/2023 16:58,15049
2/13/2023 16:58,15315
2/13/2023 16:59,15589
2/13/2023 16:59,15436
2/13/2023 17:00,15026
2/13/2023 17:00,15241
2/13/2023 17:01,15315
2/13/2023 17:01,15190
2/13/2023 17:02,14883
2/13/2023 17:02,13659
2/13/2023 17:03,15218
2/13/2023 17:03,14977
2/13/2023 17:04,13909
2/13/2023 17:04,15122
2/13/2023 17:05,15241
2/13/2023 17:05,14932
2/13/2023 17:06,14955
2/13/2023 17:06,15049
2/13/2023 17:07,15144
2/13/2023 17:07,14724
2/13/2023 17:08,15049
2/13/2023 17:08,15026
2/13/2023 17:09,14768
2/13/2023 17:09,15049
2/13/2023 17:10,14541
2/13/2023 17:10,14955
2/13/2023 17:11,14861
2/13/2023 17:11,15309
2/13/2023 17:12,15241
2/13/2023 17:12,14883
2/13/2023 17:13,14724
2/13/2023 17:13,15049
2/13/2023 17:14,15264
2/13/2023 17:14,14252
2/13/2023 17:15,15195
2/13/2023 17:15,15338
2/13/2023 17:16,14517
2/13/2023 17:17,14861
2/13/2023 17:17,15049
2/13/2023 17:18,14861
2/13/2023 17:18,14724
2/13/2023 17:19,13396
2/13/2023 17:19,15144
2/13/2023 17:20,14883
2/13/2023 17:20,15338
2/13/2023 17:21,13300
2/13/2023 17:21,15167
2/13/2023 17:22,13103
2/13/2023 17:22,13334
2/13/2023 17:23,13721
2/13/2023 17:23,14813
2/13/2023 17:24,13993
2/13/2023 17:24,13578
2/13/2023 17:25,15863
2/13/2023 17:25,14861
2/13/2023 17:26,15413
2/13/2023 17:26,13887
2/13/2023 17:27,15713
2/13/2023 17:27,13951
2/13/2023 17:28,13476
2/13/2023 17:28,15167
2/13/2023 17:29,14495
2/13/2023 17:29,15338
2/13/2023 17:30,14746
2/13/2023 17:30,14977
2/13/2023 17:31,14910
2/13/2023 17:31,15737
2/13/2023 17:32,15436
2/13/2023 17:32,15367
2/13/2023 17:33,13804
2/13/2023 17:33,14861
2/13/2023 17:34,14654
2/13/2023 17:34,14057
2/13/2023 17:35,15049
2/13/2023 17:35,13557
2/13/2023 17:36,15241
2/13/2023 17:36,15049
2/13/2023 17:37,15144
2/13/2023 17:37,16152
2/13/2023 17:38,14406
2/13/2023 17:38,15264
2/13/2023 17:39,15361
2/13/2023 17:39,15172
2/13/2023 17:40,14955
2/13/2023 17:40,14883
2/13/2023 17:41,14955
2/13/2023 17:41,14495
2/13/2023 17:42,13909
2/13/2023 17:43,14517
2/13/2023 17:43,14699
2/13/2023 17:44,14608
2/13/2023 17:44,14339
2/13/2023 17:45,14100
2/13/2023 17:45,14585
2/13/2023 17:46,14608
2/13/2023 17:46,14407
2/13/2023 17:47,13909
2/13/2023 17:47,14230
2/13/2023 17:48,14230
2/13/2023 17:48,13062
2/13/2023 17:49,14339
2/13/2023 17:49,14768
2/13/2023 17:50,14541
2/13/2023 17:50,14187
2/13/2023 17:51,14839
2/13/2023 17:51,15713
2/13/2023 17:52,15144
2/13/2023 17:52,14230
2/13/2023 17:53,14406
2/13/2023 17:53,14406
2/13/2023 17:54,15535
2/13/2023 17:54,14608
2/13/2023 17:55,15436
2/13/2023 17:55,14955
2/13/2023 17:56,14406
2/13/2023 17:56,13678
2/13/2023 17:57,14208
2/13/2023 17:57,14473
2/13/2023 17:58,14230
2/13/2023 17:58,15512
2/13/2023 17:59,14406
2/13/2023 17:59,14585
2/13/2023 18:00,14318
2/13/2023 18:00,14955
2/13/2023 18:01,13317
2/13/2023 18:01,15218
2/13/2023 18:02,14585
2/13/2023 18:02,14208
2/13/2023 18:03,14122
2/13/2023 18:03,14541
2/13/2023 18:04,13761
2/13/2023 18:04,14495
2/13/2023 18:05,15122
2/13/2023 18:05,14230
2/13/2023 18:06,14541
2/13/2023 18:06,14230
2/13/2023 18:07,15049
2/13/2023 18:07,14955
2/13/2023 18:08,14495
2/13/2023 18:08,14384
2/13/2023 18:09,14473
2/13/2023 18:10,14406
2/13/2023 18:10,13617
2/13/2023 18:11,15690
2/13/2023 18:11,16210
2/13/2023 18:12,14406
2/13/2023 18:12,14699
2/13/2023 18:13,15535
2/13/2023 18:13,14100
2/13/2023 18:14,14318
2/13/2023 18:14,14654
2/13/2023 18:15,14296
2/13/2023 18:15,13638
2/13/2023 18:16,14585
2/13/2023 18:16,13972
2/13/2023 18:17,14563
2/13/2023 18:17,15839
2/13/2023 18:18,15139
2/13/2023 18:18,14383
2/13/2023 18:19,14472
2/13/2023 18:19,13782
2/13/2023 18:20,14816
2/13/2023 18:20,14208
2/13/2023 18:21,14384
2/13/2023 18:21,14746
2/13/2023 18:22,15144
2/13/2023 18:22,14406
2/13/2023 18:23,14274
2/13/2023 18:23,14676
2/13/2023 18:24,14208
2/13/2023 18:24,14768
2/13/2023 18:25,15413
2/13/2023 18:25,13375
2/13/2023 18:26,14209
2/13/2023 18:26,14585
2/13/2023 18:27,14768
2/13/2023 18:27,15144
2/13/2023 18:28,14517
2/13/2023 18:28,13993
2/13/2023 18:29,14036
2/13/2023 18:29,13804
2/13/2023 18:30,15026
2/13/2023 18:30,13700
2/13/2023 18:31,14632
2/13/2023 18:31,14252
2/13/2023 18:32,15144
2/13/2023 18:32,15241
2/13/2023 18:33,15122
2/13/2023 18:33,15482
2/13/2023 18:34,14768
2/13/2023 18:34,15338
2/13/2023 18:35,14057
2/13/2023 18:35,14036
2/13/2023 18:36,14473
2/13/2023 18:37,14541
2/13/2023 18:37,15338
2/13/2023 18:38,14406
2/13/2023 18:38,14652
2/13/2023 18:39,15338
2/13/2023 18:39,13887
2/13/2023 18:40,14608
2/13/2023 18:40,14955
2/13/2023 18:41,14768
2/13/2023 18:41,15049
2/13/2023 18:42,15338
2/13/2023 18:42,14816
2/13/2023 18:43,14585
2/13/2023 18:43,14676
2/13/2023 18:44,15122
2/13/2023 18:44,14384
2/13/2023 18:45,14406
2/13/2023 18:45,15659
2/13/2023 18:46,14495
2/13/2023 18:46,14563
2/13/2023 18:47,14630
2/13/2023 18:47,14495
2/13/2023 18:48,14339
2/13/2023 18:48,15122
2/13/2023 18:49,14959
2/13/2023 18:49,14676
2/13/2023 18:50,14495
2/13/2023 18:50,14473
2/13/2023 18:51,14955
2/13/2023 18:51,13536
2/13/2023 18:52,13972
2/13/2023 18:52,13887
2/13/2023 18:53,15122
2/13/2023 18:53,15241
2/13/2023 18:54,14724
2/13/2023 18:54,14768
2/13/2023 18:55,14208
2/13/2023 18:55,15067
2/13/2023 18:56,14861
2/13/2023 18:56,13700
2/13/2023 18:57,15241
2/13/2023 18:57,15559
2/13/2023 18:58,14654
2/13/2023 18:58,15512
2/13/2023 18:59,15026
2/13/2023 18:59,15344
2/13/2023 19:00,14231
2/13/2023 19:00,14495
2/13/2023 19:01,15839
2/13/2023 19:01,14768
2/13/2023 19:02,14676
2/13/2023 19:03,14585
2/13/2023 19:03,14861
2/13/2023 19:04,14495
2/13/2023 19:04,15338
2/13/2023 19:05,14932
2/13/2023 19:05,14816
2/13/2023 19:06,14746
2/13/2023 19:06,14768
2/13/2023 19:07,14057
2/13/2023 19:07,15338
2/13/2023 19:08,14721
2/13/2023 19:08,14654
2/13/2023 19:09,14429
2/13/2023 19:09,14585
2/13/2023 19:10,14036
2/13/2023 19:10,13804
2/13/2023 19:11,14608
2/13/2023 19:11,14608
2/13/2023 19:12,14143
2/13/2023 19:12,14746
2/13/2023 19:13,14563
2/13/2023 19:13,14585
2/13/2023 19:14,14473
2/13/2023 19:14,14318
2/13/2023 19:15,15566
2/13/2023 19:15,15636
2/13/2023 19:16,15049
2/13/2023 19:16,14959
2/13/2023 19:17,15275
2/13/2023 19:17,14654
2/13/2023 19:18,14861
2/13/2023 19:18,14585
2/13/2023 19:19,14407
2/13/2023 19:19,15413
2/13/2023 19:20,14585
2/13/2023 19:20,15144
2/13/2023 19:21,14406
2/13/2023 19:21,15636
2/13/2023 19:22,14676
2/13/2023 19:22,15713
2/13/2023 19:23,15026
2/13/2023 19:23,14768
2/13/2023 19:24,15839
2/13/2023 19:24,14230
2/13/2023 19:25,15737
2/13/2023 19:25,15338
2/13/2023 19:26,15315
2/13/2023 19:26,15332
2/13/2023 19:27,15459
2/13/2023 19:27,15190
2/13/2023 19:28,14428
2/13/2023 19:28,14079
2/13/2023 19:29,14472
2/13/2023 19:30,14165
2/13/2023 19:30,14585
2/13/2023 19:31,14406
2/13/2023 19:31,14406
2/13/2023 19:32,15264
2/13/2023 19:32,14450
2/13/2023 19:33,14252
2/13/2023 19:33,14768
2/13/2023 19:34,14539
2/13/2023 19:34,15072
2/13/2023 19:35,14428
2/13/2023 19:35,14563
2/13/2023 19:36,14861
2/13/2023 19:36,14883
2/13/2023 19:37,14361
2/13/2023 19:37,14186
2/13/2023 19:38,14654
2/13/2023 19:38,14428
2/13/2023 19:39,14230
2/13/2023 19:39,14428
2/13/2023 19:40,15286
2/13/2023 19:40,14676
2/13/2023 19:41,15117
2/13/2023 19:41,14630
2/13/2023 19:42,14272
2/13/2023 19:42,14405
2/13/2023 19:43,14699
2/13/2023 19:43,15863
2/13/2023 19:44,14835
2/13/2023 19:44,15784
2/13/2023 19:45,14186
2/13/2023 19:45,15190
2/13/2023 19:46,15886
2/13/2023 19:46,16306
2/13/2023 19:47,15286
2/13/2023 19:47,14906
2/13/2023 19:48,15286
2/13/2023 19:48,15886
2/13/2023 19:49,14627
2/13/2023 19:49,14517
2/13/2023 19:50,15384
2/13/2023 19:50,14539
2/13/2023 19:51,15190
2/13/2023 19:51,14079
2/13/2023 19:52,15436
2/13/2023 19:52,14295
2/13/2023 19:53,15760
2/13/2023 19:53,14339
2/13/2023 19:54,14273
2/13/2023 19:54,13846
2/13/2023 19:55,15094
2/13/2023 19:55,14699
2/13/2023 19:56,15049
2/13/2023 19:57,14426
2/13/2023 19:57,15384
2/13/2023 19:58,14743
2/13/2023 19:58,14608
2/13/2023 19:59,14950
2/13/2023 19:59,15682
2/13/2023 20:00,14539
2/13/2023 20:00,14361
2/13/2023 20:01,14079
2/13/2023 20:01,15190
2/13/2023 20:02,14517
2/13/2023 20:02,14273
2/13/2023 20:03,15000
2/13/2023 20:03,14295
2/13/2023 20:04,15094
2/13/2023 20:04,14208
2/13/2023 20:05,15482
2/13/2023 20:05,15000
2/13/2023 20:06,13518
2/13/2023 20:06,15072
2/13/2023 20:07,13559
2/13/2023 20:07,14450
2/13/2023 20:08,14143
2/13/2023 20:08,14791
2/13/2023 20:09,15989
2/13/2023 20:09,14450
2/13/2023 20:10,15575
2/13/2023 20:10,14883
2/13/2023 20:11,14517
2/13/2023 20:11,14517
2/13/2023 20:12,14318
2/13/2023 20:12,14339
2/13/2023 20:13,15122
2/13/2023 20:13,15139
2/13/2023 20:14,14699
2/13/2023 20:14,14517
2/13/2023 20:15,14165
2/13/2023 20:15,14428
2/13/2023 20:16,14768
2/13/2023 20:16,14517
2/13/2023 20:17,15000
2/13/2023 20:17,15436
2/13/2023 20:18,15338
2/13/2023 20:18,14428
2/13/2023 20:19,14252
2/13/2023 20:19,14906
2/13/2023 20:20,16084
2/13/2023 20:20,15966
2/13/2023 20:21,14608
2/13/2023 20:21,13721
2/13/2023 20:22,14539
2/13/2023 20:23,14406
2/13/2023 20:23,15459
2/13/2023 20:24,14906
2/13/2023 20:24,15094
2/13/2023 20:25,15384
2/13/2023 20:25,14015
2/13/2023 20:26,15213
2/13/2023 20:26,14699
2/13/2023 20:27,14652
2/13/2023 20:27,14652
2/13/2023 20:28,14450
2/13/2023 20:28,15286
2/13/2023 20:29,14561
2/13/2023 20:29,14383
2/13/2023 20:30,15682
2/13/2023 20:30,14450
2/13/2023 20:31,14450
2/13/2023 20:31,15286
2/13/2023 20:32,14339
2/13/2023 20:32,15582
2/13/2023 20:33,15286
2/13/2023 20:33,14015
2/13/2023 20:34,14036
2/13/2023 20:34,14428
2/13/2023 20:35,15863
2/13/2023 20:35,13518
2/13/2023 20:36,13951
2/13/2023 20:36,13701
2/13/2023 20:37,14699
2/13/2023 20:37,14383
2/13/2023 20:38,14539
2/13/2023 20:38,14906
2/13/2023 20:39,15784
2/13/2023 20:39,14652
2/13/2023 20:40,14383
2/13/2023 20:40,14857
2/13/2023 20:41,14928
2/13/2023 20:41,14813
2/13/2023 20:42,14977
2/13/2023 20:42,15582
2/13/2023 20:43,14472
2/13/2023 20:43,14906
2/13/2023 20:44,14906
2/13/2023 20:44,13557
2/13/2023 20:45,15505
2/13/2023 20:45,14883
2/13/2023 20:46,14652
2/13/2023 20:46,15521
2/13/2023 20:47,14428
2/13/2023 20:47,14426
2/13/2023 20:48,13951
2/13/2023 20:48,15886
2/13/2023 20:49,15384
2/13/2023 20:50,15505
2/13/2023 20:50,13867
2/13/2023 20:51,14835
2/13/2023 20:51,15281
2/13/2023 20:52,16060
2/13/2023 20:52,15044
2/13/2023 20:53,14383
2/13/2023 20:53,14493
2/13/2023 20:54,15072
2/13/2023 20:54,16141
2/13/2023 20:55,14539
2/13/2023 20:55,14928
2/13/2023 20:56,14898
2/13/2023 20:56,15309
2/13/2023 20:57,14608
2/13/2023 20:57,14630
2/13/2023 20:58,14383
2/13/2023 20:58,14583
2/13/2023 20:59,14512
2/13/2023 20:59,13784
2/13/2023 21:00,14765
2/13/2023 21:00,14229
2/13/2023 21:01,14950
2/13/2023 21:01,14186
2/13/2023 21:02,15218
2/13/2023 21:02,13888
2/13/2023 21:03,14493
2/13/2023 21:03,15430
2/13/2023 21:04,14674
2/13/2023 21:04,15044
2/13/2023 21:05,13399
2/13/2023 21:05,15430
2/13/2023 21:06,16223
2/13/2023 21:06,15139
2/13/2023 21:07,14493
2/13/2023 21:07,14229
2/13/2023 21:08,15628
2/13/2023 21:08,15942
2/13/2023 21:09,14583
2/13/2023 21:09,15235
2/13/2023 21:10,15910
2/13/2023 21:10,14718
2/13/2023 21:11,14652
2/13/2023 21:11,14493
2/13/2023 21:12,15384
2/13/2023 21:12,15528
2/13/2023 21:13,14787
2/13/2023 21:13,14674
2/13/2023 21:14,14928
2/13/2023 21:14,15582
2/13/2023 21:15,15332
2/13/2023 21:15,14743
2/13/2023 21:16,14448
2/13/2023 21:17,14561
2/13/2023 21:17,15528
2/13/2023 21:18,14630
2/13/2023 21:18,14928
2/13/2023 21:19,14561
2/13/2023 21:19,15854
2/13/2023 21:20,14809
2/13/2023 21:20,15139
2/13/2023 21:21,14950
2/13/2023 21:21,15729
2/13/2023 21:22,14472
2/13/2023 21:22,14906
2/13/2023 21:23,14583
2/13/2023 21:23,14426
2/13/2023 21:24,14950
2/13/2023 21:24,14537
2/13/2023 21:25,15910
2/13/2023 21:25,15018
2/13/2023 21:26,15430
2/13/2023 21:26,14450
2/13/2023 21:27,14472
2/13/2023 21:27,15775
2/13/2023 21:28,14581
2/13/2023 21:28,14835
2/13/2023 21:29,13951
2/13/2023 21:29,14857
2/13/2023 21:30,14791
2/13/2023 21:30,14652
2/13/2023 21:31,14539
2/13/2023 21:31,15966
2/13/2023 21:32,14928
2/13/2023 21:32,14883
2/13/2023 21:33,14630
2/13/2023 21:33,14273
2/13/2023 21:34,14743
2/13/2023 21:34,15605
2/13/2023 21:35,14973
2/13/2023 21:35,15384
2/13/2023 21:36,13972
2/13/2023 21:36,15682
2/13/2023 21:37,14539
2/13/2023 21:37,14765
2/13/2023 21:38,14036
2/13/2023 21:38,15235
2/13/2023 21:39,15605
2/13/2023 21:39,14973
2/13/2023 21:40,14539
2/13/2023 21:40,15309
2/13/2023 21:41,14668
2/13/2023 21:41,14743
2/13/2023 21:42,15320
2/13/2023 21:43,14493
2/13/2023 21:43,15117
2/13/2023 21:44,15044
2/13/2023 21:44,14674
2/13/2023 21:45,14450
2/13/2023 21:45,15505
2/13/2023 21:46,15482
2/13/2023 21:46,15326
2/13/2023 21:47,16223
2/13/2023 21:47,14995
2/13/2023 21:48,14737
2/13/2023 21:48,14743
2/13/2023 21:49,15407
2/13/2023 21:49,14583
2/13/2023 21:50,14630
2/13/2023 21:50,14539
2/13/2023 21:51,14121
2/13/2023 21:51,15482
2/13/2023 21:52,14428
2/13/2023 21:52,15235
2/13/2023 21:53,13867
2/13/2023 21:53,14652
2/13/2023 21:54,14561
2/13/2023 21:54,15117
2/13/2023 21:55,14208
2/13/2023 21:55,14493
2/13/2023 21:56,16108
2/13/2023 21:56,14743
2/13/2023 21:57,14186
2/13/2023 21:57,14472
2/13/2023 21:58,15139
2/13/2023 21:58,14674
2/13/2023 21:59,14493
2/13/2023 21:59,14721
2/13/2023 22:00,13640
2/13/2023 22:00,14583
2/13/2023 22:01,15989
2/13/2023 22:01,14493
2/13/2023 22:02,14472
2/13/2023 22:02,14652
2/13/2023 22:03,14671
2/13/2023 22:03,14229
2/13/2023 22:04,14583
2/13/2023 22:04,14405
2/13/2023 22:05,14835
2/13/2023 22:05,14696
2/13/2023 22:06,13680
2/13/2023 22:06,14950
2/13/2023 22:07,14630
2/13/2023 22:07,14977
2/13/2023 22:08,14928
2/13/2023 22:08,14743
2/13/2023 22:09,14295
2/13/2023 22:10,13701
2/13/2023 22:10,14405
2/13/2023 22:11,14295
2/13/2023 22:11,14515
2/13/2023 22:12,14361
2/13/2023 22:12,14743
2/13/2023 22:13,15582
2/13/2023 22:13,14317
2/13/2023 22:14,14674
2/13/2023 22:14,14493
2/13/2023 22:15,15094
2/13/2023 22:15,14765
2/13/2023 22:16,14652
2/13/2023 22:16,14765
2/13/2023 22:17,14950
2/13/2023 22:17,14765
2/13/2023 22:18,14880
2/13/2023 22:18,15551
2/13/2023 22:19,15729
2/13/2023 22:19,15430
2/13/2023 22:20,14605
2/13/2023 22:20,15094
2/13/2023 22:21,15309
2/13/2023 22:21,15528
2/13/2023 22:22,14539
2/13/2023 22:22,13661
2/13/2023 22:23,14360
2/13/2023 22:23,15989
2/13/2023 22:24,16037
2/13/2023 22:24,14405
2/13/2023 22:25,14835
2/13/2023 22:25,15309
2/13/2023 22:26,15628
2/13/2023 22:26,15162
2/13/2023 22:27,15355
2/13/2023 22:27,15167
2/13/2023 22:28,14561
2/13/2023 22:28,15407
2/13/2023 22:29,14608
2/13/2023 22:29,15628
2/13/2023 22:30,14928
2/13/2023 22:30,14561
2/13/2023 22:31,16037
2/13/2023 22:31,14950
2/13/2023 22:32,14928
2/13/2023 22:32,14813
2/13/2023 22:33,14835
2/13/2023 22:33,16414
2/13/2023 22:34,15022
2/13/2023 22:34,17283
2/13/2023 22:35,15022
2/13/2023 22:36,14627
2/13/2023 22:36,14743
2/13/2023 22:37,14835
2/13/2023 22:37,16013
2/13/2023 22:38,14561
2/13/2023 22:38,14450
2/13/2023 22:39,14743
2/13/2023 22:39,14950
2/13/2023 22:40,15117
2/13/2023 22:40,15705
2/13/2023 22:41,14813
2/13/2023 22:41,16657
2/13/2023 22:42,14906
2/13/2023 22:42,14928
2/13/2023 22:43,14835
2/13/2023 22:43,14765
2/13/2023 22:44,14743
2/13/2023 22:44,14809
2/13/2023 22:45,14835
2/13/2023 22:45,15361
2/13/2023 22:46,15309
2/13/2023 22:46,14605
2/13/2023 22:47,15682
2/13/2023 22:47,15505
2/13/2023 22:48,14721
2/13/2023 22:48,14630
2/13/2023 22:49,14813
2/13/2023 22:49,15213
2/13/2023 22:50,14743
2/13/2023 22:50,14539
2/13/2023 22:51,14835
2/13/2023 22:51,15910
2/13/2023 22:52,14472
2/13/2023 22:52,14880
2/13/2023 22:53,14273
2/13/2023 22:53,15286
2/13/2023 22:54,14630
2/13/2023 22:54,15094
2/13/2023 22:55,14495
2/13/2023 22:55,14630
2/13/2023 22:56,14561
2/13/2023 22:56,14813
2/13/2023 22:57,14630
2/13/2023 22:57,16141
2/13/2023 22:58,14835
2/13/2023 22:58,15190
2/13/2023 22:59,14743
2/13/2023 22:59,15384
2/13/2023 23:00,15258
2/13/2023 23:00,14977
2/13/2023 23:01,15172
2/13/2023 23:01,14743
2/13/2023 23:02,14861
2/13/2023 23:03,15582
2/13/2023 23:03,14361
2/13/2023 23:04,14585
2/13/2023 23:04,14652
2/13/2023 23:05,15044
2/13/2023 23:05,14813
2/13/2023 23:06,15000
2/13/2023 23:06,15407
2/13/2023 23:07,15213
2/13/2023 23:07,14450
2/13/2023 23:08,14813
2/13/2023 23:08,14057
2/13/2023 23:09,14383
2/13/2023 23:09,14813
2/13/2023 23:10,14361
2/13/2023 23:10,14450
2/13/2023 23:11,14472
2/13/2023 23:11,14515
2/13/2023 23:12,14079
2/13/2023 23:12,14539
2/13/2023 23:13,14539
2/13/2023 23:13,14743
2/13/2023 23:14,14561
2/13/2023 23:14,14743
2/13/2023 23:15,14674
2/13/2023 23:15,14721
2/13/2023 23:16,14721
2/13/2023 23:16,14493
2/13/2023 23:17,14561
2/13/2023 23:17,14630
2/13/2023 23:18,14036
2/13/2023 23:18,14036
2/13/2023 23:19,14561
2/13/2023 23:19,13867
2/13/2023 23:20,14721
2/13/2023 23:20,14676
2/13/2023 23:21,14721
2/13/2023 23:21,14447
2/13/2023 23:22,15049
2/13/2023 23:22,15807
2/13/2023 23:23,15807
2/13/2023 23:23,14405
2/13/2023 23:24,15309
2/13/2023 23:24,15910
2/13/2023 23:25,13680
2/13/2023 23:25,15190
2/13/2023 23:26,14608
2/13/2023 23:26,15022
2/13/2023 23:27,14561
2/13/2023 23:27,14857
2/13/2023 23:28,15705
2/13/2023 23:28,14693
2/13/2023 23:29,14295
2/13/2023 23:30,15000
2/13/2023 23:30,15258
2/13/2023 23:31,15094
2/13/2023 23:31,14743
2/13/2023 23:32,14950
2/13/2023 23:32,15830
2/13/2023 23:33,14946
2/13/2023 23:33,14561
2/13/2023 23:34,14857
2/13/2023 23:34,14995
2/13/2023 23:35,15022
2/13/2023 23:35,14743
2/13/2023 23:36,15528
2/13/2023 23:36,15117
2/13/2023 23:37,14493
2/13/2023 23:37,14950
2/13/2023 23:38,14405
2/13/2023 23:38,14537
2/13/2023 23:39,15628
2/13/2023 23:39,14696
2/13/2023 23:40,14765
2/13/2023 23:40,15309
2/13/2023 23:41,15784
2/13/2023 23:41,14765
2/13/2023 23:42,14605
2/13/2023 23:42,14630
2/13/2023 23:43,15752
2/13/2023 23:43,15752
2/13/2023 23:44,15830
2/13/2023 23:44,14143
2/13/2023 23:45,15112
2/13/2023 23:45,15258
2/13/2023 23:46,16223
2/13/2023 23:46,14765
2/13/2023 23:47,14583
2/13/2023 23:47,14906
2/13/2023 23:48,15258
2/13/2023 23:48,14902
2/13/2023 23:49,16571
2/13/2023 23:49,14965
2/13/2023 23:50,14765
2/13/2023 23:50,14743
2/13/2023 23:51,16118
2/13/2023 23:51,14928
2/13/2023 23:52,14674
2/13/2023 23:52,15044
2/13/2023 23:53,15957
2/13/2023 23:53,14973
2/13/2023 23:54,14906
2/13/2023 23:54,15044
2/13/2023 23:55,14950
2/13/2023 23:56,14561
2/13/2023 23:56,14765
2/13/2023 23:57,14787
2/13/2023 23:57,14787
2/13/2023 23:58,14876
2/13/2023 23:58,14690
2/13/2023 23:59,15989
2/13/2023 23:59,14208
2/14/2023 0:00,15476
2/14/2023 0:00,14472
2/14/2023 0:01,15667
2/14/2023 0:01,15094
2/14/2023 0:02,15332
2/14/2023 0:02,14696
2/14/2023 0:03,15989
2/14/2023 0:03,15430
2/14/2023 0:04,14271
2/14/2023 0:04,13559
2/14/2023 0:05,15582
2/14/2023 0:05,16306
2/14/2023 0:06,16354
2/14/2023 0:06,14674
2/14/2023 0:07,14721
2/14/2023 0:07,16118
2/14/2023 0:08,15190
2/14/2023 0:08,14583
2/14/2023 0:09,14583
2/14/2023 0:09,13888
2/14/2023 0:10,14857
2/14/2023 0:10,14950
2/14/2023 0:11,14674
2/14/2023 0:11,14121
2/14/2023 0:12,13320
2/14/2023 0:12,15482
2/14/2023 0:13,14472
2/14/2023 0:13,16037
2/14/2023 0:14,15235
2/14/2023 0:14,16247
2/14/2023 0:15,15117
2/14/2023 0:15,15332
2/14/2023 0:16,14743
2/14/2023 0:16,16141
2/14/2023 0:17,15117
2/14/2023 0:17,14743
2/14/2023 0:18,14835
2/14/2023 0:18,15407
2/14/2023 0:19,14674
2/14/2023 0:19,15575
2/14/2023 0:20,15117
2/14/2023 0:20,14472
2/14/2023 0:21,14383
2/14/2023 0:21,15705
2/14/2023 0:22,14295
2/14/2023 0:23,14928
2/14/2023 0:23,14699
2/14/2023 0:24,16176
2/14/2023 0:24,14743
2/14/2023 0:25,14583
2/14/2023 0:25,14100
2/14/2023 0:26,15213
2/14/2023 0:26,14928
2/14/2023 0:27,14405
2/14/2023 0:27,14928
2/14/2023 0:28,14652
2/14/2023 0:28,14743
2/14/2023 0:29,16199
2/14/2023 0:29,15022
2/14/2023 0:30,14472
2/14/2023 0:30,14561
2/14/2023 0:31,14630
2/14/2023 0:31,15971
2/14/2023 0:32,14696
2/14/2023 0:32,15167
2/14/2023 0:33,14928
2/14/2023 0:33,15682
2/14/2023 0:34,14906
2/14/2023 0:34,14765
2/14/2023 0:35,15839
2/14/2023 0:35,15117
2/14/2023 0:36,15167
2/14/2023 0:36,15286
2/14/2023 0:37,14857
2/14/2023 0:37,14835
2/14/2023 0:38,15682
2/14/2023 0:38,14880
2/14/2023 0:39,14835
2/14/2023 0:39,14743
2/14/2023 0:40,15682
2/14/2023 0:40,14743
2/14/2023 0:41,16070
2/14/2023 0:41,14813
2/14/2023 0:42,14813
2/14/2023 0:42,15407
2/14/2023 0:43,15022
2/14/2023 0:43,16247
2/14/2023 0:44,15309
2/14/2023 0:44,15167
2/14/2023 0:45,13722
2/14/2023 0:45,15407
2/14/2023 0:46,15886
2/14/2023 0:46,14928
2/14/2023 0:47,15886
2/14/2023 0:47,14493
2/14/2023 0:48,15022
2/14/2023 0:49,14652
2/14/2023 0:49,15384
2/14/2023 0:50,13659
2/14/2023 0:50,15000
2/14/2023 0:51,14718
2/14/2023 0:51,14977
2/14/2023 0:52,15582
2/14/2023 0:52,16176
2/14/2023 0:53,14721
2/14/2023 0:53,14839
2/14/2023 0:54,16306
2/14/2023 0:54,14835
2/14/2023 0:55,14721
2/14/2023 0:55,14625
2/14/2023 0:56,14832
2/14/2023 0:56,15004
2/14/2023 0:57,15605
2/14/2023 0:57,15286
2/14/2023 0:58,15094
2/14/2023 0:58,14906
2/14/2023 0:59,15784
2/14/2023 0:59,14608
2/14/2023 1:00,15213
2/14/2023 1:00,14791
2/14/2023 1:01,14630
2/14/2023 1:01,15886
2/14/2023 1:02,15886
2/14/2023 1:02,15190
2/14/2023 1:03,14428
2/14/2023 1:03,15286
2/14/2023 1:04,15094
2/14/2023 1:04,14630
2/14/2023 1:05,14473
2/14/2023 1:05,14765
2/14/2023 1:06,15286
2/14/2023 1:06,14721
2/14/2023 1:07,14100
2/14/2023 1:07,14906
2/14/2023 1:08,15682
2/14/2023 1:08,14721
2/14/2023 1:09,15682
2/14/2023 1:09,14561
2/14/2023 1:10,14252
2/14/2023 1:10,14699
2/14/2023 1:11,14791
2/14/2023 1:11,15799
2/14/2023 1:12,15094
2/14/2023 1:12,14100
2/14/2023 1:13,14883
2/14/2023 1:13,15072
2/14/2023 1:14,14813
2/14/2023 1:14,14813
2/14/2023 1:15,15659
2/14/2023 1:16,14699
2/14/2023 1:16,15292
2/14/2023 1:17,14428
2/14/2023 1:17,14539
2/14/2023 1:18,14674
2/14/2023 1:18,14950
2/14/2023 1:19,15094
2/14/2023 1:19,15737
2/14/2023 1:20,15535
2/14/2023 1:20,14517
2/14/2023 1:21,14630
2/14/2023 1:21,15286
2/14/2023 1:22,14791
2/14/2023 1:22,15094
2/14/2023 1:23,14515
2/14/2023 1:23,14450
2/14/2023 1:24,14608
2/14/2023 1:24,14585
2/14/2023 1:25,14883
2/14/2023 1:25,14608
2/14/2023 1:26,14630
2/14/2023 1:26,15107
2/14/2023 1:27,14608
2/14/2023 1:27,15482
2/14/2023 1:28,15559
2/14/2023 1:28,15535
2/14/2023 1:29,15989
2/14/2023 1:29,15072
2/14/2023 1:30,15863
2/14/2023 1:30,15535
2/14/2023 1:31,15775
2/14/2023 1:31,16390
2/14/2023 1:32,15863
2/14/2023 1:32,15863
2/14/2023 1:33,15275
2/14/2023 1:33,14517
2/14/2023 1:34,15049
2/14/2023 1:34,14791
2/14/2023 1:35,14906
2/14/2023 1:35,15094
2/14/2023 1:36,15000
2/14/2023 1:36,14428
2/14/2023 1:37,14428
2/14/2023 1:37,14608
2/14/2023 1:38,15582
2/14/2023 1:38,14517
2/14/2023 1:39,14652
2/14/2023 1:39,14585
2/14/2023 1:40,16176
2/14/2023 1:40,14339
2/14/2023 1:41,14361
2/14/2023 1:41,15049
2/14/2023 1:42,14959
2/14/2023 1:43,15659
2/14/2023 1:43,14428
2/14/2023 1:44,14906
2/14/2023 1:44,14813
2/14/2023 1:45,14721
2/14/2023 1:45,15000
2/14/2023 1:46,16128
2/14/2023 1:46,14699
2/14/2023 1:47,15863
2/14/2023 1:47,14743
2/14/2023 1:48,14721
2/14/2023 1:48,14652
2/14/2023 1:49,14517
2/14/2023 1:49,15839
2/14/2023 1:50,15361
2/14/2023 1:50,14539
2/14/2023 1:51,14883
2/14/2023 1:51,14828
2/14/2023 1:52,14495
2/14/2023 1:52,15535
2/14/2023 1:53,15667
2/14/2023 1:53,15292
2/14/2023 1:54,14977
2/14/2023 1:54,14339
2/14/2023 1:55,14721
2/14/2023 1:55,14428
2/14/2023 1:56,14955
2/14/2023 1:56,15436
2/14/2023 1:57,14539
2/14/2023 1:57,14339
2/14/2023 1:58,14428
2/14/2023 1:58,14724
2/14/2023 1:59,15264
2/14/2023 1:59,15264
2/14/2023 2:00,15384
2/14/2023 2:00,14676
2/14/2023 2:01,14676
2/14/2023 2:01,14273
2/14/2023 2:02,14791
2/14/2023 2:02,16070
2/14/2023 2:03,15264
2/14/2023 2:03,15535
2/14/2023 2:04,14541
2/14/2023 2:04,14791
2/14/2023 2:05,14539
2/14/2023 2:05,14517
2/14/2023 2:06,16831
2/14/2023 2:06,15072
2/14/2023 2:07,14676
2/14/2023 2:07,14791
2/14/2023 2:08,13825
2/14/2023 2:09,14585
2/14/2023 2:09,15643
2/14/2023 2:10,15117
2/14/2023 2:10,14608
2/14/2023 2:11,14791
2/14/2023 2:11,15384
2/14/2023 2:12,16070
2/14/2023 2:12,15863
2/14/2023 2:13,16046
2/14/2023 2:13,14955
2/14/2023 2:14,15094
2/14/2023 2:14,14676
2/14/2023 2:15,15338
2/14/2023 2:15,16258
2/14/2023 2:16,15659
2/14/2023 2:16,16258
2/14/2023 2:17,14517
2/14/2023 2:17,14654
2/14/2023 2:18,15760
2/14/2023 2:18,14517
2/14/2023 2:19,14791
2/14/2023 2:19,16450
2/14/2023 2:20,15636
2/14/2023 2:20,15315
2/14/2023 2:21,14627
2/14/2023 2:21,14450
2/14/2023 2:22,14517
2/14/2023 2:22,15167
2/14/2023 2:23,15784
2/14/2023 2:23,14318
2/14/2023 2:24,15049
2/14/2023 2:24,15966
2/14/2023 2:25,15072
2/14/2023 2:25,14676
2/14/2023 2:26,14977
2/14/2023 2:26,14955
2/14/2023 2:27,14813
2/14/2023 2:27,15072
2/14/2023 2:28,14517
2/14/2023 2:28,14768
2/14/2023 2:29,14165
2/14/2023 2:29,15559
2/14/2023 2:30,15737
2/14/2023 2:30,14699
2/14/2023 2:31,14630
2/14/2023 2:31,14339
2/14/2023 2:32,15459
2/14/2023 2:32,14608
2/14/2023 2:33,16282
2/14/2023 2:33,14585
2/14/2023 2:34,14630
2/14/2023 2:34,14699
2/14/2023 2:35,14768
2/14/2023 2:36,14252
2/14/2023 2:36,15659
2/14/2023 2:37,15482
2/14/2023 2:37,15213
2/14/2023 2:38,15682
2/14/2023 2:38,15863
2/14/2023 2:39,13993
2/14/2023 2:39,14932
2/14/2023 2:40,15072
2/14/2023 2:40,14230
2/14/2023 2:41,14746
2/14/2023 2:41,14977
2/14/2023 2:42,16293
2/14/2023 2:42,14495
2/14/2023 2:43,14791
2/14/2023 2:43,14654
2/14/2023 2:44,14450
2/14/2023 2:44,14791
2/14/2023 2:45,14721
2/14/2023 2:45,14699
2/14/2023 2:46,14608
2/14/2023 2:46,14339
2/14/2023 2:47,14883
2/14/2023 2:47,14861
2/14/2023 2:48,14906
2/14/2023 2:48,14749
2/14/2023 2:49,15760
2/14/2023 2:49,14791
2/14/2023 2:50,14608
2/14/2023 2:50,14165
2/14/2023 2:51,15218
2/14/2023 2:51,14632
2/14/2023 2:52,14839
2/14/2023 2:52,15636
2/14/2023 2:53,14384
2/14/2023 2:53,14230
2/14/2023 2:54,14318
2/14/2023 2:54,16366
2/14/2023 2:55,14608
2/14/2023 2:55,14384
2/14/2023 2:56,14699
2/14/2023 2:56,14585
2/14/2023 2:57,14791
2/14/2023 2:57,15167
2/14/2023 2:58,15338
2/14/2023 2:58,14517
2/14/2023 2:59,14861
2/14/2023 2:59,15338
2/14/2023 3:00,15659
2/14/2023 3:00,14608
2/14/2023 3:01,13337
2/14/2023 3:01,15315
2/14/2023 3:02,13993
2/14/2023 3:03,14861
2/14/2023 3:03,14768
2/14/2023 3:04,14654
2/14/2023 3:04,13825
2/14/2023 3:05,15644
2/14/2023 3:05,14977
2/14/2023 3:06,14839
2/14/2023 3:06,14861
2/14/2023 3:07,15760
2/14/2023 3:07,15026
2/14/2023 3:08,14608
2/14/2023 3:08,15659
2/14/2023 3:09,15760
2/14/2023 3:09,16342
2/14/2023 3:10,14699
2/14/2023 3:10,14318
2/14/2023 3:11,15338
2/14/2023 3:11,15816
2/14/2023 3:12,14861
2/14/2023 3:12,14955
2/14/2023 3:13,14955
2/14/2023 3:13,14955
2/14/2023 3:14,14318
2/14/2023 3:14,14339
2/14/2023 3:15,14883
2/14/2023 3:15,15535
2/14/2023 3:16,15886
2/14/2023 3:16,15338
2/14/2023 3:17,14699
2/14/2023 3:17,14839
2/14/2023 3:18,14539
2/14/2023 3:18,13972
2/14/2023 3:19,15072
2/14/2023 3:19,14768
2/14/2023 3:20,15966
2/14/2023 3:20,15636
2/14/2023 3:21,14563
2/14/2023 3:21,14794
2/14/2023 3:22,14861
2/14/2023 3:22,15436
2/14/2023 3:23,15760
2/14/2023 3:23,15512
2/14/2023 3:24,16152
2/14/2023 3:24,14977
2/14/2023 3:25,15338
2/14/2023 3:25,14563
2/14/2023 3:26,15919
2/14/2023 3:26,15459
2/14/2023 3:27,14585
2/14/2023 3:27,14608
2/14/2023 3:28,14473
2/14/2023 3:28,15636
2/14/2023 3:29,15049
2/14/2023 3:30,15167
2/14/2023 3:30,14768
2/14/2023 3:31,14585
2/14/2023 3:31,14791
2/14/2023 3:32,15049
2/14/2023 3:32,14699
2/14/2023 3:33,15195
2/14/2023 3:33,14955
2/14/2023 3:34,14339
2/14/2023 3:34,14791
2/14/2023 3:35,15026
2/14/2023 3:35,15737
2/14/2023 3:36,16152
2/14/2023 3:36,16023
2/14/2023 3:37,16152
2/14/2023 3:37,14654
2/14/2023 3:38,14839
2/14/2023 3:38,13417
2/14/2023 3:39,14679
2/14/2023 3:39,15942
2/14/2023 3:40,14768
2/14/2023 3:40,14036
2/14/2023 3:41,14676
2/14/2023 3:41,15315
2/14/2023 3:42,15436
2/14/2023 3:42,14384
2/14/2023 3:43,14230
2/14/2023 3:43,14517
2/14/2023 3:44,15737
2/14/2023 3:44,15026
2/14/2023 3:45,14585
2/14/2023 3:45,16343
2/14/2023 3:46,14384
2/14/2023 3:46,14654
2/14/2023 3:47,14768
2/14/2023 3:47,15338
2/14/2023 3:48,15122
2/14/2023 3:48,14585
2/14/2023 3:49,14608
2/14/2023 3:49,14791
2/14/2023 3:50,14768
2/14/2023 3:50,14252
2/14/2023 3:51,14654
2/14/2023 3:51,14318
2/14/2023 3:52,16282
2/14/2023 3:52,14676
2/14/2023 3:53,14654
2/14/2023 3:53,15589
2/14/2023 3:54,16282
2/14/2023 3:54,15049
2/14/2023 3:55,15636
2/14/2023 3:56,15144
2/14/2023 3:56,14296
2/14/2023 3:57,14861
2/14/2023 3:57,14699
2/14/2023 3:58,14563
2/14/2023 3:58,14676
2/14/2023 3:59,15690
2/14/2023 3:59,15636
2/14/2023 4:00,15022
2/14/2023 4:00,14813
2/14/2023 4:01,16046
2/14/2023 4:01,14585
2/14/2023 4:02,15423
2/14/2023 4:02,14746
2/14/2023 4:03,14861
2/14/2023 4:03,14699
2/14/2023 4:04,14861
2/14/2023 4:04,14676
2/14/2023 4:05,14746
2/14/2023 4:05,14654
2/14/2023 4:06,14495
2/14/2023 4:06,15535
2/14/2023 4:07,14746
2/14/2023 4:07,14384
2/14/2023 4:08,15049
2/14/2023 4:08,14746
2/14/2023 4:09,14495
2/14/2023 4:09,15338
2/14/2023 4:10,15026
2/14/2023 4:10,15241
2/14/2023 4:11,14230
2/14/2023 4:11,16046
2/14/2023 4:12,15190
2/14/2023 4:12,14654
2/14/2023 4:13,14473
2/14/2023 4:13,14861
2/14/2023 4:14,14273
2/14/2023 4:14,15612
2/14/2023 4:15,14932
2/14/2023 4:15,14768
2/14/2023 4:16,16046
2/14/2023 4:16,14676
2/14/2023 4:17,14699
2/14/2023 4:17,14768
2/14/2023 4:18,14816
2/14/2023 4:18,14362
2/14/2023 4:19,14057
2/14/2023 4:19,14791
2/14/2023 4:20,15659
2/14/2023 4:20,14791
2/14/2023 4:21,14406
2/14/2023 4:21,14910
2/14/2023 4:22,14654
2/14/2023 4:23,14585
2/14/2023 4:23,14517
2/14/2023 4:24,15737
2/14/2023 4:24,14768
2/14/2023 4:25,15737
2/14/2023 4:25,15628
2/14/2023 4:26,16152
2/14/2023 4:26,15737
2/14/2023 4:27,15919
2/14/2023 4:27,14835
2/14/2023 4:28,15004
2/14/2023 4:28,14676
2/14/2023 4:29,14721
2/14/2023 4:29,14861
2/14/2023 4:30,14676
2/14/2023 4:30,15049
2/14/2023 4:31,14743
2/14/2023 4:31,14768
2/14/2023 4:32,14765
2/14/2023 4:32,14932
2/14/2023 4:33,15582
2/14/2023 4:33,14541
2/14/2023 4:34,15049
2/14/2023 4:34,15122
2/14/2023 4:35,14676
2/14/2023 4:35,14495
2/14/2023 4:36,14632
2/14/2023 4:36,14676
2/14/2023 4:37,14296
2/14/2023 4:37,14406
2/14/2023 4:38,15338
2/14/2023 4:38,15919
2/14/2023 4:39,14955
2/14/2023 4:39,13802
2/14/2023 4:40,15713
2/14/2023 4:40,14057
2/14/2023 4:41,14861
2/14/2023 4:41,16104
2/14/2023 4:42,14676
2/14/2023 4:42,14932
2/14/2023 4:43,15338
2/14/2023 4:43,14654
2/14/2023 4:44,14384
2/14/2023 4:44,15839
2/14/2023 4:45,14585
2/14/2023 4:45,14861
2/14/2023 4:46,13554
2/14/2023 4:46,14517
2/14/2023 4:47,14585
2/14/2023 4:47,15072
2/14/2023 4:48,14654
2/14/2023 4:48,15241
2/14/2023 4:49,16670
2/14/2023 4:50,15551
2/14/2023 4:50,15737
2/14/2023 4:51,14932
2/14/2023 4:51,14861
2/14/2023 4:52,15512
2/14/2023 4:52,15275
2/14/2023 4:53,14654
2/14/2023 4:53,15612
2/14/2023 4:54,14768
2/14/2023 4:54,16046
2/14/2023 4:55,14906
2/14/2023 4:55,15512
2/14/2023 4:56,14541
2/14/2023 4:56,14861
2/14/2023 4:57,15659
2/14/2023 4:57,15218
2/14/2023 4:58,14910
2/14/2023 4:58,15026
2/14/2023 4:59,15989
2/14/2023 4:59,15122
2/14/2023 5:00,14676
2/14/2023 5:00,14955
2/14/2023 5:01,14746
2/14/2023 5:01,14657
2/14/2023 5:02,14563
2/14/2023 5:02,14861
2/14/2023 5:03,14724
2/14/2023 5:03,14296
2/14/2023 5:04,15026
2/14/2023 5:04,14955
2/14/2023 5:05,15612
2/14/2023 5:05,14676
2/14/2023 5:06,15942
2/14/2023 5:06,15144
2/14/2023 5:07,15737
2/14/2023 5:07,14563
2/14/2023 5:08,14230
2/14/2023 5:08,14746
2/14/2023 5:09,16342
2/14/2023 5:09,14771
2/14/2023 5:10,15026
2/14/2023 5:10,15895
2/14/2023 5:11,14768
2/14/2023 5:11,16051
2/14/2023 5:12,14791
2/14/2023 5:12,14727
2/14/2023 5:13,16282
2/14/2023 5:13,14541
2/14/2023 5:14,16234
2/14/2023 5:14,14932
2/14/2023 5:15,14768
2/14/2023 5:15,15919
2/14/2023 5:16,14495
2/14/2023 5:17,15004
2/14/2023 5:17,15582
2/14/2023 5:18,15999
2/14/2023 5:18,15264
2/14/2023 5:19,14563
2/14/2023 5:19,14473
2/14/2023 5:20,15218
2/14/2023 5:20,13972
2/14/2023 5:21,14406
2/14/2023 5:21,14296
2/14/2023 5:22,16128
2/14/2023 5:22,16141
2/14/2023 5:23,15269
2/14/2023 5:23,15816
2/14/2023 5:24,15144
2/14/2023 5:24,16023
2/14/2023 5:25,14724
2/14/2023 5:25,14839
2/14/2023 5:26,14057
2/14/2023 5:26,14384
2/14/2023 5:27,16342
2/14/2023 5:27,15049
2/14/2023 5:28,15117
2/14/2023 5:28,15489
2/14/2023 5:29,15816
2/14/2023 5:29,14563
2/14/2023 5:30,15816
2/14/2023 5:30,15413
2/14/2023 5:31,14861
2/14/2023 5:31,15713
2/14/2023 5:32,14384
2/14/2023 5:32,15512
2/14/2023 5:33,14676
2/14/2023 5:33,14676
2/14/2023 5:34,14816
2/14/2023 5:34,14816
2/14/2023 5:35,14883
2/14/2023 5:35,15582
2/14/2023 5:36,15512
2/14/2023 5:36,15612
2/14/2023 5:37,15150
2/14/2023 5:37,15315
2/14/2023 5:38,15512
2/14/2023 5:38,16152
2/14/2023 5:39,14839
2/14/2023 5:39,14746
2/14/2023 5:40,14654
2/14/2023 5:40,15122
2/14/2023 5:41,15004
2/14/2023 5:41,16342
2/14/2023 5:42,14854
2/14/2023 5:43,15769
2/14/2023 5:43,15004
2/14/2023 5:44,15512
2/14/2023 5:44,14036
2/14/2023 5:45,14746
2/14/2023 5:45,14384
2/14/2023 5:46,14816
2/14/2023 5:46,14495
2/14/2023 5:47,14768
2/14/2023 5:47,14724
2/14/2023 5:48,15218
2/14/2023 5:48,15026
2/14/2023 5:49,14746
2/14/2023 5:49,14932
2/14/2023 5:50,14861
2/14/2023 5:50,16104
2/14/2023 5:51,15436
2/14/2023 5:51,14955
2/14/2023 5:52,15713
2/14/2023 5:52,14816
2/14/2023 5:53,14861
2/14/2023 5:53,14932
2/14/2023 5:54,14746
2/14/2023 5:54,14724
2/14/2023 5:55,14473
2/14/2023 5:55,15026
2/14/2023 5:56,14839
2/14/2023 5:56,15026
2/14/2023 5:57,14768
2/14/2023 5:57,13630
2/14/2023 5:58,15072
2/14/2023 5:58,14632
2/14/2023 5:59,14839
2/14/2023 5:59,14746
2/14/2023 6:00,13782
2/14/2023 6:00,15413
2/14/2023 6:01,15195
2/14/2023 6:01,14910
2/14/2023 6:02,15049
2/14/2023 6:02,14746
2/14/2023 6:03,14839
2/14/2023 6:03,16210
2/14/2023 6:04,15264
2/14/2023 6:04,14473
2/14/2023 6:05,14887
2/14/2023 6:05,15792
2/14/2023 6:06,15713
2/14/2023 6:06,15195
2/14/2023 6:07,15122
2/14/2023 6:07,15218
2/14/2023 6:08,15292
2/14/2023 6:08,14746
2/14/2023 6:09,14583
2/14/2023 6:10,14057
2/14/2023 6:10,15315
2/14/2023 6:11,15315
2/14/2023 6:11,16056
2/14/2023 6:12,15713
2/14/2023 6:12,13375
2/14/2023 6:13,14274
2/14/2023 6:13,14563
2/14/2023 6:14,15026
2/14/2023 6:14,14932
2/14/2023 6:15,16152
2/14/2023 6:15,14839
2/14/2023 6:16,15292
2/14/2023 6:16,14627
2/14/2023 6:17,14563
2/14/2023 6:17,15049
2/14/2023 6:18,16342
2/14/2023 6:18,14887
2/14/2023 6:19,14839
2/14/2023 6:19,14451
2/14/2023 6:20,14654
2/14/2023 6:20,14654
2/14/2023 6:21,15737
2/14/2023 6:21,15512
2/14/2023 6:22,15589
2/14/2023 6:22,15218
2/14/2023 6:23,16450
2/14/2023 6:23,15713
2/14/2023 6:24,15999
2/14/2023 6:24,15390
2/14/2023 6:25,13866
2/14/2023 6:25,15816
2/14/2023 6:26,15489
2/14/2023 6:26,15413
2/14/2023 6:27,15919
2/14/2023 6:27,15589
2/14/2023 6:28,15792
2/14/2023 6:28,15099
2/14/2023 6:29,15122
2/14/2023 6:29,15315
2/14/2023 6:30,15792
2/14/2023 6:30,15397
2/14/2023 6:31,15332
2/14/2023 6:31,15690
2/14/2023 6:32,15612
2/14/2023 6:32,15218
2/14/2023 6:33,15489
2/14/2023 6:33,15026
2/14/2023 6:34,15713
2/14/2023 6:34,14014
2/14/2023 6:35,15690
2/14/2023 6:35,14208
2/14/2023 6:36,14100
2/14/2023 6:37,15512
2/14/2023 6:37,15512
2/14/2023 6:38,15367
2/14/2023 6:38,15489
2/14/2023 6:39,13929
2/14/2023 6:39,15390
2/14/2023 6:40,15489
2/14/2023 6:40,13845
2/14/2023 6:41,15612
2/14/2023 6:41,15589
2/14/2023 6:42,15667
2/14/2023 6:42,14230
2/14/2023 6:43,15690
2/14/2023 6:43,15612
2/14/2023 6:44,15315
2/14/2023 6:44,15315
2/14/2023 6:45,15315
2/14/2023 6:45,15713
2/14/2023 6:46,14296
2/14/2023 6:46,14208
2/14/2023 6:47,16056
2/14/2023 6:47,15589
2/14/2023 6:48,15489
2/14/2023 6:48,15737
2/14/2023 6:49,14794
2/14/2023 6:49,15122
2/14/2023 6:50,15705
2/14/2023 6:50,15713
2/14/2023 6:51,15099
2/14/2023 6:51,15269
2/14/2023 6:52,15344
2/14/2023 6:52,14429
2/14/2023 6:53,15292
2/14/2023 6:53,15690
2/14/2023 6:54,15292
2/14/2023 6:54,15667
2/14/2023 6:55,15895
2/14/2023 6:55,14910
2/14/2023 6:56,15999
2/14/2023 6:56,16426
2/14/2023 6:57,15975
2/14/2023 6:57,13761
2/14/2023 6:58,13678
2/14/2023 6:58,15466
2/14/2023 6:59,15612
2/14/2023 6:59,15269
2/14/2023 7:00,14910
2/14/2023 7:00,15589
2/14/2023 7:01,16210
2/14/2023 7:01,15127
2/14/2023 7:02,13296
2/14/2023 7:02,15390
2/14/2023 7:03,15612
2/14/2023 7:04,15241
2/14/2023 7:04,15489
2/14/2023 7:05,14036
2/14/2023 7:05,15195
2/14/2023 7:06,13721
2/14/2023 7:06,15667
2/14/2023 7:07,15535
2/14/2023 7:07,15713
2/14/2023 7:08,15172
2/14/2023 7:08,15612
2/14/2023 7:09,15269
2/14/2023 7:09,15099
2/14/2023 7:10,13887
2/14/2023 7:10,15292
2/14/2023 7:11,15999
2/14/2023 7:11,14839
2/14/2023 7:12,15690
2/14/2023 7:12,15269
2/14/2023 7:13,14451
2/14/2023 7:13,15612
2/14/2023 7:14,14861
2/14/2023 7:14,15690
2/14/2023 7:15,15269
2/14/2023 7:15,15076
2/14/2023 7:16,13804
2/14/2023 7:16,15612
2/14/2023 7:17,15512
2/14/2023 7:17,15919
2/14/2023 7:18,15792
2/14/2023 7:18,15612
2/14/2023 7:19,15315
2/14/2023 7:19,15122
2/14/2023 7:20,13950
2/14/2023 7:20,15612
2/14/2023 7:21,15612
2/14/2023 7:21,15713
2/14/2023 7:22,15489
2/14/2023 7:22,15512
2/14/2023 7:23,14861
2/14/2023 7:23,15535
2/14/2023 7:24,15863
2/14/2023 7:24,15072
2/14/2023 7:25,15589
2/14/2023 7:25,15651
2/14/2023 7:26,15621
2/14/2023 7:26,15315
2/14/2023 7:27,15535
2/14/2023 7:27,15999
2/14/2023 7:28,15292
2/14/2023 7:28,15942
2/14/2023 7:29,15942
2/14/2023 7:30,15122
2/14/2023 7:30,15667
2/14/2023 7:31,15459
2/14/2023 7:31,15636
2/14/2023 7:32,15942
2/14/2023 7:32,15338
2/14/2023 7:33,15413
2/14/2023 7:33,14164
2/14/2023 7:34,15713
2/14/2023 7:34,15871
2/14/2023 7:35,14495
2/14/2023 7:35,15144
2/14/2023 7:36,15713
2/14/2023 7:36,15218
2/14/2023 7:37,15338
2/14/2023 7:37,15436
2/14/2023 7:38,15512
2/14/2023 7:38,15049
2/14/2023 7:39,15512
2/14/2023 7:39,15636
2/14/2023 7:40,15535
2/14/2023 7:40,15612
2/14/2023 7:41,15026
2/14/2023 7:41,15636
2/14/2023 7:42,15760
2/14/2023 7:42,15942
2/14/2023 7:43,15807
2/14/2023 7:43,15737
2/14/2023 7:44,15737
2/14/2023 7:44,14495
2/14/2023 7:45,15195
2/14/2023 7:45,15338
2/14/2023 7:46,15942
2/14/2023 7:46,15436
2/14/2023 7:47,15713
2/14/2023 7:47,15049
2/14/2023 7:48,14473
2/14/2023 7:48,15566
2/14/2023 7:49,16234
2/14/2023 7:49,15559
2/14/2023 7:50,15099
2/14/2023 7:50,15315
2/14/2023 7:51,14699
2/14/2023 7:51,15643
2/14/2023 7:52,15241
2/14/2023 7:52,15049
2/14/2023 7:53,15942
2/14/2023 7:53,15551
2/14/2023 7:54,15315
2/14/2023 7:54,15636
2/14/2023 7:55,15436
2/14/2023 7:55,15384
2/14/2023 7:56,15436
2/14/2023 7:57,15264
2/14/2023 7:57,15436
2/14/2023 7:58,16176
2/14/2023 7:58,14406
2/14/2023 7:59,15241
2/14/2023 7:59,15241
2/14/2023 8:00,15636
2/14/2023 8:00,15144
2/14/2023 8:01,15737
2/14/2023 8:01,15338
2/14/2023 8:02,15760
2/14/2023 8:02,15760
2/14/2023 8:03,14057
2/14/2023 8:03,14079
2/14/2023 8:04,14657
2/14/2023 8:04,14861
2/14/2023 8:05,14057
2/14/2023 8:05,13742
2/14/2023 8:06,17504
2/14/2023 8:06,15942
2/14/2023 8:07,15338
2/14/2023 8:07,14928
2/14/2023 8:08,14406
2/14/2023 8:08,15459
2/14/2023 8:09,15049
2/14/2023 8:09,15535
2/14/2023 8:10,15026
2/14/2023 8:10,15241
2/14/2023 8:11,15489
2/14/2023 8:11,15636
2/14/2023 8:12,15839
2/14/2023 8:12,13761
2/14/2023 8:13,15489
2/14/2023 8:13,15459
2/14/2023 8:14,14079
2/14/2023 8:14,15436
2/14/2023 8:15,15167
2/14/2023 8:15,15167
2/14/2023 8:16,15241
2/14/2023 8:16,15459
2/14/2023 8:17,16831
2/14/2023 8:17,15361
2/14/2023 8:18,15436
2/14/2023 8:18,15612
2/14/2023 8:19,15049
2/14/2023 8:19,14585
2/14/2023 8:20,14791
2/14/2023 8:20,16342
2/14/2023 8:21,15072
2/14/2023 8:21,14883
2/14/2023 8:22,14517
2/14/2023 8:22,15338
2/14/2023 8:23,14813
2/14/2023 8:24,14977
2/14/2023 8:24,14861
2/14/2023 8:25,14883
2/14/2023 8:25,14955
2/14/2023 8:26,16258
2/14/2023 8:26,15384
2/14/2023 8:27,13825
2/14/2023 8:27,15072
2/14/2023 8:28,15286
2/14/2023 8:28,15760
2/14/2023 8:29,14406
2/14/2023 8:29,15167
2/14/2023 8:30,15839
2/14/2023 8:30,15390
2/14/2023 8:31,16046
2/14/2023 8:31,14977
2/14/2023 8:32,15315
2/14/2023 8:32,14883
2/14/2023 8:33,15459
2/14/2023 8:33,14977
2/14/2023 8:34,14517
2/14/2023 8:34,15784
2/14/2023 8:35,15049
2/14/2023 8:35,14977
2/14/2023 8:36,14910
2/14/2023 8:36,14768
2/14/2023 8:37,15886
2/14/2023 8:37,15049
2/14/2023 8:38,14861
2/14/2023 8:38,14699
2/14/2023 8:39,15144
2/14/2023 8:39,14699
2/14/2023 8:40,14610
2/14/2023 8:40,14450
2/14/2023 8:41,14295
2/14/2023 8:41,15072
2/14/2023 8:42,15459
2/14/2023 8:42,14699
2/14/2023 8:43,14517
2/14/2023 8:43,14883
2/14/2023 8:44,15361
2/14/2023 8:44,15559
2/14/2023 8:45,15863
2/14/2023 8:45,14861
2/14/2023 8:46,15760
2/14/2023 8:46,15144
2/14/2023 8:47,14977
2/14/2023 8:47,14517
2/14/2023 8:48,14608
2/14/2023 8:48,14932
2/14/2023 8:49,15436
2/14/2023 8:50,14883
2/14/2023 8:50,14608
2/14/2023 8:51,14252
2/14/2023 8:51,15338
2/14/2023 8:52,15072
2/14/2023 8:52,14517
2/14/2023 8:53,15582
2/14/2023 8:53,14791
2/14/2023 8:54,15286
2/14/2023 8:54,13846
2/14/2023 8:55,15636
2/14/2023 8:55,14861
2/14/2023 8:56,14585
2/14/2023 8:56,14743
2/14/2023 8:57,15167
2/14/2023 8:57,16152
2/14/2023 8:58,15682
2/14/2023 8:58,14883
2/14/2023 8:59,15682
2/14/2023 8:59,14676
2/14/2023 9:00,14743
2/14/2023 9:00,15659
2/14/2023 9:01,15636
2/14/2023 9:01,15241
2/14/2023 9:02,16282
2/14/2023 9:02,15713
2/14/2023 9:03,15667
2/14/2023 9:03,15286
2/14/2023 9:04,15830
2/14/2023 9:04,14883
2/14/2023 9:05,15384
2/14/2023 9:05,14768
2/14/2023 9:06,13930
2/14/2023 9:06,15551
2/14/2023 9:07,15072
2/14/2023 9:07,15072
2/14/2023 9:08,15241
2/14/2023 9:08,15213
2/14/2023 9:09,14361
2/14/2023 9:09,15309
2/14/2023 9:10,13557
2/14/2023 9:10,15167
2/14/2023 9:11,13867
2/14/2023 9:11,15167
2/14/2023 9:12,15459
2/14/2023 9:12,15264
2/14/2023 9:13,14361
2/14/2023 9:13,15361
2/14/2023 9:14,15390
2/14/2023 9:14,13701
2/14/2023 9:15,16070
2/14/2023 9:15,13680
2/14/2023 9:16,15286
2/14/2023 9:17,15413
2/14/2023 9:17,14746
2/14/2023 9:18,15338
2/14/2023 9:18,15167
2/14/2023 9:19,13930
2/14/2023 9:19,15286
2/14/2023 9:20,15682
2/14/2023 9:20,14383
2/14/2023 9:21,15361
2/14/2023 9:21,13930
2/14/2023 9:22,14450
2/14/2023 9:22,15682
2/14/2023 9:23,14977
2/14/2023 9:23,14721
2/14/2023 9:24,14495
2/14/2023 9:24,15582
2/14/2023 9:25,16046
2/14/2023 9:25,15384
2/14/2023 9:26,13238
2/14/2023 9:26,15384
2/14/2023 9:27,15122
2/14/2023 9:27,15099
2/14/2023 9:28,13763
2/14/2023 9:28,14036
2/14/2023 9:29,15072
2/14/2023 9:29,14906
2/14/2023 9:30,15072
2/14/2023 9:30,15459
2/14/2023 9:31,15144
2/14/2023 9:31,15000
2/14/2023 9:32,15682
2/14/2023 9:32,14813
2/14/2023 9:33,14539
2/14/2023 9:33,15682
2/14/2023 9:34,13417
2/14/2023 9:34,15407
2/14/2023 9:35,14861
2/14/2023 9:35,13180
2/14/2023 9:36,15361
2/14/2023 9:36,14883
2/14/2023 9:37,14791
2/14/2023 9:37,14721
2/14/2023 9:38,15264
2/14/2023 9:38,15190
2/14/2023 9:39,15000
2/14/2023 9:39,14699
2/14/2023 9:40,15361
2/14/2023 9:40,15022
2/14/2023 9:41,15241
2/14/2023 9:41,13538
2/14/2023 9:42,14121
2/14/2023 9:42,14100
2/14/2023 9:43,15682
2/14/2023 9:44,15286
2/14/2023 9:44,14229
2/14/2023 9:45,14676
2/14/2023 9:45,15535
2/14/2023 9:46,15072
2/14/2023 9:46,15919
2/14/2023 9:47,14928
2/14/2023 9:47,14906
2/14/2023 9:48,14928
2/14/2023 9:48,15094
2/14/2023 9:49,15190
2/14/2023 9:49,14472
2/14/2023 9:50,15505
2/14/2023 9:50,14906
2/14/2023 9:51,15264
2/14/2023 9:51,15682
2/14/2023 9:52,15407
2/14/2023 9:52,14295
2/14/2023 9:53,15407
2/14/2023 9:53,15167
2/14/2023 9:54,13701
2/14/2023 9:54,14273
2/14/2023 9:55,13680
2/14/2023 9:55,15190
2/14/2023 9:56,15384
2/14/2023 9:56,15315
2/14/2023 9:57,15407
2/14/2023 9:57,13317
2/14/2023 9:58,14932
2/14/2023 9:58,15094
2/14/2023 9:59,14699
2/14/2023 9:59,15264
2/14/2023 10:00,15000
2/14/2023 10:00,15505
2/14/2023 10:01,14906
2/14/2023 10:01,13518
2/14/2023 10:02,15338
2/14/2023 10:02,15482
2/14/2023 10:03,14721
2/14/2023 10:03,15361
2/14/2023 10:04,13763
2/14/2023 10:04,15286
2/14/2023 10:05,15094
2/14/2023 10:05,14813
2/14/2023 10:06,15361
2/14/2023 10:06,15407
2/14/2023 10:07,15190
2/14/2023 10:07,14208
2/14/2023 10:08,15384
2/14/2023 10:08,15378
2/14/2023 10:09,15482
2/14/2023 10:10,15384
2/14/2023 10:10,14079
2/14/2023 10:11,15264
2/14/2023 10:11,14208
2/14/2023 10:12,15286
2/14/2023 10:12,14721
2/14/2023 10:13,15682
2/14/2023 10:13,14906
2/14/2023 10:14,15582
2/14/2023 10:14,15094
2/14/2023 10:15,15190
2/14/2023 10:15,13599
2/14/2023 10:16,14339
2/14/2023 10:16,13578
2/14/2023 10:17,14721
2/14/2023 10:17,14450
2/14/2023 10:18,15436
2/14/2023 10:18,13680
2/14/2023 10:19,15190
2/14/2023 10:19,15551
2/14/2023 10:20,15286
2/14/2023 10:20,15000
2/14/2023 10:21,13437
2/14/2023 10:21,13279
2/14/2023 10:22,15000
2/14/2023 10:22,14450
2/14/2023 10:23,13620
2/14/2023 10:23,15190
2/14/2023 10:24,14977
2/14/2023 10:24,15582
2/14/2023 10:25,15094
2/14/2023 10:25,15482
2/14/2023 10:26,13910
2/14/2023 10:26,15682
2/14/2023 10:27,14079
2/14/2023 10:27,14230
2/14/2023 10:28,15190
2/14/2023 10:28,14273
2/14/2023 10:29,13993
2/14/2023 10:29,14630
2/14/2023 10:30,13763
2/14/2023 10:30,15190
2/14/2023 10:31,15286
2/14/2023 10:31,15190
2/14/2023 10:32,13909
2/14/2023 10:32,15190
2/14/2023 10:33,15190
2/14/2023 10:33,15072
2/14/2023 10:34,15190
2/14/2023 10:34,13437
2/14/2023 10:35,13887
2/14/2023 10:35,15190
2/14/2023 10:36,15361
2/14/2023 10:37,15384
2/14/2023 10:37,15682
2/14/2023 10:38,15367
2/14/2023 10:38,14339
2/14/2023 10:39,15167
2/14/2023 10:39,15000
2/14/2023 10:40,14791
2/14/2023 10:40,15000
2/14/2023 10:41,15190
2/14/2023 10:41,15344
2/14/2023 10:42,15482
2/14/2023 10:42,15482
2/14/2023 10:43,15000
2/14/2023 10:43,14252
2/14/2023 10:44,15286
2/14/2023 10:44,14746
2/14/2023 10:45,14699
2/14/2023 10:45,15275
2/14/2023 10:46,15430
2/14/2023 10:46,14883
2/14/2023 10:47,15559
2/14/2023 10:47,14165
2/14/2023 10:48,15264
2/14/2023 10:48,13846
2/14/2023 10:49,15361
2/14/2023 10:49,15286
2/14/2023 10:50,13538
2/14/2023 10:50,15094
2/14/2023 10:51,15072
2/14/2023 10:51,15384
2/14/2023 10:52,14539
2/14/2023 10:52,15636
2/14/2023 10:53,15582
2/14/2023 10:53,15355
2/14/2023 10:54,15338
2/14/2023 10:54,14036
2/14/2023 10:55,13930
2/14/2023 10:55,15482
2/14/2023 10:56,13279
2/14/2023 10:56,13887
2/14/2023 10:57,14273
2/14/2023 10:57,15659
2/14/2023 10:58,14513
2/14/2023 10:58,13497
2/14/2023 10:59,15241
2/14/2023 10:59,15292
2/14/2023 11:00,15190
2/14/2023 11:00,14015
2/14/2023 11:01,15361
2/14/2023 11:01,15000
2/14/2023 11:02,15636
2/14/2023 11:02,15361
2/14/2023 11:03,14472
2/14/2023 11:04,15264
2/14/2023 11:04,14813
2/14/2023 11:05,15190
2/14/2023 11:05,14294
2/14/2023 11:06,15190
2/14/2023 11:06,15659
2/14/2023 11:07,15049
2/14/2023 11:07,15167
2/14/2023 11:08,13358
2/14/2023 11:08,14473
2/14/2023 11:09,15072
2/14/2023 11:09,15482
2/14/2023 11:10,14539
2/14/2023 11:10,15094
2/14/2023 11:11,13680
2/14/2023 11:11,13659
2/14/2023 11:12,15167
2/14/2023 11:12,15022
2/14/2023 11:13,15459
2/14/2023 11:13,15682
2/14/2023 11:14,13640
2/14/2023 11:14,15000
2/14/2023 11:15,15241
2/14/2023 11:15,15482
2/14/2023 11:16,14361
2/14/2023 11:16,14100
2/14/2023 11:17,15072
2/14/2023 11:17,15167
2/14/2023 11:18,13930
2/14/2023 11:18,14539
2/14/2023 11:19,15072
2/14/2023 11:19,15413
2/14/2023 11:20,14721
2/14/2023 11:20,14977
2/14/2023 11:21,15682
2/14/2023 11:21,15235
2/14/2023 11:22,15459
2/14/2023 11:22,15167
2/14/2023 11:23,15286
2/14/2023 11:23,14186
2/14/2023 11:24,14791
2/14/2023 11:24,15482
2/14/2023 11:25,13763
2/14/2023 11:25,15190
2/14/2023 11:26,14036
2/14/2023 11:26,14057
2/14/2023 11:27,14977
2/14/2023 11:27,15000
2/14/2023 11:28,14932
2/14/2023 11:28,14537
2/14/2023 11:29,15476
2/14/2023 11:30,15384
2/14/2023 11:30,14383
2/14/2023 11:31,14768
2/14/2023 11:31,13846
2/14/2023 11:32,13763
2/14/2023 11:32,15241
2/14/2023 11:33,15886
2/14/2023 11:33,13888
2/14/2023 11:34,14791
2/14/2023 11:34,15505
2/14/2023 11:35,14955
2/14/2023 11:35,15292
2/14/2023 11:36,14165
2/14/2023 11:36,14252
2/14/2023 11:37,15361
2/14/2023 11:37,15167
2/14/2023 11:38,15167
2/14/2023 11:38,15361
2/14/2023 11:39,14791
2/14/2023 11:39,14861
2/14/2023 11:40,14928
2/14/2023 11:40,15413
2/14/2023 11:41,15760
2/14/2023 11:41,15559
2/14/2023 11:42,15436
2/14/2023 11:42,14721
2/14/2023 11:43,15361
2/14/2023 11:43,14361
2/14/2023 11:44,15559
2/14/2023 11:44,15264
2/14/2023 11:45,15072
2/14/2023 11:45,15167
2/14/2023 11:46,15286
2/14/2023 11:46,15384
2/14/2023 11:47,15582
2/14/2023 11:47,15049
2/14/2023 11:48,15190
2/14/2023 11:48,15361
2/14/2023 11:49,15682
2/14/2023 11:49,13972
2/14/2023 11:50,13659
2/14/2023 11:50,13846
2/14/2023 11:51,14955
2/14/2023 11:51,15436
2/14/2023 11:52,15582
2/14/2023 11:52,13993
2/14/2023 11:53,15167
2/14/2023 11:53,15760
2/14/2023 11:54,15482
2/14/2023 11:54,15459
2/14/2023 11:55,13909
2/14/2023 11:55,14186
2/14/2023 11:56,15144
2/14/2023 11:57,13620
2/14/2023 11:57,15659
2/14/2023 11:58,15241
2/14/2023 11:58,15000
2/14/2023 11:59,15094
2/14/2023 11:59,15026
2/14/2023 12:00,15122
2/14/2023 12:00,15167
2/14/2023 12:01,13742
2/14/2023 12:01,15072
2/14/2023 12:02,15286
2/14/2023 12:02,15559
2/14/2023 12:03,15737
2/14/2023 12:03,15420
2/14/2023 12:04,14768
2/14/2023 12:04,14906
2/14/2023 12:05,14791
2/14/2023 12:05,15049
2/14/2023 12:06,15213
2/14/2023 12:06,15264
2/14/2023 12:07,14208
2/14/2023 12:07,15332
2/14/2023 12:08,15167
2/14/2023 12:08,14977
2/14/2023 12:09,13763
2/14/2023 12:09,15559
2/14/2023 12:10,14721
2/14/2023 12:10,14721
2/14/2023 12:11,13497
2/14/2023 12:11,15264
2/14/2023 12:12,13909
2/14/2023 12:12,15482
2/14/2023 12:13,15459
2/14/2023 12:13,14906
2/14/2023 12:14,13763
2/14/2023 12:14,15315
2/14/2023 12:15,15338
2/14/2023 12:15,15384
2/14/2023 12:16,15559
2/14/2023 12:16,15636
2/14/2023 12:17,15436
2/14/2023 12:17,15338
2/14/2023 12:18,15338
2/14/2023 12:18,14674
2/14/2023 12:19,14585
2/14/2023 12:19,15839
2/14/2023 12:20,15559
2/14/2023 12:20,15535
2/14/2023 12:21,14143
2/14/2023 12:21,15413
2/14/2023 12:22,15760
2/14/2023 12:22,14015
2/14/2023 12:23,15659
2/14/2023 12:24,15535
2/14/2023 12:24,15459
2/14/2023 12:25,15459
2/14/2023 12:25,14861
2/14/2023 12:26,15713
2/14/2023 12:26,14977
2/14/2023 12:27,15167
2/14/2023 12:27,14654
2/14/2023 12:28,14428
2/14/2023 12:28,15338
2/14/2023 12:29,14883
2/14/2023 12:29,13680
2/14/2023 12:30,13846
2/14/2023 12:30,15190
2/14/2023 12:31,15942
2/14/2023 12:31,15659
2/14/2023 12:32,15807
2/14/2023 12:32,15144
2/14/2023 12:33,15167
2/14/2023 12:33,14539
2/14/2023 12:34,14654
2/14/2023 12:34,15286
2/14/2023 12:35,15000
2/14/2023 12:35,14977
2/14/2023 12:36,15241
2/14/2023 12:36,15264
2/14/2023 12:37,15072
2/14/2023 12:37,13930
2/14/2023 12:38,13160
2/14/2023 12:38,15018
2/14/2023 12:39,15167
2/14/2023 12:39,15000
2/14/2023 12:40,14340
2/14/2023 12:40,15213
2/14/2023 12:41,15072
2/14/2023 12:41,14977
2/14/2023 12:42,15094
2/14/2023 12:42,14791
2/14/2023 12:43,14100
2/14/2023 12:43,14406
2/14/2023 12:44,14630
2/14/2023 12:44,15264
2/14/2023 12:45,15190
2/14/2023 12:45,15886
2/14/2023 12:46,14273
2/14/2023 12:46,15286
2/14/2023 12:47,15292
2/14/2023 12:47,14495
2/14/2023 12:48,15000
2/14/2023 12:48,13846
2/14/2023 12:49,15286
2/14/2023 12:50,14977
2/14/2023 12:50,14977
2/14/2023 12:51,15760
2/14/2023 12:51,15167
2/14/2023 12:52,14835
2/14/2023 12:52,15072
2/14/2023 12:53,14493
2/14/2023 12:53,15190
2/14/2023 12:54,16118
2/14/2023 12:54,15361
2/14/2023 12:55,15361
2/14/2023 12:55,14857
2/14/2023 12:56,15886
2/14/2023 12:56,14813
2/14/2023 12:57,15000
2/14/2023 12:57,15044
2/14/2023 12:58,15682
2/14/2023 12:58,15482
2/14/2023 12:59,14015
2/14/2023 12:59,15309
2/14/2023 13:00,15315
2/14/2023 13:00,15309
2/14/2023 13:01,15286
2/14/2023 13:01,15022
2/14/2023 13:02,14813
2/14/2023 13:02,13144
2/14/2023 13:03,15190
2/14/2023 13:03,15535
2/14/2023 13:04,15910
2/14/2023 13:04,14362
2/14/2023 13:05,14928
2/14/2023 13:05,15784
2/14/2023 13:06,15605
2/14/2023 13:06,15989
2/14/2023 13:07,15190
2/14/2023 13:07,14950
2/14/2023 13:08,15044
2/14/2023 13:08,14541
2/14/2023 13:09,14835
2/14/2023 13:09,14517
2/14/2023 13:10,15605
2/14/2023 13:10,14721
2/14/2023 13:11,14928
2/14/2023 13:11,14450
2/14/2023 13:12,14928
2/14/2023 13:12,14906
2/14/2023 13:13,14295
2/14/2023 13:13,14721
2/14/2023 13:14,15286
2/14/2023 13:14,14608
2/14/2023 13:15,14928
2/14/2023 13:15,14768
2/14/2023 13:16,14450
2/14/2023 13:17,14928
2/14/2023 13:17,14186
2/14/2023 13:18,15094
2/14/2023 13:18,15022
2/14/2023 13:19,14539
2/14/2023 13:19,15535
2/14/2023 13:20,15072
2/14/2023 13:20,14928
2/14/2023 13:21,14721
2/14/2023 13:21,15482
2/14/2023 13:22,14787
2/14/2023 13:22,14928
2/14/2023 13:23,15049
2/14/2023 13:23,15286
2/14/2023 13:24,14274
2/14/2023 13:24,14721
2/14/2023 13:25,14977
2/14/2023 13:25,15117
2/14/2023 13:26,14057
2/14/2023 13:26,14955
2/14/2023 13:27,14186
2/14/2023 13:27,15559
2/14/2023 13:28,15784
2/14/2023 13:28,14121
2/14/2023 13:29,14791
2/14/2023 13:29,14740
2/14/2023 13:30,14768
2/14/2023 13:30,15792
2/14/2023 13:31,15966
2/14/2023 13:31,14652
2/14/2023 13:32,14835
2/14/2023 13:32,16070
2/14/2023 13:33,15022
2/14/2023 13:33,14977
2/14/2023 13:34,14295
2/14/2023 13:34,14383
2/14/2023 13:35,15361
2/14/2023 13:35,14539
2/14/2023 13:36,15022
2/14/2023 13:36,14835
2/14/2023 13:37,14339
2/14/2023 13:37,14791
2/14/2023 13:38,14517
2/14/2023 13:38,15605
2/14/2023 13:39,14674
2/14/2023 13:39,15784
2/14/2023 13:40,14630
2/14/2023 13:40,15094
2/14/2023 13:41,15072
2/14/2023 13:41,14928
2/14/2023 13:42,15286
2/14/2023 13:42,15167
2/14/2023 13:43,15022
2/14/2023 13:44,15807
2/14/2023 13:44,15332
2/14/2023 13:45,14652
2/14/2023 13:45,15286
2/14/2023 13:46,14743
2/14/2023 13:46,15705
2/14/2023 13:47,14229
2/14/2023 13:47,14517
2/14/2023 13:48,14674
2/14/2023 13:48,15107
2/14/2023 13:49,15784
2/14/2023 13:49,15139
2/14/2023 13:50,14883
2/14/2023 13:50,14791
2/14/2023 13:51,15636
2/14/2023 13:51,15094
2/14/2023 13:52,15384
2/14/2023 13:52,14630
2/14/2023 13:53,13578
2/14/2023 13:53,16118
2/14/2023 13:54,14143
2/14/2023 13:54,14835
2/14/2023 13:55,14015
2/14/2023 13:55,14036
2/14/2023 13:56,14813
2/14/2023 13:56,13701
2/14/2023 13:57,14493
2/14/2023 13:57,15407
2/14/2023 13:58,15022
2/14/2023 13:58,15094
2/14/2023 13:59,13930
2/14/2023 13:59,14835
2/14/2023 14:00,15636
2/14/2023 14:00,15022
2/14/2023 14:01,15000
2/14/2023 14:01,15264
2/14/2023 14:02,14768
2/14/2023 14:02,15784
2/14/2023 14:03,15117
2/14/2023 14:03,15000
2/14/2023 14:04,14721
2/14/2023 14:04,15957
2/14/2023 14:05,14743
2/14/2023 14:05,15022
2/14/2023 14:06,15886
2/14/2023 14:06,15190
2/14/2023 14:07,15407
2/14/2023 14:07,15117
2/14/2023 14:08,15830
2/14/2023 14:08,14743
2/14/2023 14:09,14539
2/14/2023 14:10,15117
2/14/2023 14:10,14359
2/14/2023 14:11,14906
2/14/2023 14:11,13763
2/14/2023 14:12,14835
2/14/2023 14:12,14608
2/14/2023 14:13,14973
2/14/2023 14:13,15830
2/14/2023 14:14,14535
2/14/2023 14:14,14583
2/14/2023 14:15,14515
2/14/2023 14:15,14765
2/14/2023 14:16,14857
2/14/2023 14:16,15139
2/14/2023 14:17,14765
2/14/2023 14:17,14674
2/14/2023 14:18,15605
2/14/2023 14:18,14383
2/14/2023 14:19,15933
2/14/2023 14:19,14295
2/14/2023 14:20,15022
2/14/2023 14:20,16037
2/14/2023 14:21,14036
2/14/2023 14:21,14652
2/14/2023 14:22,15361
2/14/2023 14:22,15430
2/14/2023 14:23,14880
2/14/2023 14:23,14674
2/14/2023 14:24,14100
2/14/2023 14:24,15528
2/14/2023 14:25,14906
2/14/2023 14:25,13930
2/14/2023 14:26,14561
2/14/2023 14:26,15067
2/14/2023 14:27,14164
2/14/2023 14:27,14765
2/14/2023 14:28,14252
2/14/2023 14:28,14813
2/14/2023 14:29,16247
2/14/2023 14:29,14383
2/14/2023 14:30,14493
2/14/2023 14:30,15528
2/14/2023 14:31,14743
2/14/2023 14:31,15446
2/14/2023 14:32,15022
2/14/2023 14:32,15378
2/14/2023 14:33,15877
2/14/2023 14:33,15807
2/14/2023 14:34,15036
2/14/2023 14:34,15528
2/14/2023 14:35,15807
2/14/2023 14:35,15000
2/14/2023 14:36,14880
2/14/2023 14:37,14165
2/14/2023 14:37,14295
2/14/2023 14:38,15605
2/14/2023 14:38,14273
2/14/2023 14:39,14765
2/14/2023 14:39,14699
2/14/2023 14:40,15407
2/14/2023 14:40,14857
2/14/2023 14:41,14743
2/14/2023 14:41,15729
2/14/2023 14:42,14472
2/14/2023 14:42,15407
2/14/2023 14:43,15528
2/14/2023 14:43,14143
2/14/2023 14:44,14743
2/14/2023 14:44,14743
2/14/2023 14:45,14561
2/14/2023 14:45,15190
2/14/2023 14:46,14924
2/14/2023 14:46,14652
2/14/2023 14:47,14674
2/14/2023 14:47,14674
2/14/2023 14:48,14721
2/14/2023 14:48,15910
2/14/2023 14:49,16223
2/14/2023 14:49,13011
2/14/2023 14:50,16247
2/14/2023 14:50,14857
2/14/2023 14:51,15213
2/14/2023 14:51,13846
2/14/2023 14:52,14696
2/14/2023 14:52,14143
2/14/2023 14:53,15505
2/14/2023 14:53,14405
2/14/2023 14:54,13805
2/14/2023 14:54,14765
2/14/2023 14:55,14765
2/14/2023 14:55,13972
2/14/2023 14:56,14674
2/14/2023 14:56,14186
2/14/2023 14:57,14835
2/14/2023 14:57,15139
2/14/2023 14:58,16354
2/14/2023 14:58,15094
2/14/2023 14:59,14470
2/14/2023 14:59,15044
2/14/2023 15:00,15729
2/14/2023 15:00,14493
2/14/2023 15:01,15784
2/14/2023 15:01,15286
2/14/2023 15:02,16141
2/14/2023 15:03,14765
2/14/2023 15:03,15430
2/14/2023 15:04,15854
2/14/2023 15:04,14674
2/14/2023 15:05,14600
2/14/2023 15:05,14765
2/14/2023 15:06,15628
2/14/2023 15:06,15407
2/14/2023 15:07,15651
2/14/2023 15:07,14813
2/14/2023 15:08,15430
2/14/2023 15:08,15989
2/14/2023 15:09,15582
2/14/2023 15:09,14229
2/14/2023 15:10,15213
2/14/2023 15:10,15705
2/14/2023 15:11,15407
2/14/2023 15:11,14743
2/14/2023 15:12,15332
2/14/2023 15:12,16247
2/14/2023 15:13,14928
2/14/2023 15:13,15309
2/14/2023 15:14,15705
2/14/2023 15:14,14743
2/14/2023 15:15,15044
2/14/2023 15:15,14928
2/14/2023 15:16,14674
2/14/2023 15:16,14942
2/14/2023 15:17,14470
2/14/2023 15:17,14950
2/14/2023 15:18,14493
2/14/2023 15:18,15830
2/14/2023 15:19,16037
2/14/2023 15:19,16037
2/14/2023 15:20,15551
2/14/2023 15:20,15682
2/14/2023 15:21,14835
2/14/2023 15:21,14450
2/14/2023 15:22,16013
2/14/2023 15:22,14537
2/14/2023 15:23,14835
2/14/2023 15:23,15582
2/14/2023 15:24,16037
2/14/2023 15:24,15258
2/14/2023 15:25,15044
2/14/2023 15:25,15430
2/14/2023 15:26,15022
2/14/2023 15:26,15822
2/14/2023 15:27,14950
2/14/2023 15:27,14857
2/14/2023 15:28,15117
2/14/2023 15:28,15528
2/14/2023 15:29,15854
2/14/2023 15:30,14674
2/14/2023 15:30,15044
2/14/2023 15:31,14647
2/14/2023 15:31,15361
2/14/2023 15:32,15807
2/14/2023 15:32,15407
2/14/2023 15:33,14493
2/14/2023 15:33,15309
2/14/2023 15:34,15528
2/14/2023 15:34,15430
2/14/2023 15:35,15505
2/14/2023 15:35,13722
2/14/2023 15:36,15235
2/14/2023 15:36,14652
2/14/2023 15:37,15482
2/14/2023 15:37,15235
2/14/2023 15:38,15933
2/14/2023 15:38,15044
2/14/2023 15:39,15957
2/14/2023 15:39,13972
2/14/2023 15:40,15830
2/14/2023 15:40,15190
2/14/2023 15:41,15332
2/14/2023 15:41,15430
2/14/2023 15:42,15989
2/14/2023 15:42,15213
2/14/2023 15:43,15505
2/14/2023 15:43,15830
2/14/2023 15:44,15830
2/14/2023 15:44,15407
2/14/2023 15:45,15213
2/14/2023 15:45,13951
2/14/2023 15:46,15605
2/14/2023 15:46,15213
2/14/2023 15:47,14835
2/14/2023 15:47,15309
2/14/2023 15:48,15505
2/14/2023 15:48,15407
2/14/2023 15:49,15605
2/14/2023 15:49,14839
2/14/2023 15:50,15705
2/14/2023 15:50,15286
2/14/2023 15:51,15264
2/14/2023 15:51,15784
2/14/2023 15:52,13972
2/14/2023 15:52,15482
2/14/2023 15:53,15886
2/14/2023 15:53,15505
2/14/2023 15:54,15737
2/14/2023 15:54,14743
2/14/2023 15:55,13887
2/14/2023 15:55,15094
2/14/2023 15:56,15094
2/14/2023 15:57,14928
2/14/2023 15:57,15094
2/14/2023 15:58,15459
2/14/2023 15:58,14928
2/14/2023 15:59,15117
2/14/2023 15:59,14339
2/14/2023 16:00,15309
2/14/2023 16:00,14539
2/14/2023 16:01,15213
2/14/2023 16:01,15886
2/14/2023 16:02,14743
2/14/2023 16:02,15384
2/14/2023 16:03,13538
2/14/2023 16:03,15807
2/14/2023 16:04,15582
2/14/2023 16:04,15559
2/14/2023 16:05,15752
2/14/2023 16:05,15179
2/14/2023 16:06,14338
2/14/2023 16:06,15582
2/14/2023 16:07,15807
2/14/2023 16:07,15286
2/14/2023 16:08,15022
2/14/2023 16:08,14186
2/14/2023 16:09,15886
2/14/2023 16:09,15309
2/14/2023 16:10,15022
2/14/2023 16:10,15682
2/14/2023 16:11,15784
2/14/2023 16:11,15582
2/14/2023 16:12,15264
2/14/2023 16:12,14950
2/14/2023 16:13,14674
2/14/2023 16:13,15760
2/14/2023 16:14,15022
2/14/2023 16:14,15505
2/14/2023 16:15,15989
2/14/2023 16:15,15682
2/14/2023 16:16,15190
2/14/2023 16:16,15384
2/14/2023 16:17,12915
2/14/2023 16:17,15790
2/14/2023 16:18,15407
2/14/2023 16:18,15729
2/14/2023 16:19,15286
2/14/2023 16:19,15705
2/14/2023 16:20,15309
2/14/2023 16:20,15863
2/14/2023 16:21,15286
2/14/2023 16:21,13358
2/14/2023 16:22,15957
2/14/2023 16:23,13638
2/14/2023 16:23,14973
2/14/2023 16:24,15022
2/14/2023 16:24,14036
2/14/2023 16:25,14493
2/14/2023 16:25,16013
2/14/2023 16:26,15309
2/14/2023 16:26,15989
2/14/2023 16:27,14791
2/14/2023 16:27,14906
2/14/2023 16:28,16094
2/14/2023 16:28,13437
2/14/2023 16:29,15094
2/14/2023 16:29,14813
2/14/2023 16:30,14121
2/14/2023 16:30,15213
2/14/2023 16:31,15235
2/14/2023 16:31,15784
2/14/2023 16:32,15459
2/14/2023 16:32,14361
2/14/2023 16:33,15022
2/14/2023 16:33,15482
2/14/2023 16:34,14295
2/14/2023 16:34,15559
2/14/2023 16:35,15784
2/14/2023 16:35,15309
2/14/2023 16:36,15528
2/14/2023 16:36,14928
2/14/2023 16:37,15407
2/14/2023 16:37,14383
2/14/2023 16:38,15384
2/14/2023 16:38,15286
2/14/2023 16:39,15000
2/14/2023 16:39,16306
2/14/2023 16:40,15022
2/14/2023 16:40,15309
2/14/2023 16:41,15636
2/14/2023 16:41,15067
2/14/2023 16:42,15807
2/14/2023 16:42,15139
2/14/2023 16:43,15117
2/14/2023 16:43,13784
2/14/2023 16:44,14721
2/14/2023 16:44,15989
2/14/2023 16:45,15613
2/14/2023 16:45,15044
2/14/2023 16:46,14674
2/14/2023 16:46,15286
2/14/2023 16:47,15139
2/14/2023 16:47,14839
2/14/2023 16:48,16013
2/14/2023 16:48,14539
2/14/2023 16:49,15605
2/14/2023 16:50,15482
2/14/2023 16:50,16438
2/14/2023 16:51,14765
2/14/2023 16:51,14121
2/14/2023 16:52,15559
2/14/2023 16:52,15784
2/14/2023 16:53,13620
2/14/2023 16:53,15309
2/14/2023 16:54,15094
2/14/2023 16:54,15605
2/14/2023 16:55,16330
2/14/2023 16:55,15332
2/14/2023 16:56,15482
2/14/2023 16:56,15384
2/14/2023 16:57,15651
2/14/2023 16:57,15886
2/14/2023 16:58,15784
2/14/2023 16:58,15139
2/14/2023 16:59,15213
2/14/2023 16:59,15910
2/14/2023 17:00,15784
2/14/2023 17:00,15705
2/14/2023 17:01,15682
2/14/2023 17:01,15605
2/14/2023 17:02,15213
2/14/2023 17:02,14630
2/14/2023 17:03,15886
2/14/2023 17:03,15117
2/14/2023 17:04,15384
2/14/2023 17:04,15117
2/14/2023 17:05,15807
2/14/2023 17:05,13680
2/14/2023 17:06,15275
2/14/2023 17:06,14208
2/14/2023 17:07,15752
2/14/2023 17:07,15213
2/14/2023 17:08,15309
2/14/2023 17:08,15505
2/14/2023 17:09,15605
2/14/2023 17:09,14143
2/14/2023 17:10,15582
2/14/2023 17:10,15459
2/14/2023 17:11,15407
2/14/2023 17:11,15957
2/14/2023 17:12,14883
2/14/2023 17:12,15760
2/14/2023 17:13,15863
2/14/2023 17:13,14143
2/14/2023 17:14,15367
2/14/2023 17:14,15729
2/14/2023 17:15,15213
2/14/2023 17:16,15505
2/14/2023 17:16,15117
2/14/2023 17:17,15705
2/14/2023 17:17,15505
2/14/2023 17:18,15682
2/14/2023 17:18,16013
2/14/2023 17:19,15453
2/14/2023 17:19,15729
2/14/2023 17:20,15190
2/14/2023 17:20,14652
2/14/2023 17:21,15022
2/14/2023 17:21,15407
2/14/2023 17:22,15309
2/14/2023 17:22,15332
2/14/2023 17:23,15407
2/14/2023 17:23,15384
2/14/2023 17:24,14743
2/14/2023 17:24,15309
2/14/2023 17:25,14906
2/14/2023 17:25,15528
2/14/2023 17:26,13500
2/14/2023 17:26,15407
2/14/2023 17:27,14857
2/14/2023 17:27,14674
2/14/2023 17:28,16141
2/14/2023 17:28,15505
2/14/2023 17:29,15430
2/14/2023 17:29,14121
2/14/2023 17:30,15830
2/14/2023 17:30,15235
2/14/2023 17:31,15729
2/14/2023 17:31,15332
2/14/2023 17:32,15628
2/14/2023 17:32,15528
2/14/2023 17:33,15705
2/14/2023 17:33,15628
2/14/2023 17:34,13722
2/14/2023 17:34,15830
2/14/2023 17:35,15830
2/14/2023 17:35,14721
2/14/2023 17:36,15784
2/14/2023 17:36,15117
2/14/2023 17:37,15139
2/14/2023 17:37,15807
2/14/2023 17:38,15505
2/14/2023 17:38,16037
2/14/2023 17:39,15235
2/14/2023 17:39,15407
2/14/2023 17:40,15807
2/14/2023 17:40,15235
2/14/2023 17:41,15628
2/14/2023 17:41,15682
2/14/2023 17:42,14768
2/14/2023 17:43,16223
2/14/2023 17:43,16141
2/14/2023 17:44,15167
2/14/2023 17:44,15139
2/14/2023 17:45,15605
2/14/2023 17:45,15528
2/14/2023 17:46,15235
2/14/2023 17:46,15605
2/14/2023 17:47,15235
2/14/2023 17:47,16306
2/14/2023 17:48,15022
2/14/2023 17:48,15309
2/14/2023 17:49,15775
2/14/2023 17:49,15309
2/14/2023 17:50,15332
2/14/2023 17:50,16547
2/14/2023 17:51,15407
2/14/2023 17:51,15705
2/14/2023 17:52,15651
2/14/2023 17:52,15139
2/14/2023 17:53,15309
2/14/2023 17:53,15628
2/14/2023 17:54,14857
2/14/2023 17:54,15139
2/14/2023 17:55,15476
2/14/2023 17:55,15752
2/14/2023 17:56,15830
2/14/2023 17:56,14857
2/14/2023 17:57,14809
2/14/2023 17:57,15094
2/14/2023 17:58,15117
2/14/2023 17:58,14674
2/14/2023 17:59,16118
2/14/2023 17:59,15044
2/14/2023 18:00,15910
2/14/2023 18:00,14950
2/14/2023 18:01,15505
2/14/2023 18:01,15044
2/14/2023 18:02,15022
2/14/2023 18:02,16450
2/14/2023 18:03,16152
2/14/2023 18:03,16223
2/14/2023 18:04,15094
2/14/2023 18:04,15309
2/14/2023 18:05,15430
2/14/2023 18:05,15213
2/14/2023 18:06,15705
2/14/2023 18:06,15000
2/14/2023 18:07,15332
2/14/2023 18:07,15089
2/14/2023 18:08,15117
2/14/2023 18:08,16247
2/14/2023 18:09,16094
2/14/2023 18:10,16330
2/14/2023 18:10,15361
2/14/2023 18:11,15830
2/14/2023 18:11,15332
2/14/2023 18:12,15162
2/14/2023 18:12,15407
2/14/2023 18:13,15430
2/14/2023 18:13,15286
2/14/2023 18:14,15667
2/14/2023 18:14,16118
2/14/2023 18:15,15162
2/14/2023 18:15,15117
2/14/2023 18:16,15528
2/14/2023 18:16,15213
2/14/2023 18:17,15332
2/14/2023 18:17,15022
2/14/2023 18:18,14186
2/14/2023 18:18,15162
2/14/2023 18:19,15213
2/14/2023 18:19,15213
2/14/2023 18:20,15162
2/14/2023 18:20,16176
2/14/2023 18:21,15910
2/14/2023 18:21,15628
2/14/2023 18:22,15190
2/14/2023 18:22,15628
2/14/2023 18:23,16141
2/14/2023 18:23,15309
2/14/2023 18:24,15430
2/14/2023 18:24,15235
2/14/2023 18:25,16223
2/14/2023 18:25,15830
2/14/2023 18:26,14857
2/14/2023 18:26,15309
2/14/2023 18:27,15528
2/14/2023 18:27,15582
2/14/2023 18:28,15332
2/14/2023 18:28,14036
2/14/2023 18:29,14493
2/14/2023 18:29,16013
2/14/2023 18:30,15559
2/14/2023 18:30,15190
2/14/2023 18:31,15407
2/14/2023 18:31,15044
2/14/2023 18:32,14857
2/14/2023 18:32,14674
2/14/2023 18:33,15286
2/14/2023 18:33,15235
2/14/2023 18:34,15361
2/14/2023 18:34,15528
2/14/2023 18:35,15400
2/14/2023 18:36,16247
2/14/2023 18:36,15582
2/14/2023 18:37,15521
2/14/2023 18:37,16013
2/14/2023 18:38,15482
2/14/2023 18:38,15089
2/14/2023 18:39,15326
2/14/2023 18:39,15784
2/14/2023 18:40,15117
2/14/2023 18:40,15628
2/14/2023 18:41,15729
2/14/2023 18:41,15933
2/14/2023 18:42,15705
2/14/2023 18:42,15807
2/14/2023 18:43,15628
2/14/2023 18:43,15989
2/14/2023 18:44,14743
2/14/2023 18:44,15139
2/14/2023 18:45,15957
2/14/2023 18:45,15430
2/14/2023 18:46,15384
2/14/2023 18:46,15705
2/14/2023 18:47,15807
2/14/2023 18:47,16223
2/14/2023 18:48,15407
2/14/2023 18:48,15505
2/14/2023 18:49,16306
2/14/2023 18:49,16118
2/14/2023 18:50,16414
2/14/2023 18:50,15213
2/14/2023 18:51,16330
2/14/2023 18:51,15784
2/14/2023 18:52,16547
2/14/2023 18:52,15807
2/14/2023 18:53,15139
2/14/2023 18:53,15407
2/14/2023 18:54,15286
2/14/2023 18:54,16199
2/14/2023 18:55,16414
2/14/2023 18:55,15286
2/14/2023 18:56,15628
2/14/2023 18:56,15072
2/14/2023 18:57,15303
2/14/2023 18:57,16060
2/14/2023 18:58,15407
2/14/2023 18:58,15190
2/14/2023 18:59,16060
2/14/2023 18:59,15705
2/14/2023 19:00,15528
2/14/2023 19:00,14857
2/14/2023 19:01,15384
2/14/2023 19:01,15094
2/14/2023 19:02,15528
2/14/2023 19:03,16118
2/14/2023 19:03,15384
2/14/2023 19:04,15605
2/14/2023 19:04,15784
2/14/2023 19:05,15807
2/14/2023 19:05,16330
2/14/2023 19:06,16223
2/14/2023 19:06,16118
2/14/2023 19:07,15482
2/14/2023 19:07,14229
2/14/2023 19:08,15674
2/14/2023 19:08,15605
2/14/2023 19:09,15407
2/14/2023 19:09,15628
2/14/2023 19:10,16013
2/14/2023 19:10,16223
2/14/2023 19:11,15430
2/14/2023 19:11,15482
2/14/2023 19:12,15512
2/14/2023 19:12,14743
2/14/2023 19:13,15286
2/14/2023 19:13,15190
2/14/2023 19:14,15482
2/14/2023 19:14,15605
2/14/2023 19:15,15784
2/14/2023 19:15,14383
2/14/2023 19:16,15582
2/14/2023 19:16,15737
2/14/2023 19:17,15332
2/14/2023 19:17,15094
2/14/2023 19:18,15213
2/14/2023 19:18,15989
2/14/2023 19:19,15784
2/14/2023 19:19,15117
2/14/2023 19:20,15213
2/14/2023 19:20,15482
2/14/2023 19:21,15839
2/14/2023 19:21,15989
2/14/2023 19:22,15218
2/14/2023 19:22,15190
2/14/2023 19:23,15309
2/14/2023 19:23,15190
2/14/2023 19:24,16354
2/14/2023 19:24,16247
2/14/2023 19:25,15190
2/14/2023 19:25,15190
2/14/2023 19:26,15551
2/14/2023 19:26,15598
2/14/2023 19:27,15394
2/14/2023 19:27,15605
2/14/2023 19:28,16330
2/14/2023 19:29,16994
2/14/2023 19:29,15482
2/14/2023 19:30,15807
2/14/2023 19:30,16330
2/14/2023 19:31,14813
2/14/2023 19:31,16074
2/14/2023 19:32,15582
2/14/2023 19:32,15213
2/14/2023 19:33,15213
2/14/2023 19:33,15682
2/14/2023 19:34,16414
2/14/2023 19:34,16118
2/14/2023 19:35,15505
2/14/2023 19:35,15430
2/14/2023 19:36,15505
2/14/2023 19:36,15505
2/14/2023 19:37,15117
2/14/2023 19:37,15286
2/14/2023 19:38,15910
2/14/2023 19:38,15338
2/14/2023 19:39,16744
2/14/2023 19:39,15355
2/14/2023 19:40,16118
2/14/2023 19:40,15384
2/14/2023 19:41,15167
2/14/2023 19:41,16306
2/14/2023 19:42,16306
2/14/2023 19:42,14768
2/14/2023 19:43,15332
2/14/2023 19:43,16094
2/14/2023 19:44,15784
2/14/2023 19:44,15235
2/14/2023 19:45,15384
2/14/2023 19:45,16719
2/14/2023 19:46,15575
2/14/2023 19:46,16199
2/14/2023 19:47,16633
2/14/2023 19:47,15505
2/14/2023 19:48,15886
2/14/2023 19:48,15582
2/14/2023 19:49,15910
2/14/2023 19:49,15582
2/14/2023 19:50,15407
2/14/2023 19:50,15582
2/14/2023 19:51,15407
2/14/2023 19:51,15989
2/14/2023 19:52,15122
2/14/2023 19:52,15213
2/14/2023 19:53,15309
2/14/2023 19:53,16118
2/14/2023 19:54,15605
2/14/2023 19:54,16462
2/14/2023 19:55,15309
2/14/2023 19:56,15338
2/14/2023 19:56,15172
2/14/2023 19:57,15482
2/14/2023 19:57,15705
2/14/2023 19:58,15459
2/14/2023 19:58,15705
2/14/2023 19:59,15682
2/14/2023 19:59,16176
2/14/2023 20:00,15705
2/14/2023 20:00,15286
2/14/2023 20:01,15659
2/14/2023 20:01,16199
2/14/2023 20:02,15286
2/14/2023 20:02,15784
2/14/2023 20:03,16523
2/14/2023 20:03,15989
2/14/2023 20:04,16306
2/14/2023 20:04,15286
2/14/2023 20:05,16013
2/14/2023 20:05,15384
2/14/2023 20:06,15459
2/14/2023 20:06,15807
2/14/2023 20:07,15482
2/14/2023 20:07,15482
2/14/2023 20:08,15989
2/14/2023 20:08,15628
2/14/2023 20:09,15659
2/14/2023 20:09,15559
2/14/2023 20:10,16199
2/14/2023 20:10,15482
2/14/2023 20:11,16438
2/14/2023 20:11,15000
2/14/2023 20:12,15413
2/14/2023 20:12,15094
2/14/2023 20:13,16094
2/14/2023 20:13,15505
2/14/2023 20:14,15094
2/14/2023 20:14,15361
2/14/2023 20:15,14721
2/14/2023 20:15,15167
2/14/2023 20:16,15559
2/14/2023 20:16,15807
2/14/2023 20:17,15390
2/14/2023 20:17,15000
2/14/2023 20:18,15286
2/14/2023 20:18,15338
2/14/2023 20:19,14517
2/14/2023 20:19,15705
2/14/2023 20:20,15264
2/14/2023 20:20,16498
2/14/2023 20:21,16390
2/14/2023 20:21,15582
2/14/2023 20:22,15489
2/14/2023 20:23,16094
2/14/2023 20:23,15309
2/14/2023 20:24,15172
2/14/2023 20:24,16176
2/14/2023 20:25,15190
2/14/2023 20:25,15213
2/14/2023 20:26,14861
2/14/2023 20:26,14861
2/14/2023 20:27,16354
2/14/2023 20:27,14906
2/14/2023 20:28,15286
2/14/2023 20:28,15535
2/14/2023 20:29,15361
2/14/2023 20:29,15361
2/14/2023 20:30,16768
2/14/2023 20:30,15286
2/14/2023 20:31,16306
2/14/2023 20:31,15966
2/14/2023 20:32,15989
2/14/2023 20:32,15094
2/14/2023 20:33,16282
2/14/2023 20:33,16176
2/14/2023 20:34,16199
2/14/2023 20:34,16414
2/14/2023 20:35,15737
2/14/2023 20:35,15551
2/14/2023 20:36,15407
2/14/2023 20:36,16414
2/14/2023 20:37,14361
2/14/2023 20:37,14450
2/14/2023 20:38,15436
2/14/2023 20:38,14857
2/14/2023 20:39,14721
2/14/2023 20:39,16223
2/14/2023 20:40,15582
2/14/2023 20:40,15667
2/14/2023 20:41,15436
2/14/2023 20:41,15338
2/14/2023 20:42,15482
2/14/2023 20:42,15361
2/14/2023 20:43,14906
2/14/2023 20:43,15582
2/14/2023 20:44,14906
2/14/2023 20:44,16094
2/14/2023 20:45,15361
2/14/2023 20:45,15286
2/14/2023 20:46,16523
2/14/2023 20:46,15384
2/14/2023 20:47,15117
2/14/2023 20:47,14295
2/14/2023 20:48,15839
2/14/2023 20:49,14630
2/14/2023 20:49,16633
2/14/2023 20:50,15705
2/14/2023 20:50,15286
2/14/2023 20:51,15582
2/14/2023 20:51,15839
2/14/2023 20:52,16306
2/14/2023 20:52,15000
2/14/2023 20:53,15682
2/14/2023 20:53,16670
2/14/2023 20:54,15332
2/14/2023 20:54,15482
2/14/2023 20:55,16013
2/14/2023 20:55,15264
2/14/2023 20:56,14768
2/14/2023 20:56,16094
2/14/2023 20:57,15721
2/14/2023 20:57,15213
2/14/2023 20:58,14883
2/14/2023 20:58,15659
2/14/2023 20:59,16223
2/14/2023 20:59,15636
2/14/2023 21:00,16247
2/14/2023 21:00,15752
2/14/2023 21:01,16511
2/14/2023 21:01,16657
2/14/2023 21:02,16070
2/14/2023 21:02,15989
2/14/2023 21:03,15505
2/14/2023 21:03,14950
2/14/2023 21:04,15605
2/14/2023 21:04,14835
2/14/2023 21:05,15309
2/14/2023 21:05,14813
2/14/2023 21:06,15690
2/14/2023 21:06,15000
2/14/2023 21:07,16223
2/14/2023 21:07,15286
2/14/2023 21:08,15144
2/14/2023 21:08,15559
2/14/2023 21:09,14813
2/14/2023 21:09,15729
2/14/2023 21:10,16176
2/14/2023 21:10,15682
2/14/2023 21:11,15682
2/14/2023 21:11,15384
2/14/2023 21:12,15384
2/14/2023 21:12,14630
2/14/2023 21:13,15605
2/14/2023 21:13,16390
2/14/2023 21:14,16046
2/14/2023 21:14,15942
2/14/2023 21:15,16141
2/14/2023 21:16,16414
2/14/2023 21:16,14791
2/14/2023 21:17,16633
2/14/2023 21:17,15384
2/14/2023 21:18,16547
2/14/2023 21:18,15384
2/14/2023 21:19,15559
2/14/2023 21:19,15384
2/14/2023 21:20,15605
2/14/2023 21:20,16199
2/14/2023 21:21,15886
2/14/2023 21:21,15659
2/14/2023 21:22,16306
2/14/2023 21:22,14955
2/14/2023 21:23,16390
2/14/2023 21:23,14906
2/14/2023 21:24,15049
2/14/2023 21:24,14608
2/14/2023 21:25,14883
2/14/2023 21:25,16199
2/14/2023 21:26,15241
2/14/2023 21:26,15628
2/14/2023 21:27,16176
2/14/2023 21:27,16390
2/14/2023 21:28,14906
2/14/2023 21:28,15072
2/14/2023 21:29,15459
2/14/2023 21:29,15482
2/14/2023 21:30,15582
2/14/2023 21:30,15575
2/14/2023 21:31,15886
2/14/2023 21:31,16199
2/14/2023 21:32,15886
2/14/2023 21:32,16094
2/14/2023 21:33,15582
2/14/2023 21:33,15436
2/14/2023 21:34,15482
2/14/2023 21:34,15430
2/14/2023 21:35,15459
2/14/2023 21:35,16523
2/14/2023 21:36,15384
2/14/2023 21:36,15407
2/14/2023 21:37,16414
2/14/2023 21:37,16118
2/14/2023 21:38,15190
2/14/2023 21:38,15989
2/14/2023 21:39,15582
2/14/2023 21:39,15482
2/14/2023 21:40,16306
2/14/2023 21:40,15167
2/14/2023 21:41,16199
2/14/2023 21:41,15966
2/14/2023 21:42,14450
2/14/2023 21:43,15784
2/14/2023 21:43,14721
2/14/2023 21:44,15690
2/14/2023 21:44,15784
2/14/2023 21:45,15453
2/14/2023 21:45,15505
2/14/2023 21:46,16070
2/14/2023 21:46,15361
2/14/2023 21:47,15682
2/14/2023 21:47,16118
2/14/2023 21:48,15784
2/14/2023 21:48,15582
2/14/2023 21:49,16070
2/14/2023 21:49,15682
2/14/2023 21:50,15784
2/14/2023 21:50,16330
2/14/2023 21:51,15309
2/14/2023 21:51,15482
2/14/2023 21:52,15582
2/14/2023 21:52,15384
2/14/2023 21:53,15286
2/14/2023 21:53,16856
2/14/2023 21:54,15760
2/14/2023 21:54,15705
2/14/2023 21:55,15384
2/14/2023 21:55,15482
2/14/2023 21:56,15094
2/14/2023 21:56,15122
2/14/2023 21:57,15760
2/14/2023 21:57,14768
2/14/2023 21:58,15286
2/14/2023 21:58,15971
2/14/2023 21:59,15213
2/14/2023 21:59,15117
2/14/2023 22:00,15784
2/14/2023 22:00,15989
2/14/2023 22:01,15099
2/14/2023 22:01,15407
2/14/2023 22:02,15482
2/14/2023 22:02,15690
2/14/2023 22:03,16719
2/14/2023 22:03,15384
2/14/2023 22:04,17200
2/14/2023 22:04,15989
2/14/2023 22:05,15886
2/14/2023 22:05,15989
2/14/2023 22:06,16013
2/14/2023 22:06,14928
2/14/2023 22:07,16094
2/14/2023 22:07,15361
2/14/2023 22:08,15784
2/14/2023 22:09,15605
2/14/2023 22:09,15459
2/14/2023 22:10,15482
2/14/2023 22:10,15705
2/14/2023 22:11,15966
2/14/2023 22:11,15309
2/14/2023 22:12,16094
2/14/2023 22:12,15582
2/14/2023 22:13,15790
2/14/2023 22:13,16094
2/14/2023 22:14,15384
2/14/2023 22:14,15190
2/14/2023 22:15,15605
2/14/2023 22:15,15989
2/14/2023 22:16,15482
2/14/2023 22:16,16633
2/14/2023 22:17,15784
2/14/2023 22:17,16719
2/14/2023 22:18,16269
2/14/2023 22:18,15784
2/14/2023 22:19,15605
2/14/2023 22:19,16070
2/14/2023 22:20,15361
2/14/2023 22:20,16094
2/14/2023 22:21,14883
2/14/2023 22:21,14768
2/14/2023 22:22,15989
2/14/2023 22:22,15482
2/14/2023 22:23,15760
2/14/2023 22:23,15784
2/14/2023 22:24,15989
2/14/2023 22:24,15582
2/14/2023 22:25,15482
2/14/2023 22:25,16523
2/14/2023 22:26,15459
2/14/2023 22:26,15361
2/14/2023 22:27,15582
2/14/2023 22:27,15886
2/14/2023 22:28,15784
2/14/2023 22:28,16199
2/14/2023 22:29,15682
2/14/2023 22:29,15384
2/14/2023 22:30,16744
2/14/2023 22:30,16744
2/14/2023 22:31,15559
2/14/2023 22:31,16414
2/14/2023 22:32,16498
2/14/2023 22:32,16070
2/14/2023 22:33,15190
2/14/2023 22:33,15784
2/14/2023 22:34,15682
2/14/2023 22:34,16306
2/14/2023 22:35,14676
2/14/2023 22:36,16223
2/14/2023 22:36,15966
2/14/2023 22:37,16523
2/14/2023 22:37,15784
2/14/2023 22:38,16282
2/14/2023 22:38,15309
2/14/2023 22:39,15933
2/14/2023 22:39,16282
2/14/2023 22:40,15264
2/14/2023 22:40,15582
2/14/2023 22:41,16070
2/14/2023 22:41,16807
2/14/2023 22:42,16633
2/14/2023 22:42,15361
2/14/2023 22:43,16282
2/14/2023 22:43,16118
2/14/2023 22:44,15886
2/14/2023 22:44,15275
2/14/2023 22:45,15659
2/14/2023 22:45,15000
2/14/2023 22:46,14928
2/14/2023 22:46,15886
2/14/2023 22:47,16094
2/14/2023 22:47,16633
2/14/2023 22:48,15384
2/14/2023 22:48,16633
2/14/2023 22:49,15264
2/14/2023 22:49,16282
2/14/2023 22:50,15784
2/14/2023 22:50,15682
2/14/2023 22:51,15752
2/14/2023 22:51,15760
2/14/2023 22:52,16282
2/14/2023 22:52,17084
2/14/2023 22:53,15807
2/14/2023 22:53,16094
2/14/2023 22:54,15582
2/14/2023 22:54,16881
2/14/2023 22:55,15482
2/14/2023 22:55,15989
2/14/2023 22:56,15338
2/14/2023 22:56,16633
2/14/2023 22:57,14835
2/14/2023 22:57,14608
2/14/2023 22:58,15760
2/14/2023 22:58,15286
2/14/2023 22:59,15407
2/14/2023 22:59,15784
2/14/2023 23:00,15966
2/14/2023 23:00,15910
2/14/2023 23:01,15505
2/14/2023 23:01,15674
2/14/2023 23:02,15605
2/14/2023 23:03,15407
2/14/2023 23:03,16657
2/14/2023 23:04,15760
2/14/2023 23:04,15505
2/14/2023 23:05,16414
2/14/2023 23:05,15190
2/14/2023 23:06,14361
2/14/2023 23:06,16414
2/14/2023 23:07,16633
2/14/2023 23:07,16523
2/14/2023 23:08,15022
2/14/2023 23:08,17084
2/14/2023 23:09,15886
2/14/2023 23:09,15482
2/14/2023 23:10,15213
2/14/2023 23:10,16114
2/14/2023 23:11,15682
2/14/2023 23:11,16438
2/14/2023 23:12,15682
2/14/2023 23:12,15384
2/14/2023 23:13,16534
2/14/2023 23:13,15933
2/14/2023 23:14,15729
2/14/2023 23:14,16330
2/14/2023 23:15,15309
2/14/2023 23:15,15489
2/14/2023 23:16,15989
2/14/2023 23:16,15886
2/14/2023 23:17,15309
2/14/2023 23:17,15384
2/14/2023 23:18,15910
2/14/2023 23:18,15705
2/14/2023 23:19,15022
2/14/2023 23:19,16118
2/14/2023 23:20,15910
2/14/2023 23:20,15309
2/14/2023 23:21,15830
2/14/2023 23:21,16013
2/14/2023 23:22,16223
2/14/2023 23:22,14608
2/14/2023 23:23,16118
2/14/2023 23:23,15559
2/14/2023 23:24,16308
2/14/2023 23:24,15286
2/14/2023 23:25,16070
2/14/2023 23:25,16118
2/14/2023 23:26,15332
2/14/2023 23:26,15309
2/14/2023 23:27,16118
2/14/2023 23:27,15966
2/14/2023 23:28,15807
2/14/2023 23:29,16881
2/14/2023 23:29,15830
2/14/2023 23:30,15582
2/14/2023 23:30,15436
2/14/2023 23:31,15910
2/14/2023 23:31,15551
2/14/2023 23:32,16094
2/14/2023 23:32,15705
2/14/2023 23:33,16223
2/14/2023 23:33,15989
2/14/2023 23:34,16768
2/14/2023 23:34,16199
2/14/2023 23:35,16330
2/14/2023 23:35,16768
2/14/2023 23:36,15413
2/14/2023 23:36,15582
2/14/2023 23:37,15612
2/14/2023 23:37,15667
2/14/2023 23:38,15784
2/14/2023 23:38,15784
2/14/2023 23:39,15505
2/14/2023 23:39,16223
2/14/2023 23:40,14928
2/14/2023 23:40,14561
2/14/2023 23:41,15582
2/14/2023 23:41,16094
2/14/2023 23:42,16118
2/14/2023 23:42,15582
2/14/2023 23:43,15117
2/14/2023 23:43,15528
2/14/2023 23:44,15213
2/14/2023 23:44,15482
2/14/2023 23:45,15582
2/14/2023 23:45,15292
2/14/2023 23:46,15190
2/14/2023 23:46,15309
2/14/2023 23:47,15784
2/14/2023 23:47,15286
2/14/2023 23:48,16633
2/14/2023 23:48,15598
2/14/2023 23:49,16657
2/14/2023 23:49,16378
2/14/2023 23:50,16271
2/14/2023 23:50,14906
2/14/2023 23:51,15705
2/14/2023 23:51,14928
2/14/2023 23:52,16366
2/14/2023 23:52,15582
2/14/2023 23:53,17084
2/14/2023 23:53,16330
2/14/2023 23:54,16199
2/14/2023 23:54,14472
2/14/2023 23:55,15705
2/14/2023 23:56,16768
2/14/2023 23:56,15933
2/14/2023 23:57,15582
2/14/2023 23:57,14743
2/14/2023 23:58,15309
2/14/2023 23:58,16027
2/14/2023 23:59,15667
2/14/2023 23:59,15752
2/15/2023 0:00,15309
2/15/2023 0:00,16390
2/15/2023 0:01,15195
2/15/2023 0:01,15659
2/15/2023 0:02,16608
2/15/2023 0:02,14295
2/15/2023 0:03,15482
2/15/2023 0:03,15807
2/15/2023 0:04,15659
2/15/2023 0:04,16608
2/15/2023 0:05,15384
2/15/2023 0:05,15022
2/15/2023 0:06,15910
2/15/2023 0:06,15705
2/15/2023 0:07,15605
2/15/2023 0:07,15482
2/15/2023 0:08,15117
2/15/2023 0:08,15190
2/15/2023 0:09,16523
2/15/2023 0:09,15459
2/15/2023 0:10,15309
2/15/2023 0:10,15000
2/15/2023 0:11,15705
2/15/2023 0:11,15309
2/15/2023 0:12,16199
2/15/2023 0:12,15309
2/15/2023 0:13,15505
2/15/2023 0:13,15933
2/15/2023 0:14,15910
2/15/2023 0:14,15807
2/15/2023 0:15,15407
2/15/2023 0:15,16118
2/15/2023 0:16,15528
2/15/2023 0:16,15705
2/15/2023 0:17,15807
2/15/2023 0:17,15705
2/15/2023 0:18,16633
2/15/2023 0:18,15989
2/15/2023 0:19,16856
2/15/2023 0:19,16282
2/15/2023 0:20,16438
2/15/2023 0:20,15436
2/15/2023 0:21,15384
2/15/2023 0:22,15286
2/15/2023 0:22,15682
2/15/2023 0:23,16856
2/15/2023 0:23,15482
2/15/2023 0:24,16657
2/15/2023 0:24,15482
2/15/2023 0:25,15535
2/15/2023 0:25,16247
2/15/2023 0:26,15459
2/15/2023 0:26,15705
2/15/2023 0:27,15413
2/15/2023 0:27,15989
2/15/2023 0:28,15559
2/15/2023 0:28,16414
2/15/2023 0:29,15207
2/15/2023 0:29,15482
2/15/2023 0:30,16084
2/15/2023 0:30,17010
2/15/2023 0:31,15636
2/15/2023 0:31,15264
2/15/2023 0:32,16414
2/15/2023 0:32,15659
2/15/2023 0:33,14977
2/15/2023 0:33,16831
2/15/2023 0:34,15636
2/15/2023 0:34,15190
2/15/2023 0:35,15459
2/15/2023 0:35,16269
2/15/2023 0:36,15682
2/15/2023 0:36,15760
2/15/2023 0:37,15072
2/15/2023 0:37,15361
2/15/2023 0:38,15367
2/15/2023 0:38,15489
2/15/2023 0:39,15871
2/15/2023 0:39,16535
2/15/2023 0:40,15690
2/15/2023 0:40,15269
2/15/2023 0:41,15269
2/15/2023 0:41,15367
2/15/2023 0:42,16210
2/15/2023 0:42,15589
2/15/2023 0:43,15589
2/15/2023 0:43,15566
2/15/2023 0:44,16402
2/15/2023 0:44,17050
2/15/2023 0:45,15390
2/15/2023 0:45,16027
2/15/2023 0:46,15076
2/15/2023 0:46,15218
2/15/2023 0:47,16871
2/15/2023 0:47,15218
2/15/2023 0:48,14910
2/15/2023 0:49,16871
2/15/2023 0:49,16985
2/15/2023 0:50,15871
2/15/2023 0:50,15895
2/15/2023 0:51,16871
2/15/2023 0:51,14816
2/15/2023 0:52,15816
2/15/2023 0:52,16535
2/15/2023 0:53,15745
2/15/2023 0:53,15390
2/15/2023 0:54,16782
2/15/2023 0:54,15004
2/15/2023 0:55,15466
2/15/2023 0:55,16758
2/15/2023 0:56,16210
2/15/2023 0:56,16535
2/15/2023 0:57,15275
2/15/2023 0:57,14274
2/15/2023 0:58,15713
2/15/2023 0:58,16979
2/15/2023 0:59,15535
2/15/2023 0:59,14563
2/15/2023 1:00,16871
2/15/2023 1:00,16511
2/15/2023 1:01,16426
2/15/2023 1:01,15713
2/15/2023 1:02,16223
2/15/2023 1:02,15482
2/15/2023 1:03,15745
2/15/2023 1:03,15390
2/15/2023 1:04,16535
2/15/2023 1:04,15223
2/15/2023 1:05,15871
2/15/2023 1:05,16426
2/15/2023 1:06,15999
2/15/2023 1:06,15690
2/15/2023 1:07,15099
2/15/2023 1:07,16782
2/15/2023 1:08,15315
2/15/2023 1:08,15566
2/15/2023 1:09,16535
2/15/2023 1:09,15390
2/15/2023 1:10,15099
2/15/2023 1:10,15466
2/15/2023 1:11,16293
2/15/2023 1:11,15338
2/15/2023 1:12,15004
2/15/2023 1:12,15871
2/15/2023 1:13,15589
2/15/2023 1:13,15218
2/15/2023 1:14,14563
2/15/2023 1:14,17100
2/15/2023 1:15,15895
2/15/2023 1:16,15292
2/15/2023 1:16,15099
2/15/2023 1:17,15919
2/15/2023 1:17,15292
2/15/2023 1:18,15589
2/15/2023 1:18,16377
2/15/2023 1:19,17428
2/15/2023 1:19,16547
2/15/2023 1:20,15443
2/15/2023 1:20,15848
2/15/2023 1:21,15690
2/15/2023 1:21,15390
2/15/2023 1:22,15589
2/15/2023 1:22,15737
2/15/2023 1:23,15390
2/15/2023 1:23,16023
2/15/2023 1:24,15589
2/15/2023 1:24,15512
2/15/2023 1:25,15895
2/15/2023 1:25,16402
2/15/2023 1:26,16070
2/15/2023 1:26,16450
2/15/2023 1:27,15489
2/15/2023 1:27,15489
2/15/2023 1:28,16621
2/15/2023 1:28,15195
2/15/2023 1:29,16104
2/15/2023 1:29,15390
2/15/2023 1:30,16128
2/15/2023 1:30,15690
2/15/2023 1:31,15589
2/15/2023 1:31,15999
2/15/2023 1:32,15390
2/15/2023 1:32,15246
2/15/2023 1:33,15667
2/15/2023 1:33,15436
2/15/2023 1:34,15871
2/15/2023 1:34,17075
2/15/2023 1:35,15195
2/15/2023 1:35,15690
2/15/2023 1:36,15690
2/15/2023 1:36,15292
2/15/2023 1:37,15999
2/15/2023 1:37,15489
2/15/2023 1:38,15390
2/15/2023 1:38,15573
2/15/2023 1:39,15566
2/15/2023 1:39,15999
2/15/2023 1:40,16402
2/15/2023 1:40,15816
2/15/2023 1:41,15597
2/15/2023 1:41,15489
2/15/2023 1:42,15413
2/15/2023 1:43,16659
2/15/2023 1:43,15989
2/15/2023 1:44,16056
2/15/2023 1:44,15543
2/15/2023 1:45,15886
2/15/2023 1:45,16245
2/15/2023 1:46,16450
2/15/2023 1:46,16210
2/15/2023 1:47,15566
2/15/2023 1:47,16004
2/15/2023 1:48,15390
2/15/2023 1:48,15690
2/15/2023 1:49,15489
2/15/2023 1:49,15489
2/15/2023 1:50,16104
2/15/2023 1:50,14632
2/15/2023 1:51,15292
2/15/2023 1:51,16560
2/15/2023 1:52,15589
2/15/2023 1:52,16317
2/15/2023 1:53,15589
2/15/2023 1:53,14932
2/15/2023 1:54,17100
2/15/2023 1:54,15589
2/15/2023 1:55,15690
2/15/2023 1:55,16821
2/15/2023 1:56,16402
2/15/2023 1:56,17454
2/15/2023 1:57,15076
2/15/2023 1:57,15099
2/15/2023 1:58,16317
2/15/2023 1:58,15122
2/15/2023 1:59,16758
2/15/2023 1:59,16733
2/15/2023 2:00,15367
2/15/2023 2:00,16733
2/15/2023 2:01,15413
2/15/2023 2:01,16245
2/15/2023 2:02,15512
2/15/2023 2:02,15952
2/15/2023 2:03,16293
2/15/2023 2:03,16104
2/15/2023 2:04,15315
2/15/2023 2:04,15895
2/15/2023 2:05,16646
2/15/2023 2:05,15292
2/15/2023 2:06,14014
2/15/2023 2:06,16985
2/15/2023 2:07,15667
2/15/2023 2:07,15799
2/15/2023 2:08,16498
2/15/2023 2:09,16846
2/15/2023 2:09,16511
2/15/2023 2:10,16597
2/15/2023 2:10,15713
2/15/2023 2:11,15466
2/15/2023 2:11,16985
2/15/2023 2:12,15566
2/15/2023 2:12,15269
2/15/2023 2:13,15099
2/15/2023 2:13,15589
2/15/2023 2:14,15489
2/15/2023 2:14,15489
2/15/2023 2:15,15519
2/15/2023 2:15,15489
2/15/2023 2:16,15589
2/15/2023 2:16,15589
2/15/2023 2:17,16871
2/15/2023 2:17,16597
2/15/2023 2:18,15246
2/15/2023 2:18,15690
2/15/2023 2:19,15512
2/15/2023 2:19,15390
2/15/2023 2:20,16210
2/15/2023 2:20,16511
2/15/2023 2:21,16733
2/15/2023 2:21,16646
2/15/2023 2:22,16659
2/15/2023 2:22,15690
2/15/2023 2:23,15315
2/15/2023 2:23,16426
2/15/2023 2:24,16871
2/15/2023 2:24,16535
2/15/2023 2:25,15195
2/15/2023 2:25,16210
2/15/2023 2:26,16646
2/15/2023 2:26,15566
2/15/2023 2:27,15269
2/15/2023 2:27,15535
2/15/2023 2:28,16708
2/15/2023 2:28,15489
2/15/2023 2:29,16104
2/15/2023 2:29,14794
2/15/2023 2:30,15512
2/15/2023 2:30,15195
2/15/2023 2:31,16080
2/15/2023 2:31,14906
2/15/2023 2:32,16733
2/15/2023 2:32,15792
2/15/2023 2:33,15895
2/15/2023 2:33,15713
2/15/2023 2:34,15752
2/15/2023 2:34,16186
2/15/2023 2:35,15390
2/15/2023 2:36,16223
2/15/2023 2:36,16317
2/15/2023 2:37,15999
2/15/2023 2:37,15466
2/15/2023 2:38,15390
2/15/2023 2:38,14910
2/15/2023 2:39,14724
2/15/2023 2:39,15099
2/15/2023 2:40,15292
2/15/2023 2:40,16210
2/15/2023 2:41,16413
2/15/2023 2:41,15390
2/15/2023 2:42,15292
2/15/2023 2:42,16985
2/15/2023 2:43,15589
2/15/2023 2:43,16871
2/15/2023 2:44,16426
2/15/2023 2:44,16450
2/15/2023 2:45,14340
2/15/2023 2:45,15975
2/15/2023 2:46,16511
2/15/2023 2:46,16023
2/15/2023 2:47,16317
2/15/2023 2:47,15172
2/15/2023 2:48,15769
2/15/2023 2:48,17100
2/15/2023 2:49,16210
2/15/2023 2:49,16210
2/15/2023 2:50,15390
2/15/2023 2:50,15745
2/15/2023 2:51,14724
2/15/2023 2:51,15690
2/15/2023 2:52,15745
2/15/2023 2:52,16056
2/15/2023 2:53,15792
2/15/2023 2:53,15172
2/15/2023 2:54,15489
2/15/2023 2:54,15076
2/15/2023 2:55,14910
2/15/2023 2:55,15589
2/15/2023 2:56,15667
2/15/2023 2:56,16535
2/15/2023 2:57,15566
2/15/2023 2:57,16426
2/15/2023 2:58,16234
2/15/2023 2:58,16186
2/15/2023 2:59,15589
2/15/2023 2:59,15443
2/15/2023 3:00,15350
2/15/2023 3:00,15769
2/15/2023 3:01,15839
2/15/2023 3:01,15004
2/15/2023 3:02,15643
2/15/2023 3:03,17100
2/15/2023 3:03,16846
2/15/2023 3:04,15543
2/15/2023 3:04,16402
2/15/2023 3:05,16846
2/15/2023 3:05,15848
2/15/2023 3:06,15792
2/15/2023 3:06,15769
2/15/2023 3:07,15195
2/15/2023 3:07,15172
2/15/2023 3:08,15769
2/15/2023 3:08,15705
2/15/2023 3:09,15195
2/15/2023 3:09,16708
2/15/2023 3:10,15466
2/15/2023 3:10,16695
2/15/2023 3:11,15443
2/15/2023 3:11,16269
2/15/2023 3:12,16733
2/15/2023 3:12,16342
2/15/2023 3:13,14816
2/15/2023 3:13,14632
2/15/2023 3:14,16186
2/15/2023 3:14,16293
2/15/2023 3:15,15952
2/15/2023 3:15,15172
2/15/2023 3:16,15612
2/15/2023 3:16,15582
2/15/2023 3:17,15589
2/15/2023 3:17,15871
2/15/2023 3:18,15999
2/15/2023 3:18,17075
2/15/2023 3:19,15489
2/15/2023 3:19,15745
2/15/2023 3:20,14724
2/15/2023 3:20,16210
2/15/2023 3:21,16960
2/15/2023 3:21,15792
2/15/2023 3:22,14910
2/15/2023 3:22,15519
2/15/2023 3:23,15566
2/15/2023 3:23,15895
2/15/2023 3:24,16733
2/15/2023 3:24,15975
2/15/2023 3:25,15566
2/15/2023 3:25,15054
2/15/2023 3:26,15667
2/15/2023 3:26,15589
2/15/2023 3:27,14724
2/15/2023 3:27,15150
2/15/2023 3:28,15489
2/15/2023 3:29,15975
2/15/2023 3:29,15848
2/15/2023 3:30,15792
2/15/2023 3:30,15769
2/15/2023 3:31,16128
2/15/2023 3:31,17191
2/15/2023 3:32,15769
2/15/2023 3:32,15871
2/15/2023 3:33,16646
2/15/2023 3:33,16960
2/15/2023 3:34,16450
2/15/2023 3:34,15566
2/15/2023 3:35,15566
2/15/2023 3:35,16758
2/15/2023 3:36,15667
2/15/2023 3:36,15792
2/15/2023 3:37,15745
2/15/2023 3:37,15769
2/15/2023 3:38,16317
2/15/2023 3:38,14724
2/15/2023 3:39,15848
2/15/2023 3:39,16293
2/15/2023 3:40,15566
2/15/2023 3:40,14794
2/15/2023 3:41,15099
2/15/2023 3:41,16293
2/15/2023 3:42,15390
2/15/2023 3:42,16871
2/15/2023 3:43,15489
2/15/2023 3:43,16317
2/15/2023 3:44,15910
2/15/2023 3:44,16708
2/15/2023 3:45,15390
2/15/2023 3:45,15667
2/15/2023 3:46,15292
2/15/2023 3:46,15952
2/15/2023 3:47,15367
2/15/2023 3:47,14839
2/15/2023 3:48,15489
2/15/2023 3:48,15589
2/15/2023 3:49,15543
2/15/2023 3:49,16960
2/15/2023 3:50,15952
2/15/2023 3:50,15466
2/15/2023 3:51,15543
2/15/2023 3:51,14910
2/15/2023 3:52,15690
2/15/2023 3:52,15390
2/15/2023 3:53,15643
2/15/2023 3:53,15292
2/15/2023 3:54,15589
2/15/2023 3:54,16487
2/15/2023 3:55,14743
2/15/2023 3:56,16186
2/15/2023 3:56,16293
2/15/2023 3:57,13908
2/15/2023 3:57,14497
2/15/2023 3:58,15690
2/15/2023 3:58,15667
2/15/2023 3:59,15195
2/15/2023 3:59,15667
2/15/2023 4:00,16487
2/15/2023 4:00,14887
2/15/2023 4:01,16269
2/15/2023 4:01,16221
2/15/2023 4:02,16708
2/15/2023 4:02,17125
2/15/2023 4:03,15667
2/15/2023 4:03,15769
2/15/2023 4:04,16293
2/15/2023 4:04,15466
2/15/2023 4:05,15792
2/15/2023 4:05,15871
2/15/2023 4:06,15999
2/15/2023 4:06,14981
2/15/2023 4:07,15769
2/15/2023 4:07,15690
2/15/2023 4:08,15690
2/15/2023 4:08,15792
2/15/2023 4:09,15792
2/15/2023 4:09,16186
2/15/2023 4:10,16104
2/15/2023 4:10,15792
2/15/2023 4:11,15792
2/15/2023 4:11,16426
2/15/2023 4:12,15543
2/15/2023 4:12,15443
2/15/2023 4:13,15543
2/15/2023 4:13,15792
2/15/2023 4:14,15344
2/15/2023 4:14,15690
2/15/2023 4:15,16032
2/15/2023 4:15,15871
2/15/2023 4:16,15218
2/15/2023 4:16,15344
2/15/2023 4:17,16621
2/15/2023 4:17,16846
2/15/2023 4:18,16426
2/15/2023 4:18,16621
2/15/2023 4:19,15076
2/15/2023 4:19,15373
2/15/2023 4:20,15792
2/15/2023 4:20,15975
2/15/2023 4:21,15466
2/15/2023 4:21,15769
2/15/2023 4:22,16080
2/15/2023 4:23,15667
2/15/2023 4:23,15643
2/15/2023 4:24,16056
2/15/2023 4:24,16621
2/15/2023 4:25,16511
2/15/2023 4:25,15698
2/15/2023 4:26,16621
2/15/2023 4:26,15667
2/15/2023 4:27,17217
2/15/2023 4:27,15667
2/15/2023 4:28,15443
2/15/2023 4:28,15566
2/15/2023 4:29,15489
2/15/2023 4:29,15792
2/15/2023 4:30,15390
2/15/2023 4:30,16821
2/15/2023 4:31,15443
2/15/2023 4:31,15643
2/15/2023 4:32,15871
2/15/2023 4:32,16487
2/15/2023 4:33,15172
2/15/2023 4:33,16186
2/15/2023 4:34,15269
2/15/2023 4:34,16293
2/15/2023 4:35,16293
2/15/2023 4:35,16377
2/15/2023 4:36,16621
2/15/2023 4:36,16293
2/15/2023 4:37,17075
2/15/2023 4:37,15975
2/15/2023 4:38,15816
2/15/2023 4:38,15643
2/15/2023 4:39,15769
2/15/2023 4:39,15466
2/15/2023 4:40,16985
2/15/2023 4:40,15824
2/15/2023 4:41,16597
2/15/2023 4:41,17217
2/15/2023 4:42,16670
2/15/2023 4:42,17025
2/15/2023 4:43,16935
2/15/2023 4:43,15871
2/15/2023 4:44,15466
2/15/2023 4:44,14794
2/15/2023 4:45,15871
2/15/2023 4:45,17309
2/15/2023 4:46,15975
2/15/2023 4:46,16511
2/15/2023 4:47,16758
2/15/2023 4:47,15519
2/15/2023 4:48,15690
2/15/2023 4:49,16646
2/15/2023 4:49,14910
2/15/2023 4:50,15390
2/15/2023 4:50,15769
2/15/2023 4:51,15769
2/15/2023 4:51,16317
2/15/2023 4:52,14429
2/15/2023 4:52,14429
2/15/2023 4:53,15246
2/15/2023 4:53,15589
2/15/2023 4:54,15980
2/15/2023 4:54,16733
2/15/2023 4:55,16597
2/15/2023 4:55,15589
2/15/2023 4:56,16293
2/15/2023 4:56,15769
2/15/2023 4:57,16186
2/15/2023 4:57,15871
2/15/2023 4:58,15667
2/15/2023 4:58,15871
2/15/2023 4:59,15443
2/15/2023 4:59,15769
2/15/2023 5:00,16856
2/15/2023 5:00,15769
2/15/2023 5:01,15871
2/15/2023 5:01,16094
2/15/2023 5:02,16245
2/15/2023 5:02,16342
2/15/2023 5:03,15643
2/15/2023 5:03,14340
2/15/2023 5:04,15443
2/15/2023 5:04,15466
2/15/2023 5:05,15076
2/15/2023 5:05,15857
2/15/2023 5:06,15031
2/15/2023 5:06,17166
2/15/2023 5:07,15643
2/15/2023 5:07,16080
2/15/2023 5:08,17050
2/15/2023 5:08,15620
2/15/2023 5:09,15792
2/15/2023 5:09,16032
2/15/2023 5:10,16056
2/15/2023 5:10,15466
2/15/2023 5:11,16186
2/15/2023 5:11,16032
2/15/2023 5:12,15769
2/15/2023 5:12,15745
2/15/2023 5:13,16511
2/15/2023 5:13,16080
2/15/2023 5:14,16621
2/15/2023 5:14,15745
2/15/2023 5:15,16056
2/15/2023 5:16,16511
2/15/2023 5:16,15543
2/15/2023 5:17,15975
2/15/2023 5:17,16402
2/15/2023 5:18,17284
2/15/2023 5:18,16597
2/15/2023 5:19,16487
2/15/2023 5:19,14794
2/15/2023 5:20,15745
2/15/2023 5:20,16708
2/15/2023 5:21,15466
2/15/2023 5:21,16269
2/15/2023 5:22,16821
2/15/2023 5:22,15466
2/15/2023 5:23,15367
2/15/2023 5:23,14981
2/15/2023 5:24,15246
2/15/2023 5:24,15848
2/15/2023 5:25,15895
2/15/2023 5:25,15344
2/15/2023 5:26,15880
2/15/2023 5:26,16621
2/15/2023 5:27,17233
2/15/2023 5:27,16402
2/15/2023 5:28,16056
2/15/2023 5:28,16487
2/15/2023 5:29,15076
2/15/2023 5:29,15443
2/15/2023 5:30,16511
2/15/2023 5:30,15690
2/15/2023 5:31,16186
2/15/2023 5:31,16821
2/15/2023 5:32,16269
2/15/2023 5:32,16162
2/15/2023 5:33,15367
2/15/2023 5:33,15390
2/15/2023 5:34,16293
2/15/2023 5:34,16186
2/15/2023 5:35,16186
2/15/2023 5:35,15698
2/15/2023 5:36,15643
2/15/2023 5:36,15620
2/15/2023 5:37,16162
2/15/2023 5:37,16269
2/15/2023 5:38,14820
2/15/2023 5:38,16293
2/15/2023 5:39,15975
2/15/2023 5:39,16450
2/15/2023 5:40,15848
2/15/2023 5:40,15466
2/15/2023 5:41,16462
2/15/2023 5:41,15975
2/15/2023 5:42,14497
2/15/2023 5:43,16080
2/15/2023 5:43,16317
2/15/2023 5:44,16487
2/15/2023 5:44,15466
2/15/2023 5:45,15667
2/15/2023 5:45,16080
2/15/2023 5:46,14475
2/15/2023 5:46,16056
2/15/2023 5:47,14910
2/15/2023 5:47,15566
2/15/2023 5:48,15566
2/15/2023 5:48,15489
2/15/2023 5:49,16104
2/15/2023 5:49,16462
2/15/2023 5:50,16450
2/15/2023 5:50,15566
2/15/2023 5:51,15792
2/15/2023 5:51,16056
2/15/2023 5:52,15643
2/15/2023 5:52,15566
2/15/2023 5:53,16138
2/15/2023 5:53,15769
2/15/2023 5:54,14816
2/15/2023 5:54,15975
2/15/2023 5:55,15745
2/15/2023 5:55,15512
2/15/2023 5:56,15848
2/15/2023 5:56,16846
2/15/2023 5:57,15871
2/15/2023 5:57,16499
2/15/2023 5:58,15466
2/15/2023 5:58,15076
2/15/2023 5:59,16293
2/15/2023 5:59,17548
2/15/2023 6:00,15769
2/15/2023 6:00,16104
2/15/2023 6:01,15466
2/15/2023 6:01,15543
2/15/2023 6:02,15722
2/15/2023 6:02,15871
2/15/2023 6:03,16080
2/15/2023 6:03,15269
2/15/2023 6:04,16684
2/15/2023 6:04,15566
2/15/2023 6:05,16269
2/15/2023 6:05,15667
2/15/2023 6:06,15975
2/15/2023 6:06,16511
2/15/2023 6:07,15443
2/15/2023 6:07,15975
2/15/2023 6:08,16293
2/15/2023 6:08,16597
2/15/2023 6:09,15543
2/15/2023 6:10,16245
2/15/2023 6:10,14429
2/15/2023 6:11,15952
2/15/2023 6:11,16402
2/15/2023 6:12,16293
2/15/2023 6:12,15784
2/15/2023 6:13,14865
2/15/2023 6:13,14771
2/15/2023 6:14,15344
2/15/2023 6:14,16846
2/15/2023 6:15,15769
2/15/2023 6:15,15848
2/15/2023 6:16,15816
2/15/2023 6:16,16487
2/15/2023 6:17,14865
2/15/2023 6:17,16758
2/15/2023 6:18,16377
2/15/2023 6:18,15848
2/15/2023 6:19,15975
2/15/2023 6:19,16487
2/15/2023 6:20,17050
2/15/2023 6:20,16402
2/15/2023 6:21,16597
2/15/2023 6:21,15195
2/15/2023 6:22,16511
2/15/2023 6:22,16846
2/15/2023 6:23,16807
2/15/2023 6:23,16821
2/15/2023 6:24,16487
2/15/2023 6:24,16744
2/15/2023 6:25,14541
2/15/2023 6:25,16080
2/15/2023 6:26,15390
2/15/2023 6:26,16846
2/15/2023 6:27,16621
2/15/2023 6:27,15566
2/15/2023 6:28,16402
2/15/2023 6:28,16138
2/15/2023 6:29,15667
2/15/2023 6:29,15597
2/15/2023 6:30,16523
2/15/2023 6:30,16954
2/15/2023 6:31,16377
2/15/2023 6:31,15566
2/15/2023 6:32,14820
2/15/2023 6:32,16080
2/15/2023 6:33,15895
2/15/2023 6:33,15952
2/15/2023 6:34,16659
2/15/2023 6:34,16821
2/15/2023 6:35,16935
2/15/2023 6:36,14274
2/15/2023 6:36,16377
2/15/2023 6:37,16138
2/15/2023 6:37,16269
2/15/2023 6:38,16426
2/15/2023 6:38,16511
2/15/2023 6:39,16684
2/15/2023 6:39,16621
2/15/2023 6:40,16708
2/15/2023 6:40,15975
2/15/2023 6:41,16269
2/15/2023 6:41,15792
2/15/2023 6:42,16572
2/15/2023 6:42,16293
2/15/2023 6:43,14981
2/15/2023 6:43,16597
2/15/2023 6:44,16221
2/15/2023 6:44,16960
2/15/2023 6:45,16511
2/15/2023 6:45,15367
2/15/2023 6:46,16353
2/15/2023 6:46,16186
2/15/2023 6:47,16846
2/15/2023 6:47,16846
2/15/2023 6:48,14842
2/15/2023 6:48,16597
2/15/2023 6:49,16708
2/15/2023 6:49,16269
2/15/2023 6:50,16597
2/15/2023 6:50,15246
2/15/2023 6:51,14566
2/15/2023 6:51,16708
2/15/2023 6:52,13971
2/15/2023 6:52,16269
2/15/2023 6:53,14679
2/15/2023 6:53,15999
2/15/2023 6:54,16009
2/15/2023 6:54,16080
2/15/2023 6:55,15443
2/15/2023 6:55,16269
2/15/2023 6:56,13452
2/15/2023 6:56,14568
2/15/2023 6:57,16402
2/15/2023 6:57,16487
2/15/2023 6:58,15667
2/15/2023 6:58,16104
2/15/2023 6:59,16162
2/15/2023 6:59,15769
2/15/2023 7:00,16684
2/15/2023 7:00,16377
2/15/2023 7:01,16186
2/15/2023 7:01,16377
2/15/2023 7:02,16402
2/15/2023 7:03,15690
2/15/2023 7:03,16162
2/15/2023 7:04,14820
2/15/2023 7:04,16487
2/15/2023 7:05,15871
2/15/2023 7:05,16293
2/15/2023 7:06,16621
2/15/2023 7:06,15466
2/15/2023 7:07,16935
2/15/2023 7:07,16960
2/15/2023 7:08,16646
2/15/2023 7:08,15745
2/15/2023 7:09,16935
2/15/2023 7:09,14429
2/15/2023 7:10,15172
2/15/2023 7:10,15420
2/15/2023 7:11,16162
2/15/2023 7:11,17721
2/15/2023 7:12,15466
2/15/2023 7:12,15895
2/15/2023 7:13,16733
2/15/2023 7:13,17075
2/15/2023 7:14,15769
2/15/2023 7:14,15466
2/15/2023 7:15,15848
2/15/2023 7:15,16597
2/15/2023 7:16,17191
2/15/2023 7:16,16708
2/15/2023 7:17,16747
2/15/2023 7:17,15952
2/15/2023 7:18,16377
2/15/2023 7:18,16293
2/15/2023 7:19,16023
2/15/2023 7:19,16258
2/15/2023 7:20,16104
2/15/2023 7:20,16138
2/15/2023 7:21,16152
2/15/2023 7:21,14794
2/15/2023 7:22,16269
2/15/2023 7:22,16402
2/15/2023 7:23,16621
2/15/2023 7:23,16080
2/15/2023 7:24,16779
2/15/2023 7:24,16402
2/15/2023 7:25,16210
2/15/2023 7:25,16535
2/15/2023 7:26,16402
2/15/2023 7:26,16548
2/15/2023 7:27,16450
2/15/2023 7:27,16402
2/15/2023 7:28,16985
2/15/2023 7:28,16104
2/15/2023 7:29,14541
2/15/2023 7:30,16210
2/15/2023 7:30,16317
2/15/2023 7:31,16104
2/15/2023 7:31,16426
2/15/2023 7:32,16535
2/15/2023 7:32,15792
2/15/2023 7:33,16708
2/15/2023 7:33,14946
2/15/2023 7:34,14887
2/15/2023 7:34,16210
2/15/2023 7:35,16487
2/15/2023 7:35,16426
2/15/2023 7:36,16426
2/15/2023 7:36,16871
2/15/2023 7:37,16646
2/15/2023 7:37,16305
2/15/2023 7:38,16450
2/15/2023 7:38,14541
2/15/2023 7:39,15643
2/15/2023 7:39,15122
2/15/2023 7:40,14340
2/15/2023 7:40,14451
2/15/2023 7:41,15999
2/15/2023 7:41,16186
2/15/2023 7:42,16094
2/15/2023 7:42,15195
2/15/2023 7:43,16176
2/15/2023 7:43,16080
2/15/2023 7:44,15566
2/15/2023 7:44,14541
2/15/2023 7:45,14794
2/15/2023 7:45,16426
2/15/2023 7:46,16186
2/15/2023 7:46,16353
2/15/2023 7:47,16377
2/15/2023 7:47,16871
2/15/2023 7:48,15952
2/15/2023 7:48,16269
2/15/2023 7:49,16772
2/15/2023 7:49,16317
2/15/2023 7:50,16535
2/15/2023 7:50,16535
2/15/2023 7:51,16621
2/15/2023 7:51,15816
2/15/2023 7:52,14950
2/15/2023 7:52,14794
2/15/2023 7:53,15512
2/15/2023 7:53,15667
2/15/2023 7:54,14632
2/15/2023 7:54,15895
2/15/2023 7:55,16426
2/15/2023 7:56,16317
2/15/2023 7:56,16426
2/15/2023 7:57,16317
2/15/2023 7:57,16426
2/15/2023 7:58,16210
2/15/2023 7:58,15690
2/15/2023 7:59,16535
2/15/2023 7:59,16186
2/15/2023 8:00,15338
2/15/2023 8:00,16402
2/15/2023 8:01,14746
2/15/2023 8:01,17010
2/15/2023 8:02,16342
2/15/2023 8:02,16342
2/15/2023 8:03,16535
2/15/2023 8:03,16128
2/15/2023 8:04,15589
2/15/2023 8:04,16330
2/15/2023 8:05,15816
2/15/2023 8:05,16960
2/15/2023 8:06,16210
2/15/2023 8:06,16402
2/15/2023 8:07,16186
2/15/2023 8:07,16758
2/15/2023 8:08,16317
2/15/2023 8:08,16608
2/15/2023 8:09,16221
2/15/2023 8:09,16402
2/15/2023 8:10,16758
2/15/2023 8:10,16317
2/15/2023 8:11,15690
2/15/2023 8:11,16719
2/15/2023 8:12,16597
2/15/2023 8:12,16670
2/15/2023 8:13,15816
2/15/2023 8:13,16317
2/15/2023 8:14,16670
2/15/2023 8:14,14406
2/15/2023 8:15,15292
2/15/2023 8:15,15218
2/15/2023 8:16,15612
2/15/2023 8:16,16450
2/15/2023 8:17,16733
2/15/2023 8:17,16413
2/15/2023 8:18,16895
2/15/2023 8:18,15919
2/15/2023 8:19,16621
2/15/2023 8:19,15769
2/15/2023 8:20,15713
2/15/2023 8:20,16985
2/15/2023 8:21,16426
2/15/2023 8:21,16080
2/15/2023 8:22,16450
2/15/2023 8:23,16621
2/15/2023 8:23,16426
2/15/2023 8:24,15895
2/15/2023 8:24,16560
2/15/2023 8:25,16426
2/15/2023 8:25,16342
2/15/2023 8:26,16234
2/15/2023 8:26,16535
2/15/2023 8:27,16450
2/15/2023 8:27,16234
2/15/2023 8:28,16234
2/15/2023 8:28,14765
2/15/2023 8:29,16646
2/15/2023 8:29,16758
2/15/2023 8:30,16450
2/15/2023 8:30,15413
2/15/2023 8:31,16080
2/15/2023 8:31,16210
2/15/2023 8:32,16293
2/15/2023 8:32,16846
2/15/2023 8:33,15122
2/15/2023 8:33,16670
2/15/2023 8:34,16269
2/15/2023 8:34,16487
2/15/2023 8:35,14585
2/15/2023 8:35,16462
2/15/2023 8:36,16782
2/15/2023 8:36,16080
2/15/2023 8:37,16646
2/15/2023 8:37,14746
2/15/2023 8:38,15919
2/15/2023 8:38,16426
2/15/2023 8:39,15980
2/15/2023 8:39,16535
2/15/2023 8:40,15072
2/15/2023 8:40,16498
2/15/2023 8:41,16782
2/15/2023 8:41,14563
2/15/2023 8:42,14768
2/15/2023 8:42,16695
2/15/2023 8:43,16128
2/15/2023 8:43,16377
2/15/2023 8:44,16807
2/15/2023 8:44,15816
2/15/2023 8:45,14676
2/15/2023 8:45,17530
2/15/2023 8:46,16342
2/15/2023 8:46,16342
2/15/2023 8:47,16695
2/15/2023 8:47,16234
2/15/2023 8:48,16317
2/15/2023 8:48,15792
2/15/2023 8:49,16450
2/15/2023 8:50,16583
2/15/2023 8:50,16670
2/15/2023 8:51,15315
2/15/2023 8:51,15413
2/15/2023 8:52,16152
2/15/2023 8:52,16474
2/15/2023 8:53,15919
2/15/2023 8:53,15049
2/15/2023 8:54,16695
2/15/2023 8:54,16426
2/15/2023 8:55,16128
2/15/2023 8:55,15792
2/15/2023 8:56,14473
2/15/2023 8:56,15292
2/15/2023 8:57,16438
2/15/2023 8:57,15338
2/15/2023 8:58,16353
2/15/2023 8:58,16450
2/15/2023 8:59,15942
2/15/2023 8:59,14746
2/15/2023 9:00,16023
2/15/2023 9:00,15713
2/15/2023 9:01,16450
2/15/2023 9:01,14450
2/15/2023 9:02,15241
2/15/2023 9:02,16155
2/15/2023 9:03,16152
2/15/2023 9:03,16807
2/15/2023 9:04,16342
2/15/2023 9:04,15839
2/15/2023 9:05,16523
2/15/2023 9:05,14676
2/15/2023 9:06,16366
2/15/2023 9:06,16871
2/15/2023 9:07,16317
2/15/2023 9:07,16450
2/15/2023 9:08,16670
2/15/2023 9:08,16560
2/15/2023 9:09,15636
2/15/2023 9:09,16920
2/15/2023 9:10,16258
2/15/2023 9:10,16152
2/15/2023 9:11,14495
2/15/2023 9:11,16584
2/15/2023 9:12,15122
2/15/2023 9:12,15099
2/15/2023 9:13,16128
2/15/2023 9:13,16128
2/15/2023 9:14,15919
2/15/2023 9:14,15667
2/15/2023 9:15,16342
2/15/2023 9:16,14451
2/15/2023 9:16,16210
2/15/2023 9:17,16152
2/15/2023 9:17,15167
2/15/2023 9:18,16152
2/15/2023 9:18,16306
2/15/2023 9:19,15919
2/15/2023 9:19,16293
2/15/2023 9:20,15737
2/15/2023 9:20,17217
2/15/2023 9:21,16128
2/15/2023 9:21,16293
2/15/2023 9:22,16210
2/15/2023 9:22,15839
2/15/2023 9:23,16023
2/15/2023 9:23,16128
2/15/2023 9:24,16450
2/15/2023 9:24,17010
2/15/2023 9:25,15999
2/15/2023 9:25,16474
2/15/2023 9:26,16317
2/20/2023 16:15,20376
2/20/2023 16:25,21165
2/20/2023 16:35,19072
2/20/2023 16:45,20530
2/20/2023 16:55,18095
2/20/2023 17:05,20530
2/20/2023 17:16,19432
2/20/2023 17:26,20395
2/20/2023 17:36,20434
2/20/2023 17:46,20131
2/20/2023 17:56,18934
2/20/2023 18:06,19634
2/20/2023 18:16,20216
2/20/2023 18:26,20010
2/20/2023 18:36,20310
2/20/2023 18:46,20405
2/20/2023 18:56,19690
2/20/2023 19:06,19153
2/20/2023 19:16,20319
2/20/2023 19:26,20773
2/20/2023 19:36,20010
2/20/2023 19:46,20310
2/20/2023 19:56,19662
2/20/2023 20:06,20773
2/20/2023 20:16,19891
2/20/2023 20:26,19718
2/20/2023 20:36,20095
2/20/2023 20:46,20931
2/20/2023 20:56,20131
2/20/2023 21:06,20131
2/20/2023 21:16,20310
2/20/2023 21:26,20645
2/20/2023 21:36,22096
2/20/2023 21:46,21033
2/20/2023 21:56,20744
2/20/2023 22:06,20773
2/20/2023 22:16,20617
2/20/2023 22:26,20931
2/20/2023 22:36,20577
2/20/2023 22:46,20744
2/20/2023 22:56,19891
2/20/2023 23:06,19016
2/20/2023 23:16,21447
2/20/2023 23:26,20744
2/20/2023 23:36,20645
2/20/2023 23:46,20038
2/20/2023 23:56,20703
2/21/2023 0:06,19574
2/21/2023 0:16,20588
2/21/2023 0:26,20902
2/21/2023 0:36,20559
2/21/2023 0:46,20902
2/21/2023 0:56,20744
2/21/2023 1:06,20131
2/21/2023 1:16,19099
2/21/2023 1:26,20873
2/21/2023 1:36,19954
2/21/2023 1:46,20843
2/21/2023 1:56,20253
2/21/2023 2:06,21328
2/21/2023 2:16,20559
2/21/2023 2:27,19237
2/21/2023 2:37,20319
2/21/2023 2:47,20501
2/21/2023 2:57,20657
2/21/2023 3:07,20686
2/21/2023 3:17,21003
2/21/2023 3:27,21662
2/21/2023 3:37,20196
2/21/2023 3:47,20843
2/21/2023 3:57,20501
2/21/2023 4:07,19904
2/21/2023 4:17,20046
2/21/2023 4:27,20348
2/21/2023 4:37,19464
2/21/2023 4:47,20196
2/21/2023 4:57,20196
2/21/2023 5:07,19045
2/21/2023 5:17,20974
2/21/2023 5:27,19869
2/21/2023 5:37,20074
2/21/2023 5:47,20843
2/21/2023 5:57,20974
2/21/2023 6:07,21299
2/21/2023 6:17,20974
2/21/2023 6:27,20290
2/21/2023 6:37,20599
2/21/2023 6:47,20046
2/21/2023 6:57,20657
2/21/2023 7:07,20501
2/21/2023 7:17,20472
2/21/2023 7:27,20319
2/21/2023 7:37,20196
2/21/2023 7:47,20444
2/21/2023 7:57,20657
2/21/2023 8:07,20046
2/21/2023 8:17,20415
2/21/2023 8:27,21269
2/21/2023 8:37,20110
2/21/2023 8:47,20599
2/21/2023 8:57,18351
2/21/2023 9:07,19634
2/21/2023 9:17,20281
2/21/2023 9:27,19926
2/21/2023 9:37,19751
2/21/2023 9:47,19751
2/21/2023 9:57,18640
2/21/2023 10:07,19436
2/21/2023 10:17,18095
2/21/2023 10:27,17125
2/21/2023 10:37,19751
2/21/2023 10:47,19751
2/21/2023 10:57,19989
2/21/2023 11:07,19322
2/21/2023 11:17,19607
2/21/2023 11:27,18881
2/21/2023 11:37,20046
2/21/2023 11:48,20074
2/21/2023 11:58,19779
2/21/2023 12:08,20102
2/21/2023 12:18,18404
2/21/2023 12:28,17175
2/21/2023 12:38,19807
2/21/2023 12:48,19519
2/21/2023 12:58,19519
2/21/2023 13:08,17625
2/21/2023 13:18,19954
2/21/2023 13:28,19210
2/21/2023 13:38,17084
2/21/2023 13:48,17896
2/21/2023 13:58,19491
2/21/2023 14:08,17292
2/21/2023 14:18,19926
2/21/2023 14:28,20224
2/21/2023 14:38,19954
2/21/2023 14:48,19690
2/21/2023 14:58,19265
2/21/2023 15:08,18534
2/21/2023 15:18,17581
2/21/2023 15:28,20102
2/21/2023 15:38,19662
2/21/2023 15:48,19954
2/21/2023 15:58,20253
2/21/2023 16:08,19982
2/21/2023 16:18,19746
2/21/2023 16:28,17342
2/21/2023 16:38,19045
2/21/2023 16:48,17625
2/21/2023 16:58,20376
2/21/2023 17:08,18962
2/21/2023 17:18,20131
2/21/2023 17:28,19835
2/21/2023 17:38,20559
2/21/2023 17:48,20348
2/21/2023 17:58,19975
2/21/2023 18:08,21062
2/21/2023 18:18,20102
2/21/2023 18:28,19519
2/21/2023 18:38,18989
2/21/2023 18:48,19863
2/21/2023 18:58,20376
2/21/2023 19:08,20902
2/21/2023 19:18,20902
2/21/2023 19:28,19405
2/21/2023 19:38,20588
2/21/2023 19:48,21033
2/21/2023 19:58,20744
2/21/2023 20:08,20588
2/21/2023 20:18,20715
2/21/2023 20:28,19807
2/21/2023 20:38,20310
2/21/2023 20:48,20773
2/21/2023 20:59,19863
2/21/2023 21:09,20281
2/21/2023 21:19,20559
2/21/2023 21:29,21418
2/21/2023 21:39,20281
2/21/2023 21:49,20931
2/21/2023 21:59,20310
2/21/2023 22:09,21091
2/21/2023 22:19,20588
2/21/2023 22:29,20281
2/21/2023 22:39,21832
2/21/2023 22:49,21194
2/21/2023 22:59,20902
2/21/2023 23:09,20744
2/21/2023 23:19,20310
2/21/2023 23:29,19835
2/21/2023 23:39,20773
2/21/2023 23:49,19807
2/21/2023 23:59,21062
2/22/2023 0:09,21033
2/22/2023 0:19,20434
2/22/2023 0:29,19954
2/22/2023 0:39,20931
2/22/2023 0:49,20974
2/22/2023 0:59,20244
2/22/2023 1:09,19779
2/22/2023 1:19,19982
2/22/2023 1:29,20253
2/22/2023 1:39,20405
2/22/2023 1:49,19807
2/22/2023 1:59,20559
2/22/2023 2:09,20501
2/22/2023 2:19,21135
2/22/2023 2:29,18693
2/22/2023 2:39,20814
2/22/2023 2:49,20253
2/22/2023 2:59,19779
2/22/2023 3:09,20843
2/22/2023 3:19,20102
2/22/2023 3:29,20686
2/22/2023 3:39,21135
2/22/2023 3:49,19237
2/22/2023 3:59,20843
2/22/2023 4:09,21388
2/22/2023 4:19,20814
2/22/2023 4:29,19183
2/22/2023 4:39,20074
2/22/2023 4:49,20657
2/22/2023 4:59,20472
2/22/2023 5:09,20017
2/22/2023 5:19,20196
2/22/2023 5:29,19322
2/22/2023 5:39,20367
2/22/2023 5:49,19807
2/22/2023 5:59,20196
2/22/2023 6:10,20944
2/22/2023 6:20,19322
2/22/2023 6:30,20814
2/22/2023 6:40,20588
2/22/2023 6:50,20570
2/22/2023 7:00,18640
2/22/2023 7:10,20814
2/22/2023 7:20,18773
2/22/2023 7:30,19723
2/22/2023 7:40,19551
2/22/2023 7:50,20599
2/22/2023 8:00,19408
2/22/2023 8:10,18351
2/22/2023 8:20,20444
2/22/2023 8:30,20290
2/22/2023 8:40,20599
2/22/2023 8:50,17599
2/22/2023 9:00,20599
2/22/2023 9:10,19464
2/22/2023 9:20,20319
2/22/2023 9:30,19779
2/22/2023 9:40,20167
2/22/2023 9:50,18404
2/22/2023 10:00,19322
2/22/2023 10:10,19579
2/22/2023 10:20,19926
2/22/2023 10:30,18908
2/22/2023 10:40,18249
2/22/2023 10:50,18827
2/22/2023 11:00,19634
2/22/2023 11:10,19436
2/22/2023 11:20,18935
2/22/2023 11:30,19183
2/22/2023 11:40,20501
2/22/2023 11:50,20159
2/22/2023 12:00,20074
2/22/2023 12:10,20196
2/22/2023 12:20,19779
2/22/2023 12:30,19869
2/22/2023 12:40,19607
2/22/2023 12:50,20281
2/22/2023 13:00,18275
2/22/2023 13:10,19183
2/22/2023 13:20,20224
2/22/2023 13:30,19898
2/22/2023 13:40,20588
2/22/2023 13:50,20074
2/22/2023 14:00,18935
2/22/2023 14:10,19954
2/22/2023 14:20,20405
2/22/2023 14:30,17676
2/22/2023 14:40,18908
2/22/2023 14:50,20348
2/22/2023 15:00,19377
2/22/2023 15:10,20405
2/22/2023 15:20,20102
2/22/2023 15:30,20559
2/22/2023 15:41,20530
2/22/2023 15:51,17435
2/22/2023 16:01,20102
2/22/2023 16:11,20376
2/22/2023 16:21,20253
2/22/2023 16:31,20530
2/22/2023 16:41,17747
2/22/2023 16:51,19292
2/22/2023 17:01,20715
2/22/2023 17:11,18121
2/22/2023 17:21,20520
2/22/2023 17:31,20530
2/22/2023 17:41,19546
2/22/2023 17:51,20588
2/22/2023 18:01,20645
2/22/2023 18:11,20960
2/22/2023 18:21,20159
2/22/2023 18:31,21253
2/22/2023 18:41,21584
2/22/2023 18:51,20010
2/22/2023 19:01,20617
2/22/2023 19:11,20773
2/22/2023 19:21,20814
2/22/2023 19:31,20462
2/22/2023 19:41,19377
2/22/2023 19:51,21494
2/22/2023 20:01,20102
2/22/2023 20:11,21283
2/22/2023 20:21,21091
2/22/2023 20:31,21224
2/22/2023 20:41,19982
2/22/2023 20:51,21121
2/22/2023 21:01,21253
2/22/2023 21:11,20338
2/22/2023 21:21,21554
2/22/2023 21:31,21753
2/22/2023 21:41,20159
2/22/2023 21:51,21447
2/22/2023 22:01,21091
2/22/2023 22:11,20989
2/22/2023 22:21,20931
2/22/2023 22:31,20281
2/22/2023 22:41,20931
2/22/2023 22:51,21863
2/22/2023 23:01,21062
2/22/2023 23:11,21328
2/22/2023 23:21,21893
2/22/2023 23:31,21388
2/22/2023 23:41,21954
2/22/2023 23:51,20645
2/23/2023 0:01,21783
2/23/2023 0:11,21722
2/23/2023 0:21,17974
2/23/2023 0:31,19863
2/23/2023 0:42,19432
2/23/2023 0:52,19662
2/23/2023 1:02,20434
2/23/2023 1:12,20960
2/23/2023 1:22,20873
2/23/2023 1:32,19350
2/23/2023 1:42,19807
2/23/2023 1:52,18962
2/23/2023 2:02,20873
2/23/2023 2:12,20715
2/23/2023 2:22,20501
2/23/2023 2:32,19982
2/23/2023 2:42,21268
2/23/2023 2:52,20931
2/23/2023 3:02,21662
2/23/2023 3:12,21194
2/23/2023 3:22,21269
2/23/2023 3:32,20102
2/23/2023 3:42,20873
2/23/2023 3:52,21003
2/23/2023 4:02,21434
2/23/2023 4:12,20530
2/23/2023 4:22,20686
2/23/2023 4:32,20843
2/23/2023 4:42,21165
2/23/2023 4:52,21106
2/23/2023 5:02,20628
2/23/2023 5:12,21076
2/23/2023 5:22,21003
2/23/2023 5:32,21033
2/23/2023 5:42,19926
2/23/2023 5:52,20873
2/23/2023 6:02,21135
2/23/2023 6:12,21165
2/23/2023 6:22,20074
2/23/2023 6:32,21135
2/23/2023 6:42,21269
2/23/2023 6:52,20814
2/23/2023 7:02,21494
2/23/2023 7:12,20843
2/23/2023 7:22,21003
2/23/2023 7:32,21033
2/23/2023 7:42,19898
2/23/2023 7:52,20657
2/23/2023 8:02,19751
2/23/2023 8:12,20290
2/23/2023 8:22,20974
2/23/2023 8:32,20472
2/23/2023 8:42,21269
2/23/2023 8:52,18246
2/23/2023 9:02,20756
2/23/2023 9:12,19072
2/23/2023 9:22,20944
2/23/2023 9:32,18746
2/23/2023 9:42,19408
2/23/2023 9:52,20367
2/23/2023 10:03,18325
2/23/2023 10:13,20444
2/23/2023 10:23,20814
2/23/2023 10:33,19295
2/23/2023 10:43,20139
2/23/2023 10:53,20017
2/23/2023 11:03,20196
2/23/2023 11:13,18908
2/23/2023 11:23,20196
2/23/2023 11:33,20167
2/23/2023 11:43,20319
2/23/2023 11:53,19926
2/23/2023 12:03,20046
2/23/2023 12:13,20046
2/23/2023 12:23,19579
2/23/2023 12:33,17530
2/23/2023 12:43,20253
2/23/2023 12:53,18404
2/23/2023 13:03,20348
2/23/2023 13:13,20074
2/23/2023 13:23,20253
2/23/2023 13:33,20074
2/23/2023 13:43,20196
2/23/2023 13:53,20472
2/23/2023 14:03,20196
2/23/2023 14:13,20686
2/23/2023 14:23,20348
2/23/2023 14:33,19807
2/23/2023 14:43,20405
2/23/2023 14:53,18481
2/23/2023 15:03,20530
2/23/2023 15:13,18773
2/23/2023 15:23,20814
2/23/2023 15:33,20599
2/23/2023 15:43,20785
2/23/2023 15:53,20814
2/23/2023 16:03,20715
2/23/2023 16:13,21062
2/23/2023 16:23,19519
2/23/2023 16:33,20715
2/23/2023 16:43,20657
2/23/2023 16:53,19690
2/23/2023 17:03,21033
2/23/2023 17:13,20902
2/23/2023 17:23,21447
2/23/2023 17:33,18073
2/23/2023 17:43,18907
2/23/2023 17:53,20715
2/23/2023 18:03,21253
2/23/2023 18:13,20462
2/23/2023 18:23,21418
2/23/2023 18:33,21584
2/23/2023 18:43,20773
2/23/2023 18:53,21662
2/23/2023 19:03,21388
2/23/2023 19:13,21091
2/23/2023 19:24,21873
2/23/2023 19:34,21692
2/23/2023 19:44,21923
2/23/2023 19:54,22449
2/23/2023 20:04,21418
2/23/2023 20:14,21722
2/23/2023 20:24,22597
2/23/2023 20:34,21091
2/23/2023 20:44,22449
2/23/2023 20:54,22035
2/23/2023 21:04,21447
2/23/2023 21:14,21722
2/23/2023 21:24,21893
2/23/2023 21:34,20931
2/23/2023 21:44,21033
2/23/2023 21:54,21584
2/23/2023 22:04,21584
2/23/2023 22:14,21062
2/23/2023 22:24,21524
2/23/2023 22:34,21963
2/23/2023 22:44,22118
2/23/2023 22:54,21954
2/23/2023 23:04,22811
2/23/2023 23:14,21753
2/23/2023 23:24,22096
2/23/2023 23:34,21863
2/23/2023 23:44,22127
2/23/2023 23:54,22597
2/24/2023 0:04,22449
2/24/2023 0:14,21923
2/24/2023 0:24,22964
2/24/2023 0:34,21554
2/24/2023 0:44,22511
2/24/2023 0:54,21893
2/24/2023 1:04,21893
2/24/2023 1:14,21832
2/24/2023 1:24,21753
2/24/2023 1:34,21418
2/24/2023 1:44,22066
2/24/2023 1:54,22748
2/24/2023 2:04,22995
2/24/2023 2:14,22869
2/24/2023 2:24,21662
2/24/2023 2:34,22035
2/24/2023 2:44,21692
2/24/2023 2:54,22210
2/24/2023 3:04,22717
2/24/2023 3:14,22473
2/24/2023 3:24,22241
2/24/2023 3:34,22035
2/24/2023 3:44,22654
2/24/2023 3:54,22005
2/24/2023 4:04,21224
2/24/2023 4:14,21802
2/24/2023 4:25,22387
2/24/2023 4:35,21135
2/24/2023 4:45,22473
2/24/2023 4:55,22356
2/24/2023 5:05,20974
2/24/2023 5:15,20628
2/24/2023 5:25,22035
2/24/2023 5:35,21524
2/24/2023 5:45,21632
2/24/2023 5:55,21602
2/24/2023 6:05,21913
2/24/2023 6:15,19099
2/24/2023 6:25,19779
2/24/2023 6:35,20102
2/24/2023 6:45,19634
2/24/2023 6:55,21632
2/24/2023 7:05,20628
2/24/2023 7:15,21802
2/24/2023 7:25,22148
2/24/2023 7:35,21165
2/24/2023 7:45,20501
2/24/2023 7:55,21632
2/24/2023 8:05,21358
2/24/2023 8:15,20974
2/24/2023 8:25,20472
2/24/2023 8:35,21802
2/24/2023 8:45,22325
2/24/2023 8:55,21913
2/24/2023 9:05,21602
2/24/2023 9:15,19322
2/24/2023 9:25,19101
2/24/2023 9:35,19183
2/24/2023 9:45,18881
2/24/2023 9:55,20944
2/24/2023 10:05,21434
2/24/2023 10:15,21165
2/24/2023 10:25,21269
2/24/2023 10:35,18666
2/24/2023 10:45,21135
2/24/2023 10:55,20376
2/24/2023 11:05,18800
2/24/2023 11:15,21165
2/24/2023 11:25,21135
2/24/2023 11:35,20686
2/24/2023 11:45,20974
2/24/2023 11:55,21003
2/24/2023 12:05,18021
2/24/2023 12:15,18404
2/24/2023 12:25,20974
2/24/2023 12:35,20785
2/24/2023 12:45,19926
2/24/2023 12:55,20131
2/24/2023 13:05,19779
2/24/2023 13:15,20715
2/24/2023 13:25,21358
2/24/2023 13:35,21692
2/24/2023 13:45,21524
2/24/2023 13:56,20843
2/24/2023 14:06,19015
2/24/2023 14:16,19405
2/24/2023 14:26,22035
2/24/2023 14:36,22066
2/24/2023 14:46,20102
2/24/2023 14:56,21893
2/24/2023 15:06,19405
2/24/2023 15:16,20843
2/24/2023 15:26,21802
2/24/2023 15:36,21974
2/24/2023 15:46,19625
2/24/2023 15:56,22179
2/24/2023 16:06,20405
2/24/2023 16:16,22096
2/24/2023 16:26,20434
2/24/2023 16:36,22035
2/24/2023 16:46,19153
2/24/2023 16:56,18693
2/24/2023 17:06,21524
2/24/2023 17:16,22271
2/24/2023 17:26,21418
2/24/2023 17:36,22241
2/24/2023 17:46,22597
2/24/2023 17:56,22096
2/24/2023 18:06,22241
2/24/2023 18:16,21753
2/24/2023 18:26,22096
2/24/2023 18:36,22964
2/24/2023 18:46,22271
2/24/2023 18:56,22241
2/24/2023 19:06,20617
2/24/2023 19:16,22127
2/24/2023 19:26,21923
2/24/2023 19:36,21091
2/24/2023 19:46,20960
2/24/2023 19:56,22096
2/24/2023 20:06,23500
2/24/2023 20:16,22066
2/24/2023 20:26,23340
2/24/2023 20:36,22271
2/24/2023 20:46,23182
2/24/2023 20:56,21753
2/24/2023 21:06,22964
2/24/2023 21:16,22995
2/24/2023 21:26,22873
2/24/2023 21:36,21328
2/24/2023 21:46,22271
2/24/2023 21:56,22096
2/24/2023 22:06,23182
2/24/2023 22:16,21923
2/24/2023 22:26,22566
2/24/2023 22:36,22779
2/24/2023 22:46,19574
2/24/2023 22:57,23727
2/24/2023 23:07,22480
2/24/2023 23:17,22597
2/24/2023 23:27,22333
2/24/2023 23:37,23372
2/24/2023 23:47,22995
2/24/2023 23:57,20617
2/25/2023 0:07,21121
2/25/2023 0:17,22210
2/25/2023 0:27,20802
2/25/2023 0:37,21602
2/25/2023 0:47,22964
2/25/2023 0:57,22418
2/25/2023 1:07,21722
2/25/2023 1:17,23727
2/25/2023 1:27,22387
2/25/2023 1:37,22096
2/25/2023 1:47,21734
2/25/2023 1:57,23500
2/25/2023 2:07,22964
2/25/2023 2:17,22597
2/25/2023 2:27,20310
2/25/2023 2:37,22241
2/25/2023 2:47,22932
2/25/2023 2:57,22901
2/25/2023 3:07,22387
2/25/2023 3:17,23276
2/25/2023 3:27,22748
2/25/2023 3:37,23532
2/25/2023 3:47,22066
2/25/2023 3:57,22779
2/25/2023 4:07,23340
2/25/2023 4:17,22387
2/25/2023 4:27,20873
2/25/2023 4:37,23694
2/25/2023 4:47,24059
2/25/2023 4:57,22387
2/25/2023 5:07,22654
2/25/2023 5:17,19954
2/25/2023 5:27,23500
2/25/2023 5:37,22504
2/25/2023 5:47,22504
2/25/2023 5:57,22566
2/25/2023 6:07,22905
2/25/2023 6:17,22566
2/25/2023 6:27,23087
2/25/2023 6:37,22566
2/25/2023 6:47,22748
2/25/2023 6:57,22932
2/25/2023 7:07,20434
2/25/2023 7:17,22964
2/25/2023 7:27,23214
2/25/2023 7:37,22784
2/25/2023 7:47,21033
2/25/2023 7:57,22932
2/25/2023 8:08,22779
2/25/2023 8:18,23564
2/25/2023 8:28,19690
2/25/2023 8:38,21464
2/25/2023 8:48,23182
2/25/2023 8:58,20744
2/25/2023 9:08,23182
2/25/2023 9:18,23990
2/25/2023 9:28,21893
2/25/2023 9:38,21150
2/25/2023 9:48,22628
2/25/2023 9:58,22127
2/25/2023 10:08,21783
2/25/2023 10:18,20187
2/25/2023 10:28,22842
2/25/2023 10:38,21283
2/25/2023 10:48,22995
2/25/2023 10:58,22967
2/25/2023 11:08,19891
2/25/2023 11:18,22628
2/25/2023 11:28,22660
2/25/2023 11:38,22597
2/25/2023 11:48,22811
2/25/2023 11:58,23182
2/25/2023 12:08,20131
2/25/2023 12:18,21923
2/25/2023 12:28,23151
2/25/2023 12:38,21753
2/25/2023 12:48,22127
2/25/2023 12:58,21923
2/25/2023 13:08,23246
2/25/2023 13:18,22811
2/25/2023 13:28,22566
2/25/2023 13:38,23372
2/25/2023 13:48,21121
2/25/2023 13:58,22964
2/25/2023 14:08,22873
2/25/2023 14:18,22566
2/25/2023 14:28,22932
2/25/2023 14:38,21283
2/25/2023 14:48,23532
2/25/2023 14:58,23182
2/25/2023 15:08,22449
2/25/2023 15:18,23340
2/25/2023 15:28,23308
2/25/2023 15:38,23214
2/25/2023 15:48,23276
2/25/2023 15:58,22964
2/25/2023 16:08,22449
2/25/2023 16:18,23119
2/25/2023 16:28,23151
2/25/2023 16:38,21813
2/25/2023 16:48,23759
2/25/2023 16:58,22566
2/25/2023 17:09,21753
2/25/2023 17:19,23340
2/25/2023 17:29,23892
2/25/2023 17:39,23532
2/25/2023 17:49,23500
2/25/2023 17:59,22964
2/25/2023 18:09,22932
2/25/2023 18:19,23892
2/25/2023 18:29,22685
2/25/2023 18:39,23151
2/25/2023 18:49,22811
2/25/2023 18:59,22995
2/25/2023 19:09,23119
2/25/2023 19:19,22964
2/25/2023 19:29,21954
2/25/2023 19:39,23308
2/25/2023 19:49,23244
2/25/2023 19:59,23500
2/25/2023 20:09,23889
2/25/2023 20:19,23892
2/25/2023 20:29,23119
2/25/2023 20:39,22779
2/25/2023 20:49,22995
2/25/2023 20:59,23372
2/25/2023 21:09,21692
2/25/2023 21:19,23340
2/25/2023 21:29,23182
2/25/2023 21:39,23859
2/25/2023 21:49,23924
2/25/2023 21:59,22597
2/25/2023 22:09,23532
2/25/2023 22:19,23308
2/25/2023 22:29,23727
2/25/2023 22:39,21554
2/25/2023 22:49,23500
2/25/2023 22:59,24294
2/25/2023 23:09,23027
2/25/2023 23:19,24294
2/25/2023 23:29,23468
2/25/2023 23:39,22566
2/25/2023 23:49,22932
2/25/2023 23:59,23276
2/26/2023 0:09,22748
2/26/2023 0:19,23468
2/26/2023 0:29,20902
2/26/2023 0:39,21863
2/26/2023 0:49,23119
2/26/2023 0:59,22932
2/26/2023 1:09,22932
2/26/2023 1:19,21524
2/26/2023 1:29,23340
2/26/2023 1:39,23727
2/26/2023 1:49,24675
2/26/2023 1:59,21524
2/26/2023 2:10,24641
2/26/2023 2:20,23308
2/26/2023 2:30,23694
2/26/2023 2:40,24195
2/26/2023 2:50,23630
2/26/2023 3:00,23308
2/26/2023 3:10,23119
2/26/2023 3:20,24092
2/26/2023 3:30,24675
2/26/2023 3:40,23308
2/26/2023 3:50,16706
2/26/2023 4:00,3643
2/26/2023 4:10,2880
2/26/2023 4:20,3441
2/26/2023 4:30,4026
2/26/2023 4:40,3933
2/26/2023 4:50,3778
2/26/2023 5:00,3987
2/26/2023 5:10,4923
2/26/2023 5:20,6351
2/26/2023 5:30,6150
2/26/2023 5:40,6669
2/26/2023 5:50,6962
2/26/2023 6:00,6798
2/26/2023 6:10,6588
2/26/2023 6:20,6526
2/26/2023 6:30,6421
2/26/2023 6:40,6625
2/26/2023 6:50,5939
2/26/2023 7:00,5590
2/26/2023 7:10,5552
2/26/2023 7:20,5084
2/26/2023 7:30,5049
2/26/2023 7:40,4733
2/26/2023 7:50,4766
2/26/2023 8:00,4787
2/26/2023 8:10,4668
2/26/2023 8:20,4561
2/26/2023 8:30,4436
2/26/2023 8:40,4488
2/26/2023 8:50,4296
2/26/2023 9:00,4387
2/26/2023 9:10,4295
2/26/2023 9:20,4178
2/26/2023 9:30,4119
2/26/2023 9:40,4034
2/26/2023 9:50,3879
2/26/2023 10:00,4026
2/26/2023 10:10,3960
2/26/2023 10:20,3795
2/26/2023 10:30,3950
2/26/2023 10:40,3537
2/26/2023 10:50,3861
2/26/2023 11:00,3851
2/26/2023 11:10,3690
2/26/2023 11:21,3849
2/26/2023 11:31,3707
2/26/2023 11:41,3831
2/26/2023 11:51,3599
2/26/2023 12:01,3631
2/26/2023 12:11,3658
2/26/2023 12:21,3626
2/26/2023 12:31,3481
2/26/2023 12:41,3587
2/26/2023 12:51,3658
2/26/2023 13:01,3580
2/26/2023 13:11,3742
2/26/2023 13:21,3418
2/26/2023 13:31,3656
2/26/2023 13:41,3434
2/26/2023 13:51,3563
2/26/2023 14:01,3520
2/26/2023 14:11,3520
2/26/2023 14:21,3537
2/26/2023 14:31,3335
2/26/2023 14:41,3435
2/26/2023 14:51,3440
2/26/2023 15:01,3473
2/26/2023 15:11,3428
2/26/2023 15:21,3185
2/26/2023 15:31,3504
2/26/2023 15:41,3684
2/26/2023 15:51,3948
2/26/2023 16:01,3877
2/26/2023 16:11,3932
2/26/2023 16:21,3885
2/26/2023 16:31,3887
2/26/2023 16:41,3948
2/26/2023 16:51,3903
2/26/2023 17:01,3913
2/26/2023 17:11,4196
2/26/2023 17:21,4166
2/26/2023 17:31,4109
2/26/2023 17:41,4016
2/26/2023 17:51,4034
2/26/2023 18:01,4063
2/26/2023 18:11,4081
2/26/2023 18:21,3667
2/26/2023 18:31,4006
2/26/2023 18:41,3899
2/26/2023 18:51,3851
2/26/2023 19:01,3677
2/26/2023 19:11,3556
2/26/2023 19:21,3774
2/26/2023 19:31,4102
2/26/2023 19:41,4306
2/26/2023 19:51,4376
2/26/2023 20:01,4572
2/26/2023 20:11,4247
2/26/2023 20:21,4396
2/26/2023 20:31,4019
2/26/2023 20:42,4266
2/26/2023 20:52,4000
2/26/2023 21:02,4170
2/26/2023 21:12,4396
2/26/2023 21:22,4199
2/26/2023 21:32,4427
2/26/2023 21:42,3899
2/26/2023 21:52,4245
2/26/2023 22:02,3972
2/26/2023 22:12,3900
2/26/2023 22:22,3766
2/26/2023 22:32,4102
2/26/2023 22:42,3982
2/26/2023 22:52,4123
2/26/2023 23:02,4178
2/26/2023 23:12,3854
2/26/2023 23:22,4149
2/26/2023 23:32,4198
2/26/2023 23:42,3936
2/26/2023 23:52,3978
2/27/2023 0:02,3936
2/27/2023 0:12,4175
2/27/2023 0:22,4406
2/27/2023 0:32,4111
2/27/2023 0:42,4227
2/27/2023 0:52,4509
2/27/2023 1:02,4114
2/27/2023 1:12,4296
2/27/2023 1:22,4147
2/27/2023 1:32,4198
2/27/2023 1:42,3889
2/27/2023 1:52,3962
2/27/2023 2:02,3915
2/27/2023 2:12,4091
2/27/2023 2:22,3660
2/27/2023 2:32,3799
2/27/2023 2:42,3869
2/27/2023 2:52,3799
2/27/2023 3:02,3835
2/27/2023 3:12,3853
2/27/2023 3:22,3887
2/27/2023 3:32,3742
2/27/2023 3:42,3643
2/27/2023 3:52,3953
2/27/2023 4:02,3650
2/27/2023 4:12,3499
2/27/2023 4:22,3650
2/27/2023 4:32,3685
2/27/2023 4:42,3744
2/27/2023 4:52,3556
2/27/2023 5:02,3504
2/27/2023 5:12,3483
2/27/2023 5:22,3590
2/27/2023 5:32,3641
2/27/2023 5:42,3772
2/27/2023 5:53,3692
2/27/2023 6:03,3671
2/27/2023 6:13,3770
2/27/2023 6:23,3597
2/27/2023 6:33,3506
2/27/2023 6:43,3497
2/27/2023 6:53,3599
2/27/2023 7:03,3554
2/27/2023 7:13,3648
2/27/2023 7:23,3580
2/27/2023 7:33,3597
2/27/2023 7:43,3506
2/27/2023 7:53,3621
2/27/2023 8:03,3587
2/27/2023 8:13,3546
2/27/2023 8:23,3658
2/27/2023 8:33,3575
2/27/2023 8:43,3641
2/27/2023 8:53,3612
2/27/2023 9:03,3646
2/27/2023 9:13,3737
2/27/2023 9:23,3506
2/27/2023 9:33,3539
2/27/2023 9:43,3558
2/27/2023 9:53,3523
2/27/2023 10:03,3539
2/27/2023 10:13,3633
2/27/2023 10:23,3262
2/27/2023 10:33,3440
2/27/2023 10:43,3216
2/27/2023 10:53,3506
2/27/2023 11:03,3499
2/27/2023 11:13,3396
2/27/2023 11:23,3442
2/27/2023 11:33,3357
2/27/2023 11:43,3480
2/27/2023 11:53,3580
2/27/2023 12:03,3401
2/27/2023 12:13,3499
2/27/2023 12:23,3459
2/27/2023 12:33,3369
2/27/2023 12:43,3454
2/27/2023 12:53,3408
2/27/2023 13:03,3188
2/27/2023 13:13,3431
2/27/2023 13:23,3337
2/27/2023 13:33,3376
2/27/2023 13:43,3173
2/27/2023 13:53,3454
2/27/2023 14:03,3539
2/27/2023 14:13,3240
2/27/2023 14:23,3454
2/27/2023 14:33,3290
2/27/2023 14:43,3464
2/27/2023 14:53,3399
2/27/2023 15:03,3127
2/27/2023 15:13,3504
2/27/2023 15:24,4092
2/27/2023 15:34,4205
2/27/2023 15:44,4355
2/27/2023 15:54,4385
2/27/2023 16:04,4722
2/27/2023 16:14,4646
2/27/2023 16:24,4911
2/27/2023 16:34,4843
2/27/2023 16:44,5192
2/27/2023 16:54,4551
2/27/2023 17:04,5025
2/27/2023 17:14,4922
2/27/2023 17:24,4967
2/27/2023 17:34,4700
2/27/2023 17:44,4765
2/27/2023 17:54,4700
2/27/2023 18:04,4668
2/27/2023 18:14,4722
2/27/2023 18:24,4267
2/27/2023 18:34,4933
2/27/2023 18:44,4657
2/27/2023 18:54,4376
2/27/2023 19:04,4151
2/27/2023 19:14,4530
2/27/2023 19:24,4530
2/27/2023 19:34,4489
2/27/2023 19:44,4427
2/27/2023 19:54,4438
2/27/2023 20:04,4417
2/27/2023 20:14,4386
2/27/2023 20:24,4287
2/27/2023 20:34,4831
2/27/2023 20:44,5681
2/27/2023 20:54,5717
2/27/2023 21:04,5347
2/27/2023 21:14,5600
2/27/2023 21:24,5863
2/27/2023 21:34,5851
2/27/2023 21:44,5839
2/27/2023 21:54,5921
2/27/2023 22:04,5770
2/27/2023 22:14,5851
2/27/2023 22:24,5638
2/27/2023 22:34,5358
2/27/2023 22:44,5536
2/27/2023 22:54,5921
2/27/2023 23:04,5433
2/27/2023 23:14,5905
2/27/2023 23:24,5921
2/27/2023 23:34,5534
2/27/2023 23:44,5936
2/27/2023 23:54,5952
2/28/2023 0:04,5964
2/28/2023 0:14,5458
2/28/2023 0:24,5360
2/28/2023 0:35,5534
2/28/2023 0:45,5746
2/28/2023 0:55,5446
2/28/2023 1:05,5893
2/28/2023 1:15,5773
2/28/2023 1:25,5285
2/28/2023 1:35,5536
2/28/2023 1:45,5129
2/28/2023 1:55,5576
2/28/2023 2:05,5227
2/28/2023 2:15,5189
2/28/2023 2:25,5664
2/28/2023 2:35,5802
2/28/2023 2:45,5322
2/28/2023 2:55,5474
2/28/2023 3:05,5499
2/28/2023 3:15,5511
2/28/2023 3:25,5616
2/28/2023 3:35,5298
2/28/2023 3:45,5525
2/28/2023 3:55,5719
2/28/2023 4:05,5999
2/28/2023 4:15,5775
2/28/2023 4:25,6011
2/28/2023 4:35,5525
2/28/2023 4:45,5361
2/28/2023 4:55,4967
2/28/2023 5:05,5152
2/28/2023 5:15,5025
2/28/2023 5:25,5119
2/28/2023 5:35,5204
2/28/2023 5:45,5120
2/28/2023 5:55,4934
2/28/2023 6:05,4865
2/28/2023 6:15,4625
2/28/2023 6:25,4678
2/28/2023 6:35,4788
2/28/2023 6:45,4700
2/28/2023 6:55,4700
2/28/2023 7:05,4447
2/28/2023 7:15,4603
2/28/2023 7:25,4550
2/28/2023 7:35,4530
2/28/2023 7:45,4478
2/28/2023 7:55,4385
2/28/2023 8:05,4295
2/28/2023 8:15,4406
2/28/2023 8:25,4295
2/28/2023 8:35,4265
2/28/2023 8:45,4105
2/28/2023 8:55,4063
2/28/2023 9:05,4149
2/28/2023 9:15,3933
2/28/2023 9:25,4100
2/28/2023 9:35,3887
2/28/2023 9:45,4016
2/28/2023 9:56,4063
2/28/2023 10:06,3968
2/28/2023 10:16,3869
2/28/2023 10:26,3968
2/28/2023 10:36,3754
2/28/2023 10:46,3700
2/28/2023 10:56,3612
2/28/2023 11:06,3968
2/28/2023 11:16,3672
2/28/2023 11:26,3797
2/28/2023 11:36,3851
2/28/2023 11:46,3424
2/28/2023 11:56,3823
2/28/2023 12:06,3667
2/28/2023 12:16,3650
2/28/2023 12:26,3575
2/28/2023 12:36,3650
2/28/2023 12:46,3551
2/28/2023 12:56,3631
2/28/2023 13:06,3542
2/28/2023 13:16,3783
2/28/2023 13:26,3551
2/28/2023 13:36,3539
2/28/2023 13:46,3450
2/28/2023 13:56,3582
2/28/2023 14:06,3440
2/28/2023 14:16,3431
2/28/2023 14:26,3434
2/28/2023 14:36,3499
2/28/2023 14:46,3424
2/28/2023 14:56,3420
2/28/2023 15:06,3459
2/28/2023 15:16,3523
2/28/2023 15:26,3411
2/28/2023 15:36,3554
2/28/2023 15:46,3440
2/28/2023 15:56,3256
2/28/2023 16:06,3167
2/28/2023 16:16,3347
2/28/2023 16:26,3290
2/28/2023 16:36,3376
2/28/2023 16:46,3376
2/28/2023 16:56,3406
2/28/2023 17:06,3466
2/28/2023 17:16,3324
2/28/2023 17:26,3224
2/28/2023 17:36,3452
2/28/2023 17:46,3191
2/28/2023 17:56,3372
2/28/2023 18:06,3353
2/28/2023 18:16,3170
2/28/2023 18:26,3231
2/28/2023 18:36,3255
2/28/2023 18:46,3292
2/28/2023 18:56,3191
2/28/2023 19:06,3492
2/28/2023 19:17,3080
2/28/2023 19:27,3100
2/28/2023 19:37,3356
2/28/2023 19:47,3404
2/28/2023 19:57,2972
2/28/2023 20:07,3059
2/28/2023 20:17,3420
2/28/2023 20:27,3089
2/28/2023 20:37,3349
2/28/2023 20:47,3262
2/28/2023 20:57,3347
2/28/2023 21:07,3142
2/28/2023 21:17,3299
2/28/2023 21:27,3044
2/28/2023 21:37,3422
2/28/2023 21:47,3353
2/28/2023 21:57,3074
2/28/2023 22:07,3265
2/28/2023 22:17,3255
2/28/2023 22:27,3399
2/28/2023 22:37,3103
2/28/2023 22:47,3071
2/28/2023 22:57,3170
2/28/2023 23:07,3306
2/28/2023 23:17,3424
2/28/2023 23:27,3163
2/28/2023 23:37,3191
2/28/2023 23:47,3182
2/28/2023 23:57,3281
3/1/2023 0:07,3148
3/1/2023 0:17,3167
3/1/2023 0:27,3369
3/1/2023 0:37,3271
3/1/2023 0:47,3417
3/1/2023 0:57,3206
3/1/2023 1:07,3161
3/1/2023 1:17,3109
3/1/2023 1:27,3290
3/1/2023 1:37,3497
3/1/2023 1:47,3237
3/1/2023 1:57,3335
3/1/2023 2:07,3053
3/1/2023 2:17,3228
3/1/2023 2:27,3262
3/1/2023 2:37,3222
3/1/2023 2:47,3303
3/1/2023 2:57,3344
3/1/2023 3:07,3219
3/1/2023 3:17,3259
3/1/2023 3:27,3376
3/1/2023 3:37,3324
3/1/2023 3:47,3401
3/1/2023 3:57,3188
3/1/2023 4:07,3299
3/1/2023 4:17,3290
3/1/2023 4:28,2913
3/1/2023 4:38,3383
3/1/2023 4:48,3203
3/1/2023 4:58,3250
3/1/2023 5:08,3082
3/1/2023 5:18,3274
3/1/2023 5:28,3194
3/1/2023 5:38,3121
3/1/2023 5:48,3315
3/1/2023 5:58,3296
3/1/2023 6:08,3303
3/1/2023 6:18,3431
3/1/2023 6:28,3376
3/1/2023 6:38,3185
3/1/2023 6:48,3281
3/1/2023 6:58,3032
3/1/2023 7:08,3212
3/1/2023 7:18,3059
3/1/2023 7:28,3225
3/1/2023 7:38,3212
3/1/2023 7:48,3250
3/1/2023 7:58,3219
3/1/2023 8:08,3296
3/1/2023 8:18,3219
3/1/2023 8:28,3212
3/1/2023 8:38,3462
3/1/2023 8:48,3182
3/1/2023 8:58,3050
3/1/2023 9:08,3158
3/1/2023 9:18,3299
3/1/2023 9:28,3127
3/1/2023 9:38,3315
3/1/2023 9:48,3411
3/1/2023 9:58,3401
3/1/2023 10:08,3296
3/1/2023 10:18,3151
3/1/2023 10:28,3445
3/1/2023 10:38,3549
3/1/2023 10:48,3445
3/1/2023 10:58,3329
3/1/2023 11:08,3262
3/1/2023 11:18,3357
3/1/2023 11:28,3551
3/1/2023 11:38,3575
3/1/2023 11:48,3558
3/1/2023 11:58,3427
3/1/2023 12:08,3450
3/1/2023 12:18,3575
3/1/2023 12:28,3575
3/1/2023 12:38,3563
3/1/2023 12:48,3585
3/1/2023 12:58,3727
3/1/2023 13:08,3563
3/1/2023 13:18,3607
3/1/2023 13:28,3641
3/1/2023 13:38,3778
3/1/2023 13:49,3626
3/1/2023 13:59,3643
3/1/2023 14:09,3687
3/1/2023 14:19,3609
3/1/2023 14:29,3687
3/1/2023 14:39,3592
3/1/2023 14:49,3744
3/1/2023 14:59,3764
3/1/2023 15:09,3669
3/1/2023 15:19,3735
3/1/2023 15:29,3727
3/1/2023 15:39,3473
3/1/2023 15:49,3725
3/1/2023 15:59,3710
3/1/2023 16:09,3813
3/1/2023 16:19,3485
3/1/2023 16:29,3599
3/1/2023 16:39,3762
3/1/2023 16:49,3511
3/1/2023 16:59,3731
3/1/2023 17:09,3746
3/1/2023 17:19,3388
3/1/2023 17:29,3585
3/1/2023 17:39,3669
3/1/2023 17:49,3561
3/1/2023 17:59,3566
3/1/2023 18:09,3635
3/1/2023 18:19,3624
3/1/2023 18:29,3381
3/1/2023 18:39,3544
3/1/2023 18:49,3404
3/1/2023 18:59,3399
3/1/2023 19:09,3293
3/1/2023 19:19,3572
3/1/2023 19:29,3408
3/1/2023 19:39,3501
3/1/2023 19:49,3525
3/1/2023 19:59,3511
3/1/2023 20:09,3702
3/1/2023 20:19,3331
3/1/2023 20:29,3302
3/1/2023 20:39,3643
3/1/2023 20:49,3315
3/1/2023 20:59,3209
3/1/2023 21:09,3357
3/1/2023 21:19,3240
3/1/2023 21:29,3366
3/1/2023 21:39,3464
3/1/2023 21:49,3293
3/1/2023 21:59,3388
3/1/2023 22:09,3401
3/1/2023 22:19,3443
3/1/2023 22:29,3331
3/1/2023 22:39,3599
3/1/2023 22:49,3385
3/1/2023 23:00,3303
3/1/2023 23:10,3508
3/1/2023 23:20,3259
3/1/2023 23:30,3333
3/1/2023 23:40,3532
3/1/2023 23:50,3308
3/2/2023 0:00,3224
3/2/2023 0:10,3352
3/2/2023 0:20,3337
3/2/2023 0:30,3170
3/2/2023 0:40,3284
3/2/2023 0:50,3381
3/2/2023 1:00,3234
3/2/2023 1:10,3089
3/2/2023 1:20,3139
3/2/2023 1:30,3252
3/2/2023 1:40,3176
3/2/2023 1:50,3200
3/2/2023 2:00,3286
3/2/2023 2:10,3290
3/2/2023 2:20,3415
3/2/2023 2:30,3188
3/2/2023 2:40,3284
3/2/2023 2:50,3173
3/2/2023 3:00,3200
3/2/2023 3:10,3372
3/2/2023 3:20,3254
3/2/2023 3:30,3091
3/2/2023 3:40,3284
3/2/2023 3:50,3212
3/2/2023 4:00,3240
3/2/2023 4:10,3154
3/2/2023 4:20,3284
3/2/2023 4:30,3275
3/2/2023 4:40,3179
3/2/2023 4:50,3424
3/2/2023 5:00,3306
3/2/2023 5:10,3167
3/2/2023 5:20,3234
3/2/2023 5:30,3250
3/2/2023 5:40,3219
3/2/2023 5:50,3173
3/2/2023 6:00,3424
3/2/2023 6:10,3250
3/2/2023 6:20,3185
3/2/2023 6:30,3360
3/2/2023 6:40,3364
3/2/2023 6:50,3360
3/2/2023 7:00,3344
3/2/2023 7:10,3319
3/2/2023 7:20,3331
3/2/2023 7:30,3341
3/2/2023 7:40,3281
3/2/2023 7:50,3262
3/2/2023 8:00,3296
3/2/2023 8:10,3247
3/2/2023 8:21,3234
3/2/2023 8:31,3234
3/2/2023 8:41,3312
3/2/2023 8:51,3197
3/2/2023 9:01,3161
3/2/2023 9:11,3044
3/2/2023 9:21,3170
3/2/2023 9:31,2994
3/2/2023 9:41,3136
3/2/2023 9:51,3173
3/2/2023 10:01,2971
3/2/2023 10:11,3151
3/2/2023 10:21,3073
3/2/2023 10:31,3253
3/2/2023 10:41,3188
3/2/2023 10:51,3106
3/2/2023 11:01,3127
3/2/2023 11:11,3059
3/2/2023 11:21,3003
3/2/2023 11:31,3068
3/2/2023 11:41,3053
3/2/2023 11:51,2980
3/2/2023 12:01,2899
3/2/2023 12:11,2951
3/2/2023 12:21,3109
3/2/2023 12:31,2795
3/2/2023 12:41,3088
3/2/2023 12:51,2968
3/2/2023 13:01,2942
3/2/2023 13:11,2897
3/2/2023 13:21,2908
3/2/2023 13:31,2963
3/2/2023 13:41,3106
3/2/2023 13:51,2894
3/2/2023 14:01,3012
3/2/2023 14:11,2953
3/2/2023 14:21,2823
3/2/2023 14:31,2768
3/2/2023 14:41,3047
3/2/2023 14:51,3240
3/2/2023 15:01,3265
3/2/2023 15:11,3417
3/2/2023 15:21,3436
3/2/2023 15:31,3112
3/2/2023 15:41,3162
3/2/2023 15:51,3321
3/2/2023 16:01,3318
3/2/2023 16:11,3100
3/2/2023 16:21,3293
3/2/2023 16:31,3212
3/2/2023 16:41,3299
3/2/2023 16:51,3021
3/2/2023 17:01,3094
3/2/2023 17:11,3100
3/2/2023 17:21,3170
3/2/2023 17:31,3215
3/2/2023 17:42,3240
3/2/2023 17:52,3254
3/2/2023 18:02,3277
3/2/2023 18:12,3352
3/2/2023 18:22,3145
3/2/2023 18:32,3246
3/2/2023 18:42,3109
3/2/2023 18:52,3340
3/2/2023 19:02,3259
3/2/2023 19:12,3216
3/2/2023 19:22,3163
3/2/2023 19:32,3109
3/2/2023 19:42,3085
3/2/2023 19:52,3250
3/2/2023 20:02,3210
3/2/2023 20:12,3059
3/2/2023 20:22,3340
3/2/2023 20:32,3296
3/2/2023 20:42,3124
3/2/2023 20:52,3246
3/2/2023 21:02,3250
3/2/2023 21:12,3318
3/2/2023 21:22,3115
3/2/2023 21:32,3021
3/2/2023 21:42,3164
3/2/2023 21:52,3139
3/2/2023 22:02,2890
3/2/2023 22:12,3277
3/2/2023 22:22,2929
3/2/2023 22:32,3167
3/2/2023 22:42,3074
3/2/2023 22:52,3027
3/2/2023 23:02,3324
3/2/2023 23:12,3401
3/2/2023 23:22,3302
3/2/2023 23:32,3255
3/2/2023 23:42,3015
3/2/2023 23:52,3001
3/3/2023 0:02,2940
3/3/2023 0:12,3012
3/3/2023 0:22,3182
3/3/2023 0:32,3224
3/3/2023 0:42,2929
3/3/2023 0:52,3344
3/3/2023 1:02,3098
3/3/2023 1:12,3130
3/3/2023 1:22,3018
3/3/2023 1:32,3274
3/3/2023 1:42,3077
3/3/2023 1:52,3089
3/3/2023 2:02,3271
3/3/2023 2:12,3012
3/3/2023 2:22,3197
3/3/2023 2:32,3145
3/3/2023 2:42,2922
3/3/2023 2:53,3194
3/3/2023 3:03,3056
3/3/2023 3:13,2974
3/3/2023 3:23,3041
3/3/2023 3:33,2933
3/3/2023 3:43,2985
3/3/2023 3:53,3032
3/3/2023 4:03,3023
3/3/2023 4:13,3121
3/3/2023 4:23,3124
3/3/2023 4:33,2971
3/3/2023 4:43,3041
3/3/2023 4:53,3121
3/3/2023 5:03,3018
3/3/2023 5:13,3278
3/3/2023 5:23,3068
3/3/2023 5:33,3231
3/3/2023 5:43,3029
3/3/2023 5:53,2947
3/3/2023 6:03,3139
3/3/2023 6:13,3158
3/3/2023 6:23,2980
3/3/2023 6:33,3064
3/3/2023 6:43,3038
3/3/2023 6:53,3088
3/3/2023 7:03,2982
3/3/2023 7:13,3112
3/3/2023 7:23,3182
3/3/2023 7:33,3088
3/3/2023 7:43,2960
3/3/2023 7:53,3225
3/3/2023 8:03,3148
3/3/2023 8:13,2874
3/3/2023 8:23,3179
3/3/2023 8:33,3082
3/3/2023 8:43,3490
3/3/2023 8:53,3843
3/3/2023 9:03,3913
3/3/2023 9:13,3841
3/3/2023 9:23,4230
3/3/2023 9:33,4097
3/3/2023 9:43,4168
3/3/2023 9:53,4216
3/3/2023 10:03,4119
3/3/2023 10:13,4255
3/3/2023 10:23,4168
3/3/2023 10:33,4226
3/3/2023 10:43,4236
3/3/2023 10:53,4236
3/3/2023 11:03,4217
3/3/2023 11:13,4009
3/3/2023 11:23,4365
3/3/2023 11:33,4101
3/3/2023 11:43,4026
3/3/2023 11:53,4120
3/3/2023 12:03,4063
3/3/2023 12:14,4026
3/3/2023 12:24,3962
3/3/2023 12:34,3879
3/3/2023 12:44,3942
3/3/2023 12:54,3729
3/3/2023 13:04,3859
3/3/2023 13:14,3658
3/3/2023 13:24,3721
3/3/2023 13:34,3508
3/3/2023 13:44,3710
3/3/2023 13:54,3797
3/3/2023 14:04,3551
3/3/2023 14:14,3717
3/3/2023 14:24,3592
3/3/2023 14:34,3650
3/3/2023 14:44,3401
3/3/2023 14:54,3306
3/3/2023 15:04,3717
3/3/2023 15:14,3476
3/3/2023 15:24,3427
3/3/2023 15:34,3454
3/3/2023 15:44,3480
3/3/2023 15:54,3440
3/3/2023 16:04,3556
3/3/2023 16:14,3504
3/3/2023 16:24,3459
3/3/2023 16:34,3394
3/3/2023 16:44,3443
3/3/2023 16:54,3383
3/3/2023 17:04,3281
3/3/2023 17:14,3335
3/3/2023 17:24,3392
3/3/2023 17:34,3445
3/3/2023 17:44,3318
3/3/2023 17:54,3369
3/3/2023 18:04,3286
3/3/2023 18:14,3006
3/3/2023 18:24,3154
3/3/2023 18:34,3337
3/3/2023 18:44,3083
3/3/2023 18:54,3422
3/3/2023 19:04,3378
3/3/2023 19:14,3094
3/3/2023 19:24,3525
3/3/2023 19:34,3302
3/3/2023 19:44,3255
3/3/2023 19:54,3324
3/3/2023 20:04,3317
3/3/2023 20:14,3293
3/3/2023 20:24,3413
3/3/2023 20:34,3347
3/3/2023 20:44,3118
3/3/2023 20:54,3324
3/3/2023 21:04,3080
3/3/2023 21:14,3333
3/3/2023 21:24,3237
3/3/2023 21:35,3133
3/3/2023 21:45,3215
3/3/2023 21:55,3246
3/3/2023 22:05,3434
3/3/2023 22:15,3176
3/3/2023 22:25,3167
3/3/2023 22:35,3185
3/3/2023 22:45,3154
3/3/2023 22:55,3185
3/3/2023 23:05,3271
3/3/2023 23:15,3286
3/3/2023 23:25,3179
3/3/2023 23:35,3400
3/3/2023 23:45,3139
3/3/2023 23:55,3188
3/4/2023 0:05,3209
3/4/2023 0:15,3219
3/4/2023 0:25,3394
3/4/2023 0:35,3184
3/4/2023 0:45,3139
3/4/2023 0:55,3191
3/4/2023 1:05,3194
3/4/2023 1:15,3018
3/4/2023 1:25,3145
3/4/2023 1:35,3118
3/4/2023 1:45,3145
3/4/2023 1:55,3112
3/4/2023 2:05,3215
3/4/2023 2:15,3200
3/4/2023 2:25,3315
3/4/2023 2:35,3027
3/4/2023 2:45,3094
3/4/2023 2:55,3041
3/4/2023 3:05,3142
3/4/2023 3:15,2988
3/4/2023 3:25,3290
3/4/2023 3:35,3341
3/4/2023 3:45,3056
3/4/2023 3:55,3041
3/4/2023 4:05,3094
3/4/2023 4:15,3012
3/4/2023 4:25,3179
3/4/2023 4:35,3115
3/4/2023 4:45,3240
3/4/2023 4:55,3296
3/4/2023 5:05,3038
3/4/2023 5:15,3012
3/4/2023 5:25,3133
3/4/2023 5:35,3272
3/4/2023 5:45,3337
3/4/2023 5:55,3250
3/4/2023 6:05,3281
3/4/2023 6:15,3262
3/4/2023 6:25,3357
3/4/2023 6:35,3059
3/4/2023 6:46,3258
3/4/2023 6:56,3234
3/4/2023 7:06,3173
3/4/2023 7:16,3188
3/4/2023 7:26,3203
3/4/2023 7:36,3152
3/4/2023 7:46,3234
3/4/2023 7:56,3047
3/4/2023 8:06,2998
3/4/2023 8:16,3100
3/4/2023 8:26,2974
3/4/2023 8:36,3222
3/4/2023 8:46,3173
3/4/2023 8:56,3000
3/4/2023 9:06,3050
3/4/2023 9:16,2968
3/4/2023 9:26,3341
3/4/2023 9:36,3237
3/4/2023 9:46,3154
3/4/2023 9:56,3098
3/4/2023 10:06,2917
3/4/2023 10:16,3103
3/4/2023 10:26,3100
3/4/2023 10:36,3059
3/4/2023 10:46,2817
3/4/2023 10:56,3035
3/4/2023 11:06,2992
3/4/2023 11:16,2945
3/4/2023 11:26,3170
3/4/2023 11:36,2983
3/4/2023 11:46,3133
3/4/2023 11:56,3041
3/4/2023 12:06,2903
3/4/2023 12:16,3121
3/4/2023 12:26,3027
3/4/2023 12:36,2960
3/4/2023 12:46,2965
3/4/2023 12:56,3100
3/4/2023 13:06,3091
3/4/2023 13:16,3106
3/4/2023 13:26,3085
3/4/2023 13:36,2997
3/4/2023 13:46,2894
3/4/2023 13:56,3032
3/4/2023 14:06,3021
3/4/2023 14:16,3071
3/4/2023 14:26,3089
3/4/2023 14:36,2954
3/4/2023 14:46,2968
3/4/2023 14:56,3050
3/4/2023 15:06,2920
3/4/2023 15:16,3056
3/4/2023 15:26,3080
3/4/2023 15:36,3065
3/4/2023 15:46,2983
3/4/2023 15:56,3012
3/4/2023 16:07,3032
3/4/2023 16:17,3027
3/4/2023 16:27,3065
3/4/2023 16:37,3006
3/4/2023 16:47,3056
3/4/2023 16:57,3038
3/4/2023 17:07,2880
3/4/2023 17:17,3100
3/4/2023 17:27,2992
3/4/2023 17:37,2869
3/4/2023 17:47,2870
3/4/2023 17:57,2822
3/4/2023 18:07,2753
3/4/2023 18:17,3032
3/4/2023 18:27,3032
3/4/2023 18:37,2897
3/4/2023 18:47,2997
3/4/2023 18:57,2900
3/4/2023 19:07,2986
3/4/2023 19:17,3080
3/4/2023 19:27,3023
3/4/2023 19:37,3035
3/4/2023 19:47,3100
3/4/2023 19:57,2883
3/4/2023 20:07,3100
3/4/2023 20:17,2940
3/4/2023 20:27,2897
3/4/2023 20:37,3136
3/4/2023 20:47,2909
3/4/2023 20:57,2880
3/4/2023 21:07,2892
3/4/2023 21:17,2818
3/4/2023 21:27,2972
3/4/2023 21:37,2836
3/4/2023 21:47,3018
3/4/2023 21:57,3112
3/4/2023 22:07,2952
3/4/2023 22:17,3012
3/4/2023 22:27,3044
3/4/2023 22:37,2818
3/4/2023 22:47,2885
3/4/2023 22:57,2869
3/4/2023 23:07,2972
3/4/2023 23:17,2780
3/4/2023 23:27,3059
3/4/2023 23:37,2991
3/4/2023 23:47,2775
3/4/2023 23:57,3091
3/5/2023 0:07,3027
3/5/2023 0:17,2940
3/5/2023 0:27,3009
3/5/2023 0:37,3039
3/5/2023 0:47,2920
3/5/2023 0:57,2992
3/5/2023 1:07,2934
3/5/2023 1:18,2992
3/5/2023 1:28,2960
3/5/2023 1:38,2968
3/5/2023 1:48,3252
3/5/2023 1:58,3082
3/5/2023 2:08,3259
3/5/2023 2:18,3185
3/5/2023 2:28,3121
3/5/2023 2:38,3065
3/5/2023 2:48,3053
3/5/2023 2:58,2827
3/5/2023 3:08,3077
3/5/2023 3:18,3082
3/5/2023 3:28,3124
3/5/2023 3:38,2922
3/5/2023 3:48,3027
3/5/2023 3:58,3188
3/5/2023 4:08,3145
3/5/2023 4:18,2908
3/5/2023 4:28,3000
3/5/2023 4:38,3018
3/5/2023 4:48,3088
3/5/2023 4:58,3014
3/5/2023 5:08,2888
3/5/2023 5:18,3094
3/5/2023 5:28,3088
3/5/2023 5:38,3109
3/5/2023 5:48,3053
3/5/2023 5:58,3106
3/5/2023 6:08,3307
3/5/2023 6:18,3097
3/5/2023 6:28,3082
3/5/2023 6:38,3151
3/5/2023 6:48,3121
3/5/2023 6:58,3082
3/5/2023 7:08,3133
3/5/2023 7:18,3158
3/5/2023 7:28,3073
3/5/2023 7:38,3219
3/5/2023 7:48,3188
3/5/2023 7:58,3085
3/5/2023 8:08,3151
3/5/2023 8:18,3082
3/5/2023 8:28,3106
3/5/2023 8:38,3142
3/5/2023 8:48,3006
3/5/2023 8:58,3106
3/5/2023 9:08,3077
3/5/2023 9:18,3047
3/5/2023 9:28,3009
3/5/2023 9:38,3095
3/5/2023 9:48,3003
3/5/2023 9:58,2818
3/5/2023 10:08,3027
3/5/2023 10:18,3053
3/5/2023 10:28,3071
3/5/2023 10:39,3002
3/5/2023 10:49,3035
3/5/2023 10:59,2815
3/5/2023 11:09,2786
3/5/2023 11:19,3032
3/5/2023 11:29,2904
3/5/2023 11:39,2855
3/5/2023 11:49,2988
3/5/2023 11:59,2997
3/5/2023 12:09,3053
3/5/2023 12:19,2983
3/5/2023 12:29,3006
3/5/2023 12:39,2989
3/5/2023 12:49,2997
3/5/2023 12:59,2986
3/5/2023 13:09,3038
3/5/2023 13:19,2983
3/5/2023 13:29,2878
3/5/2023 13:39,2974
3/5/2023 13:49,3012
3/5/2023 13:59,2929
3/5/2023 14:09,2988
3/5/2023 14:19,3006
3/5/2023 14:29,2983
3/5/2023 14:39,3012
3/5/2023 14:49,3021
3/5/2023 14:59,2983
3/5/2023 15:09,3012
3/5/2023 15:19,2992
3/5/2023 15:29,3094
3/5/2023 15:39,3082
3/5/2023 15:49,2940
3/5/2023 15:59,3041
3/5/2023 16:09,2929
3/5/2023 16:19,2965
3/5/2023 16:29,2949
3/5/2023 16:39,2983
3/5/2023 16:49,2740
3/5/2023 16:59,3083
3/5/2023 17:09,3071
3/5/2023 17:19,3027
3/5/2023 17:29,3091
3/5/2023 17:39,3176
3/5/2023 17:49,3047
3/5/2023 17:59,3056
3/5/2023 18:09,2911
3/5/2023 18:19,2827
3/5/2023 18:29,2992
3/5/2023 18:39,2925
3/5/2023 18:49,3161
3/5/2023 18:59,2892
3/5/2023 19:09,3109
3/5/2023 19:19,3091
3/5/2023 19:29,2954
3/5/2023 19:39,3015
3/5/2023 19:50,2972
3/5/2023 20:00,2922
3/5/2023 20:10,2963
3/5/2023 20:20,3062
3/5/2023 20:30,2962
3/5/2023 20:40,2940
3/5/2023 20:50,3059
3/5/2023 21:00,2880
3/5/2023 21:10,3021
3/5/2023 21:20,2920
3/5/2023 21:30,3041
3/5/2023 21:40,3085
3/5/2023 21:50,3216
3/5/2023 22:00,2906
3/5/2023 22:10,3100
3/5/2023 22:20,2902
3/5/2023 22:30,3109
3/5/2023 22:40,3103
3/5/2023 22:50,3089
3/5/2023 23:00,2886
3/5/2023 23:10,3130
3/5/2023 23:20,3056
3/5/2023 23:30,2986
3/5/2023 23:40,3228
3/5/2023 23:50,3030
3/6/2023 0:00,3222
3/6/2023 0:10,3246
3/6/2023 0:20,2980
3/6/2023 0:30,3056
3/6/2023 0:40,2850
3/6/2023 0:50,3286
3/6/2023 1:00,3050
3/6/2023 1:10,2915
3/6/2023 1:20,3231
3/6/2023 1:30,3074
3/6/2023 1:40,3161
3/6/2023 1:50,3059
3/6/2023 2:00,3194
3/6/2023 2:10,3035
3/6/2023 2:20,3109
3/6/2023 2:30,2878
3/6/2023 2:40,3176
3/6/2023 2:50,3130
3/6/2023 3:00,3293
3/6/2023 3:10,3142
3/6/2023 3:20,3080
3/6/2023 3:30,3106
3/6/2023 3:40,3085
3/6/2023 3:50,3059
3/6/2023 4:00,3185
3/6/2023 4:10,3209
3/6/2023 4:20,3259
3/6/2023 4:30,3009
3/6/2023 4:40,3148
3/6/2023 4:50,3308
3/6/2023 5:00,3103
3/6/2023 5:11,3209
3/6/2023 5:21,3151
3/6/2023 5:31,3234
3/6/2023 5:41,2980
3/6/2023 5:51,3252
3/6/2023 6:01,2997
3/6/2023 6:11,3094
3/6/2023 6:21,3252
3/6/2023 6:31,3145
3/6/2023 6:41,3200
3/6/2023 6:51,3206
3/6/2023 7:01,3228
3/6/2023 7:11,3050
3/6/2023 7:21,3277
3/6/2023 7:31,3231
3/6/2023 7:41,3032
3/6/2023 7:51,2997
3/6/2023 8:01,3185
3/6/2023 8:11,3212
3/6/2023 8:21,3231
3/6/2023 8:31,3158
3/6/2023 8:41,3215
3/6/2023 8:51,3298
3/6/2023 9:01,3191
3/6/2023 9:11,3151
3/6/2023 9:21,3179
3/6/2023 9:31,3222
3/6/2023 9:41,3182
3/6/2023 9:51,3154
3/6/2023 10:01,3003
3/6/2023 10:11,3142
3/6/2023 10:21,3115
3/6/2023 10:31,3130
3/6/2023 10:41,3080
3/6/2023 10:51,3228
3/6/2023 11:01,3047
3/6/2023 11:11,3032
3/6/2023 11:21,3124
3/6/2023 11:31,3056
3/6/2023 11:41,3056
3/6/2023 11:51,3001
3/6/2023 12:01,3085
3/6/2023 12:11,3059
3/6/2023 12:21,3056
3/6/2023 12:31,2938
3/6/2023 12:41,2906
3/6/2023 12:51,3167
3/6/2023 13:01,2977
3/6/2023 13:11,2827
3/6/2023 13:21,3079
3/6/2023 13:31,2986
3/6/2023 13:41,3071
3/6/2023 13:51,3065
3/6/2023 14:01,3050
3/6/2023 14:11,3006
3/6/2023 14:21,3012
3/6/2023 14:32,3062
3/6/2023 14:42,2965
3/6/2023 14:52,3047
3/6/2023 15:02,3080
3/6/2023 15:12,3003
3/6/2023 15:22,2920
3/6/2023 15:32,3053
3/6/2023 15:42,2860
3/6/2023 15:52,2804
3/6/2023 16:02,2983
3/6/2023 16:12,3097
3/6/2023 16:22,3006
3/6/2023 16:32,2956
3/6/2023 16:42,2837
3/6/2023 16:52,2945
3/6/2023 17:02,3018
3/6/2023 17:12,2972
3/6/2023 17:22,2883
3/6/2023 17:32,2892
3/6/2023 17:42,2986
3/6/2023 17:52,2878
3/6/2023 18:02,2977
3/6/2023 18:12,2858
3/6/2023 18:22,2931
3/6/2023 18:32,2977
3/6/2023 18:42,3068
3/6/2023 18:52,2811
3/6/2023 19:02,2963
3/6/2023 19:12,2947
3/6/2023 19:22,2784
3/6/2023 19:32,2980
3/6/2023 19:42,2923
3/6/2023 19:52,2897
3/6/2023 20:02,2963
3/6/2023 20:12,2895
3/6/2023 20:22,2886
3/6/2023 20:32,3071
3/6/2023 20:42,3050
3/6/2023 20:52,3035
3/6/2023 21:02,2983
3/6/2023 21:12,2992
3/6/2023 21:22,2770
3/6/2023 21:32,2846
3/6/2023 21:42,2716
3/6/2023 21:52,2736
3/6/2023 22:02,2827
3/6/2023 22:12,2867
3/6/2023 22:22,2949
3/6/2023 22:32,2925
3/6/2023 22:42,2748
3/6/2023 22:52,2726
3/6/2023 23:02,2911
3/6/2023 23:12,2972
3/6/2023 23:22,2922
3/6/2023 23:32,2798
3/6/2023 23:43,2822
3/6/2023 23:53,2825
3/7/2023 0:03,2676
3/7/2023 0:13,2721
3/7/2023 0:23,2871
3/7/2023 0:33,2787
3/7/2023 0:43,2836
3/7/2023 0:53,2813
3/7/2023 1:03,2911
3/7/2023 1:13,2874
3/7/2023 1:23,2951
3/7/2023 1:33,2888
3/7/2023 1:43,2900
3/7/2023 1:53,2880
3/7/2023 2:03,2731
3/7/2023 2:13,2925
3/7/2023 2:23,2892
3/7/2023 2:33,2890
3/7/2023 2:43,2892
3/7/2023 2:53,2669
3/7/2023 3:03,2846
3/7/2023 3:13,2777
3/7/2023 3:23,2855
3/7/2023 3:33,2753
3/7/2023 3:43,2813
3/7/2023 3:53,2564
3/7/2023 4:03,2786
3/7/2023 4:13,2634
3/7/2023 4:23,2598
3/7/2023 4:33,2717
3/7/2023 4:43,2722
3/7/2023 4:53,2763
3/7/2023 5:03,2647
3/7/2023 5:13,2909
3/7/2023 5:23,2902
3/7/2023 5:33,2692
3/7/2023 5:43,2782
3/7/2023 5:53,2857
3/7/2023 6:03,2899
3/7/2023 6:13,2860
3/7/2023 6:23,2883
3/7/2023 6:33,2945
3/7/2023 6:43,2896
3/7/2023 6:53,2960
3/7/2023 7:03,2791
3/7/2023 7:13,2773
3/7/2023 7:23,2719
3/7/2023 7:33,2995
3/7/2023 7:43,2851
3/7/2023 7:53,2880
3/7/2023 8:03,2741
3/7/2023 8:13,2871
3/7/2023 8:23,2815
3/7/2023 8:33,2806
3/7/2023 8:43,2796
3/7/2023 8:53,2632
3/7/2023 9:04,2880
3/7/2023 9:14,2787
3/7/2023 9:24,2755
3/7/2023 9:34,2827
3/7/2023 9:44,2920
3/7/2023 9:54,2810
3/7/2023 10:04,2736
3/7/2023 10:14,2777
3/7/2023 10:24,2755
3/7/2023 10:34,2796
3/7/2023 10:44,2722
3/7/2023 10:54,2777
3/7/2023 11:04,2760
3/7/2023 11:14,2818
3/7/2023 11:24,2796
3/7/2023 11:34,2804
3/7/2023 11:44,2772
3/7/2023 11:54,2692
3/7/2023 12:04,2782
3/7/2023 12:14,2678
3/7/2023 12:24,2717
3/7/2023 12:34,2714
3/7/2023 12:44,2818
3/7/2023 12:54,2737
3/7/2023 13:04,2817
3/7/2023 13:14,2753
3/7/2023 13:24,2664
3/7/2023 13:34,2682
3/7/2023 13:44,2765
3/7/2023 13:54,2722
3/7/2023 14:04,2674
3/7/2023 14:14,2755
3/7/2023 14:24,2724
3/7/2023 14:34,2660
3/7/2023 14:44,2727
3/7/2023 14:54,2765
3/7/2023 15:04,2767
3/7/2023 15:14,2714
3/7/2023 15:24,2620
3/7/2023 15:34,2705
3/7/2023 15:44,2734
3/7/2023 15:54,2647
3/7/2023 16:04,2665
3/7/2023 16:14,2727
3/7/2023 16:24,2750
3/7/2023 16:34,2538
3/7/2023 16:44,2620
3/7/2023 16:54,2717
3/7/2023 17:04,2546
3/7/2023 17:14,2620
3/7/2023 17:24,2708
3/7/2023 17:34,2699
3/7/2023 17:44,2642
3/7/2023 17:54,2745
3/7/2023 18:04,2704
3/7/2023 18:14,2708
3/7/2023 18:25,2731
3/7/2023 18:35,2844
3/7/2023 18:45,2714
3/7/2023 18:55,2616
3/7/2023 19:05,2836
3/7/2023 19:15,2740
3/7/2023 19:25,2786
3/7/2023 19:35,2637
3/7/2023 19:45,2763
3/7/2023 19:55,2740
3/7/2023 20:05,2855
3/7/2023 20:15,2709
3/7/2023 20:25,2692
3/7/2023 20:35,2678
3/7/2023 20:45,2834
3/7/2023 20:55,2616
3/7/2023 21:05,2753
3/7/2023 21:15,2755
3/7/2023 21:25,2581
3/7/2023 21:35,2664
3/7/2023 21:45,2745
3/7/2023 21:55,2542
3/7/2023 22:05,2643
3/7/2023 22:15,2823
3/7/2023 22:25,2860
3/7/2023 22:35,2722
3/7/2023 22:45,2682
3/7/2023 22:55,2577
3/7/2023 23:05,2642
3/7/2023 23:15,2762
3/7/2023 23:25,2593
3/7/2023 23:35,2750
3/7/2023 23:45,2637
3/7/2023 23:55,2782
3/8/2023 0:05,2740
3/8/2023 0:15,2699
3/8/2023 0:25,2789
3/8/2023 0:35,2624
3/8/2023 0:45,2772
3/8/2023 0:55,2655
3/8/2023 1:05,2750
3/8/2023 1:15,2796
3/8/2023 1:25,2922
3/8/2023 1:35,2818
3/8/2023 1:45,2606
3/8/2023 1:55,2902
3/8/2023 2:05,2741
3/8/2023 2:15,2804
3/8/2023 2:25,2841
3/8/2023 2:35,2832
3/8/2023 2:45,2758
3/8/2023 2:55,2857
3/8/2023 3:05,2700
3/8/2023 3:15,2666
3/8/2023 3:25,2763
3/8/2023 3:36,2736
3/8/2023 3:46,2829
3/8/2023 3:56,2624
3/8/2023 4:06,2799
3/8/2023 4:16,2843
3/8/2023 4:26,2700
3/8/2023 4:36,2908
3/8/2023 4:46,2922
3/8/2023 4:56,3003
3/8/2023 5:06,2832
3/8/2023 5:16,2806
3/8/2023 5:26,2871
3/8/2023 5:36,2590
3/8/2023 5:46,2780
3/8/2023 5:56,3018
3/8/2023 6:06,2865
3/8/2023 6:16,2834
3/8/2023 6:26,3029
3/8/2023 6:36,2829
3/8/2023 6:46,2704
3/8/2023 6:56,2951
3/8/2023 7:06,2922
3/8/2023 7:16,2894
3/8/2023 7:26,2722
3/8/2023 7:36,2811
3/8/2023 7:46,2763
3/8/2023 7:56,2888
3/8/2023 8:06,2921
3/8/2023 8:16,2687
3/8/2023 8:26,2908
3/8/2023 8:36,2834
3/8/2023 8:46,2890
3/8/2023 8:56,2660
3/8/2023 9:06,2871
3/8/2023 9:16,2876
3/8/2023 9:26,2823
3/8/2023 9:36,2810
3/8/2023 9:46,2841
3/8/2023 9:56,2810
3/8/2023 10:06,2695
3/8/2023 10:16,2717
3/8/2023 10:26,2786
3/8/2023 10:36,2918
3/8/2023 10:46,2799
3/8/2023 10:56,2639
3/8/2023 11:06,2742
3/8/2023 11:16,2792
3/8/2023 11:26,2810
3/8/2023 11:36,2599
3/8/2023 11:46,2594
3/8/2023 11:56,2741
3/8/2023 12:06,2804
3/8/2023 12:16,2717
3/8/2023 12:26,2564
3/8/2023 12:36,2637
3/8/2023 12:46,2846
3/8/2023 12:57,2604
3/8/2023 13:07,2651
3/8/2023 13:17,2787
3/8/2023 13:27,2746
3/8/2023 13:37,2567
3/8/2023 13:47,2669
3/8/2023 13:57,2695
3/8/2023 14:07,2832
3/8/2023 14:17,2500
3/8/2023 14:27,2722
3/8/2023 14:37,2672
3/8/2023 14:47,2736
3/8/2023 14:57,2678
3/8/2023 15:07,2772
3/8/2023 15:17,2581
3/8/2023 15:27,2682
3/8/2023 15:37,2763
3/8/2023 15:47,2741
3/8/2023 15:57,2691
3/8/2023 16:07,2758
3/8/2023 16:17,2717
3/8/2023 16:27,2717
3/8/2023 16:37,2782
3/8/2023 16:47,2772
3/8/2023 16:57,2664
3/8/2023 17:07,2745
3/8/2023 17:17,2721
3/8/2023 17:27,2672
3/8/2023 17:37,2736
3/8/2023 17:47,2606
3/8/2023 17:57,2606
3/8/2023 18:07,2729
3/8/2023 18:17,2777
3/8/2023 18:27,2765
3/8/2023 18:37,2763
3/8/2023 18:47,2745
3/8/2023 18:57,2768
3/8/2023 19:07,2736
3/8/2023 19:17,2717
3/8/2023 19:27,2672
3/8/2023 19:37,2796
3/8/2023 19:47,2745
3/8/2023 19:57,2646
3/8/2023 20:07,2681
3/8/2023 20:17,2668
3/8/2023 20:27,2726
3/8/2023 20:37,2717
3/8/2023 20:47,2576
3/8/2023 20:57,2636
3/8/2023 21:07,2791
3/8/2023 21:17,2742
3/8/2023 21:27,2681
3/8/2023 21:37,2770
3/8/2023 21:47,2677
3/8/2023 21:57,2606
3/8/2023 22:08,2646
3/8/2023 22:18,2686
3/8/2023 22:28,2713
3/8/2023 22:38,2791
3/8/2023 22:48,2713
3/8/2023 22:58,2782
3/8/2023 23:08,2720
3/8/2023 23:18,2864
3/8/2023 23:28,2858
3/8/2023 23:38,2726
3/8/2023 23:48,2686
3/8/2023 23:58,2869
3/9/2023 0:08,2740
3/9/2023 0:18,2633
3/9/2023 0:28,2762
3/9/2023 0:38,2794
3/9/2023 0:48,2822
3/9/2023 0:58,2611
3/9/2023 1:08,2709
3/9/2023 1:18,2796
3/9/2023 1:28,2758
3/9/2023 1:38,2789
3/9/2023 1:48,2674
3/9/2023 1:58,2830
3/9/2023 2:08,2615
3/9/2023 2:18,2726
3/9/2023 2:28,2672
3/9/2023 2:38,2748
3/9/2023 2:48,2703
3/9/2023 2:58,2878
3/9/2023 3:08,2590
3/9/2023 3:18,2740
3/9/2023 3:28,2726
3/9/2023 3:38,2827
3/9/2023 3:48,2620
3/9/2023 3:58,2672
3/9/2023 4:08,2651
3/9/2023 4:18,2753
3/9/2023 4:28,2560
3/9/2023 4:38,2851
3/9/2023 4:48,2634
3/9/2023 4:58,2775
3/9/2023 5:08,2647
3/9/2023 5:18,2686
3/9/2023 5:28,2624
3/9/2023 5:38,2624
3/9/2023 5:48,2758
3/9/2023 5:58,2624
3/9/2023 6:08,2818
3/9/2023 6:18,2791
3/9/2023 6:28,2799
3/9/2023 6:38,2700
3/9/2023 6:48,2791
3/9/2023 6:58,2832
3/9/2023 7:08,2796
3/9/2023 7:18,6789
3/9/2023 7:29,2786
3/9/2023 7:39,2782
3/9/2023 7:49,2787
3/9/2023 7:59,2736
3/9/2023 8:09,2777
3/9/2023 8:19,2647
3/9/2023 8:29,2727
3/9/2023 8:39,2846
3/9/2023 8:49,2722
3/9/2023 8:59,2704
3/9/2023 9:09,2782
3/9/2023 9:19,2832
3/9/2023 9:29,2726
3/9/2023 9:39,2727
3/9/2023 9:49,2768
3/9/2023 9:59,2688
3/9/2023 10:09,2709
3/9/2023 10:19,2655
3/9/2023 10:29,2642
3/9/2023 10:39,2731
3/9/2023 10:49,2732
3/9/2023 10:59,2674
3/9/2023 11:09,2616
3/9/2023 11:19,2669
3/9/2023 11:29,2674
3/9/2023 11:39,2638
3/9/2023 11:49,2508
3/9/2023 11:59,2651
3/9/2023 12:09,2638
3/9/2023 12:19,2634
3/9/2023 12:29,2719
3/9/2023 12:39,2577
3/9/2023 12:49,2585
3/9/2023 12:59,2709
3/9/2023 13:09,2603
3/9/2023 13:19,2704
3/9/2023 13:29,2664
3/9/2023 13:39,2741
3/9/2023 13:49,2682
3/9/2023 13:59,2727
3/9/2023 14:09,2572
3/9/2023 14:19,2694
3/9/2023 14:29,2616
3/9/2023 14:39,2621
3/9/2023 14:49,2731
3/9/2023 14:59,2669
3/9/2023 15:09,2651
3/9/2023 15:19,2782
3/9/2023 15:29,2700
3/9/2023 15:39,2750
3/9/2023 15:49,4700
3/9/2023 15:59,2778
3/9/2023 16:09,2704
3/9/2023 16:19,2598
3/9/2023 16:29,2672
3/9/2023 16:40,2581
3/9/2023 16:50,2713
3/9/2023 17:00,2760
3/9/2023 17:10,2801
3/9/2023 17:20,2801
3/9/2023 17:30,2815
3/9/2023 17:40,2939
3/9/2023 17:50,2815
3/9/2023 18:00,2820
3/9/2023 18:10,2773
3/9/2023 18:20,2692
3/9/2023 18:30,2727
3/9/2023 18:40,2834
3/9/2023 18:50,2848
3/9/2023 19:00,2736
3/9/2023 19:10,2586
3/9/2023 19:20,2625
3/9/2023 19:30,2717
3/9/2023 19:40,2768
3/9/2023 19:50,2741
3/9/2023 20:00,2745
3/9/2023 20:10,2621
3/9/2023 20:20,2637
3/9/2023 20:30,2576
3/9/2023 20:40,2758
3/9/2023 20:50,2727
3/9/2023 21:00,2637
3/9/2023 21:10,2677
3/9/2023 21:20,2799
3/9/2023 21:30,2615
3/9/2023 21:40,2658
3/9/2023 21:50,2695
3/9/2023 22:00,2745
3/9/2023 22:10,2682
3/9/2023 22:20,2704
3/9/2023 22:30,2743
3/9/2023 22:40,2633
3/9/2023 22:50,2692
3/9/2023 23:00,2651
3/9/2023 23:10,2700
3/9/2023 23:20,2680
3/9/2023 23:30,2846
3/9/2023 23:40,2857
3/9/2023 23:50,2628
3/10/2023 0:00,2674
3/10/2023 0:10,2713
3/10/2023 0:20,2714
3/10/2023 0:30,2745
3/10/2023 0:40,2691
3/10/2023 0:50,2603
3/10/2023 1:00,2725
3/10/2023 1:10,2802
3/10/2023 1:20,2786
3/10/2023 1:30,2792
3/10/2023 1:40,2691
3/10/2023 1:51,2695
3/10/2023 2:01,2746
3/10/2023 2:11,2758
3/10/2023 2:21,2772
3/10/2023 2:31,2695
3/10/2023 2:41,2736
3/10/2023 2:51,2504
3/10/2023 3:01,2942
3/10/2023 3:11,2770
3/10/2023 3:21,2616
3/10/2023 3:31,2813
3/10/2023 3:41,2678
3/10/2023 3:51,2763
3/10/2023 4:01,2791
3/10/2023 4:11,2648
3/10/2023 4:21,2778
3/10/2023 4:31,2682
3/10/2023 4:41,2871
3/10/2023 4:51,2689
3/10/2023 5:01,2753
3/10/2023 5:11,2885
3/10/2023 5:21,2894
3/10/2023 5:31,2714
3/10/2023 5:41,2709
3/10/2023 5:51,2836
3/10/2023 6:01,2717
3/10/2023 6:11,2936
3/10/2023 6:21,2862
3/10/2023 6:31,3329
3/10/2023 6:41,2547
3/10/2023 6:51,2732
3/10/2023 7:01,2637
3/10/2023 7:11,2619
3/10/2023 7:21,2625
3/10/2023 7:31,2630
3/10/2023 7:41,2638
3/10/2023 7:51,2720
3/10/2023 8:01,2820
3/10/2023 8:11,2973
3/10/2023 8:21,3091
3/10/2023 8:31,2953
3/10/2023 8:41,3026
3/10/2023 8:51,2973
3/10/2023 9:01,2953
3/10/2023 9:11,2822
3/10/2023 9:21,3061
3/10/2023 9:31,3216
3/10/2023 9:41,3361
3/10/2023 9:51,3561
3/10/2023 10:01,3222
3/10/2023 10:11,3070
3/10/2023 10:21,3142
3/10/2023 10:31,3247
3/10/2023 10:41,3364
3/10/2023 10:51,3329
3/10/2023 11:01,3278
3/10/2023 11:12,3275
3/10/2023 11:22,3184
3/10/2023 11:32,3313
3/10/2023 11:42,3176
3/10/2023 11:52,3309
3/10/2023 12:02,3197
3/10/2023 12:12,2997
3/10/2023 12:22,3115
3/10/2023 12:32,3061
3/10/2023 12:42,3213
3/10/2023 12:52,3014
3/10/2023 13:02,3035
3/10/2023 13:12,3050
3/10/2023 13:22,3018
3/10/2023 13:32,2950
3/10/2023 13:42,3109
3/10/2023 13:52,3068
3/10/2023 14:02,3155
3/10/2023 14:12,3103
3/10/2023 14:22,3011
3/10/2023 14:32,3029
3/10/2023 14:42,2967
3/10/2023 14:52,3088
3/10/2023 15:02,3029
3/10/2023 15:12,2947
3/10/2023 15:22,3100
3/10/2023 15:32,2976
3/10/2023 15:42,2971
3/10/2023 15:52,3059
3/10/2023 16:02,2896
3/10/2023 16:12,3029
3/10/2023 16:22,3064
3/10/2023 16:32,3043
3/10/2023 16:42,2845
3/10/2023 16:52,2924
3/10/2023 17:02,2965
3/10/2023 17:12,2965
3/10/2023 17:22,2973
3/10/2023 17:32,2942
3/10/2023 17:42,2886
3/10/2023 17:52,2944
3/10/2023 18:02,3073
3/10/2023 18:12,2804
3/10/2023 18:22,3026
3/10/2023 18:32,3291
3/10/2023 18:42,3403
3/10/2023 18:52,3103
3/10/2023 19:02,3216
3/10/2023 19:12,3103
3/10/2023 19:22,3250
3/10/2023 19:32,3133
3/10/2023 19:42,3366
3/10/2023 19:52,3047
3/10/2023 20:02,3068
3/10/2023 20:12,3210
3/10/2023 20:23,3492
3/10/2023 20:33,3100
3/10/2023 20:43,3337
3/10/2023 20:53,3179
3/10/2023 21:03,3158
3/10/2023 21:13,3041
3/10/2023 21:23,3012
3/10/2023 21:33,3161
3/10/2023 21:43,3080
3/10/2023 21:53,3115
3/10/2023 22:03,3038
3/10/2023 22:13,2977
3/10/2023 22:23,3234
3/10/2023 22:33,3035
3/10/2023 22:43,2892
3/10/2023 22:53,3188
3/10/2023 23:03,3068
3/10/2023 23:13,3038
3/10/2023 23:23,3023
3/10/2023 23:33,3023
3/10/2023 23:43,3121
3/10/2023 23:53,2977
3/11/2023 0:03,3021
3/11/2023 0:13,3109
3/11/2023 0:23,3106
3/11/2023 0:33,2796
3/11/2023 0:43,3097
3/11/2023 0:53,3023
3/11/2023 1:03,2954
3/11/2023 1:13,3212
3/11/2023 1:23,2997
3/11/2023 1:33,2722
3/11/2023 1:43,2931
3/11/2023 1:53,2994
3/11/2023 2:03,2974
3/11/2023 2:13,2988
3/11/2023 2:23,3112
3/11/2023 2:33,2962
3/11/2023 2:43,2959
3/11/2023 2:53,3109
3/11/2023 3:03,2848
3/11/2023 3:13,2985
3/11/2023 3:23,2888
3/11/2023 3:33,2857
3/11/2023 3:43,2768
3/11/2023 3:53,2962
3/11/2023 4:03,2899
3/11/2023 4:13,2922
3/11/2023 4:23,2872
3/11/2023 4:33,2965
3/11/2023 4:43,2755
3/11/2023 4:53,2928
3/11/2023 5:03,2954
3/11/2023 5:13,2768
3/11/2023 5:24,2865
3/11/2023 5:34,3032
3/11/2023 5:44,2973
3/11/2023 5:54,3029
3/11/2023 6:04,2782
3/11/2023 6:14,2976
3/11/2023 6:24,2991
3/11/2023 6:34,3035
3/11/2023 6:44,2933
3/11/2023 6:54,3035
3/11/2023 7:04,2894
3/11/2023 7:14,2985
3/11/2023 7:24,3000
3/11/2023 7:34,2928
3/11/2023 7:44,3023
3/11/2023 7:54,2933
3/11/2023 8:04,2894
3/11/2023 8:14,2792
3/11/2023 8:24,2894
3/11/2023 8:34,2732
3/11/2023 8:44,2727
3/11/2023 8:54,2773
3/11/2023 9:04,2965
3/11/2023 9:14,2906
3/11/2023 9:24,3018
3/11/2023 9:34,2936
3/11/2023 9:44,2922
3/11/2023 9:54,2772
3/11/2023 10:04,2994
3/11/2023 10:14,2746
3/11/2023 10:24,2880
3/11/2023 10:34,2860
3/11/2023 10:44,2865
3/11/2023 10:54,2810
3/11/2023 11:04,2611
3/11/2023 11:14,2750
3/11/2023 11:24,2949
3/11/2023 11:34,2931
3/11/2023 11:44,2874
3/11/2023 11:54,2846
3/11/2023 12:04,2796
3/11/2023 12:14,2874
3/11/2023 12:24,2750
3/11/2023 12:34,2837
3/11/2023 12:44,2709
3/11/2023 12:54,2804
3/11/2023 13:04,2660
3/11/2023 13:14,2801
3/11/2023 13:24,2900
3/11/2023 13:34,2750
3/11/2023 13:44,2772
3/11/2023 13:54,2782
3/11/2023 14:04,2791
3/11/2023 14:14,2616
3/11/2023 14:24,2801
3/11/2023 14:35,2736
3/11/2023 14:45,2655
3/11/2023 14:55,2616
3/11/2023 15:05,2719
3/11/2023 15:15,2669
3/11/2023 15:25,2714
3/11/2023 15:35,2658
3/11/2023 15:45,2881
3/11/2023 15:55,3032
3/11/2023 16:05,3053
3/11/2023 16:15,2935
3/11/2023 16:25,2866
3/11/2023 16:35,2657
3/11/2023 16:45,2719
3/11/2023 16:55,2842
3/11/2023 17:05,2728
3/11/2023 17:15,2803
3/11/2023 17:25,2939
3/11/2023 17:35,2775
3/11/2023 17:45,2837
3/11/2023 17:55,2832
3/11/2023 18:05,2746
3/11/2023 18:15,3064
3/11/2023 18:25,3082
3/11/2023 18:35,3032
3/11/2023 18:45,3124
3/11/2023 18:55,3228
3/11/2023 19:05,2962
3/11/2023 19:15,3029
3/11/2023 19:25,2890
3/11/2023 19:35,2945
3/11/2023 19:45,2965
3/11/2023 19:55,3097
3/11/2023 20:05,3084
3/11/2023 20:15,2944
3/11/2023 20:25,2773
3/11/2023 20:35,3006
3/11/2023 20:45,2980
3/11/2023 20:55,2843
3/11/2023 21:05,2894
3/11/2023 21:15,3059
3/11/2023 21:25,3009
3/11/2023 21:35,2913
3/11/2023 21:45,2843
3/11/2023 21:55,3139
3/11/2023 22:05,2904
3/11/2023 22:15,3023
3/11/2023 22:25,2908
3/11/2023 22:35,3000
3/11/2023 22:45,2857
3/11/2023 22:55,3052
3/11/2023 23:05,2751
3/11/2023 23:15,3145
3/11/2023 23:25,3112
3/11/2023 23:35,2885
3/11/2023 23:46,2939
3/11/2023 23:56,2991
3/12/2023 0:06,2901
3/12/2023 0:16,2765
3/12/2023 0:26,2935
3/12/2023 0:36,2973
3/12/2023 0:46,2820
3/12/2023 0:56,2887
3/12/2023 1:06,2947
3/12/2023 1:16,3082
3/12/2023 1:26,2930
3/12/2023 1:36,2853
3/12/2023 1:46,2915
3/12/2023 1:56,3161
3/12/2023 2:06,2797
3/12/2023 2:16,2928
3/12/2023 2:26,2873
3/12/2023 2:36,2775
3/12/2023 2:46,3124
3/12/2023 2:56,3094
3/12/2023 3:06,2997
3/12/2023 3:16,3076
3/12/2023 3:26,3073
3/12/2023 3:36,2919
3/12/2023 3:46,3115
3/12/2023 3:56,3006
3/12/2023 4:06,3073
3/12/2023 4:16,2845
3/12/2023 4:26,3213
3/12/2023 4:36,2834
3/12/2023 4:46,2964
3/12/2023 4:56,3067
3/12/2023 5:06,3094
3/12/2023 5:16,2985
3/12/2023 5:26,3133
3/12/2023 5:36,2982
3/12/2023 5:46,3052
3/12/2023 5:56,2953
3/12/2023 6:06,3046
3/12/2023 6:16,3026
3/12/2023 6:26,3011
3/12/2023 6:36,3155
3/12/2023 6:46,3061
3/12/2023 6:56,2967
3/12/2023 7:06,2933
3/12/2023 7:16,2967
3/12/2023 7:26,3032
3/12/2023 7:36,3064
3/12/2023 7:46,3133
3/12/2023 7:56,2988
3/12/2023 8:06,3176
3/12/2023 8:16,3070
3/12/2023 8:26,3130
3/12/2023 8:36,3076
3/12/2023 8:46,3115
3/12/2023 8:56,2967
3/12/2023 9:06,2862
3/12/2023 9:17,3026
3/12/2023 9:27,3161
3/12/2023 9:37,3000
3/12/2023 9:47,3055
3/12/2023 9:57,2873
3/12/2023 10:07,2919
3/12/2023 10:17,2982
3/12/2023 10:27,2991
3/12/2023 10:37,2942
3/12/2023 10:47,2953
3/12/2023 10:57,2834
3/12/2023 11:07,2953
3/12/2023 11:17,2928
3/12/2023 11:27,2962
3/12/2023 11:37,2968
3/12/2023 11:47,2962
3/12/2023 11:57,2904
3/12/2023 12:07,3118
3/12/2023 12:17,2976
3/12/2023 12:27,2971
3/12/2023 12:37,2985
3/12/2023 12:47,2982
3/12/2023 12:57,2959
3/12/2023 13:07,3073
3/12/2023 13:17,2985
3/12/2023 13:27,2876
3/12/2023 13:37,4113
3/12/2023 13:47,2976
3/12/2023 13:57,2876
3/12/2023 14:07,2956
3/12/2023 14:17,2971
3/12/2023 14:27,2953
3/12/2023 14:37,2968
3/12/2023 14:47,3164
3/12/2023 14:57,2991
3/12/2023 15:07,3000
3/12/2023 15:17,2980
3/12/2023 15:27,2976
3/12/2023 15:37,2982
3/12/2023 15:47,3000
3/12/2023 15:57,3000
3/12/2023 16:07,3035
3/12/2023 16:17,2867
3/12/2023 16:27,3006
3/12/2023 16:37,2994
3/12/2023 16:47,3026
3/12/2023 16:57,3020
3/12/2023 17:07,2942
3/12/2023 17:17,2942
3/12/2023 17:27,2904
3/12/2023 17:37,3006
3/12/2023 17:47,3097
3/12/2023 17:57,3029
3/12/2023 18:07,3055
3/12/2023 18:17,2951
3/12/2023 18:28,3000
3/12/2023 18:38,2894
3/12/2023 18:48,3124
3/12/2023 18:58,2837
3/12/2023 19:08,2818
3/12/2023 19:18,2974
3/12/2023 19:28,2945
3/12/2023 19:38,2846
3/12/2023 19:48,2894
3/12/2023 19:58,2899
3/12/2023 20:08,3112
3/12/2023 20:18,2956
3/12/2023 20:28,2908
3/12/2023 20:38,2917
3/12/2023 20:48,3056
3/12/2023 20:58,2986
3/12/2023 21:08,2936
3/12/2023 21:18,2869
3/12/2023 21:28,2820
3/12/2023 21:38,3009
3/12/2023 21:48,2931
3/12/2023 21:58,2963
3/12/2023 22:08,2772
3/12/2023 22:18,2917
3/12/2023 22:28,2888
3/12/2023 22:38,3071
3/12/2023 22:48,2817
3/12/2023 22:58,3062
3/12/2023 23:08,2883
3/12/2023 23:18,2952
3/12/2023 23:28,2922
3/12/2023 23:38,3032
3/12/2023 23:48,2951
3/12/2023 23:58,2920
3/13/2023 0:08,3154
3/13/2023 0:18,2931
3/13/2023 0:28,2883
3/13/2023 0:38,2951
3/13/2023 0:48,2745
3/13/2023 0:58,2791
3/13/2023 1:08,2980
3/13/2023 1:18,2943
3/13/2023 1:28,2860
3/13/2023 1:38,2888
3/13/2023 1:48,3151
3/13/2023 1:58,2777
3/13/2023 2:08,2865
3/13/2023 2:18,2871
3/13/2023 2:28,3215
3/13/2023 2:38,2980
3/13/2023 2:48,3158
3/13/2023 2:58,3041
3/13/2023 3:08,2994
3/13/2023 3:18,3079
3/13/2023 3:28,2843
3/13/2023 3:39,2913
3/13/2023 3:49,2922
3/13/2023 3:59,2980
3/13/2023 4:09,2871
3/13/2023 4:19,3145
3/13/2023 4:29,2829
3/13/2023 4:39,2974
3/13/2023 4:49,2931
3/13/2023 4:59,3130
3/13/2023 5:09,3148
3/13/2023 5:19,2919
3/13/2023 5:29,2974
3/13/2023 5:39,3240
3/13/2023 5:49,3085
3/13/2023 5:59,2965
3/13/2023 6:09,3097
3/13/2023 6:19,3231
3/13/2023 6:29,3059
3/13/2023 6:39,2959
3/13/2023 6:49,3094
3/13/2023 6:59,3079
3/13/2023 7:09,3130
3/13/2023 7:19,3029
3/13/2023 7:29,3118
3/13/2023 7:39,2983
3/13/2023 7:49,3127
3/13/2023 7:59,3044
3/13/2023 8:09,3053
3/13/2023 8:19,3127
3/13/2023 8:29,3062
3/13/2023 8:39,3062
3/13/2023 8:49,2917
3/13/2023 8:59,3023
3/13/2023 9:09,3009
3/13/2023 9:19,2746
3/13/2023 9:29,3053
3/13/2023 9:39,2928
3/13/2023 9:49,2954
3/13/2023 9:59,2919
3/13/2023 10:09,3018
3/13/2023 10:19,3021
3/13/2023 10:29,2695
3/13/2023 10:39,2931
3/13/2023 10:49,2960
3/13/2023 10:59,2922
3/13/2023 11:09,2974
3/13/2023 11:19,2922
3/13/2023 11:29,2892
3/13/2023 11:39,2974
3/13/2023 11:49,2974
3/13/2023 11:59,2860
3/13/2023 12:09,2888
3/13/2023 12:19,2894
3/13/2023 12:29,2954
3/13/2023 12:39,2897
3/13/2023 12:49,2925
3/13/2023 12:59,2892
3/13/2023 13:10,2860
3/13/2023 13:20,2968
3/13/2023 13:30,2911
3/13/2023 13:40,2888
3/13/2023 13:50,2974
3/13/2023 14:00,2954
3/13/2023 14:10,2911
3/13/2023 14:20,2954
3/13/2023 14:30,2945
3/13/2023 14:40,2940
3/13/2023 14:50,2841
3/13/2023 15:00,2888
3/13/2023 15:10,2911
3/13/2023 15:20,2968
3/13/2023 15:30,2888
3/13/2023 15:40,2957
3/13/2023 15:50,2940
3/13/2023 16:00,2864
3/13/2023 16:10,2968
3/13/2023 16:20,2977
3/13/2023 16:30,2983
3/13/2023 16:40,2917
3/13/2023 16:50,2878
3/13/2023 17:00,2917
3/13/2023 17:10,2902
3/13/2023 17:20,2897
3/13/2023 17:30,2983
3/13/2023 17:40,3021
3/13/2023 17:50,2917
3/13/2023 18:00,2960
3/13/2023 18:10,2772
3/13/2023 18:20,2850
3/13/2023 18:30,2880
3/13/2023 18:40,2865
3/13/2023 18:50,2892
3/13/2023 19:00,2922
3/13/2023 19:10,2745
3/13/2023 19:20,2786
3/13/2023 19:30,2911
3/13/2023 19:40,2900
3/13/2023 19:50,3032
3/13/2023 20:00,2954
3/13/2023 20:10,2997
3/13/2023 20:20,2760
3/13/2023 20:30,2811
3/13/2023 20:40,2954
3/13/2023 20:50,2767
3/13/2023 21:00,2830
3/13/2023 21:10,2900
3/13/2023 21:20,2858
3/13/2023 21:30,3003
3/13/2023 21:40,2963
3/13/2023 21:50,2726
3/13/2023 22:00,2725
3/13/2023 22:10,2822
3/13/2023 22:21,2844
3/13/2023 22:31,2869
3/13/2023 22:41,3059
3/13/2023 22:51,3006
3/13/2023 23:01,2975
3/13/2023 23:11,2822
3/13/2023 23:21,3012
3/13/2023 23:31,2878
3/13/2023 23:41,2867
3/13/2023 23:51,2818
3/14/2023 0:01,3030
3/14/2023 0:11,2943
3/14/2023 0:21,2874
3/14/2023 0:31,3080
3/14/2023 0:41,2883
3/14/2023 0:51,2892
3/14/2023 1:01,2808
3/14/2023 1:11,2940
3/14/2023 1:21,2983
3/14/2023 1:31,3127
3/14/2023 1:41,2922
3/14/2023 1:51,3100
3/14/2023 2:01,2934
3/14/2023 2:11,3041
3/14/2023 2:21,3032
3/14/2023 2:31,2945
3/14/2023 2:41,2972
3/14/2023 2:51,2988
3/14/2023 3:01,2936
3/14/2023 3:11,2994
3/14/2023 3:21,3082
3/14/2023 3:31,2796
3/14/2023 3:41,2823
3/14/2023 3:51,2942
3/14/2023 4:01,2810
3/14/2023 4:11,2860
3/14/2023 4:21,3023
3/14/2023 4:31,2917
3/14/2023 4:41,2931
3/14/2023 4:51,2994
3/14/2023 5:01,3197
3/14/2023 5:11,2936
3/14/2023 5:21,3053
3/14/2023 5:31,3118
3/14/2023 5:41,3112
3/14/2023 5:51,3097
3/14/2023 6:01,3112
3/14/2023 6:11,3112
3/14/2023 6:21,3173
3/14/2023 6:31,3182
3/14/2023 6:41,3218
3/14/2023 6:51,3073
3/14/2023 7:01,3136
3/14/2023 7:11,3179
3/14/2023 7:21,3173
3/14/2023 7:32,3142
3/14/2023 7:42,3112
3/14/2023 7:52,3133
3/14/2023 8:02,3176
3/14/2023 8:12,3124
3/14/2023 8:22,3154
3/14/2023 8:32,3059
3/14/2023 8:42,3088
3/14/2023 8:52,3082
3/14/2023 9:02,3073
3/14/2023 9:12,3018
3/14/2023 9:22,3073
3/14/2023 9:32,3047
3/14/2023 9:42,3032
3/14/2023 9:52,3038
3/14/2023 10:02,2994
3/14/2023 10:12,3023
3/14/2023 10:22,3047
3/14/2023 10:32,3018
3/14/2023 10:42,2902
3/14/2023 10:52,2903
3/14/2023 11:02,3059
3/14/2023 11:12,2903
3/14/2023 11:22,2960
3/14/2023 11:32,2980
3/14/2023 11:42,3004
3/14/2023 11:52,3021
3/14/2023 12:02,2968
3/14/2023 12:12,2836
3/14/2023 12:22,2827
3/14/2023 12:32,2906
3/14/2023 12:42,2827
3/14/2023 12:52,2872
3/14/2023 13:02,2988
3/14/2023 13:12,2947
3/14/2023 13:22,2992
3/14/2023 13:32,2960
3/14/2023 13:42,2931
3/14/2023 13:52,2977
3/14/2023 14:02,3018
3/14/2023 14:12,5931
3/14/2023 14:22,2963
3/14/2023 14:32,2949
3/14/2023 14:42,2892
3/14/2023 14:52,2992
3/14/2023 15:02,2897
3/14/2023 15:12,2968
3/14/2023 15:22,2977
3/14/2023 15:32,2830
3/14/2023 15:42,2983
3/14/2023 15:52,2992
3/14/2023 16:02,2949
3/14/2023 16:12,2968
3/14/2023 16:22,3015
3/14/2023 16:32,3041
3/14/2023 16:42,2991
3/14/2023 16:53,3085
3/14/2023 17:03,2994
3/14/2023 17:13,3176
3/14/2023 17:23,2968
3/14/2023 17:33,2983
3/14/2023 17:43,3106
3/14/2023 17:53,3027
3/14/2023 18:03,3109
3/14/2023 18:13,3056
3/14/2023 18:23,3021
3/14/2023 18:33,3021
3/14/2023 18:43,2902
3/14/2023 18:53,3032
3/14/2023 19:03,3047
3/14/2023 19:13,2968
3/14/2023 19:23,2897
3/14/2023 19:33,3012
3/14/2023 19:43,2980
3/14/2023 19:53,3027
3/14/2023 20:03,2940
3/14/2023 20:13,3035
3/14/2023 20:23,3037
3/14/2023 20:33,2945
3/14/2023 20:43,2960
3/14/2023 20:53,3006
3/14/2023 21:03,3290
3/14/2023 21:13,3167
3/14/2023 21:23,2994
3/14/2023 21:33,3203
3/14/2023 21:43,3091
3/14/2023 21:53,3100
3/14/2023 22:03,3014
3/14/2023 22:13,2974
3/14/2023 22:23,3009
3/14/2023 22:33,3038
3/14/2023 22:43,3024
3/14/2023 22:53,3020
3/14/2023 23:03,2843
3/14/2023 23:13,2869
3/14/2023 23:23,2932
3/14/2023 23:33,2705
3/14/2023 23:43,3148
3/14/2023 23:53,3009
3/15/2023 0:03,2822
3/15/2023 0:13,2697
3/15/2023 0:23,3097
3/15/2023 0:33,3085
3/15/2023 0:43,2862
3/15/2023 0:53,3079
3/15/2023 1:03,3021
3/15/2023 1:13,2880
3/15/2023 1:23,2985
3/15/2023 1:33,3559
3/15/2023 1:43,3440
3/15/2023 1:53,3913
3/15/2023 2:03,3337
3/15/2023 2:14,3513
3/15/2023 2:24,3580
3/15/2023 2:34,3424
3/15/2023 2:44,3650
3/15/2023 2:54,3661
3/15/2023 3:04,3440
3/15/2023 3:14,3250
3/15/2023 3:24,3473
3/15/2023 3:34,3344
3/15/2023 3:44,3321
3/15/2023 3:54,3376
3/15/2023 4:04,3281
3/15/2023 4:14,3210
3/15/2023 4:24,3344
3/15/2023 4:34,3573
3/15/2023 4:44,3319
3/15/2023 4:54,3231
3/15/2023 5:04,3440
3/15/2023 5:14,4264
3/15/2023 5:24,4285
3/15/2023 5:34,4766
3/15/2023 5:44,5026
3/15/2023 5:54,4911
3/15/2023 6:04,5014
3/15/2023 6:14,4733
3/15/2023 6:24,5025
3/15/2023 6:34,4865
3/15/2023 6:44,4722
3/15/2023 6:54,4657
3/15/2023 7:04,4888
3/15/2023 7:14,4614
3/15/2023 7:24,4711
3/15/2023 7:34,5014
3/15/2023 7:44,4832
3/15/2023 7:54,5025
3/15/2023 8:04,4744
3/15/2023 8:14,4810
3/15/2023 8:24,4593
3/15/2023 8:34,4788
3/15/2023 8:44,4498
3/15/2023 8:54,4427
3/15/2023 9:04,4356
3/15/2023 9:14,4437
3/15/2023 9:24,4264
3/15/2023 9:34,4376
3/15/2023 9:44,4447
3/15/2023 9:54,4415
3/15/2023 10:04,3952
3/15/2023 10:14,4276
3/15/2023 10:24,4091
3/15/2023 10:34,3933
3/15/2023 10:44,3930
3/15/2023 10:54,3999
3/15/2023 11:04,3953
3/15/2023 11:14,3900
3/15/2023 11:25,3853
3/15/2023 11:35,3970
3/15/2023 11:45,3744
3/15/2023 11:55,3970
3/15/2023 12:05,3853
3/15/2023 12:15,3669
3/15/2023 12:25,3590
3/15/2023 12:35,3790
3/15/2023 12:45,3692
3/15/2023 12:55,3833
3/15/2023 13:05,3780
3/15/2023 13:15,3614
3/15/2023 13:25,3719
3/15/2023 13:35,3641
3/15/2023 13:45,3573
3/15/2023 13:55,3641
3/15/2023 14:05,3710
3/15/2023 14:15,3665
3/15/2023 14:25,3457
3/15/2023 14:35,3481
3/15/2023 14:45,3549
3/15/2023 14:55,3590
3/15/2023 15:05,3483
3/15/2023 15:15,3604
3/15/2023 15:25,3597
3/15/2023 15:35,3424
3/15/2023 15:45,3394
3/15/2023 15:55,3440
3/15/2023 16:05,3457
3/15/2023 16:15,3457
3/15/2023 16:25,3669
3/15/2023 16:35,3599
3/15/2023 16:45,3427
3/15/2023 16:55,3369
3/15/2023 17:05,3434
3/15/2023 17:15,3614
3/15/2023 17:25,3520
3/15/2023 17:35,3417
3/15/2023 17:45,3299
3/15/2023 17:55,3378
3/15/2023 18:05,3501
3/15/2023 18:15,3427
3/15/2023 18:25,3315
3/15/2023 18:35,3243
3/15/2023 18:45,3252
3/15/2023 18:55,3335
3/15/2023 19:05,3568
3/15/2023 19:15,3321
3/15/2023 19:25,3401
3/15/2023 19:35,3333
3/15/2023 19:45,3234
3/15/2023 19:55,3255
3/15/2023 20:05,3194
3/15/2023 20:15,3284
3/15/2023 20:25,3333
3/15/2023 20:36,3179
3/15/2023 20:46,3450
3/15/2023 20:56,3390
3/15/2023 21:06,3394
3/15/2023 21:16,3516
3/15/2023 21:26,3337
3/15/2023 21:36,3333
3/15/2023 21:46,3349
3/15/2023 21:56,3349
3/15/2023 22:06,3302
3/15/2023 22:16,3228
3/15/2023 22:26,3413
3/15/2023 22:36,3243
3/15/2023 22:46,3318
3/15/2023 22:56,3194
3/15/2023 23:06,3268
3/15/2023 23:16,3369
3/15/2023 23:26,3388
3/15/2023 23:36,3378
3/15/2023 23:46,3209
3/15/2023 23:56,3065
3/16/2023 0:06,3154
3/16/2023 0:16,3154
3/16/2023 0:26,3353
3/16/2023 0:36,3315
3/16/2023 0:46,3252
3/16/2023 0:56,3357
3/16/2023 1:06,3158
3/16/2023 1:16,3100
3/16/2023 1:26,3350
3/16/2023 1:36,3109
3/16/2023 1:46,3012
3/16/2023 1:56,3091
3/16/2023 2:06,3231
3/16/2023 2:16,3136
3/16/2023 2:26,3318
3/16/2023 2:36,3203
3/16/2023 2:46,3210
3/16/2023 2:56,3194
3/16/2023 3:06,3265
3/16/2023 3:16,3328
3/16/2023 3:26,3373
3/16/2023 3:36,3240
3/16/2023 3:46,3142
3/16/2023 3:56,3059
3/16/2023 4:06,3032
3/16/2023 4:16,3471
3/16/2023 4:26,3121
3/16/2023 4:36,3197
3/16/2023 4:46,3027
3/16/2023 4:56,3197
3/16/2023 5:06,3290
3/16/2023 5:16,3294
3/16/2023 5:26,3203
3/16/2023 5:36,3068
3/16/2023 5:47,3563
3/16/2023 5:57,3405
3/16/2023 6:07,3415
3/16/2023 6:17,3399
3/16/2023 6:27,3428
3/16/2023 6:37,3312
3/16/2023 6:47,3370
3/16/2023 6:57,3216
3/16/2023 7:07,3020
3/16/2023 7:17,3447
3/16/2023 7:27,3212
3/16/2023 7:37,3415
3/16/2023 7:47,3325
3/16/2023 7:57,3438
3/16/2023 8:07,3335
3/16/2023 8:17,3362
3/16/2023 8:27,3290
3/16/2023 8:37,3203
3/16/2023 8:47,3303
3/16/2023 8:57,3290
3/16/2023 9:07,3259
3/16/2023 9:17,3492
3/16/2023 9:27,3284
3/16/2023 9:37,3238
3/16/2023 9:47,3228
3/16/2023 9:57,3158
3/16/2023 10:07,3136
3/16/2023 10:17,3196
3/16/2023 10:27,3290
3/16/2023 10:37,3243
3/16/2023 10:47,3089
3/16/2023 10:57,3303
3/16/2023 11:07,3176
3/16/2023 11:17,3290
3/16/2023 11:27,2985
3/16/2023 11:37,3206
3/16/2023 11:47,3130
3/16/2023 11:57,3203
3/16/2023 12:07,3197
3/16/2023 12:17,3112
3/16/2023 12:27,3250
3/16/2023 12:37,3112
3/16/2023 12:47,3127
3/16/2023 12:57,3394
3/16/2023 13:07,3136
3/16/2023 13:17,3243
3/16/2023 13:27,3212
3/16/2023 13:37,3139
3/16/2023 13:47,3284
3/16/2023 13:57,3274
3/16/2023 14:07,3274
3/16/2023 14:17,3203
3/16/2023 14:27,3243
3/16/2023 14:37,3237
3/16/2023 14:47,3176
3/16/2023 14:58,3274
3/16/2023 15:08,3139
3/16/2023 15:18,3182
3/16/2023 15:28,2960
3/16/2023 15:38,3191
3/16/2023 15:48,3244
3/16/2023 15:58,2951
3/16/2023 16:08,4082
3/16/2023 16:18,3234
3/16/2023 16:28,2965
3/16/2023 16:38,3219
3/16/2023 16:48,3265
3/16/2023 16:58,3296
3/16/2023 17:08,3250
3/16/2023 17:18,3158
3/16/2023 17:28,3158
3/16/2023 17:38,3321
3/16/2023 17:48,3234
3/16/2023 17:58,3158
3/16/2023 18:08,3259
3/16/2023 18:18,3207
3/16/2023 18:28,3047
3/16/2023 18:38,3296
3/16/2023 18:48,3012
3/16/2023 18:58,3277
3/16/2023 19:08,3115
3/16/2023 19:18,3151
3/16/2023 19:28,3071
3/16/2023 19:38,3231
3/16/2023 19:48,3094
3/16/2023 19:58,3133
3/16/2023 20:08,3271
3/16/2023 20:18,2945
3/16/2023 20:28,3056
3/16/2023 20:38,3237
3/16/2023 20:48,3308
3/16/2023 20:58,3091
3/16/2023 21:08,3154
3/16/2023 21:18,2954
3/16/2023 21:28,3259
3/16/2023 21:38,3083
3/16/2023 21:48,3308
3/16/2023 21:58,3331
3/16/2023 22:08,3225
3/16/2023 22:18,3176
3/16/2023 22:28,3246
3/16/2023 22:38,3200
3/16/2023 22:48,3191
3/16/2023 22:58,3271
3/16/2023 23:08,3145
3/16/2023 23:18,3139
3/16/2023 23:28,3179
3/16/2023 23:38,3100
3/16/2023 23:48,3378
3/16/2023 23:59,3182
3/17/2023 0:09,3362
3/17/2023 0:19,3200
3/17/2023 0:29,3212
3/17/2023 0:39,3268
3/17/2023 0:49,3118
3/17/2023 0:59,3480
3/17/2023 1:09,3234
3/17/2023 1:19,3337
3/17/2023 1:29,3077
3/17/2023 1:39,3440
3/17/2023 1:49,3179
3/17/2023 1:59,3383
3/17/2023 2:09,3158
3/17/2023 2:19,3240
3/17/2023 2:29,3431
3/17/2023 2:39,3380
3/17/2023 2:49,3353
3/17/2023 2:59,3366
3/17/2023 3:09,3210
3/17/2023 3:19,3133
3/17/2023 3:29,3325
3/17/2023 3:39,3412
3/17/2023 3:49,3487
3/17/2023 3:59,3376
3/17/2023 4:09,3296
3/17/2023 4:19,3319
3/17/2023 4:29,3494
3/17/2023 4:39,3307
3/17/2023 4:49,3546
3/17/2023 4:59,3438
3/17/2023 5:09,3272
3/17/2023 5:19,3294
3/17/2023 5:29,3240
3/17/2023 5:39,3487
3/17/2023 5:49,3530
3/17/2023 5:59,3447
3/17/2023 6:09,3179
3/17/2023 6:19,3454
3/17/2023 6:29,3487
3/17/2023 6:39,3319
3/17/2023 6:49,3284
3/17/2023 6:59,3469
3/17/2023 7:09,3408
3/17/2023 7:19,3539
3/17/2023 7:29,3447
3/17/2023 7:39,3563
3/17/2023 7:49,3447
3/17/2023 7:59,3480
3/17/2023 8:09,3638
3/17/2023 8:19,3633
3/17/2023 8:29,3383
3/17/2023 8:39,3399
3/17/2023 8:49,3539
3/17/2023 8:59,3490
3/17/2023 9:10,3405
3/17/2023 9:20,3506
3/17/2023 9:30,3480
3/17/2023 9:40,3554
3/17/2023 9:50,3513
3/17/2023 10:00,3464
3/17/2023 10:10,3861
3/17/2023 10:20,3272
3/17/2023 10:30,3210
3/17/2023 10:40,3474
3/17/2023 10:50,3506
3/17/2023 11:00,3373
3/17/2023 11:10,3434
3/17/2023 11:20,3497
3/17/2023 11:30,3376
3/17/2023 11:40,3392
3/17/2023 11:50,3401
3/17/2023 12:00,3513
3/17/2023 12:10,3256
3/17/2023 12:20,3601
3/17/2023 12:30,3473
3/17/2023 12:40,3513
3/17/2023 12:50,3306
3/17/2023 13:00,3511
3/17/2023 13:10,3328
3/17/2023 13:20,3546
3/17/2023 13:30,3490
3/17/2023 13:40,3480
3/17/2023 13:50,3443
3/17/2023 14:00,3476
3/17/2023 14:10,3466
3/17/2023 14:20,3401
3/17/2023 14:30,3399
3/17/2023 14:40,3427
3/17/2023 14:50,3450
3/17/2023 15:00,3328
3/17/2023 15:10,3696
3/17/2023 15:20,3440
3/17/2023 15:30,3328
3/17/2023 15:40,3520
3/17/2023 15:50,3497
3/17/2023 16:00,3464
3/17/2023 16:10,3424
3/17/2023 16:20,3648
3/17/2023 16:30,3438
3/17/2023 16:40,3353
3/17/2023 16:50,3274
3/17/2023 17:00,3532
3/17/2023 17:10,3300
3/17/2023 17:20,3274
3/17/2023 17:30,3151
3/17/2023 17:40,3438
3/17/2023 17:50,3205
3/17/2023 18:00,3443
3/17/2023 18:10,3388
3/17/2023 18:21,3462
3/17/2023 18:31,3327
3/17/2023 18:41,3469
3/17/2023 18:51,3311
3/17/2023 19:01,3434
3/17/2023 19:11,3397
3/17/2023 19:21,3209
3/17/2023 19:31,3424
3/17/2023 19:41,3397
3/17/2023 19:51,3453
3/17/2023 20:01,3302
3/17/2023 20:11,3362
3/17/2023 20:21,3372
3/17/2023 20:31,3324
3/17/2023 20:41,3508
3/17/2023 20:51,3413
3/17/2023 21:01,3618
3/17/2023 21:11,3645
3/17/2023 21:21,3349
3/17/2023 21:31,3520
3/17/2023 21:41,3561
3/17/2023 21:51,3427
3/17/2023 22:01,3381
3/17/2023 22:11,3553
3/17/2023 22:21,3516
3/17/2023 22:31,3518
3/17/2023 22:41,3537
3/17/2023 22:51,3501
3/17/2023 23:01,3637
3/17/2023 23:11,3618
3/17/2023 23:21,3427
3/17/2023 23:31,3611
3/17/2023 23:41,3604
3/17/2023 23:51,3623
3/18/2023 0:01,3704
3/18/2023 0:11,3501
3/18/2023 0:21,3553
3/18/2023 0:31,3406
3/18/2023 0:41,3706
3/18/2023 0:51,3534
3/18/2023 1:01,3381
3/18/2023 1:11,3340
3/18/2023 1:21,3568
3/18/2023 1:31,3347
3/18/2023 1:41,3618
3/18/2023 1:51,3727
3/18/2023 2:01,3618
3/18/2023 2:11,3551
3/18/2023 2:21,3662
3/18/2023 2:31,3660
3/18/2023 2:41,3411
3/18/2023 2:51,3687
3/18/2023 3:01,3781
3/18/2023 3:12,3568
3/18/2023 3:22,3789
3/18/2023 3:32,3585
3/18/2023 3:42,3887
3/18/2023 3:52,3643
3/18/2023 4:02,3667
3/18/2023 4:12,3791
3/18/2023 4:22,3652
3/18/2023 4:32,3717
3/18/2023 4:42,3797
3/18/2023 4:52,3815
3/18/2023 5:02,3650
3/18/2023 5:12,3932
3/18/2023 5:22,3781
3/18/2023 5:32,3843
3/18/2023 5:42,3700
3/18/2023 5:52,3616
3/18/2023 6:02,3851
3/18/2023 6:12,3851
3/18/2023 6:22,4007
3/18/2023 6:32,4072
3/18/2023 6:42,3923
3/18/2023 6:52,3859
3/18/2023 7:02,3859
3/18/2023 7:12,3710
3/18/2023 7:22,3685
3/18/2023 7:32,3650
3/18/2023 7:42,3729
3/18/2023 7:52,3780
3/18/2023 8:02,3807
3/18/2023 8:12,3827
3/18/2023 8:22,3791
3/18/2023 8:32,3889
3/18/2023 8:42,3626
3/18/2023 8:52,3669
3/18/2023 9:02,3838
3/18/2023 9:12,3846
3/18/2023 9:22,3630
3/18/2023 9:32,3758
3/18/2023 9:42,3920
3/18/2023 9:52,3662
3/18/2023 10:02,3679
3/18/2023 10:12,3758
3/18/2023 10:22,3799
3/18/2023 10:32,3910
3/18/2023 10:42,3710
3/18/2023 10:52,3748
3/18/2023 11:02,3803
3/18/2023 11:12,3672
3/18/2023 11:22,3827
3/18/2023 11:32,3894
3/18/2023 11:42,3652
3/18/2023 11:52,3814
3/18/2023 12:02,3955
3/18/2023 12:12,3741
3/18/2023 12:23,3768
3/18/2023 12:33,3811
3/18/2023 12:43,3803
3/18/2023 12:53,3936
3/18/2023 13:03,3838
3/18/2023 13:13,3946
3/18/2023 13:23,3838
3/18/2023 13:33,3983
3/18/2023 13:43,3918
3/18/2023 13:53,3973
3/18/2023 14:03,4000
3/18/2023 14:13,4029
3/18/2023 14:23,3936
3/18/2023 14:33,3900
3/18/2023 14:43,3936
3/18/2023 14:53,4000
3/18/2023 15:03,3973
3/18/2023 15:13,3983
3/18/2023 15:23,4192
3/18/2023 15:33,3918
3/18/2023 15:43,4029
3/18/2023 15:53,4046
3/18/2023 16:03,3990
3/18/2023 16:13,4075
3/18/2023 16:23,4133
3/18/2023 16:33,4132
3/18/2023 16:43,4102
3/18/2023 16:53,4027
3/18/2023 17:03,4111
3/18/2023 17:13,4198
3/18/2023 17:23,4130
3/18/2023 17:33,3827
3/18/2023 17:43,4149
3/18/2023 17:53,4140
3/18/2023 18:03,4179
3/18/2023 18:13,4009
3/18/2023 18:23,3972
3/18/2023 18:33,4113
3/18/2023 18:43,4092
3/18/2023 18:53,3935
3/18/2023 19:03,4075
3/18/2023 19:13,3945
3/18/2023 19:23,4009
3/18/2023 19:33,3917
3/18/2023 19:43,4000
3/18/2023 19:53,4366
3/18/2023 20:03,4208
3/18/2023 20:13,4326
3/18/2023 20:23,4406
3/18/2023 20:33,4073
3/18/2023 20:43,4130
3/18/2023 20:53,4121
3/18/2023 21:03,4366
3/18/2023 21:13,4065
3/18/2023 21:24,4237
3/18/2023 21:34,4198
3/18/2023 21:44,4179
3/18/2023 21:54,4276
3/18/2023 22:04,4092
3/18/2023 22:14,4257
3/18/2023 22:24,4582
3/18/2023 22:34,4276
3/18/2023 22:44,4206
3/18/2023 22:54,4406
3/18/2023 23:04,4188
3/18/2023 23:14,4326
3/18/2023 23:24,4415
3/18/2023 23:34,4336
3/18/2023 23:44,4306
3/18/2023 23:54,4355
3/19/2023 0:04,4530
3/19/2023 0:14,4073
3/19/2023 0:24,4416
3/19/2023 0:34,4427
3/19/2023 0:44,4406
3/19/2023 0:54,4169
3/19/2023 1:04,4234
3/19/2023 1:14,4417
3/19/2023 1:24,4237
3/19/2023 1:34,4386
3/19/2023 1:44,4289
3/19/2023 1:54,4593
3/19/2023 2:04,4625
3/19/2023 2:14,4550
3/19/2023 2:24,4457
3/19/2023 2:34,4468
3/19/2023 2:44,4448
3/19/2023 2:54,4257
3/19/2023 3:04,4376
3/19/2023 3:14,4427
3/19/2023 3:24,4478
3/19/2023 3:34,4406
3/19/2023 3:44,4458
3/19/2023 3:54,4711
3/19/2023 4:04,4479
3/19/2023 4:14,4326
3/19/2023 4:24,4593
3/19/2023 4:34,4646
3/19/2023 4:44,4700
3/19/2023 4:54,4286
3/19/2023 5:04,4376
3/19/2023 5:14,4572
3/19/2023 5:24,4689
3/19/2023 5:34,4711
3/19/2023 5:44,4657
3/19/2023 5:54,4668
3/19/2023 6:04,4799
3/19/2023 6:14,4509
3/19/2023 6:24,4711
3/19/2023 6:34,4498
3/19/2023 6:45,4614
3/19/2023 6:55,4832
3/19/2023 7:05,4832
3/19/2023 7:15,4593
3/19/2023 7:25,4733
3/19/2023 7:35,4625
3/19/2023 7:45,4843
3/19/2023 7:55,4777
3/19/2023 8:05,4864
3/19/2023 8:15,4689
3/19/2023 8:25,4765
3/19/2023 8:35,4700
3/19/2023 8:45,4583
3/19/2023 8:55,4316
3/19/2023 9:05,4614
3/19/2023 9:15,4700
3/19/2023 9:25,4530
3/19/2023 9:35,4744
3/19/2023 9:45,4700
3/19/2023 9:55,4657
3/19/2023 10:05,4625
3/19/2023 10:15,4437
3/19/2023 10:25,4678
3/19/2023 10:35,4540
3/19/2023 10:45,4530
3/19/2023 10:55,4593
3/19/2023 11:05,4530
3/19/2023 11:15,4520
3/19/2023 11:25,4509
3/19/2023 11:35,4614
3/19/2023 11:45,4407
3/19/2023 11:55,4326
3/19/2023 12:05,4469
3/19/2023 12:15,4468
3/19/2023 12:25,4540
3/19/2023 12:35,4551
3/19/2023 12:45,4668
3/19/2023 12:55,4646
3/19/2023 13:05,4551
3/19/2023 13:15,4468
3/19/2023 13:25,4594
3/19/2023 13:35,4562
3/19/2023 13:45,4754
3/19/2023 13:55,4711
3/19/2023 14:05,4572
3/19/2023 14:15,4700
3/19/2023 14:25,4754
3/19/2023 14:35,4787
3/19/2023 14:45,4583
3/19/2023 14:55,4657
3/19/2023 15:05,4489
3/19/2023 15:15,4743
3/19/2023 15:25,4733
3/19/2023 15:35,4646
3/19/2023 15:45,4553
3/19/2023 15:56,4732
3/19/2023 16:06,4646
3/19/2023 16:16,4540
3/19/2023 16:26,4787
3/19/2023 16:36,4865
3/19/2023 16:46,4678
3/19/2023 16:56,4604
3/19/2023 17:06,4765
3/19/2023 17:16,4531
3/19/2023 17:26,4798
3/19/2023 17:36,4854
3/19/2023 17:46,4832
3/19/2023 17:56,4678
3/19/2023 18:06,4798
3/19/2023 18:16,4843
3/19/2023 18:26,4820
3/19/2023 18:36,4876
3/19/2023 18:46,4864
3/19/2023 18:56,4765
3/19/2023 19:06,4625
3/19/2023 19:16,4854
3/19/2023 19:26,5036
3/19/2023 19:36,4754
3/19/2023 19:46,4765
3/19/2023 19:56,4625
3/19/2023 20:06,4754
3/19/2023 20:16,4468
3/19/2023 20:26,5013
3/19/2023 20:36,4625
3/19/2023 20:46,4887
3/19/2023 20:56,4887
3/19/2023 21:06,4854
3/19/2023 21:16,4842
3/19/2023 21:26,4955
3/19/2023 21:36,4821
3/19/2023 21:46,4854
3/19/2023 21:56,4865
3/19/2023 22:06,4910
3/19/2023 22:16,4765
3/19/2023 22:26,4776
3/19/2023 22:36,4625
3/19/2023 22:46,4831
3/19/2023 22:56,5001
3/19/2023 23:06,4809
3/19/2023 23:16,4966
3/19/2023 23:26,4989
3/19/2023 23:36,4776
3/19/2023 23:46,4876
3/19/2023 23:56,4787
3/20/2023 0:06,5070
3/20/2023 0:16,5023
3/20/2023 0:26,4583
3/20/2023 0:36,4842
3/20/2023 0:47,4722
3/20/2023 0:57,5082
3/20/2023 1:07,4657
3/20/2023 1:17,4978
3/20/2023 1:27,5047
3/20/2023 1:37,4722
3/20/2023 1:47,4910
3/20/2023 1:57,5141
3/20/2023 2:07,4689
3/20/2023 2:17,5082
3/20/2023 2:27,5082
3/20/2023 2:37,5001
3/20/2023 2:47,4787
3/20/2023 2:57,5071
3/20/2023 3:07,4899
3/20/2023 3:17,5058
3/20/2023 3:27,4854
3/20/2023 3:37,4899
3/20/2023 3:47,4843
3/20/2023 3:57,5059
3/20/2023 4:07,4843
3/20/2023 4:17,5025
3/20/2023 4:27,5165
3/20/2023 4:37,4799
3/20/2023 4:47,5201
3/20/2023 4:57,5237
3/20/2023 5:07,4865
3/20/2023 5:17,4865
3/20/2023 5:27,5154
3/20/2023 5:37,5025
3/20/2023 5:47,5360
3/20/2023 5:57,5213
3/20/2023 6:07,5237
3/20/2023 6:17,5286
3/20/2023 6:27,4933
3/20/2023 6:37,5226
3/20/2023 6:47,5312
3/20/2023 6:57,4991
3/20/2023 7:07,5094
3/20/2023 7:17,5188
3/20/2023 7:27,5013
3/20/2023 7:37,5311
3/20/2023 7:47,5213
3/20/2023 7:57,4921
3/20/2023 8:07,5001
3/20/2023 8:17,5189
3/20/2023 8:27,5094
3/20/2023 8:37,5165
3/20/2023 8:47,4933
3/20/2023 8:57,5249
3/20/2023 9:07,5025
3/20/2023 9:17,5059
3/20/2023 9:27,5001
3/20/2023 9:37,5129
3/20/2023 9:47,4933
3/20/2023 9:58,5036
3/20/2023 10:08,5083
3/20/2023 10:18,4990
3/20/2023 10:28,5001
3/20/2023 10:38,4944
3/20/2023 10:48,4967
3/20/2023 10:58,4820
3/20/2023 11:08,4932
3/20/2023 11:18,4615
3/20/2023 11:28,5023
3/20/2023 11:38,5151
3/20/2023 11:48,5058
3/20/2023 11:58,4955
3/20/2023 12:08,5071
3/20/2023 12:18,5023
3/20/2023 12:28,5163
3/20/2023 12:38,4947
3/20/2023 12:48,5140
3/20/2023 12:58,5116
3/20/2023 13:08,5001
3/20/2023 13:18,4932
3/20/2023 13:28,5094
3/20/2023 13:38,5060
3/20/2023 13:48,5105
3/20/2023 13:58,4978
3/20/2023 14:08,4831
3/20/2023 14:18,5117
3/20/2023 14:28,4989
3/20/2023 14:38,5035
3/20/2023 14:48,4865
3/20/2023 14:58,5107
3/20/2023 15:08,5213
3/20/2023 15:18,4935
3/20/2023 15:28,5153
3/20/2023 15:38,5153
3/20/2023 15:48,4932
3/20/2023 15:58,5060
3/20/2023 16:08,4978
3/20/2023 16:18,5105
3/20/2023 16:28,5152
3/20/2023 16:38,5200
3/20/2023 16:48,5470
3/20/2023 16:58,5105
3/20/2023 17:08,5188
3/20/2023 17:18,5150
3/20/2023 17:28,4932
3/20/2023 17:38,5117
3/20/2023 17:48,5248
3/20/2023 17:58,5094
3/20/2023 18:08,5141
3/20/2023 18:18,5128
3/20/2023 18:28,4965
3/20/2023 18:38,5321
3/20/2023 18:48,5222
3/20/2023 18:59,5069
3/20/2023 19:09,5105
3/20/2023 19:19,5187
3/20/2023 19:29,5000
3/20/2023 19:39,5235
3/20/2023 19:49,5011
3/20/2023 19:59,5270
3/20/2023 20:09,5187
3/20/2023 20:19,4932
3/20/2023 20:29,5246
3/20/2023 20:39,5381
3/20/2023 20:49,5093
3/20/2023 20:59,5406
3/20/2023 21:09,5443
3/20/2023 21:19,5368
3/20/2023 21:29,5319
3/20/2023 21:39,5614
3/20/2023 21:49,5319
3/20/2023 21:59,5344
3/20/2023 22:09,5200
3/20/2023 22:19,5104
3/20/2023 22:29,5393
3/20/2023 22:39,5581
3/20/2023 22:49,5420
3/20/2023 22:59,5558
3/20/2023 23:09,5368
3/20/2023 23:19,5368
3/20/2023 23:29,5270
3/20/2023 23:39,5454
3/20/2023 23:49,5456
3/20/2023 23:59,5080
3/21/2023 0:09,5456
3/21/2023 0:19,5321
3/21/2023 0:29,5357
3/21/2023 0:39,5246
3/21/2023 0:49,5479
3/21/2023 0:59,5299
3/21/2023 1:09,5308
3/21/2023 1:19,5520
3/21/2023 1:29,5645
3/21/2023 1:39,5572
3/21/2023 1:49,5345
3/21/2023 1:59,5223
3/21/2023 2:09,5676
3/21/2023 2:19,5612
3/21/2023 2:29,5296
3/21/2023 2:39,5558
3/21/2023 2:49,5345
3/21/2023 2:59,5445
3/21/2023 3:09,5334
3/21/2023 3:19,5371
3/21/2023 3:29,5705
3/21/2023 3:39,5678
3/21/2023 3:50,5370
3/21/2023 4:00,5586
3/21/2023 4:10,5638
3/21/2023 4:20,5509
3/21/2023 4:30,5347
3/21/2023 4:40,5458
3/21/2023 4:50,5560
3/21/2023 5:00,5586
3/21/2023 5:10,5383
3/21/2023 5:20,5586
3/21/2023 5:30,5652
3/21/2023 5:40,5523
3/21/2023 5:50,5626
3/21/2023 6:00,5638
3/21/2023 6:10,5705
3/21/2023 6:20,5652
3/21/2023 6:30,5787
3/21/2023 6:40,5536
3/21/2023 6:50,5474
3/21/2023 7:00,5619
3/21/2023 7:10,5839
3/21/2023 7:20,5812
3/21/2023 7:30,5678
3/21/2023 7:40,5626
3/21/2023 7:50,5705
3/21/2023 8:00,5548
3/21/2023 8:10,5649
3/21/2023 8:20,5733
3/21/2023 8:30,5421
3/21/2023 8:40,5717
3/21/2023 8:50,5678
3/21/2023 9:00,5612
3/21/2023 9:10,5690
3/21/2023 9:20,5497
3/21/2023 9:30,5586
3/21/2023 9:40,5433
3/21/2023 9:50,5472
3/21/2023 10:00,5501
3/21/2023 10:10,5348
3/21/2023 10:20,5532
3/21/2023 10:30,5383
3/21/2023 10:40,5458
3/21/2023 10:50,5370
3/21/2023 11:00,5612
3/21/2023 11:10,5572
3/21/2023 11:20,5572
3/21/2023 11:30,5446
3/21/2023 11:40,5511
3/21/2023 11:50,5249
3/21/2023 12:00,5408
3/21/2023 12:10,5661
3/21/2023 12:20,5458
3/21/2023 12:30,5188
3/21/2023 12:40,5652
3/21/2023 12:51,5586
3/21/2023 13:01,5560
3/21/2023 13:11,5664
3/21/2023 13:21,5272
3/21/2023 13:31,5600
3/21/2023 13:41,5497
3/21/2023 13:51,5647
3/21/2023 14:01,5472
3/21/2023 14:11,5520
3/21/2023 14:21,5509
3/21/2023 14:31,5731
3/21/2023 14:41,5705
3/21/2023 14:51,5767
3/21/2023 15:01,5612
3/21/2023 15:11,5678
3/21/2023 15:21,5728
3/21/2023 15:31,5890
3/21/2023 15:41,5785
3/21/2023 15:51,5728
3/21/2023 16:01,5597
3/21/2023 16:11,5782
3/21/2023 16:21,5638
3/21/2023 16:31,5743
3/21/2023 16:41,5851
3/21/2023 16:51,5676
3/21/2023 17:01,5260
3/21/2023 17:11,5612
3/21/2023 17:21,5728
3/21/2023 17:31,5851
3/21/2023 17:41,5785
3/21/2023 17:51,5572
3/21/2023 18:01,5497
3/21/2023 18:11,5878
3/21/2023 18:21,5782
3/21/2023 18:31,6029
3/21/2023 18:41,5836
3/21/2023 18:51,5676
3/21/2023 19:01,5824
3/21/2023 19:11,5809
3/21/2023 19:21,6045
3/21/2023 19:31,5930
3/21/2023 19:41,5957
3/21/2023 19:51,5945
3/21/2023 20:01,5875
3/21/2023 20:11,5767
3/21/2023 20:21,6069
3/21/2023 20:31,6242
3/21/2023 20:41,5863
3/21/2023 20:51,5930
3/21/2023 21:01,6069
3/21/2023 21:11,6271
3/21/2023 21:21,6171
3/21/2023 21:31,6126
3/21/2023 21:41,5985
3/21/2023 21:52,6013
3/21/2023 22:02,6142
3/21/2023 22:12,6114
3/21/2023 22:22,6360
3/21/2023 22:32,5893
3/21/2023 22:42,5845
3/21/2023 22:52,6237
3/21/2023 23:02,5836
3/21/2023 23:12,6126
3/21/2023 23:22,6126
3/21/2023 23:32,6184
3/21/2023 23:42,5860
3/21/2023 23:52,6151
3/22/2023 0:02,6098
3/22/2023 0:12,6098
3/22/2023 0:22,6098
3/22/2023 0:32,6300
3/22/2023 0:42,6057
3/22/2023 0:52,6057
3/22/2023 1:02,6305
3/22/2023 1:12,6114
3/22/2023 1:22,6213
3/22/2023 1:32,6305
3/22/2023 1:42,6322
3/22/2023 1:52,6213
3/22/2023 2:02,6001
3/22/2023 2:12,6213
3/22/2023 2:22,6020
3/22/2023 2:32,6029
3/22/2023 2:42,6073
3/22/2023 2:52,6229
3/22/2023 3:02,6200
3/22/2023 3:12,6258
3/22/2023 3:22,5945
3/22/2023 3:32,6013
3/22/2023 3:42,6085
3/22/2023 3:52,5976
3/22/2023 4:02,5905
3/22/2023 4:12,6048
3/22/2023 4:22,6317
3/22/2023 4:32,6334
3/22/2023 4:42,6061
3/22/2023 4:52,6564
3/22/2023 5:02,5851
3/22/2023 5:12,5927
3/22/2023 5:22,6429
3/22/2023 5:32,6016
3/22/2023 5:42,6016
3/22/2023 5:52,6343
3/22/2023 6:02,6032
3/22/2023 6:12,6250
3/22/2023 6:22,6658
3/22/2023 6:32,6279
3/22/2023 6:42,6459
3/22/2023 6:53,6369
3/22/2023 7:03,6113
3/22/2023 7:13,6411
3/22/2023 7:23,6722
3/22/2023 7:33,6369
3/22/2023 7:43,6204
3/22/2023 7:53,6175
3/22/2023 8:03,6061
3/22/2023 8:13,6159
3/22/2023 8:23,6175
3/22/2023 8:33,6117
3/22/2023 8:43,6175
3/22/2023 8:53,6085
3/22/2023 9:03,6101
3/22/2023 9:13,6385
3/22/2023 9:23,6267
3/22/2023 9:33,6188
3/22/2023 9:43,5836
3/22/2023 9:53,6229
3/22/2023 10:03,5773
3/22/2023 10:13,6114
3/22/2023 10:23,6200
3/22/2023 10:33,5755
3/22/2023 10:43,6171
3/22/2023 10:53,6242
3/22/2023 11:03,6271
3/22/2023 11:13,6171
3/22/2023 11:23,6330
3/22/2023 11:33,6142
3/22/2023 11:43,6013
3/22/2023 11:53,6114
3/22/2023 12:03,6196
3/22/2023 12:13,6420
3/22/2023 12:23,6351
3/22/2023 12:33,6300
3/22/2023 12:43,6450
3/22/2023 12:53,6016
3/22/2023 13:03,6267
3/22/2023 13:13,6288
3/22/2023 13:23,6242
3/22/2023 13:33,6463
3/22/2023 13:43,6541
3/22/2023 13:53,6523
3/22/2023 14:03,6432
3/22/2023 14:13,6514
3/22/2023 14:23,6330
3/22/2023 14:33,6432
3/22/2023 14:43,6062
3/22/2023 14:53,6414
3/22/2023 15:03,5914
3/22/2023 15:13,6385
3/22/2023 15:23,6402
3/22/2023 15:33,6498
3/22/2023 15:43,6475
3/22/2023 15:54,6504
3/22/2023 16:04,6572
3/22/2023 16:14,6407
3/22/2023 16:24,6238
3/22/2023 16:34,6585
3/22/2023 16:44,6493
3/22/2023 16:54,6679
3/22/2023 17:04,6793
3/22/2023 17:14,6480
3/22/2023 17:24,6619
3/22/2023 17:34,6729
3/22/2023 17:44,6666
3/22/2023 17:54,6603
3/22/2023 18:04,6585
3/22/2023 18:14,6832
3/22/2023 18:24,6774
3/22/2023 18:34,6493
3/22/2023 18:44,6313
3/22/2023 18:54,6711
3/22/2023 19:04,6774
3/22/2023 19:14,6346
3/22/2023 19:24,6679
3/22/2023 19:34,6711
3/22/2023 19:44,6463
3/22/2023 19:54,6682
3/22/2023 20:04,6572
3/22/2023 20:14,6666
3/22/2023 20:24,6554
3/22/2023 20:34,6711
3/22/2023 20:44,6313
3/22/2023 20:54,6845
3/22/2023 21:04,6342
3/22/2023 21:14,6774
3/22/2023 21:24,6572
3/22/2023 21:34,6684
3/22/2023 21:44,6871
3/22/2023 21:54,6910
3/22/2023 22:04,6767
3/22/2023 22:14,6748
3/22/2023 22:24,7070
3/22/2023 22:34,6519
3/22/2023 22:44,6437
3/22/2023 22:54,6774
3/22/2023 23:04,7003
3/22/2023 23:14,7030
3/22/2023 23:24,6871
3/22/2023 23:34,6818
3/22/2023 23:44,6839
3/22/2023 23:54,6506
3/23/2023 0:04,6820
3/23/2023 0:14,6666
3/23/2023 0:24,6970
3/23/2023 0:34,6519
3/23/2023 0:45,6653
3/23/2023 0:55,6806
3/23/2023 1:05,7159
3/23/2023 1:15,6733
3/23/2023 1:25,6774
3/23/2023 1:35,6839
3/23/2023 1:45,6950
3/23/2023 1:55,6891
3/23/2023 2:05,7023
3/23/2023 2:15,7003
3/23/2023 2:25,6924
3/23/2023 2:35,6924
3/23/2023 2:45,6635
3/23/2023 2:55,7256
3/23/2023 3:05,6812
3/23/2023 3:15,7145
3/23/2023 3:25,6976
3/23/2023 3:35,7166
3/23/2023 3:45,6826
3/23/2023 3:55,6877
3/23/2023 4:05,6711
3/23/2023 4:15,6877
3/23/2023 4:25,7200
3/23/2023 4:35,7043
3/23/2023 4:45,6963
3/23/2023 4:55,7111
3/23/2023 5:05,7262
3/23/2023 5:15,7016
3/23/2023 5:25,6963
3/23/2023 5:35,6923
3/23/2023 5:45,7003
3/23/2023 5:55,6884
3/23/2023 6:05,7520
3/23/2023 6:15,7159
3/23/2023 6:25,7319
3/23/2023 6:35,7166
3/23/2023 6:45,7214
3/23/2023 6:55,6653
3/23/2023 7:05,6950
3/23/2023 7:15,7118
3/23/2023 7:25,6963
3/23/2023 7:35,7214
3/23/2023 7:45,7070
3/23/2023 7:55,7009
3/23/2023 8:05,7166
3/23/2023 8:15,6996
3/23/2023 8:25,7043
3/23/2023 8:35,6716
3/23/2023 8:45,7138
3/23/2023 8:55,6963
3/23/2023 9:05,7057
3/23/2023 9:15,6943
3/23/2023 9:25,6786
3/23/2023 9:35,6716
3/23/2023 9:46,6748
3/23/2023 9:56,6407
3/23/2023 10:06,6761
3/23/2023 10:16,6836
3/23/2023 10:26,6516
3/23/2023 10:36,6957
3/23/2023 10:46,6635
3/23/2023 10:56,6420
3/23/2023 11:06,7091
3/23/2023 11:16,7228
3/23/2023 11:26,6585
3/23/2023 11:36,6554
3/23/2023 11:46,7023
3/23/2023 11:56,7152
3/23/2023 12:06,6904
3/23/2023 12:16,7104
3/23/2023 12:26,7214
3/23/2023 12:36,6698
3/23/2023 12:46,7193
3/23/2023 12:56,7220
3/23/2023 13:06,6977
3/23/2023 13:16,7118
3/23/2023 13:26,6616
3/23/2023 13:36,7311
3/23/2023 13:46,7346
3/23/2023 13:56,7152
3/23/2023 14:06,7346
3/23/2023 14:16,7191
3/23/2023 14:26,7396
3/23/2023 14:36,7199
3/23/2023 14:46,7104
3/23/2023 14:56,6729
3/23/2023 15:06,6885
3/23/2023 15:16,7404
3/23/2023 15:26,7172
3/23/2023 15:36,7325
3/23/2023 15:46,7207
3/23/2023 15:56,6852
3/23/2023 16:06,7526
3/23/2023 16:16,7380
3/23/2023 16:26,7396
3/23/2023 16:36,7241
3/23/2023 16:46,7404
3/23/2023 16:56,7431
3/23/2023 17:06,7346
3/23/2023 17:16,7453
3/23/2023 17:26,7512
3/23/2023 17:36,7453
3/23/2023 17:46,7152
3/23/2023 17:56,7585
3/23/2023 18:06,7548
3/23/2023 18:16,7585
3/23/2023 18:26,7512
3/23/2023 18:37,7526
3/23/2023 18:47,7568
3/23/2023 18:57,7124
3/23/2023 19:07,7526
3/23/2023 19:17,7124
3/23/2023 19:27,7439
3/23/2023 19:37,7585
3/23/2023 19:47,7339
3/23/2023 19:57,7724
3/23/2023 20:07,7417
3/23/2023 20:17,7771
3/23/2023 20:27,7489
3/23/2023 20:37,7489
3/23/2023 20:47,7409
3/23/2023 20:57,7417
3/23/2023 21:07,7453
3/23/2023 21:17,7833
3/23/2023 21:27,7417
3/23/2023 21:37,7687
3/23/2023 21:47,8028
3/23/2023 21:57,7809
3/23/2023 22:07,8082
3/23/2023 22:17,7475
3/23/2023 22:27,7534
3/23/2023 22:37,7819
3/23/2023 22:47,7910
3/23/2023 22:57,7949
3/23/2023 23:07,7678
3/23/2023 23:17,7809
3/23/2023 23:27,7710
3/23/2023 23:37,7862
3/23/2023 23:47,7650
3/23/2023 23:57,7540
3/24/2023 0:07,7376
3/24/2023 0:17,7978
3/24/2023 0:27,7548
3/24/2023 0:37,7673
3/24/2023 0:47,7710
3/24/2023 0:57,7974
3/24/2023 1:07,7710
3/24/2023 1:17,7939
3/24/2023 1:27,7776
3/24/2023 1:37,7673
3/24/2023 1:47,7696
3/24/2023 1:57,7439
3/24/2023 2:07,8218
3/24/2023 2:17,7795
3/24/2023 2:27,7696
3/24/2023 2:37,7412
3/24/2023 2:47,7857
3/24/2023 2:57,7757
3/24/2023 3:07,7599
3/24/2023 3:17,7805
3/24/2023 3:27,7757
3/24/2023 3:38,7390
3/24/2023 3:48,7368
3/24/2023 3:58,7949
3/24/2023 4:08,7682
3/24/2023 4:18,8173
3/24/2023 4:28,7819
3/24/2023 4:38,7682
3/24/2023 4:48,7795
3/24/2023 4:58,7949
3/24/2023 5:08,7757
3/24/2023 5:18,7461
3/24/2023 5:28,7781
3/24/2023 5:38,7498
3/24/2023 5:48,7608
3/24/2023 5:58,7895
3/24/2023 6:08,7896
3/24/2023 6:18,7964
3/24/2023 6:28,7964
3/24/2023 6:38,8028
3/24/2023 6:48,7705
3/24/2023 6:58,7949
3/24/2023 7:08,7705
3/24/2023 7:18,7949
3/24/2023 7:28,7434
3/24/2023 7:38,7571
3/24/2023 7:48,7579
3/24/2023 7:58,7593
3/24/2023 8:08,7910
3/24/2023 8:18,7682
3/24/2023 8:28,7872
3/24/2023 8:38,7705
3/24/2023 8:48,7682
3/24/2023 8:58,7434
3/24/2023 9:08,7616
3/24/2023 9:18,7771
3/24/2023 9:28,7696
3/24/2023 9:38,7734
3/24/2023 9:48,7630
3/24/2023 9:58,7724
3/24/2023 10:08,7262
3/24/2023 10:18,7719
3/24/2023 10:28,7512
3/24/2023 10:38,7276
3/24/2023 10:48,7512
3/24/2023 10:58,7809
3/24/2023 11:08,7809
3/24/2023 11:18,7710
3/24/2023 11:28,7786
3/24/2023 11:38,7901
3/24/2023 11:48,7659
3/24/2023 11:58,8013
3/24/2023 12:08,8018
3/24/2023 12:18,7872
3/24/2023 12:28,7809
3/24/2023 12:39,7939
3/24/2023 12:49,7800
3/24/2023 12:59,8032
3/24/2023 13:09,8032
3/24/2023 13:19,7800
3/24/2023 13:29,8152
3/24/2023 13:39,8112
3/24/2023 13:49,7915
3/24/2023 13:59,8188
3/24/2023 14:09,8137
3/24/2023 14:19,8112
3/24/2023 14:29,8112
3/24/2023 14:39,7576
3/24/2023 14:49,7906
3/24/2023 14:59,8018
3/24/2023 15:09,8137
3/24/2023 15:19,8112
3/24/2023 15:29,8326
3/24/2023 15:39,8112
3/24/2023 15:49,7949
3/24/2023 15:59,8326
3/24/2023 16:09,8273
3/24/2023 16:19,8496
3/24/2023 16:29,8072
3/24/2023 16:39,8329
3/24/2023 16:49,8412
3/24/2023 16:59,8397
3/24/2023 17:09,7983
3/24/2023 17:19,7824
3/24/2023 17:29,8382
3/24/2023 17:39,8055
3/24/2023 17:49,8284
3/24/2023 17:59,8442
3/24/2023 18:09,7613
3/24/2023 18:19,8078
3/24/2023 18:29,8244
3/24/2023 18:39,8439
3/24/2023 18:49,8508
3/24/2023 18:59,8356
3/24/2023 19:09,8382
3/24/2023 19:19,8192
3/24/2023 19:29,8813
3/24/2023 19:39,8221
3/24/2023 19:49,8523
3/24/2023 19:59,8757
3/24/2023 20:09,8332
3/24/2023 20:19,8843
3/24/2023 20:29,8724
3/24/2023 20:39,8993
3/24/2023 20:49,8367
3/24/2023 20:59,8329
3/24/2023 21:09,8813
3/24/2023 21:19,8566
3/24/2023 21:30,8341
3/24/2023 21:40,8594
3/24/2023 21:50,8551
3/24/2023 22:00,8326
3/24/2023 22:10,8341
3/24/2023 22:20,8424
3/24/2023 22:30,8857
3/24/2023 22:40,8813
3/24/2023 22:50,8753
3/24/2023 23:00,8508
3/24/2023 23:10,8933
3/24/2023 23:20,8768
3/24/2023 23:30,8768
3/24/2023 23:40,8740
3/24/2023 23:50,8813
3/25/2023 0:00,8629
3/25/2023 0:10,8451
3/25/2023 0:20,8724
3/25/2023 0:30,8932
3/25/2023 0:40,8232
3/25/2023 0:50,8637
3/25/2023 1:00,8536
3/25/2023 1:10,8724
3/25/2023 1:20,8680
3/25/2023 1:30,8782
3/25/2023 1:40,9054
3/25/2023 1:50,8622
3/25/2023 2:00,8637
3/25/2023 2:10,8871
3/25/2023 2:20,8680
3/25/2023 2:30,8493
3/25/2023 2:40,8665
3/25/2023 2:50,8548
3/25/2023 3:00,8680
3/25/2023 3:10,8521
3/25/2023 3:20,8693
3/25/2023 3:30,8871
3/25/2023 3:40,8709
3/25/2023 3:50,8108
3/25/2023 4:00,8352
3/25/2023 4:10,8352
3/25/2023 4:20,8977
3/25/2023 4:30,8566
3/25/2023 4:40,8451
3/25/2023 4:50,8751
3/25/2023 5:00,8352
3/25/2023 5:10,8606
3/25/2023 5:20,8811
3/25/2023 5:30,8548
3/25/2023 5:40,8993
3/25/2023 5:50,8665
3/25/2023 6:00,8871
3/25/2023 6:10,8173
3/25/2023 6:21,8797
3/25/2023 6:31,8811
3/25/2023 6:41,8916
3/25/2023 6:51,8650
3/25/2023 7:01,8490
3/25/2023 7:11,8635
3/25/2023 7:21,8394
3/25/2023 7:31,8900
3/25/2023 7:41,8737
3/25/2023 7:51,8766
3/25/2023 8:01,8594
3/25/2023 8:11,8665
3/25/2023 8:21,8421
3/25/2023 8:31,8337
3/25/2023 8:41,8490
3/25/2023 8:51,8617
3/25/2023 9:01,8493
3/25/2023 9:11,8591
3/25/2023 9:21,8478
3/25/2023 9:31,8548
3/25/2023 9:41,8478
3/25/2023 9:51,8563
3/25/2023 10:01,8650
3/25/2023 10:11,8284
3/25/2023 10:21,8296
3/25/2023 10:31,8481
3/25/2023 10:41,8229
3/25/2023 10:51,8563
3/25/2023 11:01,8545
3/25/2023 11:11,8394
3/25/2023 11:21,8655
3/25/2023 11:31,8579
3/25/2023 11:41,8433
3/25/2023 11:51,8352
3/25/2023 12:01,8665
3/25/2023 12:11,8579
3/25/2023 12:21,8579
3/25/2023 12:31,8797
3/25/2023 12:41,8724
3/25/2023 12:51,8693
3/25/2023 13:01,8947
3/25/2023 13:11,8902
3/25/2023 13:21,8551
3/25/2023 13:31,8813
3/25/2023 13:41,8828
3/25/2023 13:51,8768
3/25/2023 14:01,8873
3/25/2023 14:11,8724
3/25/2023 14:21,8356
3/25/2023 14:31,8678
3/25/2023 14:41,9038
3/25/2023 14:51,8740
3/25/2023 15:01,8047
3/25/2023 15:11,8885
3/25/2023 15:22,9008
3/25/2023 15:32,8454
3/25/2023 15:42,9008
3/25/2023 15:52,8878
3/25/2023 16:02,9008
3/25/2023 16:12,8963
3/25/2023 16:22,9054
3/25/2023 16:32,9272
3/25/2023 16:42,9304
3/25/2023 16:52,9384
3/25/2023 17:02,9384
3/25/2023 17:12,8652
3/25/2023 17:22,9400
3/25/2023 17:32,8696
3/25/2023 17:42,9100
3/25/2023 17:52,9225
3/25/2023 18:02,9384
3/25/2023 18:12,9514
3/25/2023 18:22,9530
3/25/2023 18:32,8902
3/25/2023 18:42,9514
3/25/2023 18:52,9225
3/25/2023 19:02,9272
3/25/2023 19:12,9612
3/25/2023 19:22,9368
3/25/2023 19:32,9815
3/25/2023 19:42,9352
3/25/2023 19:52,9256
3/25/2023 20:02,9935
3/25/2023 20:12,8993
3/25/2023 20:22,9352
3/25/2023 20:32,9498
3/25/2023 20:42,9563
3/25/2023 20:52,9563
3/25/2023 21:02,9971
3/25/2023 21:12,9696
3/25/2023 21:22,9530
3/25/2023 21:32,9400
3/25/2023 21:42,9663
3/25/2023 21:52,9971
3/25/2023 22:02,9563
3/25/2023 22:12,10042
3/25/2023 22:22,9613
3/25/2023 22:32,9563
3/25/2023 22:42,9481
3/25/2023 22:52,9580
3/25/2023 23:02,9320
3/25/2023 23:12,9850
3/25/2023 23:22,9596
3/25/2023 23:32,9697
3/25/2023 23:42,9368
3/25/2023 23:52,9629
3/26/2023 0:03,9288
3/26/2023 0:13,9781
3/26/2023 0:23,9481
3/26/2023 0:33,9697
3/26/2023 0:43,9815
3/26/2023 0:53,9580
3/26/2023 1:03,9563
3/26/2023 1:13,9613
3/26/2023 1:23,9697
3/26/2023 1:33,9449
3/26/2023 1:43,9498
3/26/2023 1:53,9663
3/26/2023 3:03,9563
3/26/2023 3:13,9069
3/26/2023 3:23,9531
3/26/2023 3:33,9481
3/26/2023 3:43,9799
3/26/2023 3:53,9663
3/26/2023 4:03,9647
3/26/2023 4:13,9547
3/26/2023 4:23,9352
3/26/2023 4:33,9919
3/26/2023 4:43,9902
3/26/2023 4:53,9547
3/26/2023 5:03,9498
3/26/2023 5:13,9782
3/26/2023 5:23,9053
3/26/2023 5:33,9225
3/26/2023 5:43,9647
3/26/2023 5:53,9799
3/26/2023 6:03,9465
3/26/2023 6:13,9449
3/26/2023 6:23,9697
3/26/2023 6:33,9630
3/26/2023 6:43,9400
3/26/2023 6:53,9272
3/26/2023 7:03,9481
3/26/2023 7:13,9531
3/26/2023 7:23,9885
3/26/2023 7:33,9799
3/26/2023 7:43,9597
3/26/2023 7:53,9564
3/26/2023 8:03,9368
3/26/2023 8:13,9514
3/26/2023 8:23,9630
3/26/2023 8:33,9580
3/26/2023 8:43,9336
3/26/2023 8:53,9714
3/26/2023 9:03,9547
3/26/2023 9:13,9432
3/26/2023 9:23,9352
3/26/2023 9:33,9352
3/26/2023 9:43,9481
3/26/2023 9:53,9352
3/26/2023 10:04,9352
3/26/2023 10:14,9256
3/26/2023 10:24,9304
3/26/2023 10:34,9680
3/26/2023 10:44,9162
3/26/2023 10:54,9514
3/26/2023 11:04,9069
3/26/2023 11:14,8579
3/26/2023 11:24,8622
3/26/2023 11:34,9162
3/26/2023 11:44,8813
3/26/2023 11:54,9498
3/26/2023 12:04,9400
3/26/2023 12:14,9449
3/26/2023 12:24,9497
3/26/2023 12:34,9613
3/26/2023 12:44,9514
3/26/2023 12:54,9304
3/26/2023 13:04,9384
3/26/2023 13:14,9432
3/26/2023 13:24,9481
3/26/2023 13:34,9679
3/26/2023 13:44,9647
3/26/2023 13:54,9352
3/26/2023 14:04,9678
3/26/2023 14:14,9481
3/26/2023 14:24,9530
3/26/2023 14:34,9629
3/26/2023 14:44,9662
3/26/2023 14:54,8977
3/26/2023 15:04,9514
3/26/2023 15:14,9320
3/26/2023 15:24,10004
3/26/2023 15:34,9815
3/26/2023 15:44,8978
3/26/2023 15:54,9432
3/26/2023 16:04,9730
3/26/2023 16:14,9967
3/26/2023 16:24,9746
3/26/2023 16:34,9797
3/26/2023 16:44,10026
3/26/2023 16:54,9883
3/26/2023 17:04,10217
3/26/2023 17:14,10040
3/26/2023 17:24,10091
3/26/2023 17:34,9546
3/26/2023 17:44,10181
3/26/2023 17:54,9416
3/26/2023 18:04,9352
3/26/2023 18:14,10289
3/26/2023 18:24,10076
3/26/2023 18:34,10272
3/26/2023 18:45,10419
3/26/2023 18:55,10076
3/26/2023 19:05,10458
3/26/2023 19:15,10402
3/26/2023 19:25,10110
3/26/2023 19:35,10289
3/26/2023 19:45,10493
3/26/2023 19:55,10364
3/26/2023 20:05,10703
3/26/2023 20:15,10326
3/26/2023 20:25,10584
3/26/2023 20:35,10309
3/26/2023 20:45,10997
3/26/2023 20:55,10110
3/26/2023 21:05,10720
3/26/2023 21:15,10606
3/26/2023 21:25,10663
3/26/2023 21:35,10441
3/26/2023 21:45,10531
3/26/2023 21:55,10475
3/26/2023 22:05,10720
3/26/2023 22:15,10200
3/26/2023 22:25,10549
3/26/2023 22:35,10347
3/26/2023 22:45,10860
3/26/2023 22:55,10606
3/26/2023 23:05,10514
3/26/2023 23:15,10437
3/26/2023 23:25,10475
3/26/2023 23:35,10531
3/26/2023 23:45,10181
3/26/2023 23:55,10493
3/27/2023 0:05,11021
3/27/2023 0:15,10878
3/27/2023 0:25,10419
3/27/2023 0:35,10937
3/27/2023 0:45,10255
3/27/2023 0:55,10272
3/27/2023 1:05,9988
3/27/2023 1:15,10200
3/27/2023 1:25,10645
3/27/2023 1:35,10531
3/27/2023 1:45,10531
3/27/2023 1:55,10703
3/27/2023 2:05,10531
3/27/2023 2:15,10364
3/27/2023 2:25,10040
3/27/2023 2:35,10878
3/27/2023 2:45,10901
3/27/2023 2:55,10531
3/27/2023 3:05,10628
3/27/2023 3:15,10419
3/27/2023 3:26,10571
3/27/2023 3:36,11099
3/27/2023 3:46,10588
3/27/2023 3:56,10497
3/27/2023 4:06,10531
3/27/2023 4:16,10801
3/27/2023 4:26,10593
3/27/2023 4:36,10419
3/27/2023 4:46,10006
3/27/2023 4:56,10309
3/27/2023 5:06,10402
3/27/2023 5:16,10628
3/27/2023 5:26,10743
3/27/2023 5:36,10497
3/27/2023 5:46,10571
3/27/2023 5:56,10743
3/27/2023 6:06,10497
3/27/2023 6:16,10588
3/27/2023 6:26,10708
3/27/2023 6:36,10685
3/27/2023 6:46,10402
3/27/2023 6:56,10130
3/27/2023 7:06,10783
3/27/2023 7:16,10842
3/27/2023 7:26,10514
3/27/2023 7:36,10571
3/27/2023 7:46,10258
3/27/2023 7:56,10062
3/27/2023 8:06,10241
3/27/2023 8:16,10275
3/27/2023 8:26,10479
3/27/2023 8:36,10220
3/27/2023 8:46,10197
3/27/2023 8:56,9368
3/27/2023 9:06,10023
3/27/2023 9:16,10149
3/27/2023 9:26,10096
3/27/2023 9:36,10006
3/27/2023 9:46,9902
3/27/2023 9:56,9990
3/27/2023 10:06,9885
3/27/2023 10:16,9714
3/27/2023 10:26,9597
3/27/2023 10:36,9764
3/27/2023 10:46,8693
3/27/2023 10:56,10006
3/27/2023 11:06,9400
3/27/2023 11:16,9514
3/27/2023 11:26,9432
3/27/2023 11:36,9713
3/27/2023 11:46,9629
3/27/2023 11:56,9384
3/27/2023 12:06,9645
3/27/2023 12:17,9850
3/27/2023 12:27,9597
3/27/2023 12:37,9465
3/27/2023 12:47,9697
3/27/2023 12:57,9530
3/27/2023 13:07,9613
3/27/2023 13:17,10593
3/27/2023 13:27,9697
3/27/2023 13:37,9038
3/27/2023 13:47,9917
3/27/2023 13:57,9952
3/27/2023 14:07,9868
3/27/2023 14:17,9613
3/27/2023 14:27,8768
3/27/2023 14:37,9336
3/27/2023 14:47,9915
3/27/2023 14:57,10059
3/27/2023 15:07,9850
3/27/2023 15:17,9885
3/27/2023 15:27,9971
3/27/2023 15:37,9971
3/27/2023 15:47,9848
3/27/2023 15:57,9748
3/27/2023 16:07,9971
3/27/2023 16:17,9799
3/27/2023 16:27,10147
3/27/2023 16:37,9971
3/27/2023 16:47,10040
3/27/2023 16:57,10255
3/27/2023 17:07,9400
3/27/2023 17:17,9748
3/27/2023 17:27,9883
3/27/2023 17:37,10113
3/27/2023 17:47,10312
3/27/2023 17:57,10059
3/27/2023 18:07,9713
3/27/2023 18:17,10255
3/27/2023 18:27,9547
3/27/2023 18:37,10255
3/27/2023 18:47,10057
3/27/2023 18:57,9116
3/27/2023 19:07,9883
3/27/2023 19:17,10147
3/27/2023 19:27,10147
3/27/2023 19:37,9797
3/27/2023 19:47,10237
3/27/2023 19:57,9730
3/27/2023 20:07,9952
3/27/2023 20:17,9748
3/27/2023 20:27,9730
3/27/2023 20:37,9304
3/27/2023 20:47,9646
3/27/2023 20:57,9781
3/27/2023 21:08,9679
3/27/2023 21:18,9848
3/27/2023 21:28,9748
3/27/2023 21:38,10255
3/27/2023 21:48,9797
3/27/2023 21:58,9746
3/27/2023 22:08,9832
3/27/2023 22:18,9416
3/27/2023 22:28,9514
3/27/2023 22:38,9513
3/27/2023 22:48,10147
3/27/2023 22:58,9530
3/27/2023 23:08,9900
3/27/2023 23:18,9546
3/27/2023 23:28,9679
3/27/2023 23:38,9613
3/27/2023 23:48,9530
3/27/2023 23:58,9814
3/28/2023 0:08,9432
3/28/2023 0:18,9116
3/28/2023 0:28,9697
3/28/2023 0:38,9465
3/28/2023 0:48,9481
3/28/2023 0:58,9514
3/28/2023 1:08,9320
3/28/2023 1:18,9580
3/28/2023 1:28,9416
3/28/2023 1:38,9465
3/28/2023 1:48,9902
3/28/2023 1:58,9023
3/28/2023 2:08,9085
3/28/2023 2:18,9547
3/28/2023 2:28,9384
3/28/2023 2:38,9481
3/28/2023 2:48,9256
3/28/2023 2:58,8709
3/28/2023 3:08,9288
3/28/2023 3:18,9053
3/28/2023 3:28,9209
3/28/2023 3:38,9647
3/28/2023 3:48,8946
3/28/2023 3:58,9084
3/28/2023 4:08,8871
3/28/2023 4:18,8916
3/28/2023 4:28,9400
3/28/2023 4:38,8873
3/28/2023 4:48,8394
3/28/2023 4:58,9084
3/28/2023 5:08,8961
3/28/2023 5:18,8871
3/28/2023 5:28,8946
3/28/2023 5:38,8900
3/28/2023 5:48,9084
3/28/2023 5:59,8826
3/28/2023 6:09,8977
3/28/2023 6:19,8855
3/28/2023 6:29,8619
3/28/2023 6:39,8663
3/28/2023 6:49,9007
3/28/2023 6:59,8737
3/28/2023 7:09,8364
3/28/2023 7:19,8737
3/28/2023 7:29,8871
3/28/2023 7:39,8751
3/28/2023 7:49,8766
3/28/2023 7:59,8478
3/28/2023 8:09,8311
3/28/2023 8:19,9224
3/28/2023 8:29,8521
3/28/2023 8:39,8421
3/28/2023 8:49,8722
3/28/2023 8:59,8478
3/28/2023 9:09,8606
3/28/2023 9:19,8421
3/28/2023 9:29,8214
3/28/2023 9:39,8367
3/28/2023 9:49,8397
3/28/2023 9:59,8144
3/28/2023 10:09,8270
3/28/2023 10:19,7959
3/28/2023 10:29,8364
3/28/2023 10:39,7896
3/28/2023 10:49,7771
3/28/2023 10:59,8043
3/28/2023 11:09,7809
3/28/2023 11:19,8082
3/28/2023 11:29,8105
3/28/2023 11:39,7484
3/28/2023 11:49,7771
3/28/2023 11:59,7886
3/28/2023 12:09,7990
3/28/2023 12:19,7781
3/28/2023 12:29,7659
3/28/2023 12:39,8028
3/28/2023 12:49,7833
3/28/2023 12:59,7949
3/28/2023 13:09,8251
3/28/2023 13:19,7757
3/28/2023 13:29,8255
3/28/2023 13:39,7935
3/28/2023 13:49,7945
3/28/2023 13:59,7848
3/28/2023 14:09,8148
3/28/2023 14:19,8003
3/28/2023 14:29,7809
3/28/2023 14:39,8043
3/28/2023 14:49,8053
3/28/2023 15:00,8137
3/28/2023 15:10,7989
3/28/2023 15:20,8053
3/28/2023 15:30,7954
3/28/2023 15:40,7896
3/28/2023 15:50,7989
3/28/2023 16:00,7398
3/28/2023 16:10,7964
3/28/2023 16:20,7910
3/28/2023 16:30,7848
3/28/2023 16:40,8028
3/28/2023 16:50,8082
3/28/2023 17:00,7925
3/28/2023 17:10,7939
3/28/2023 17:20,8028
3/28/2023 17:30,7710
3/28/2023 17:40,8273
3/28/2023 17:50,7901
3/28/2023 18:00,8097
3/28/2023 18:10,8288
3/28/2023 18:20,8043
3/28/2023 18:30,8057
3/28/2023 18:40,8003
3/28/2023 18:50,8112
3/28/2023 19:00,8137
3/28/2023 19:10,7809
3/28/2023 19:20,8007
3/28/2023 19:30,7650
3/28/2023 19:40,7939
3/28/2023 19:50,8218
3/28/2023 20:00,7734
3/28/2023 20:10,7710
3/28/2023 20:20,8003
3/28/2023 20:30,8232
3/28/2023 20:40,7814
3/28/2023 20:50,8137
3/28/2023 21:00,7939
3/28/2023 21:10,7886
3/28/2023 21:20,7599
3/28/2023 21:30,7843
3/28/2023 21:40,7599
3/28/2023 21:50,7824
3/28/2023 22:00,7562
3/28/2023 22:10,8057
3/28/2023 22:20,7659
3/28/2023 22:30,7896
3/28/2023 22:40,8108
3/28/2023 22:50,8047
3/28/2023 23:00,7673
3/28/2023 23:10,7910
3/28/2023 23:20,8148
3/28/2023 23:30,7748
3/28/2023 23:40,8007
3/28/2023 23:51,7939
3/29/2023 0:01,7608
3/29/2023 0:11,7608
3/29/2023 0:21,7696
3/29/2023 0:31,7696
3/29/2023 0:41,7467
3/29/2023 0:51,7512
3/29/2023 1:01,7622
3/29/2023 1:11,7346
3/29/2023 1:21,7925
3/29/2023 1:31,7608
3/29/2023 1:41,7409
3/29/2023 1:51,7585
3/29/2023 2:01,7111
3/29/2023 2:11,7461
3/29/2023 2:21,7562
3/29/2023 2:31,7498
3/29/2023 2:41,7354
3/29/2023 2:51,7354
3/29/2023 3:01,7354
3/29/2023 3:11,7390
3/29/2023 3:21,7653
3/29/2023 3:31,7124
3/29/2023 3:41,6963
3/29/2023 3:51,7829
3/29/2023 4:01,7370
3/29/2023 4:11,7719
3/29/2023 4:21,7362
3/29/2023 4:31,7616
3/29/2023 4:41,7447
3/29/2023 4:51,7470
3/29/2023 5:01,7166
3/29/2023 5:11,7616
3/29/2023 5:21,7187
3/29/2023 5:31,7050
3/29/2023 5:41,7104
3/29/2023 5:51,7326
3/29/2023 6:01,7291
3/29/2023 6:11,7221
3/29/2023 6:21,7256
3/29/2023 6:31,7050
3/29/2023 6:41,7221
3/29/2023 6:51,7398
3/29/2023 7:01,7242
3/29/2023 7:11,7132
3/29/2023 7:21,7384
3/29/2023 7:31,7456
3/29/2023 7:41,7159
3/29/2023 7:51,7036
3/29/2023 8:01,7084
3/29/2023 8:11,7221
3/29/2023 8:21,7152
3/29/2023 8:31,7057
3/29/2023 8:41,7412
3/29/2023 8:52,7070
3/29/2023 9:02,7125
3/29/2023 9:12,6851
3/29/2023 9:22,6884
3/29/2023 9:32,7050
3/29/2023 9:42,7187
3/29/2023 9:52,6596
3/29/2023 10:02,6870
3/29/2023 10:12,6910
3/29/2023 10:22,6897
3/29/2023 10:32,6714
3/29/2023 10:42,6930
3/29/2023 10:52,6832
3/29/2023 11:02,6622
3/29/2023 11:12,6950
3/29/2023 11:22,6677
3/29/2023 11:32,6684
3/29/2023 11:42,6200
3/29/2023 11:52,6590
3/29/2023 12:02,6793
3/29/2023 12:12,6910
3/29/2023 12:22,6983
3/29/2023 12:32,7043
3/29/2023 12:42,6957
3/29/2023 12:52,6767
3/29/2023 13:02,7030
3/29/2023 13:12,6640
3/29/2023 13:22,6963
3/29/2023 13:32,7030
3/29/2023 13:42,6799
3/29/2023 13:52,6748
3/29/2023 14:02,6559
3/29/2023 14:12,6834
3/29/2023 14:22,6977
3/29/2023 14:32,6996
3/29/2023 14:42,6877
3/29/2023 14:52,6729
3/29/2023 15:02,6690
3/29/2023 15:12,7111
3/29/2023 15:22,6845
3/29/2023 15:32,6870
3/29/2023 15:42,6498
3/29/2023 15:52,6716
3/29/2023 16:02,6498
3/29/2023 16:12,6866
3/29/2023 16:22,6897
3/29/2023 16:32,6910
3/29/2023 16:42,6780
3/29/2023 16:52,6729
3/29/2023 17:02,6780
3/29/2023 17:12,7023
3/29/2023 17:22,6845
3/29/2023 17:32,6812
3/29/2023 17:42,6742
3/29/2023 17:52,6742
3/29/2023 18:03,6666
3/29/2023 18:13,6729
3/29/2023 18:23,7023
3/29/2023 18:33,6871
3/29/2023 18:43,6858
3/29/2023 18:53,6793
3/29/2023 19:03,6871
3/29/2023 19:13,7050
3/29/2023 19:23,6990
3/29/2023 19:33,6493
3/29/2023 19:43,6774
3/29/2023 19:53,6780
3/29/2023 20:03,6622
3/29/2023 20:13,6716
3/29/2023 20:23,7159
3/29/2023 20:33,6858
3/29/2023 20:43,6891
3/29/2023 20:53,6871
3/29/2023 21:03,6943
3/29/2023 21:13,6793
3/29/2023 21:23,6970
3/29/2023 21:33,7145
3/29/2023 21:43,6679
3/29/2023 21:53,6957
3/29/2023 22:03,6711
3/29/2023 22:13,6653
3/29/2023 22:23,7091
3/29/2023 22:33,7172
3/29/2023 22:43,6858
3/29/2023 22:53,6871
3/29/2023 23:03,6877
3/29/2023 23:13,7241
3/29/2023 23:23,6698
3/29/2023 23:33,6970
3/29/2023 23:43,7023
3/29/2023 23:53,6774
3/30/2023 0:03,6990
3/30/2023 0:13,6679
3/30/2023 0:23,6648
3/30/2023 0:33,7070
3/30/2023 0:43,7003
3/30/2023 0:53,6904
3/30/2023 1:03,6858
3/30/2023 1:13,6780
3/30/2023 1:23,6729
3/30/2023 1:33,6801
3/30/2023 1:43,7284
3/30/2023 1:53,6845
3/30/2023 2:03,6891
3/30/2023 2:13,6684
3/30/2023 2:23,7057
3/30/2023 2:33,6653
3/30/2023 2:44,6590
3/30/2023 2:54,6671
3/30/2023 3:04,6963
3/30/2023 3:14,6910
3/30/2023 3:24,7208
3/30/2023 3:34,6897
3/30/2023 3:44,7152
3/30/2023 3:54,6658
3/30/2023 4:04,6950
3/30/2023 4:14,6609
3/30/2023 4:24,7084
3/30/2023 4:34,6757
3/30/2023 4:44,7084
3/30/2023 4:54,6799
3/30/2023 5:04,6864
3/30/2023 5:14,6690
3/30/2023 5:24,6916
3/30/2023 5:34,7030
3/30/2023 5:44,6596
3/30/2023 5:54,7118
3/30/2023 6:04,6897
3/30/2023 6:14,6722
3/30/2023 6:24,6767
3/30/2023 6:34,6897
3/30/2023 6:44,6645
3/30/2023 6:54,6950
3/30/2023 7:04,6818
3/30/2023 7:14,5909
3/30/2023 7:24,6722
3/30/2023 7:34,6773
3/30/2023 7:44,6870
3/30/2023 7:54,6503
3/30/2023 8:04,6596
3/30/2023 8:14,6767
3/30/2023 8:24,6727
3/30/2023 8:34,6714
3/30/2023 8:44,6722
3/30/2023 8:54,6351
3/30/2023 9:04,6709
3/30/2023 9:14,6709
3/30/2023 9:24,6735
3/30/2023 9:34,6884
3/30/2023 9:44,6609
3/30/2023 9:54,6498
3/30/2023 10:04,6498
3/30/2023 10:14,6716
3/30/2023 10:24,6622
3/30/2023 10:34,6322
3/30/2023 10:44,6347
3/30/2023 10:54,6411
3/30/2023 11:04,6454
3/30/2023 11:14,6317
3/30/2023 11:24,6101
3/30/2023 11:34,6429
3/30/2023 11:45,6258
3/30/2023 11:55,6217
3/30/2023 12:05,6420
3/30/2023 12:15,6347
3/30/2023 12:25,6437
3/30/2023 12:35,6832
3/30/2023 12:45,6590
3/30/2023 12:55,6463
3/30/2023 13:05,6347
3/30/2023 13:15,6437
3/30/2023 13:25,6528
3/30/2023 13:35,6377
3/30/2023 13:45,6666
3/30/2023 13:55,6748
3/30/2023 14:05,6377
3/30/2023 14:15,6420
3/30/2023 14:25,6377
3/30/2023 14:35,6394
3/30/2023 14:45,6498
3/30/2023 14:55,6377
3/30/2023 15:05,6590
3/30/2023 15:15,6559
3/30/2023 15:25,6420
3/30/2023 15:35,6511
3/30/2023 15:45,6780
3/30/2023 15:55,6467
3/30/2023 16:05,6622
3/30/2023 16:15,6480
3/30/2023 16:25,6666
3/30/2023 16:35,6671
3/30/2023 16:45,6832
3/30/2023 16:55,6936
3/30/2023 17:05,6330
3/30/2023 17:15,6389
3/30/2023 17:25,6684
3/30/2023 17:35,6454
3/30/2023 17:45,6703
3/30/2023 17:55,6541
3/30/2023 18:05,6916
3/30/2023 18:15,6793
3/30/2023 18:25,6742
3/30/2023 18:35,6748
3/30/2023 18:45,7050
3/30/2023 18:55,6729
3/30/2023 19:05,6864
3/30/2023 19:15,7235
3/30/2023 19:25,6943
3/30/2023 19:35,6780
3/30/2023 19:45,6858
3/30/2023 19:55,6761
3/30/2023 20:05,7030
3/30/2023 20:15,6761
3/30/2023 20:25,6467
3/30/2023 20:35,6943
3/30/2023 20:46,6716
3/30/2023 20:56,7097
3/30/2023 21:06,6729
3/30/2023 21:16,6877
3/30/2023 21:26,6910
3/30/2023 21:36,6786
3/30/2023 21:46,6832
3/30/2023 21:56,6635
3/30/2023 22:06,6897
3/30/2023 22:16,7050
3/30/2023 22:26,6812
3/30/2023 22:36,7016
3/30/2023 22:46,7221
3/30/2023 22:56,6996
3/30/2023 23:06,7064
3/30/2023 23:16,6818
3/30/2023 23:26,6871
3/30/2023 23:36,7132
3/30/2023 23:46,6930
3/30/2023 23:56,7016
3/31/2023 0:06,7016
3/31/2023 0:16,7050
3/31/2023 0:26,7050
3/31/2023 0:36,7070
3/31/2023 0:46,6996
3/31/2023 0:56,7139
3/31/2023 1:06,7132
3/31/2023 1:16,7064
3/31/2023 1:26,7276
3/31/2023 1:36,6845
3/31/2023 1:46,7084
3/31/2023 1:56,7023
3/31/2023 2:06,7077
3/31/2023 2:16,6983
3/31/2023 2:26,7030
3/31/2023 2:36,6858
3/31/2023 2:46,7097
3/31/2023 2:56,6996
3/31/2023 3:06,7159
3/31/2023 3:16,7305
3/31/2023 3:26,7214
3/31/2023 3:36,7132
3/31/2023 3:46,6666
3/31/2023 3:56,7043
3/31/2023 4:06,7152
3/31/2023 4:16,7043
3/31/2023 4:26,7064
3/31/2023 4:36,6767
3/31/2023 4:46,7064
3/31/2023 4:56,7305
3/31/2023 5:06,6963
3/31/2023 5:16,7064
3/31/2023 5:26,6832
3/31/2023 5:36,7064
3/31/2023 5:46,6950
3/31/2023 5:57,7023
3/31/2023 6:07,7249
3/31/2023 6:17,7016
3/31/2023 6:27,7118
3/31/2023 6:37,7050
3/31/2023 6:47,7256
3/31/2023 6:57,6564
3/31/2023 7:07,7064
3/31/2023 7:17,7084
3/31/2023 7:27,7139
3/31/2023 7:37,6818
3/31/2023 7:47,7152
3/31/2023 7:57,6583
3/31/2023 8:07,6799
3/31/2023 8:17,7097
3/31/2023 8:27,7043
3/31/2023 8:37,6786
3/31/2023 8:47,7097
3/31/2023 8:57,6930
3/31/2023 9:07,6748
3/31/2023 9:17,6698
3/31/2023 9:27,7084
3/31/2023 9:37,7070
3/31/2023 9:47,7036
3/31/2023 9:57,6890
3/31/2023 10:07,6666
3/31/2023 10:17,6826
3/31/2023 10:27,7030
3/31/2023 10:37,6671
3/31/2023 10:47,6897
3/31/2023 10:57,7097
3/31/2023 11:07,6845
3/31/2023 11:17,6877
3/31/2023 11:27,6845
3/31/2023 11:37,6812
3/31/2023 11:47,6622
3/31/2023 11:57,6957
3/31/2023 12:07,6957
3/31/2023 12:17,6711
3/31/2023 12:27,6729
3/31/2023 12:37,6793
3/31/2023 12:47,7057
3/31/2023 12:57,7037
3/31/2023 13:07,6698
3/31/2023 13:17,6892
3/31/2023 13:27,7104
3/31/2023 13:37,6910
3/31/2023 13:47,7023
3/31/2023 13:57,7091
3/31/2023 14:07,6761
3/31/2023 14:17,6930
3/31/2023 14:27,6904
3/31/2023 14:37,7070
3/31/2023 14:47,7124
3/31/2023 14:58,7193
3/31/2023 15:08,7159
3/31/2023 15:18,7057
3/31/2023 15:28,7193
3/31/2023 15:38,7319
3/31/2023 15:48,7262
3/31/2023 15:58,6793
3/31/2023 16:08,6742
3/31/2023 16:18,7622
3/31/2023 16:28,7084
3/31/2023 16:38,6877
3/31/2023 16:48,7091
3/31/2023 16:58,6635
3/31/2023 17:08,7512
3/31/2023 17:18,7262
3/31/2023 17:28,7417
3/31/2023 17:38,7360
3/31/2023 17:48,7512
3/31/2023 17:58,7439
3/31/2023 18:08,7421
3/31/2023 18:18,7276
3/31/2023 18:28,7382
3/31/2023 18:38,7172
3/31/2023 18:48,7284
3/31/2023 18:58,7453
3/31/2023 19:08,7540
3/31/2023 19:18,7475
3/31/2023 19:28,7498
3/31/2023 19:38,7311
3/31/2023 19:48,7743
3/31/2023 19:58,7220
3/31/2023 20:08,7453
3/31/2023 20:18,7489
3/31/2023 20:28,7512
3/31/2023 20:38,7354
3/31/2023 20:48,7346
3/31/2023 20:58,7625
3/31/2023 21:08,7453
3/31/2023 21:18,7439
3/31/2023 21:28,7445
3/31/2023 21:38,7809
3/31/2023 21:48,7475
3/31/2023 21:58,7786
3/31/2023 22:08,7710
3/31/2023 22:18,7599
3/31/2023 22:28,7786
3/31/2023 22:38,7862
3/31/2023 22:48,7696
3/31/2023 22:58,7559
3/31/2023 23:08,7276
3/31/2023 23:18,7548
3/31/2023 23:28,7710
3/31/2023 23:38,7682
3/31/2023 23:49,7696
3/31/2023 23:59,7748
4/1/2023 0:09,7800
4/1/2023 0:19,7554
4/1/2023 0:29,7954
4/1/2023 0:39,7724
4/1/2023 0:49,7824
4/1/2023 0:59,7562
4/1/2023 1:09,7489
4/1/2023 1:19,7360
4/1/2023 1:29,7431
4/1/2023 1:39,7800
4/1/2023 1:49,8072
4/1/2023 1:59,7659
4/1/2023 2:09,7862
4/1/2023 2:19,7925
4/1/2023 2:29,7848
4/1/2023 2:39,7910
4/1/2023 2:49,8162
4/1/2023 2:59,8082
4/1/2023 3:09,7659
4/1/2023 3:19,7771
4/1/2023 3:29,8122
4/1/2023 3:39,7925
4/1/2023 3:49,7748
4/1/2023 3:59,7659
4/1/2023 4:09,7910
4/1/2023 4:19,7696
4/1/2023 4:29,7653
4/1/2023 4:39,7771
4/1/2023 4:49,7425
4/1/2023 4:59,7622
4/1/2023 5:09,7390
4/1/2023 5:19,7228
4/1/2023 5:29,6622
4/1/2023 5:39,6246
4/1/2023 5:49,5597
4/1/2023 5:59,4754
4/1/2023 6:09,4296
4/1/2023 6:19,4140
4/1/2023 6:29,3760
4/1/2023 6:39,3372
4/1/2023 6:49,3246
4/1/2023 6:59,2878
4/1/2023 7:09,2929
4/1/2023 7:19,2799
4/1/2023 7:29,2911
4/1/2023 7:39,2755
4/1/2023 7:49,5168
4/1/2023 7:59,6100
4/1/2023 8:09,6096
4/1/2023 8:19,6508
4/1/2023 8:29,5939
4/1/2023 8:40,5448
4/1/2023 8:50,6138
4/1/2023 9:00,5912
4/1/2023 9:10,5464
4/1/2023 9:20,5061
4/1/2023 9:30,5202
4/1/2023 9:40,5108
4/1/2023 9:50,4865
4/1/2023 10:00,4561
4/1/2023 10:10,4594
4/1/2023 10:20,4377
4/1/2023 10:30,4346
4/1/2023 10:40,4179
4/1/2023 10:50,4267
4/1/2023 11:00,4336
4/1/2023 11:10,4296
4/1/2023 11:20,3925
4/1/2023 11:30,4083
4/1/2023 11:40,4094
4/1/2023 11:50,3990
4/1/2023 12:00,4130
4/1/2023 12:10,3889
4/1/2023 12:20,3729
4/1/2023 12:30,3737
4/1/2023 12:40,3685
4/1/2023 12:50,3692
4/1/2023 13:00,3754
4/1/2023 13:10,3542
4/1/2023 13:20,3675
4/1/2023 13:30,3633
4/1/2023 13:40,3616
4/1/2023 13:50,3566
4/1/2023 14:00,3624
4/1/2023 14:10,3401
4/1/2023 14:20,3607
4/1/2023 14:30,3299
4/1/2023 14:40,3549
4/1/2023 14:50,3443
4/1/2023 15:00,3693
4/1/2023 15:10,3319
4/1/2023 15:20,3362
4/1/2023 15:30,3360
4/1/2023 15:40,3262
4/1/2023 15:50,3219
4/1/2023 16:00,3315
4/1/2023 16:10,3361
4/1/2023 16:20,3207
4/1/2023 16:30,3335
4/1/2023 16:40,3259
4/1/2023 16:50,3530
4/1/2023 17:00,3344
4/1/2023 17:10,3206
4/1/2023 17:20,3121
4/1/2023 17:31,3088
4/1/2023 17:41,3360
4/1/2023 17:51,3115
4/1/2023 18:01,3194
4/1/2023 18:11,3197
4/1/2023 18:21,3136
4/1/2023 18:31,3109
4/1/2023 18:41,3252
4/1/2023 18:51,3088
4/1/2023 19:01,3188
4/1/2023 19:11,3127
4/1/2023 19:21,3127
4/1/2023 19:31,3250
4/1/2023 19:41,2874
4/1/2023 19:51,3079
4/1/2023 20:01,2865
4/1/2023 20:11,3059
4/1/2023 20:21,2980
4/1/2023 20:31,3109
4/1/2023 20:41,2988
4/1/2023 20:51,2997
4/1/2023 21:01,2974
4/1/2023 21:11,3100
4/1/2023 21:21,3044
4/1/2023 21:31,2983
4/1/2023 21:41,2815
4/1/2023 21:51,2851
4/1/2023 22:01,3091
4/1/2023 22:11,3006
4/1/2023 22:21,2947
4/1/2023 22:31,2871
4/1/2023 22:41,3085
4/1/2023 22:51,2953
4/1/2023 23:01,3014
4/1/2023 23:11,2928
4/1/2023 23:21,2865
4/1/2023 23:31,3071
4/1/2023 23:41,3009
4/1/2023 23:51,2917
4/2/2023 0:01,2763
4/2/2023 0:11,2715
4/2/2023 0:21,2791
4/2/2023 0:31,2736
4/2/2023 0:41,2880
4/2/2023 0:51,2919
4/2/2023 1:01,2832
4/2/2023 1:11,3006
4/2/2023 1:21,2820
4/2/2023 1:31,3020
4/2/2023 1:41,2899
4/2/2023 1:51,2806
4/2/2023 2:01,2936
4/2/2023 2:11,2880
4/2/2023 2:21,2897
4/2/2023 2:32,2913
4/2/2023 2:42,2796
4/2/2023 2:52,2782
4/2/2023 3:02,2815
4/2/2023 3:12,2635
4/2/2023 3:22,2994
4/2/2023 3:32,2714
4/2/2023 3:42,2928
4/2/2023 3:52,2832
4/2/2023 4:02,3006
4/2/2023 4:12,2818
4/2/2023 4:22,2791
4/2/2023 4:32,2777
4/2/2023 4:42,2899
4/2/2023 4:52,2763
4/2/2023 5:02,2947
4/2/2023 5:12,2922
4/2/2023 5:22,2777
4/2/2023 5:32,2939
4/2/2023 5:42,2751
4/2/2023 5:52,2642
4/2/2023 6:02,2936
4/2/2023 6:12,2991
4/2/2023 6:22,2951
4/2/2023 6:32,2965
4/2/2023 6:42,2951
4/2/2023 6:52,2928
4/2/2023 7:02,2930
4/2/2023 7:12,2899
4/2/2023 7:22,2922
4/2/2023 7:32,2956
4/2/2023 7:42,2901
4/2/2023 7:52,3014
4/2/2023 8:02,2947
4/2/2023 8:12,2836
4/2/2023 8:22,2899
4/2/2023 8:32,2894
4/2/2023 8:42,2865
4/2/2023 8:52,2683
4/2/2023 9:02,2890
4/2/2023 9:12,2904
4/2/2023 9:22,2862
4/2/2023 9:32,2815
4/2/2023 9:42,2782
4/2/2023 9:52,2709
4/2/2023 10:02,2727
4/2/2023 10:12,2768
4/2/2023 10:22,2736
4/2/2023 10:32,2682
4/2/2023 10:42,2762
4/2/2023 10:52,2791
4/2/2023 11:02,2796
4/2/2023 11:12,2726
4/2/2023 11:22,2682
4/2/2023 11:33,2651
4/2/2023 11:43,2677
4/2/2023 11:53,2763
4/2/2023 12:03,2818
4/2/2023 12:13,2777
4/2/2023 12:23,2750
4/2/2023 12:33,2695
4/2/2023 12:43,2695
4/2/2023 12:53,2791
4/2/2023 13:03,2714
4/2/2023 13:13,2741
4/2/2023 13:23,2598
4/2/2023 13:33,2755
4/2/2023 13:43,2741
4/2/2023 13:53,3133
4/2/2023 14:03,2697
4/2/2023 14:13,2577
4/2/2023 14:23,2709
4/2/2023 14:33,2691
4/2/2023 14:43,2624
4/2/2023 14:53,2692
4/2/2023 15:03,2637
4/2/2023 15:13,2664
4/2/2023 15:23,2624
4/2/2023 15:33,2577
4/2/2023 15:43,2686
4/2/2023 15:53,2723
4/2/2023 16:03,2634
4/2/2023 16:13,2521
4/2/2023 16:23,2580
4/2/2023 16:33,2695
4/2/2023 16:43,2641
4/2/2023 16:53,2629
4/2/2023 17:03,2616
4/2/2023 17:13,2567
4/2/2023 17:23,2559
4/2/2023 17:33,2598
4/2/2023 17:43,2637
4/2/2023 17:53,2629
4/2/2023 18:03,2616
4/2/2023 18:13,2634
4/2/2023 18:23,2637
4/2/2023 18:33,2621
4/2/2023 18:43,2682
4/2/2023 18:53,2695
4/2/2023 19:03,2674
4/2/2023 19:13,2564
4/2/2023 19:23,2555
4/2/2023 19:33,2581
4/2/2023 19:43,2508
4/2/2023 19:53,2678
4/2/2023 20:03,2470
4/2/2023 20:13,2646
4/2/2023 20:24,2399
4/2/2023 20:34,2487
4/2/2023 20:44,2647
4/2/2023 20:54,2555
4/2/2023 21:04,2533
4/2/2023 21:14,2546
4/2/2023 21:24,2310
4/2/2023 21:34,2699
4/2/2023 21:44,2403
4/2/2023 21:54,2538
4/2/2023 22:04,2462
4/2/2023 22:14,2585
4/2/2023 22:24,2538
4/2/2023 22:34,2564
4/2/2023 22:44,2581
4/2/2023 22:54,2664
4/2/2023 23:04,2529
4/2/2023 23:14,2694
4/2/2023 23:24,2670
4/2/2023 23:34,2416
4/2/2023 23:44,2597
4/2/2023 23:54,2731
4/3/2023 0:04,2567
4/3/2023 0:14,2564
4/3/2023 0:24,2567
4/3/2023 0:34,2624
4/3/2023 0:44,2620
4/3/2023 0:54,2478
4/3/2023 1:04,2628
4/3/2023 1:14,2571
4/3/2023 1:24,2694
4/3/2023 1:34,2559
4/3/2023 1:44,2686
4/3/2023 1:54,2642
4/3/2023 2:04,2614
4/3/2023 2:14,2551
4/3/2023 2:24,2606
4/3/2023 2:34,2717
4/3/2023 2:44,2606
4/3/2023 2:54,2669
4/3/2023 3:04,2786
4/3/2023 3:14,2470
4/3/2023 3:24,2664
4/3/2023 3:34,2633
4/3/2023 3:44,2647
4/3/2023 3:54,2823
4/3/2023 4:04,2580
4/3/2023 4:14,2699
4/3/2023 4:24,2538
4/3/2023 4:34,2822
4/3/2023 4:44,2714
4/3/2023 4:54,2713
4/3/2023 5:04,2669
4/3/2023 5:15,2533
4/3/2023 5:25,2753
4/3/2023 5:35,2637
4/3/2023 5:45,2719
4/3/2023 5:55,2758
4/3/2023 6:05,2714
4/3/2023 6:15,2810
4/3/2023 6:25,2804
4/3/2023 6:35,2700
4/3/2023 6:45,2827
4/3/2023 6:55,2767
4/3/2023 7:05,2782
4/3/2023 7:15,2763
4/3/2023 7:25,2813
4/3/2023 7:35,2832
4/3/2023 7:45,2782
4/3/2023 7:55,2700
4/3/2023 8:05,2777
4/3/2023 8:15,2818
4/3/2023 8:25,2767
4/3/2023 8:35,2796
4/3/2023 8:45,2786
4/3/2023 8:55,2813
4/3/2023 9:05,2837
4/3/2023 9:15,2822
4/3/2023 9:25,2832
4/3/2023 9:35,2841
4/3/2023 9:45,2695
4/3/2023 9:55,2841
4/3/2023 10:05,2846
4/3/2023 10:15,2820
4/3/2023 10:25,2801
4/3/2023 10:35,2813
4/3/2023 10:45,2709
4/3/2023 10:55,2808
4/3/2023 11:05,2669
4/3/2023 11:15,2722
4/3/2023 11:25,2827
4/3/2023 11:35,2659
4/3/2023 11:45,2808
4/3/2023 11:55,2832
4/3/2023 12:05,2884
4/3/2023 12:15,2704
4/3/2023 12:25,2772
4/3/2023 12:35,2822
4/3/2023 12:45,2870
4/3/2023 12:55,2767
4/3/2023 13:05,2864
4/3/2023 13:15,2822
4/3/2023 13:25,2822
4/3/2023 13:35,2827
4/3/2023 13:45,2841
4/3/2023 13:55,2808
4/3/2023 14:06,2864
4/3/2023 14:16,2883
4/3/2023 14:26,2939
4/3/2023 14:36,2943
4/3/2023 14:46,2842
4/3/2023 14:56,2836
4/3/2023 15:06,2911
4/3/2023 15:16,2922
4/3/2023 15:26,2943
4/3/2023 15:36,2956
4/3/2023 15:46,2864
4/3/2023 15:56,2954
4/3/2023 16:06,2968
4/3/2023 16:16,2878
4/3/2023 16:26,2708
4/3/2023 16:36,3015
4/3/2023 16:46,2940
4/3/2023 16:56,2864
4/3/2023 17:06,2878
4/3/2023 17:16,3106
4/3/2023 17:26,2850
4/3/2023 17:36,2925
4/3/2023 17:46,2855
4/3/2023 17:56,2808
4/3/2023 18:06,2992
4/3/2023 18:16,2915
4/3/2023 18:26,2983
4/3/2023 18:36,3056
4/3/2023 18:46,3085
4/3/2023 18:56,3009
4/3/2023 19:06,3121
4/3/2023 19:16,3062
4/3/2023 19:26,3130
4/3/2023 19:36,2892
4/3/2023 19:46,3100
4/3/2023 19:56,3021
4/3/2023 20:06,2886
4/3/2023 20:16,3200
4/3/2023 20:26,3050
4/3/2023 20:36,3124
4/3/2023 20:46,3042
4/3/2023 20:56,3006
4/3/2023 21:06,3021
4/3/2023 21:16,3118
4/3/2023 21:26,3080
4/3/2023 21:36,3197
4/3/2023 21:46,3161
4/3/2023 21:56,3157
4/3/2023 22:06,3109
4/3/2023 22:16,2951
4/3/2023 22:26,3219
4/3/2023 22:36,3077
4/3/2023 22:46,3085
4/3/2023 22:57,3228
4/3/2023 23:07,3012
4/3/2023 23:17,3103
4/3/2023 23:27,3124
4/3/2023 23:37,3100
4/3/2023 23:47,3080
4/3/2023 23:57,3163
4/4/2023 0:07,3154
4/4/2023 0:17,3262
4/4/2023 0:27,3324
4/4/2023 0:37,3209
4/4/2023 0:47,3161
4/4/2023 0:57,3315
4/4/2023 1:07,3176
4/4/2023 1:17,3148
4/4/2023 1:27,3277
4/4/2023 1:37,3185
4/4/2023 1:47,3466
4/4/2023 1:57,3549
4/4/2023 2:07,3136
4/4/2023 2:17,3085
4/4/2023 2:27,3425
4/4/2023 2:37,3284
4/4/2023 2:47,3205
4/4/2023 2:57,3311
4/4/2023 3:07,3443
4/4/2023 3:17,3499
4/4/2023 3:27,3185
4/4/2023 3:37,3401
4/4/2023 3:47,3385
4/4/2023 3:57,3167
4/4/2023 4:07,3404
4/4/2023 4:17,3542
4/4/2023 4:27,3362
4/4/2023 4:37,3508
4/4/2023 4:47,3293
4/4/2023 4:57,3551
4/4/2023 5:07,3115
4/4/2023 5:17,3443
4/4/2023 5:27,3231
4/4/2023 5:37,3417
4/4/2023 5:47,3290
4/4/2023 5:57,3340
4/4/2023 6:07,3411
4/4/2023 6:17,3542
4/4/2023 6:27,3573
4/4/2023 6:37,3546
4/4/2023 6:47,3268
4/4/2023 6:57,3469
4/4/2023 7:07,3633
4/4/2023 7:17,3525
4/4/2023 7:27,3506
4/4/2023 7:37,3609
4/4/2023 7:47,3508
4/4/2023 7:57,3694
4/4/2023 8:08,3582
4/4/2023 8:18,3917
4/4/2023 8:28,3731
4/4/2023 8:38,3618
4/4/2023 8:48,3801
4/4/2023 8:58,3445
4/4/2023 9:08,3679
4/4/2023 9:18,3739
4/4/2023 9:28,3628
4/4/2023 9:38,3551
4/4/2023 9:48,3662
4/4/2023 9:58,3662
4/4/2023 10:08,3890
4/4/2023 10:18,3689
4/4/2023 10:28,3527
4/4/2023 10:38,3776
4/4/2023 10:48,3756
4/4/2023 10:58,3748
4/4/2023 11:08,3819
4/4/2023 11:18,3681
4/4/2023 11:28,3741
4/4/2023 11:38,3936
4/4/2023 11:48,3611
4/4/2023 11:58,3594
4/4/2023 12:08,3819
4/4/2023 12:18,3758
4/4/2023 12:28,3698
4/4/2023 12:38,3741
4/4/2023 12:48,3698
4/4/2023 12:58,3439
4/4/2023 13:08,3741
4/4/2023 13:18,3587
4/4/2023 13:28,3589
4/4/2023 13:38,3864
4/4/2023 13:48,3733
4/4/2023 13:58,3760
4/4/2023 14:08,3756
4/4/2023 14:18,3830
4/4/2023 14:28,3766
4/4/2023 14:38,4000
4/4/2023 14:48,3846
4/4/2023 14:58,3783
4/4/2023 15:08,3874
4/4/2023 15:18,3892
4/4/2023 15:28,3856
4/4/2023 15:38,3910
4/4/2023 15:48,3946
4/4/2023 15:58,4133
4/4/2023 16:08,3758
4/4/2023 16:18,4104
4/4/2023 16:28,3936
4/4/2023 16:38,3853
4/4/2023 16:49,4170
4/4/2023 16:59,3821
4/4/2023 17:09,4085
4/4/2023 17:19,4076
4/4/2023 17:29,4094
4/4/2023 17:39,3972
4/4/2023 17:49,3993
4/4/2023 17:59,4326
4/4/2023 18:09,4161
4/4/2023 18:19,4076
4/4/2023 18:29,3982
4/4/2023 18:39,4364
4/4/2023 18:49,4089
4/4/2023 18:59,4346
4/4/2023 19:09,3982
4/4/2023 19:19,4104
4/4/2023 19:29,4377
4/4/2023 19:39,4307
4/4/2023 19:49,4104
4/4/2023 19:59,4409
4/4/2023 20:09,4181
4/4/2023 20:19,4268
4/4/2023 20:29,4276
4/4/2023 20:39,4348
4/4/2023 20:49,4387
4/4/2023 20:59,4199
4/4/2023 21:09,4268
4/4/2023 21:19,4161
4/4/2023 21:29,4531
4/4/2023 21:39,4367
4/4/2023 21:49,4458
4/4/2023 21:59,4297
4/4/2023 22:09,4317
4/4/2023 22:19,4387
4/4/2023 22:29,4338
4/4/2023 22:39,4530
4/4/2023 22:49,4408
4/4/2023 22:59,4615
4/4/2023 23:09,4378
4/4/2023 23:19,4428
4/4/2023 23:29,4469
4/4/2023 23:39,4468
4/4/2023 23:49,4458
4/4/2023 23:59,4689
4/5/2023 0:09,4572
4/5/2023 0:19,4327
4/5/2023 0:29,4338
4/5/2023 0:39,4307
4/5/2023 0:49,4510
4/5/2023 0:59,4625
4/5/2023 1:09,4428
4/5/2023 1:19,4499
4/5/2023 1:29,4668
4/5/2023 1:40,4700
4/5/2023 1:50,4509
4/5/2023 2:00,4754
4/5/2023 2:10,4942
4/5/2023 2:20,4646
4/5/2023 2:30,4593
4/5/2023 2:40,4657
4/5/2023 2:50,4700
4/5/2023 3:00,4657
4/5/2023 3:10,4944
4/5/2023 3:20,4593
4/5/2023 3:30,4689
4/5/2023 3:40,4776
4/5/2023 3:50,4499
4/5/2023 4:00,4821
4/5/2023 4:10,4657
4/5/2023 4:20,4604
4/5/2023 4:30,4478
4/5/2023 4:40,4798
4/5/2023 4:50,4367
4/5/2023 5:00,5048
4/5/2023 5:10,4668
4/5/2023 5:20,4956
4/5/2023 5:30,4625
4/5/2023 5:40,4877
4/5/2023 5:50,4657
4/5/2023 6:00,4561
4/5/2023 6:10,4854
4/5/2023 6:20,5013
4/5/2023 6:30,4776
4/5/2023 6:40,5071
4/5/2023 6:50,4646
4/5/2023 7:00,4810
4/5/2023 7:10,4787
4/5/2023 7:20,4776
4/5/2023 7:30,4754
4/5/2023 7:40,4854
4/5/2023 7:50,5083
4/5/2023 8:00,4967
4/5/2023 8:10,5035
4/5/2023 8:20,5036
4/5/2023 8:30,4990
4/5/2023 8:40,5025
4/5/2023 8:50,4831
4/5/2023 9:00,5070
4/5/2023 9:10,5024
4/5/2023 9:20,4910
4/5/2023 9:30,4899
4/5/2023 9:40,5047
4/5/2023 9:50,4821
4/5/2023 10:00,4787
4/5/2023 10:10,4798
4/5/2023 10:20,4776
4/5/2023 10:30,4989
4/5/2023 10:41,4966
4/5/2023 10:51,4668
4/5/2023 11:01,5046
4/5/2023 11:11,4853
4/5/2023 11:21,4583
4/5/2023 11:31,5249
4/5/2023 11:41,4853
4/5/2023 11:51,5035
4/5/2023 12:01,4820
4/5/2023 12:11,4875
4/5/2023 12:21,4853
4/5/2023 12:31,4898
4/5/2023 12:41,5062
4/5/2023 12:51,4657
4/5/2023 13:01,5069
4/5/2023 13:11,4932
4/5/2023 13:21,4920
4/5/2023 13:31,5129
4/5/2023 13:41,5222
4/5/2023 13:51,5198
4/5/2023 14:01,5163
4/5/2023 14:11,5418
4/5/2023 14:21,5212
4/5/2023 14:31,5164
4/5/2023 14:41,5213
4/5/2023 14:51,5213
4/5/2023 15:01,5201
4/5/2023 15:11,5213
4/5/2023 15:21,5411
4/5/2023 15:31,5189
4/5/2023 15:41,5203
4/5/2023 15:51,5298
4/5/2023 16:01,5165
4/5/2023 16:11,5094
4/5/2023 16:21,5225
4/5/2023 16:31,5298
4/5/2023 16:41,5047
4/5/2023 16:51,5059
4/5/2023 17:01,5335
4/5/2023 17:11,5213
4/5/2023 17:21,5299
4/5/2023 17:31,5201
4/5/2023 17:41,5141
4/5/2023 17:51,5177
4/5/2023 18:01,5236
4/5/2023 18:11,5433
4/5/2023 18:21,5371
4/5/2023 18:31,5311
4/5/2023 18:41,5375
4/5/2023 18:51,5360
4/5/2023 19:01,5448
4/5/2023 19:11,5396
4/5/2023 19:22,5334
4/5/2023 19:32,5358
4/5/2023 19:42,5497
4/5/2023 19:52,5213
4/5/2023 20:02,5678
4/5/2023 20:12,5396
4/5/2023 20:22,5396
4/5/2023 20:32,5555
4/5/2023 20:42,5626
4/5/2023 20:52,5509
4/5/2023 21:02,5707
4/5/2023 21:12,5770
4/5/2023 21:22,5546
4/5/2023 21:32,5755
4/5/2023 21:42,5345
4/5/2023 21:52,5726
4/5/2023 22:02,5370
4/5/2023 22:12,5395
4/5/2023 22:22,5546
4/5/2023 22:32,5548
4/5/2023 22:42,5523
4/5/2023 22:52,5600
4/5/2023 23:02,5936
4/5/2023 23:12,5652
4/5/2023 23:22,5746
4/5/2023 23:32,5827
4/5/2023 23:42,5693
4/5/2023 23:52,5546
4/6/2023 0:02,5878
4/6/2023 0:12,5595
4/6/2023 0:22,5621
4/6/2023 0:32,5809
4/6/2023 0:42,5702
4/6/2023 0:52,5893
4/6/2023 1:02,5586
4/6/2023 1:12,5717
4/6/2023 1:22,5717
4/6/2023 1:32,5546
4/6/2023 1:42,5878
4/6/2023 1:52,6032
4/6/2023 2:02,5664
4/6/2023 2:12,5638
4/6/2023 2:22,5560
4/6/2023 2:32,5866
4/6/2023 2:42,5548
4/6/2023 2:52,5586
4/6/2023 3:02,5773
4/6/2023 3:12,5839
4/6/2023 3:22,5548
4/6/2023 3:32,5623
4/6/2023 3:42,5586
4/6/2023 3:52,5936
4/6/2023 4:02,5664
4/6/2023 4:12,5881
4/6/2023 4:23,5936
4/6/2023 4:33,5705
4/6/2023 4:43,5612
4/6/2023 4:53,5787
4/6/2023 5:03,5652
4/6/2023 5:13,5638
4/6/2023 5:23,5705
4/6/2023 5:33,5588
4/6/2023 5:43,5719
4/6/2023 5:53,5626
4/6/2023 6:03,5924
4/6/2023 6:13,5614
4/6/2023 6:23,6061
4/6/2023 6:33,5548
4/6/2023 6:43,5948
4/6/2023 6:53,6089
4/6/2023 7:03,5936
4/6/2023 7:13,5574
4/6/2023 7:23,5896
4/6/2023 7:33,5964
4/6/2023 7:43,5948
4/6/2023 7:53,5980
4/6/2023 8:03,5842
4/6/2023 8:13,5666
4/6/2023 8:23,6064
4/6/2023 8:33,5964
4/6/2023 8:43,5952
4/6/2023 8:53,5814
4/6/2023 9:03,5909
4/6/2023 9:13,5472
4/6/2023 9:23,5936
4/6/2023 9:33,5640
4/6/2023 9:43,6061
4/6/2023 9:53,5758
4/6/2023 10:03,6016
4/6/2023 10:13,5758
4/6/2023 10:23,5678
4/6/2023 10:33,5964
4/6/2023 10:43,5548
4/6/2023 10:53,5881
4/6/2023 11:03,5681
4/6/2023 11:13,5824
4/6/2023 11:23,5612
4/6/2023 11:33,5863
4/6/2023 11:43,5614
4/6/2023 11:53,5878
4/6/2023 12:03,5755
4/6/2023 12:13,5586
4/6/2023 12:23,5851
4/6/2023 12:33,5472
4/6/2023 12:43,5728
4/6/2023 12:53,5899
4/6/2023 13:03,5728
4/6/2023 13:13,5933
4/6/2023 13:23,6114
4/6/2023 13:34,6041
4/6/2023 13:44,5797
4/6/2023 13:54,5787
4/6/2023 14:04,5863
4/6/2023 14:14,5814
4/6/2023 14:24,5957
4/6/2023 14:34,5905
4/6/2023 14:44,5809
4/6/2023 14:54,5905
4/6/2023 15:04,5755
4/6/2023 15:14,5848
4/6/2023 15:24,5836
4/6/2023 15:34,6013
4/6/2023 15:44,5770
4/6/2023 15:54,5881
4/6/2023 16:04,5989
4/6/2023 16:14,5676
4/6/2023 16:24,5863
4/6/2023 16:34,5878
4/6/2023 16:44,5973
4/6/2023 16:54,5939
4/6/2023 17:04,5794
4/6/2023 17:14,6115
4/6/2023 17:24,6013
4/6/2023 17:34,6258
4/6/2023 17:44,6085
4/6/2023 17:54,6069
4/6/2023 18:04,5857
4/6/2023 18:14,6388
4/6/2023 18:24,5905
4/6/2023 18:34,5875
4/6/2023 18:44,5821
4/6/2023 18:54,6213
4/6/2023 19:04,6013
4/6/2023 19:14,5985
4/6/2023 19:24,5945
4/6/2023 19:34,5755
4/6/2023 19:44,6122
4/6/2023 19:54,6242
4/6/2023 20:04,6001
4/6/2023 20:14,5930
4/6/2023 20:24,6188
4/6/2023 20:34,6130
4/6/2023 20:44,6200
4/6/2023 20:54,6377
4/6/2023 21:04,6213
4/6/2023 21:14,6334
4/6/2023 21:24,6229
4/6/2023 21:34,6175
4/6/2023 21:44,6204
4/6/2023 21:54,6200
4/6/2023 22:04,6288
4/6/2023 22:14,6229
4/6/2023 22:25,6246
4/6/2023 22:35,6098
4/6/2023 22:45,6793
4/6/2023 22:55,6213
4/6/2023 23:05,6437
4/6/2023 23:15,6196
4/6/2023 23:25,6450
4/6/2023 23:35,6511
4/6/2023 23:45,6225
4/6/2023 23:55,6142
4/7/2023 0:05,6069
4/7/2023 0:15,6480
4/7/2023 0:25,6110
4/7/2023 0:35,6409
4/7/2023 0:45,6407
4/7/2023 0:55,6229
4/7/2023 1:05,6528
4/7/2023 1:15,6130
4/7/2023 1:25,6288
4/7/2023 1:35,6480
4/7/2023 1:45,6229
4/7/2023 1:55,6364
4/7/2023 2:05,6184
4/7/2023 2:15,6246
4/7/2023 2:25,6200
4/7/2023 2:35,6364
4/7/2023 2:45,6208
4/7/2023 2:55,6126
4/7/2023 3:05,6407
4/7/2023 3:15,6411
4/7/2023 3:25,6564
4/7/2023 3:35,6101
4/7/2023 3:45,6534
4/7/2023 3:55,6485
4/7/2023 4:05,6420
4/7/2023 4:15,6609
4/7/2023 4:25,6624
4/7/2023 4:35,6437
4/7/2023 4:45,6204
4/7/2023 4:55,6459
4/7/2023 5:05,6155
4/7/2023 5:15,6727
4/7/2023 5:25,6577
4/7/2023 5:35,6432
4/7/2023 5:45,6454
4/7/2023 5:55,6339
4/7/2023 6:05,6381
4/7/2023 6:15,6424
4/7/2023 6:25,6498
4/7/2023 6:35,6521
4/7/2023 6:45,6690
4/7/2023 6:55,6309
4/7/2023 7:05,6364
4/7/2023 7:15,6528
4/7/2023 7:26,6334
4/7/2023 7:36,6650
4/7/2023 7:46,6528
4/7/2023 7:56,6467
4/7/2023 8:06,6477
4/7/2023 8:16,6394
4/7/2023 8:26,6437
4/7/2023 8:36,6424
4/7/2023 8:46,6658
4/7/2023 8:56,6213
4/7/2023 9:06,6407
4/7/2023 9:16,6716
4/7/2023 9:26,6442
4/7/2023 9:36,6480
4/7/2023 9:46,6564
4/7/2023 9:56,6437
4/7/2023 10:06,6463
4/7/2023 10:16,6463
4/7/2023 10:26,6254
4/7/2023 10:36,6155
4/7/2023 10:46,6296
4/7/2023 10:56,6267
4/7/2023 11:06,6066
4/7/2023 11:16,6250
4/7/2023 11:26,6338
4/7/2023 11:36,6022
4/7/2023 11:46,5927
4/7/2023 11:56,6267
4/7/2023 12:06,6184
4/7/2023 12:16,6151
4/7/2023 12:26,6296
4/7/2023 12:36,6208
4/7/2023 12:46,5750
4/7/2023 12:56,6122
4/7/2023 13:06,6519
4/7/2023 13:16,6180
4/7/2023 13:26,6393
4/7/2023 13:36,6279
4/7/2023 13:46,6204
4/7/2023 13:56,6309
4/7/2023 14:06,6488
4/7/2023 14:16,6562
4/7/2023 14:26,6325
4/7/2023 14:36,6338
4/7/2023 14:46,6496
4/7/2023 14:56,6338
4/7/2023 15:06,6330
4/7/2023 15:16,6342
4/7/2023 15:26,6330
4/7/2023 15:36,6420
4/7/2023 15:46,6351
4/7/2023 15:56,6330
4/7/2023 16:07,6614
4/7/2023 16:17,6572
4/7/2023 16:27,6355
4/7/2023 16:37,6432
4/7/2023 16:47,6385
4/7/2023 16:57,6666
4/7/2023 17:07,6309
4/7/2023 17:17,6475
4/7/2023 17:27,6488
4/7/2023 17:37,6648
4/7/2023 17:47,6585
4/7/2023 17:57,6213
4/7/2023 18:07,6385
4/7/2023 18:17,6924
4/7/2023 18:27,6528
4/7/2023 18:37,6748
4/7/2023 18:47,6727
4/7/2023 18:57,6801
4/7/2023 19:07,6748
4/7/2023 19:17,6748
4/7/2023 19:27,7159
4/7/2023 19:37,6679
4/7/2023 19:47,6845
4/7/2023 19:57,6779
4/7/2023 20:07,6640
4/7/2023 20:17,6805
4/7/2023 20:27,7200
4/7/2023 20:37,6735
4/7/2023 20:47,6930
4/7/2023 20:57,6622
4/7/2023 21:07,7270
4/7/2023 21:17,6754
4/7/2023 21:27,6910
4/7/2023 21:37,6877
4/7/2023 21:47,6799
4/7/2023 21:57,6990
4/7/2023 22:07,6793
4/7/2023 22:17,6877
4/7/2023 22:27,7340
4/7/2023 22:37,7249
4/7/2023 22:47,7023
4/7/2023 22:57,6812
4/7/2023 23:07,6943
4/7/2023 23:17,6910
4/7/2023 23:27,7124
4/7/2023 23:37,6976
4/7/2023 23:47,7313
4/7/2023 23:57,7249
4/8/2023 0:07,7043
4/8/2023 0:17,7043
4/8/2023 0:27,7325
4/8/2023 0:37,7010
4/8/2023 0:47,7333
4/8/2023 0:57,7354
4/8/2023 1:08,6793
4/8/2023 1:18,7297
4/8/2023 1:28,7192
4/8/2023 1:38,6970
4/8/2023 1:48,7043
4/8/2023 1:58,7152
4/8/2023 2:08,6957
4/8/2023 2:18,7145
4/8/2023 2:28,7166
4/8/2023 2:38,7145
4/8/2023 2:48,7172
4/8/2023 2:58,7091
4/8/2023 3:08,7043
4/8/2023 3:18,7390
4/8/2023 3:28,7249
4/8/2023 3:38,7139
4/8/2023 3:48,7179
4/8/2023 3:58,7534
4/8/2023 4:08,7145
4/8/2023 4:18,7368
4/8/2023 4:28,7461
4/8/2023 4:38,6897
4/8/2023 4:48,7124
4/8/2023 4:58,7242
4/8/2023 5:08,7145
4/8/2023 5:18,7404
4/8/2023 5:28,7221
4/8/2023 5:38,6963
4/8/2023 5:48,7070
4/8/2023 5:58,6930
4/8/2023 6:08,7354
4/8/2023 6:18,7249
4/8/2023 6:28,7097
4/8/2023 6:38,7249
4/8/2023 6:48,7305
4/8/2023 6:58,7200
4/8/2023 7:08,7124
4/8/2023 7:18,7145
4/8/2023 7:28,7319
4/8/2023 7:38,7111
4/8/2023 7:48,7262
4/8/2023 7:58,7179
4/8/2023 8:08,7368
4/8/2023 8:18,7453
4/8/2023 8:28,7172
4/8/2023 8:38,7070
4/8/2023 8:48,7050
4/8/2023 8:58,7207
4/8/2023 9:08,7360
4/8/2023 9:18,7186
4/8/2023 9:28,7548
4/8/2023 9:38,7325
4/8/2023 9:48,7179
4/8/2023 9:58,6846
4/8/2023 10:09,7241
4/8/2023 10:19,6755
4/8/2023 10:29,7360
4/8/2023 10:39,7276
4/8/2023 10:49,6950
4/8/2023 10:59,7063
4/8/2023 11:09,7138
4/8/2023 11:19,6755
4/8/2023 11:29,6904
4/8/2023 11:39,7172
4/8/2023 11:49,6891
4/8/2023 11:59,7297
4/8/2023 12:09,7084
4/8/2023 12:19,7138
4/8/2023 12:29,7152
4/8/2023 12:39,6891
4/8/2023 12:49,6711
4/8/2023 12:59,7297
4/8/2023 13:09,7451
4/8/2023 13:19,7417
4/8/2023 13:29,7526
4/8/2023 13:39,7221
4/8/2023 13:49,7664
4/8/2023 13:59,7431
4/8/2023 14:09,7396
4/8/2023 14:19,7445
4/8/2023 14:29,7368
4/8/2023 14:39,7562
4/8/2023 14:49,7512
4/8/2023 14:59,7503
4/8/2023 15:09,7696
4/8/2023 15:19,7585
4/8/2023 15:29,7824
4/8/2023 15:39,7489
4/8/2023 15:49,7599
4/8/2023 15:59,7636
4/8/2023 16:09,7622
4/8/2023 16:19,7939
4/8/2023 16:29,8003
4/8/2023 16:39,7809
4/8/2023 16:49,7762
4/8/2023 16:59,7848
4/8/2023 17:09,7848
4/8/2023 17:19,7734
4/8/2023 17:29,7886
4/8/2023 17:39,8082
4/8/2023 17:49,7526
4/8/2023 17:59,7673
4/8/2023 18:09,7954
4/8/2023 18:19,8493
4/8/2023 18:29,7901
4/8/2023 18:39,8116
4/8/2023 18:50,8169
4/8/2023 19:00,8018
4/8/2023 19:10,8137
4/8/2023 19:20,7876
4/8/2023 19:30,8188
4/8/2023 19:40,8229
4/8/2023 19:50,8068
4/8/2023 20:00,7915
4/8/2023 20:10,8394
4/8/2023 20:20,8203
4/8/2023 20:30,8177
4/8/2023 20:40,8284
4/8/2023 20:50,8203
4/8/2023 21:00,8162
4/8/2023 21:10,8258
4/8/2023 21:20,8043
4/8/2023 21:30,8299
4/8/2023 21:40,8356
4/8/2023 21:50,8262
4/8/2023 22:00,8871
4/8/2023 22:10,8097
4/8/2023 22:20,8097
4/8/2023 22:30,8551
4/8/2023 22:40,8232
4/8/2023 22:50,8508
4/8/2023 23:00,8341
4/8/2023 23:10,8370
4/8/2023 23:20,8370
4/8/2023 23:30,8273
4/8/2023 23:40,8163
4/8/2023 23:50,8370
4/9/2023 0:00,8740
4/9/2023 0:10,8299
4/9/2023 0:20,8412
4/9/2023 0:30,8541
4/9/2023 0:40,8609
4/9/2023 0:50,8288
4/9/2023 1:00,8680
4/9/2023 1:10,8439
4/9/2023 1:20,8709
4/9/2023 1:30,8068
4/9/2023 1:40,8356
4/9/2023 1:50,8466
4/9/2023 2:00,8367
4/9/2023 2:10,8397
4/9/2023 2:20,8382
4/9/2023 2:30,8177
4/9/2023 2:40,8551
4/9/2023 2:50,8382
4/9/2023 3:00,8508
4/9/2023 3:10,8367
4/9/2023 3:20,8082
4/9/2023 3:30,8382
4/9/2023 3:41,8466
4/9/2023 3:51,8842
4/9/2023 4:01,8871
4/9/2023 4:11,8341
4/9/2023 4:21,8665
4/9/2023 4:31,8521
4/9/2023 4:41,8218
4/9/2023 4:51,8493
4/9/2023 5:01,8436
4/9/2023 5:11,8536
4/9/2023 5:21,8665
4/9/2023 5:31,8521
4/9/2023 5:41,8493
4/9/2023 5:51,8650
4/9/2023 6:01,8463
4/9/2023 6:11,8606
4/9/2023 6:21,8622
4/9/2023 6:31,9053
4/9/2023 6:41,8606
4/9/2023 6:51,8270
4/9/2023 7:01,8579
4/9/2023 7:11,7989
4/9/2023 7:21,8606
4/9/2023 7:31,8637
4/9/2023 7:41,8579
4/9/2023 7:51,8606
4/9/2023 8:01,8579
4/9/2023 8:11,8782
4/9/2023 8:21,8521
4/9/2023 8:31,8043
4/9/2023 8:41,7989
4/9/2023 8:51,8622
4/9/2023 9:01,8576
4/9/2023 9:11,8665
4/9/2023 9:21,8622
4/9/2023 9:31,8650
4/9/2023 9:41,8203
4/9/2023 9:51,8162
4/9/2023 10:01,8382
4/9/2023 10:11,8594
4/9/2023 10:21,8563
4/9/2023 10:31,9336
4/9/2023 10:41,8451
4/9/2023 10:51,8299
4/9/2023 11:01,7748
4/9/2023 11:11,8003
4/9/2023 11:21,8609
4/9/2023 11:31,8523
4/9/2023 11:41,8683
4/9/2023 11:51,8609
4/9/2023 12:01,8680
4/9/2023 12:11,8344
4/9/2023 12:21,8622
4/9/2023 12:31,8579
4/9/2023 12:42,8412
4/9/2023 12:52,8696
4/9/2023 13:02,8397
4/9/2023 13:12,8768
4/9/2023 13:22,9272
4/9/2023 13:32,9178
4/9/2023 13:42,9085
4/9/2023 13:52,8963
4/9/2023 14:02,9054
4/9/2023 14:12,8963
4/9/2023 14:22,8963
4/9/2023 14:32,8902
4/9/2023 14:42,9072
4/9/2023 14:52,8696
4/9/2023 15:02,8977
4/9/2023 15:12,8949
4/9/2023 15:22,9400
4/9/2023 15:32,9116
4/9/2023 15:42,9023
4/9/2023 15:52,9086
4/9/2023 16:02,9194
4/9/2023 16:12,9257
4/9/2023 16:22,9241
4/9/2023 16:32,9288
4/9/2023 16:42,9241
4/9/2023 16:52,8843
4/9/2023 17:02,9241
4/9/2023 17:12,9240
4/9/2023 17:22,9008
4/9/2023 17:32,9288
4/9/2023 17:42,8740
4/9/2023 17:52,8755
4/9/2023 18:02,9303
4/9/2023 18:12,9257
4/9/2023 18:22,9272
4/9/2023 18:32,9208
4/9/2023 18:42,9629
4/9/2023 18:52,9596
4/9/2023 19:02,9256
4/9/2023 19:12,9530
4/9/2023 19:22,9580
4/9/2023 19:32,9547
4/9/2023 19:42,9629
4/9/2023 19:52,9449
4/9/2023 20:02,9352
4/9/2023 20:12,9713
4/9/2023 20:22,9563
4/9/2023 20:32,10132
4/9/2023 20:42,9465
4/9/2023 20:52,9580
4/9/2023 21:02,9697
4/9/2023 21:12,9563
4/9/2023 21:23,9746
4/9/2023 21:33,9764
4/9/2023 21:43,10286
4/9/2023 21:53,9514
4/9/2023 22:03,9988
4/9/2023 22:13,9563
4/9/2023 22:23,9384
4/9/2023 22:33,9613
4/9/2023 22:43,9465
4/9/2023 22:53,9937
4/9/2023 23:03,9597
4/9/2023 23:13,9883
4/9/2023 23:23,9832
4/9/2023 23:33,9713
4/9/2023 23:43,9867
4/9/2023 23:53,9647
4/10/2023 0:03,10203
4/10/2023 0:13,9850
4/10/2023 0:23,10368
4/10/2023 0:33,9902
4/10/2023 0:43,9781
4/10/2023 0:53,9954
4/10/2023 1:03,9647
4/10/2023 1:13,9563
4/10/2023 1:23,9680
4/10/2023 1:33,9902
4/10/2023 1:43,9597
4/10/2023 1:53,9799
4/10/2023 2:03,9935
4/10/2023 2:13,9954
4/10/2023 2:23,10241
4/10/2023 2:33,10220
4/10/2023 2:43,9613
4/10/2023 2:53,9850
4/10/2023 3:03,10000
4/10/2023 3:13,9815
4/10/2023 3:23,9748
4/10/2023 3:33,9815
4/10/2023 3:43,10130
4/10/2023 3:53,10385
4/10/2023 4:03,9902
4/10/2023 4:13,9902
4/10/2023 4:23,10553
4/10/2023 4:33,10166
4/10/2023 4:43,10074
4/10/2023 4:53,10641
4/10/2023 5:03,9697
4/10/2023 5:13,9902
4/10/2023 5:23,9833
4/10/2023 5:33,10183
4/10/2023 5:43,9781
4/10/2023 5:53,9432
4/10/2023 6:03,9580
4/10/2023 6:13,10330
4/10/2023 6:24,9850
4/10/2023 6:34,9731
4/10/2023 6:44,10113
4/10/2023 6:54,9596
4/10/2023 7:04,10096
4/10/2023 7:14,9954
4/10/2023 7:24,10166
4/10/2023 7:34,10115
4/10/2023 7:44,10690
4/10/2023 7:54,10023
4/10/2023 8:04,10255
4/10/2023 8:14,10220
4/10/2023 8:24,10059
4/10/2023 8:34,9815
4/10/2023 8:44,10183
4/10/2023 8:54,10096
4/10/2023 9:04,9731
4/10/2023 9:14,9902
4/10/2023 9:24,9954
4/10/2023 9:34,10275
4/10/2023 9:44,10113
4/10/2023 9:54,9883
4/10/2023 10:04,10368
4/10/2023 10:14,10166
4/10/2023 10:24,11039
4/10/2023 10:34,10458
4/10/2023 10:44,10006
4/10/2023 10:54,10275
4/10/2023 11:04,10275
4/10/2023 11:14,10309
4/10/2023 11:24,10023
4/10/2023 11:34,10330
4/10/2023 11:44,9815
4/10/2023 11:54,10275
4/10/2023 12:04,9919
4/10/2023 12:14,10275
4/10/2023 12:24,9764
4/10/2023 12:34,9850
4/10/2023 12:44,10385
4/10/2023 12:54,10147
4/10/2023 13:04,10237
4/10/2023 13:14,10275
4/10/2023 13:24,9368
4/10/2023 13:34,10147
4/10/2023 13:44,10309
4/10/2023 13:54,9449
4/10/2023 14:04,10237
4/10/2023 14:14,10347
4/10/2023 14:24,10200
4/10/2023 14:34,11069
4/10/2023 14:44,10437
4/10/2023 14:54,10597
4/10/2023 15:04,10531
4/10/2023 15:14,10514
4/10/2023 15:25,10147
4/10/2023 15:35,9815
4/10/2023 15:45,10645
4/10/2023 15:55,10571
4/10/2023 16:05,10645
4/10/2023 16:15,10761
4/10/2023 16:25,9935
4/10/2023 16:35,10645
4/10/2023 16:45,10419
4/10/2023 16:55,10878
4/10/2023 17:05,10645
4/10/2023 17:15,10575
4/10/2023 17:25,10475
4/10/2023 17:35,11057
4/10/2023 17:45,10725
4/10/2023 17:55,10309
4/10/2023 18:05,11472
4/10/2023 18:15,11050
4/10/2023 18:25,10402
4/10/2023 18:35,11099
4/10/2023 18:45,11039
4/10/2023 18:55,11117
4/10/2023 19:05,10645
4/10/2023 19:15,10703
4/10/2023 19:25,11160
4/10/2023 19:35,10628
4/10/2023 19:45,11160
4/10/2023 19:55,11222
4/10/2023 20:05,10979
4/10/2023 20:15,10819
4/10/2023 20:25,10979
4/10/2023 20:35,11284
4/10/2023 20:45,11178
4/10/2023 20:55,10458
4/10/2023 21:05,11039
4/10/2023 21:15,11222
4/10/2023 21:25,10514
4/10/2023 21:35,11346
4/10/2023 21:45,11601
4/10/2023 21:55,11269
4/10/2023 22:05,10919
4/10/2023 22:15,11081
4/10/2023 22:25,11021
4/10/2023 22:35,11178
4/10/2023 22:45,11222
4/10/2023 22:55,11178
4/10/2023 23:05,11222
4/10/2023 23:15,11391
4/10/2023 23:25,11258
4/10/2023 23:35,11099
4/10/2023 23:45,11160
4/10/2023 23:55,11142
4/11/2023 0:05,11684
4/11/2023 0:15,11328
4/11/2023 0:26,11081
4/11/2023 0:36,11203
4/11/2023 0:46,10979
4/11/2023 0:56,11454
4/11/2023 1:06,10961
4/11/2023 1:16,11845
4/11/2023 1:26,10842
4/11/2023 1:36,10685
4/11/2023 1:46,11081
4/11/2023 1:56,11222
4/11/2023 2:06,11081
4/11/2023 2:16,11075
4/11/2023 2:26,11222
4/11/2023 2:36,11003
4/11/2023 2:46,10901
4/11/2023 2:56,11124
4/11/2023 3:06,11694
4/11/2023 3:16,11601
4/11/2023 3:26,11075
4/11/2023 3:36,11265
4/11/2023 3:46,11454
4/11/2023 3:56,11222
4/11/2023 4:06,10979
4/11/2023 4:16,11666
4/11/2023 4:26,11160
4/11/2023 4:36,11247
4/11/2023 4:46,11021
4/11/2023 4:56,11778
4/11/2023 5:06,11265
4/11/2023 5:16,11081
4/11/2023 5:26,10961
4/11/2023 5:36,11265
4/11/2023 5:46,11021
4/11/2023 5:56,11203
4/11/2023 6:06,11063
4/11/2023 6:16,11328
4/11/2023 6:26,11309
4/11/2023 6:36,11391
4/11/2023 6:46,11211
4/11/2023 6:56,10814
4/11/2023 7:06,11372
4/11/2023 7:16,11039
4/11/2023 7:26,11160
4/11/2023 7:36,11555
4/11/2023 7:46,11383
4/11/2023 7:56,11328
4/11/2023 8:06,11383
4/11/2023 8:16,11320
4/11/2023 8:26,10493
4/11/2023 8:36,11178
4/11/2023 8:46,11117
4/11/2023 8:56,11258
4/11/2023 9:06,11302
4/11/2023 9:16,11215
4/11/2023 9:27,11258
4/11/2023 9:37,11050
4/11/2023 9:47,11075
4/11/2023 9:57,11135
4/11/2023 10:07,11215
4/11/2023 10:17,11921
4/11/2023 10:27,11160
4/11/2023 10:37,10343
4/11/2023 10:47,10913
4/11/2023 10:57,10973
4/11/2023 11:07,10878
4/11/2023 11:17,10766
4/11/2023 11:27,10566
4/11/2023 11:37,10997
4/11/2023 11:47,11197
4/11/2023 11:57,11276
4/11/2023 12:07,11197
4/11/2023 12:17,11276
4/11/2023 12:27,10973
4/11/2023 12:37,11135
4/11/2023 12:47,11258
4/11/2023 12:57,11638
4/11/2023 13:07,11472
4/11/2023 13:17,11446
4/11/2023 13:27,11844
4/11/2023 13:37,11383
4/11/2023 13:47,10698
4/11/2023 13:57,11657
4/11/2023 14:07,11320
4/11/2023 14:17,11769
4/11/2023 14:27,11509
4/11/2023 14:37,10890
4/11/2023 14:47,11950
4/11/2023 14:57,11759
4/11/2023 15:07,11712
4/11/2023 15:17,10663
4/11/2023 15:27,12017
4/11/2023 15:37,11854
4/11/2023 15:47,11854
4/11/2023 15:57,11988
4/11/2023 16:07,11988
4/11/2023 16:17,11977
4/11/2023 16:27,12840
4/11/2023 16:37,12086
4/11/2023 16:47,11835
4/11/2023 16:57,11684
4/11/2023 17:07,11854
4/11/2023 17:17,12243
4/11/2023 17:27,12243
4/11/2023 17:37,11592
4/11/2023 17:47,12282
4/11/2023 17:57,12037
4/11/2023 18:08,12086
4/11/2023 18:18,12174
4/11/2023 18:28,11258
4/11/2023 18:38,12500
4/11/2023 18:48,12632
4/11/2023 18:58,12672
4/11/2023 19:08,12632
4/11/2023 19:18,12507
4/11/2023 19:28,12780
4/11/2023 19:38,12726
4/11/2023 19:48,12950
4/11/2023 19:58,13417
4/11/2023 20:08,13659
4/11/2023 20:18,12652
4/11/2023 20:28,12672
4/11/2023 20:38,12416
4/11/2023 20:48,12632
4/11/2023 20:58,13123
4/11/2023 21:08,13026
4/11/2023 21:18,13103
4/11/2023 21:28,12820
4/11/2023 21:38,13538
4/11/2023 21:48,13047
4/11/2023 21:58,12726
4/11/2023 22:08,13026
4/11/2023 22:18,12780
4/11/2023 22:28,12672
4/11/2023 22:38,13201
4/11/2023 22:48,13123
4/11/2023 22:58,13518
4/11/2023 23:08,13300
4/11/2023 23:18,12991
4/11/2023 23:28,13701
4/11/2023 23:38,13642
4/11/2023 23:48,12991
4/11/2023 23:58,13279
4/12/2023 0:08,12950
4/12/2023 0:18,13742
4/12/2023 0:28,13283
4/12/2023 0:38,13763
4/12/2023 0:48,13296
4/12/2023 0:58,13279
4/12/2023 1:08,13103
4/12/2023 1:18,13930
4/12/2023 1:28,13497
4/12/2023 1:38,12945
4/12/2023 1:48,13417
4/12/2023 1:58,13337
4/12/2023 2:08,12527
4/12/2023 2:18,13047
4/12/2023 2:28,13476
4/12/2023 2:38,13763
4/12/2023 2:48,13337
4/12/2023 2:59,12712
4/12/2023 3:09,13825
4/12/2023 3:19,13180
4/12/2023 3:29,13500
4/12/2023 3:39,13180
4/12/2023 3:49,13825
4/12/2023 3:59,12416
4/12/2023 4:09,13578
4/12/2023 4:19,13909
4/12/2023 4:29,13518
4/12/2023 4:39,13476
4/12/2023 4:49,13140
4/12/2023 4:59,13201
4/12/2023 5:09,13476
4/12/2023 5:19,13742
4/12/2023 5:29,12706
4/12/2023 5:39,13396
4/12/2023 5:49,13638
4/12/2023 5:59,13375
4/12/2023 6:09,13026
4/12/2023 6:19,13950
4/12/2023 6:29,13866
4/12/2023 6:39,13557
4/12/2023 6:49,12255
4/12/2023 6:59,13476
4/12/2023 7:09,13617
4/12/2023 7:19,13497
4/12/2023 7:29,13417
4/12/2023 7:39,12174
4/12/2023 7:49,13763
4/12/2023 7:59,13578
4/12/2023 8:09,13497
4/12/2023 8:19,12895
4/12/2023 8:29,13379
4/12/2023 8:39,13518
4/12/2023 8:49,12970
4/12/2023 8:59,13379
4/12/2023 9:09,13047
4/12/2023 9:19,11950
4/12/2023 9:29,12435
4/12/2023 9:39,13083
4/12/2023 9:49,13599
4/12/2023 9:59,13221
4/12/2023 10:09,13221
4/12/2023 10:19,13221
4/12/2023 10:29,13317
4/12/2023 10:39,12970
4/12/2023 10:49,12243
4/12/2023 10:59,12599
4/12/2023 11:09,12915
4/12/2023 11:19,12970
4/12/2023 11:29,13867
4/12/2023 11:39,13103
4/12/2023 11:50,12915
4/12/2023 12:00,13399
4/12/2023 12:10,13221
4/12/2023 12:20,13620
4/12/2023 12:30,13782
4/12/2023 12:40,13972
4/12/2023 12:50,13805
4/12/2023 13:00,13994
4/12/2023 13:10,14036
4/12/2023 13:20,14317
4/12/2023 13:30,13701
4/12/2023 13:40,14472
4/12/2023 13:50,13026
4/12/2023 14:00,14318
4/12/2023 14:10,14405
4/12/2023 14:20,13888
4/12/2023 14:30,13242
4/12/2023 14:40,14652
4/12/2023 14:50,14472
4/12/2023 15:00,14383
4/12/2023 15:10,14229
4/12/2023 15:20,13437
4/12/2023 15:30,14743
4/12/2023 15:40,14835
4/12/2023 15:50,14493
4/12/2023 16:00,14928
4/12/2023 16:10,14652
4/12/2023 16:20,15326
4/12/2023 16:30,14950
4/12/2023 16:40,13538
4/12/2023 16:50,14743
4/12/2023 17:00,15407
4/12/2023 17:10,14928
4/12/2023 17:20,14361
4/12/2023 17:30,15729
4/12/2023 17:40,15760
4/12/2023 17:50,15784
4/12/2023 18:00,16013
4/12/2023 18:10,15659
4/12/2023 18:20,15605
4/12/2023 18:30,15737
4/12/2023 18:40,16118
4/12/2023 18:50,15807
4/12/2023 19:00,15919
4/12/2023 19:10,15705
4/12/2023 19:20,16330
4/12/2023 19:30,15407
4/12/2023 19:40,15705
4/12/2023 19:50,16969
4/12/2023 20:00,16744
4/12/2023 20:10,16498
4/12/2023 20:20,15989
4/12/2023 20:31,15910
4/12/2023 20:41,16354
4/12/2023 20:51,16282
4/12/2023 21:01,16199
4/12/2023 21:11,16176
4/12/2023 21:21,16176
4/12/2023 21:31,16306
4/12/2023 21:41,16633
4/12/2023 21:51,16969
4/12/2023 22:01,16744
4/12/2023 22:11,16330
4/12/2023 22:21,16390
4/12/2023 22:31,16782
4/12/2023 22:41,16070
4/12/2023 22:51,16046
4/12/2023 23:01,15760
4/12/2023 23:11,15659
4/12/2023 23:21,16695
4/12/2023 23:31,16013
4/12/2023 23:41,16584
4/12/2023 23:51,16608
4/13/2023 0:01,16390
4/13/2023 0:11,16608
4/13/2023 0:21,16584
4/13/2023 0:31,16831
4/13/2023 0:41,15636
4/13/2023 0:51,17034
4/13/2023 1:01,16768
4/13/2023 1:11,15863
4/13/2023 1:21,16584
4/13/2023 1:31,16342
4/13/2023 1:41,15863
4/13/2023 1:51,16695
4/13/2023 2:01,16719
4/13/2023 2:11,17317
4/13/2023 2:21,17034
4/13/2023 2:31,17773
4/13/2023 2:41,16807
4/13/2023 2:51,16920
4/13/2023 3:01,16051
4/13/2023 3:11,16584
4/13/2023 3:21,16498
4/13/2023 3:31,16856
4/13/2023 3:41,16646
4/13/2023 3:51,16390
4/13/2023 4:01,16498
4/13/2023 4:11,15636
4/13/2023 4:21,16584
4/13/2023 4:31,15535
4/13/2023 4:41,16856
4/13/2023 4:51,16695
4/13/2023 5:01,17242
4/13/2023 5:11,16258
4/13/2023 5:21,17479
4/13/2023 5:32,16945
4/13/2023 5:42,16046
4/13/2023 5:52,16695
4/13/2023 6:02,17034
4/13/2023 6:12,17125
4/13/2023 6:22,16560
4/13/2023 6:32,17100
4/13/2023 6:42,15544
4/13/2023 6:52,16377
4/13/2023 7:02,16920
4/13/2023 7:12,16895
4/13/2023 7:22,16646
4/13/2023 7:32,15241
4/13/2023 7:42,16733
4/13/2023 7:52,16831
4/13/2023 8:02,16856
4/13/2023 8:12,16856
4/13/2023 8:22,16547
4/13/2023 8:32,16199
4/13/2023 8:42,16608
4/13/2023 8:52,16547
4/13/2023 9:02,15320
4/13/2023 9:12,15910
4/13/2023 9:22,15430
4/13/2023 9:32,15910
4/13/2023 9:42,15957
4/13/2023 9:52,16354
4/13/2023 10:02,14493
4/13/2023 10:12,14696
4/13/2023 10:22,16474
4/13/2023 10:32,15729
4/13/2023 10:42,16141
4/13/2023 10:52,16462
4/13/2023 11:02,16462
4/13/2023 11:12,16247
4/13/2023 11:22,15453
4/13/2023 11:32,16330
4/13/2023 11:42,16510
4/13/2023 11:52,16247
4/13/2023 12:02,16817
4/13/2023 12:12,15933
4/13/2023 12:22,17134
4/13/2023 12:32,16831
4/13/2023 12:42,16706
4/13/2023 12:52,16930
4/13/2023 13:02,15575
4/13/2023 13:12,16905
4/13/2023 13:22,16060
4/13/2023 13:32,16271
4/13/2023 13:42,15994
4/13/2023 13:52,15190
4/13/2023 14:02,16438
4/13/2023 14:13,16994
4/13/2023 14:23,17258
4/13/2023 14:33,15582
4/13/2023 14:43,16768
4/13/2023 14:53,17059
4/13/2023 15:03,17225
4/13/2023 15:13,16128
4/13/2023 15:23,16994
4/13/2023 15:33,16881
4/13/2023 15:43,17225
4/13/2023 15:53,16793
4/13/2023 16:03,16994
4/13/2023 16:13,16571
4/13/2023 16:23,17676
4/13/2023 16:33,17292
4/13/2023 16:43,17581
4/13/2023 16:53,17461
4/13/2023 17:03,17727
4/13/2023 17:13,17555
4/13/2023 17:23,18252
4/13/2023 17:33,17702
4/13/2023 17:43,17824
4/13/2023 17:53,18203
4/13/2023 18:03,18226
4/13/2023 18:13,18199
4/13/2023 18:23,18173
4/13/2023 18:33,16657
4/13/2023 18:43,16118
4/13/2023 18:53,16330
4/13/2023 19:03,18561
4/13/2023 19:13,17702
4/13/2023 19:23,17948
4/13/2023 19:33,18827
4/13/2023 19:43,18588
4/13/2023 19:53,18747
4/13/2023 20:03,18327
4/13/2023 20:13,18483
4/13/2023 20:23,18588
4/13/2023 20:33,19690
4/13/2023 20:43,18380
4/13/2023 20:53,18457
4/13/2023 21:03,19237
4/13/2023 21:13,19405
4/13/2023 21:23,18800
4/13/2023 21:33,18226
4/13/2023 21:43,18073
4/13/2023 21:53,19073
4/13/2023 22:03,18614
4/13/2023 22:13,19043
4/13/2023 22:23,19016
4/13/2023 22:33,18854
4/13/2023 22:43,20131
4/13/2023 22:53,18989
4/13/2023 23:04,19016
4/13/2023 23:14,19016
4/13/2023 23:24,19126
4/13/2023 23:34,18854
4/13/2023 23:44,19746
4/13/2023 23:54,18881
4/14/2023 0:04,19016
4/14/2023 0:14,19043
4/14/2023 0:24,18720
4/14/2023 0:34,19262
4/14/2023 0:44,19180
4/14/2023 0:54,19519
4/14/2023 1:04,19016
4/14/2023 1:14,19432
4/14/2023 1:24,19690
4/14/2023 1:34,20244
4/14/2023 1:44,19835
4/14/2023 1:54,20405
4/14/2023 2:04,3429
4/14/2023 2:14,3656
4/14/2023 2:24,3723
4/14/2023 2:34,3200
4/14/2023 2:44,3299
4/14/2023 2:54,3012
4/14/2023 3:04,3525
4/14/2023 3:14,3490
4/14/2023 3:24,3347
4/14/2023 3:34,3530
4/14/2023 3:44,3182
4/14/2023 3:54,3056
4/14/2023 4:04,3200
4/14/2023 4:14,2983
4/14/2023 4:24,3389
4/14/2023 4:34,3335
4/14/2023 4:44,3312
4/14/2023 4:54,3079
4/14/2023 5:04,3176
4/14/2023 5:14,3091
4/14/2023 5:24,3408
4/14/2023 5:34,3053
4/14/2023 5:44,2988
4/14/2023 5:54,3018
4/14/2023 6:04,3133
4/14/2023 6:14,3038
4/14/2023 6:24,3127
4/14/2023 6:34,3003
4/14/2023 6:44,3136
4/14/2023 6:54,3127
4/14/2023 7:04,3100
4/14/2023 7:14,3127
4/14/2023 7:24,3188
4/14/2023 7:34,2974
4/14/2023 7:44,3121
4/14/2023 7:55,2951
4/14/2023 8:05,2986
4/14/2023 8:15,3035
4/14/2023 8:25,2925
4/14/2023 8:35,3121
4/14/2023 8:45,3065
4/14/2023 8:55,2983
4/14/2023 9:05,2865
4/14/2023 9:15,3003
4/14/2023 9:25,3130
4/14/2023 9:35,2885
4/14/2023 9:45,3050
4/14/2023 9:55,2934
4/14/2023 10:05,2745
4/14/2023 10:15,2934
4/14/2023 10:25,2878
4/14/2023 10:35,2977
4/14/2023 10:45,2954
4/14/2023 10:55,2841
4/14/2023 11:05,2874
4/14/2023 11:15,2772
4/14/2023 11:25,2860
4/14/2023 11:35,2709
4/14/2023 11:45,2758
4/14/2023 11:55,2658
4/14/2023 12:05,2908
4/14/2023 12:15,2861
4/14/2023 12:25,2837
4/14/2023 12:35,3003
4/14/2023 12:45,2750
4/14/2023 12:55,2810
4/14/2023 13:05,2772
4/14/2023 13:15,2789
4/14/2023 13:25,2791
4/14/2023 13:35,2581
4/14/2023 13:45,2843
4/14/2023 13:55,2874
4/14/2023 14:05,2777
4/14/2023 14:15,2862
4/14/2023 14:25,2928
4/14/2023 14:35,2846
4/14/2023 14:45,2801
4/14/2023 14:55,2880
4/14/2023 15:05,2832
4/14/2023 15:15,2880
4/14/2023 15:25,2823
4/14/2023 15:35,2837
4/14/2023 15:45,2555
4/14/2023 15:55,2813
4/14/2023 16:05,2768
4/14/2023 16:15,2727
4/14/2023 16:25,2820
4/14/2023 16:36,2787
4/14/2023 16:46,2832
4/14/2023 16:56,2860
4/14/2023 17:06,2763
4/14/2023 17:16,2936
4/14/2023 17:26,2777
4/14/2023 17:36,2825
4/14/2023 17:46,2763
4/14/2023 17:56,2832
4/14/2023 18:06,2869
4/14/2023 18:16,2851
4/14/2023 18:26,2913
4/14/2023 18:36,2832
4/14/2023 18:46,2714
4/14/2023 18:56,2894
4/14/2023 19:06,2888
4/14/2023 19:16,2862
4/14/2023 19:26,2786
4/14/2023 19:36,2813
4/14/2023 19:46,2772
4/14/2023 19:56,2638
4/14/2023 20:06,2722
4/14/2023 20:16,2713
4/14/2023 20:26,2945
4/14/2023 20:36,2686
4/14/2023 20:46,3027
4/14/2023 20:56,2672
4/14/2023 21:06,2791
4/14/2023 21:16,2567
4/14/2023 21:26,2700
4/14/2023 21:36,2758
4/14/2023 21:46,2740
4/14/2023 21:56,2708
4/14/2023 22:06,2934
4/14/2023 22:16,2915
4/14/2023 22:26,2813
4/14/2023 22:36,2895
4/14/2023 22:46,2763
4/14/2023 22:56,2780
4/14/2023 23:06,2804
4/14/2023 23:16,3001
4/14/2023 23:26,2694
4/14/2023 23:36,2855
4/14/2023 23:46,2735
4/14/2023 23:56,2763
4/15/2023 0:06,2858
4/15/2023 0:16,2722
4/15/2023 0:26,2780
4/15/2023 0:36,2704
4/15/2023 0:46,2865
4/15/2023 0:56,2813
4/15/2023 1:06,2533
4/15/2023 1:16,2621
4/15/2023 1:27,2736
4/15/2023 1:37,2869
4/15/2023 1:47,2988
4/15/2023 1:57,2829
4/15/2023 2:07,2768
4/15/2023 2:17,2786
4/15/2023 2:27,2726
4/15/2023 2:37,2674
4/15/2023 2:47,2717
4/15/2023 2:57,2709
4/15/2023 3:07,2709
4/15/2023 3:17,2813
4/15/2023 3:27,2823
4/15/2023 3:37,2692
4/15/2023 3:47,2922
4/15/2023 3:57,2629
4/15/2023 4:07,2787
4/15/2023 4:17,2750
4/15/2023 4:27,2687
4/15/2023 4:37,2818
4/15/2023 4:47,2888
4/15/2023 4:57,2717
4/15/2023 5:07,2890
4/15/2023 5:17,2547
4/15/2023 5:27,2581
4/15/2023 5:37,2665
4/15/2023 5:47,3000
4/15/2023 5:57,3082
4/15/2023 6:07,2853
4/15/2023 6:17,2988
4/15/2023 6:27,2956
4/15/2023 6:37,2829
4/15/2023 6:47,2832
4/15/2023 6:57,2806
4/15/2023 7:07,2904
4/15/2023 7:17,2840
4/15/2023 7:27,2829
4/15/2023 7:37,2866
4/15/2023 7:47,2940
4/15/2023 7:57,2928
4/15/2023 8:07,2936
4/15/2023 8:17,2843
4/15/2023 8:27,2810
4/15/2023 8:37,2818
4/15/2023 8:47,2867
4/15/2023 8:57,2890
4/15/2023 9:07,2829
4/15/2023 9:17,2871
4/15/2023 9:27,2823
4/15/2023 9:37,2818
4/15/2023 9:47,2705
4/15/2023 9:57,2664
4/15/2023 10:07,2745
4/15/2023 10:17,2832
4/15/2023 10:28,2740
4/15/2023 10:38,2704
4/15/2023 10:48,2606
4/15/2023 10:58,2593
4/15/2023 11:08,2668
4/15/2023 11:18,2637
4/15/2023 11:28,2677
4/15/2023 11:38,2691
4/15/2023 11:48,2533
4/15/2023 11:58,2672
4/15/2023 12:08,2677
4/15/2023 12:18,2637
4/15/2023 12:28,2651
4/15/2023 12:38,2704
4/15/2023 12:48,2651
4/15/2023 12:58,2624
4/15/2023 13:08,2660
4/15/2023 13:18,2664
4/15/2023 13:28,2574
4/15/2023 13:38,2646
4/15/2023 13:48,2649
4/15/2023 13:58,2611
4/15/2023 14:08,2598
4/15/2023 14:18,2637
4/15/2023 14:28,2691
4/15/2023 14:38,2572
4/15/2023 14:48,2704
4/15/2023 14:58,2704
4/15/2023 15:08,2691
4/15/2023 15:18,2668
4/15/2023 15:28,2717
4/15/2023 15:38,2624
4/15/2023 15:48,2366
4/15/2023 15:58,2572
4/15/2023 16:08,2655
4/15/2023 16:18,2629
4/15/2023 16:28,2611
4/15/2023 16:38,2581
4/15/2023 16:48,2682
4/15/2023 16:58,2628
4/15/2023 17:08,2637
4/15/2023 17:18,2525
4/15/2023 17:28,2432
4/15/2023 17:38,2589
4/15/2023 17:48,2745
4/15/2023 17:58,2508
4/15/2023 18:08,2681
4/15/2023 18:18,2606
4/15/2023 18:28,2665
4/15/2023 18:38,2694
4/15/2023 18:48,2628
4/15/2023 18:59,2713
4/15/2023 19:09,2672
4/15/2023 19:19,2767
4/15/2023 19:29,2750
4/15/2023 19:39,2597
4/15/2023 19:49,2633
4/15/2023 19:59,2537
4/15/2023 20:09,2664
4/15/2023 20:19,2511
4/15/2023 20:29,2370
4/15/2023 20:39,2601
4/15/2023 20:49,2634
4/15/2023 20:59,2512
4/15/2023 21:09,2672
4/15/2023 21:19,2512
4/15/2023 21:29,2515
4/15/2023 21:39,2576
4/15/2023 21:49,2499
4/15/2023 21:59,2490
4/15/2023 22:09,2654
4/15/2023 22:19,2362
4/15/2023 22:29,2508
4/15/2023 22:39,2533
4/15/2023 22:49,2452
4/15/2023 22:59,2558
4/15/2023 23:09,2512
4/15/2023 23:19,2465
4/15/2023 23:29,2346
4/15/2023 23:39,2619
4/15/2023 23:49,2567
4/15/2023 23:59,2542
4/16/2023 0:09,2462
4/16/2023 0:19,2516
4/16/2023 0:29,2525
4/16/2023 0:39,2533
4/16/2023 0:49,2577
4/16/2023 0:59,2546
4/16/2023 1:09,2725
4/16/2023 1:19,2666
4/16/2023 1:29,2590
4/16/2023 1:39,2470
4/16/2023 1:49,2691
4/16/2023 1:59,2516
4/16/2023 2:09,2503
4/16/2023 2:19,2611
4/16/2023 2:29,2576
4/16/2023 2:39,2547
4/16/2023 2:49,2642
4/16/2023 2:59,2499
4/16/2023 3:09,3009
4/16/2023 3:19,3424
4/16/2023 3:29,3516
4/16/2023 3:40,3558
4/16/2023 3:50,3459
4/16/2023 4:00,3532
4/16/2023 4:10,3458
4/16/2023 4:20,3609
4/16/2023 4:30,3296
4/16/2023 4:40,3737
4/16/2023 4:50,3443
4/16/2023 5:00,3641
4/16/2023 5:10,3240
4/16/2023 5:20,3554
4/16/2023 5:30,3284
4/16/2023 5:40,3672
4/16/2023 5:50,3506
4/16/2023 6:00,3597
4/16/2023 6:10,3599
4/16/2023 6:20,3664
4/16/2023 6:30,3516
4/16/2023 6:40,3700
4/16/2023 6:50,3582
4/16/2023 7:00,3582
4/16/2023 7:10,3466
4/16/2023 7:20,3556
4/16/2023 7:30,3523
4/16/2023 7:40,3506
4/16/2023 7:50,3556
4/16/2023 8:00,3506
4/16/2023 8:10,3525
4/16/2023 8:20,3480
4/16/2023 8:30,3516
4/16/2023 8:40,3497
4/16/2023 8:50,3275
4/16/2023 9:00,3431
4/16/2023 9:10,3337
4/16/2023 9:20,3252
4/16/2023 9:30,3490
4/16/2023 9:40,3399
4/16/2023 9:50,3306
4/16/2023 10:00,3399
4/16/2023 10:10,3158
4/16/2023 10:20,3210
4/16/2023 10:30,3341
4/16/2023 10:40,3106
4/16/2023 10:50,3188
4/16/2023 11:00,3173
4/16/2023 11:10,3250
4/16/2023 11:20,3133
4/16/2023 11:30,3176
4/16/2023 11:40,3196
4/16/2023 11:50,3077
4/16/2023 12:00,3173
4/16/2023 12:10,3145
4/16/2023 12:20,3047
4/16/2023 12:31,3095
4/16/2023 12:41,3176
4/16/2023 12:51,3151
4/16/2023 13:01,3142
4/16/2023 13:11,2968
4/16/2023 13:21,3032
4/16/2023 13:31,3191
4/16/2023 13:41,3097
4/16/2023 13:51,3053
4/16/2023 14:01,3012
4/16/2023 14:11,3062
4/16/2023 14:21,3106
4/16/2023 14:31,3068
4/16/2023 14:41,3038
4/16/2023 14:51,2988
4/16/2023 15:01,2997
4/16/2023 15:11,2942
4/16/2023 15:21,3003
4/16/2023 15:31,2892
4/16/2023 15:41,2957
4/16/2023 15:51,2940
4/16/2023 16:01,2902
4/16/2023 16:11,2818
4/16/2023 16:21,2954
4/16/2023 16:31,2960
4/16/2023 16:41,2960
4/16/2023 16:51,2883
4/16/2023 17:01,2830
4/16/2023 17:11,2915
4/16/2023 17:21,2925
4/16/2023 17:31,2832
4/16/2023 17:41,2902
4/16/2023 17:51,2822
4/16/2023 18:01,2758
4/16/2023 18:11,2810
4/16/2023 18:21,2813
4/16/2023 18:31,2753
4/16/2023 18:41,3006
4/16/2023 18:51,2897
4/16/2023 19:01,2851
4/16/2023 19:11,2895
4/16/2023 19:21,2772
4/16/2023 19:31,2735
4/16/2023 19:41,2713
4/16/2023 19:51,2748
4/16/2023 20:01,2757
4/16/2023 20:11,2699
4/16/2023 20:21,2677
4/16/2023 20:31,2694
4/16/2023 20:41,2860
4/16/2023 20:51,2813
4/16/2023 21:01,2606
4/16/2023 21:11,2897
4/16/2023 21:22,2748
4/16/2023 21:32,2767
4/16/2023 21:42,2894
4/16/2023 21:52,2746
4/16/2023 22:02,2869
4/16/2023 22:12,2883
4/16/2023 22:22,2860
4/16/2023 22:32,2762
4/16/2023 22:42,2929
4/16/2023 22:52,2689
4/16/2023 23:02,2907
4/16/2023 23:12,2904
4/16/2023 23:22,2888
4/16/2023 23:32,2832
4/16/2023 23:42,2780
4/16/2023 23:52,2869
4/17/2023 0:02,2597
4/17/2023 0:12,2915
4/17/2023 0:22,2801
4/17/2023 0:32,2753
4/17/2023 0:42,2830
4/17/2023 0:52,2694
4/17/2023 1:02,2793
4/17/2023 1:12,2676
4/17/2023 1:22,2872
4/17/2023 1:32,2881
4/17/2023 1:42,2772
4/17/2023 1:52,2933
4/17/2023 2:02,2686
4/17/2023 2:12,2908
4/17/2023 2:22,2796
4/17/2023 2:32,2786
4/17/2023 2:42,2627
4/17/2023 2:52,2874
4/17/2023 3:02,2798
4/17/2023 3:12,2629
4/17/2023 3:22,2763
4/17/2023 3:32,2694
4/17/2023 3:42,2813
4/17/2023 3:52,2709
4/17/2023 4:02,2637
4/17/2023 4:12,2654
4/17/2023 4:22,2672
4/17/2023 4:32,2654
4/17/2023 4:42,2722
4/17/2023 4:52,2686
4/17/2023 5:02,2864
4/17/2023 5:12,2750
4/17/2023 5:22,2699
4/17/2023 5:32,2822
4/17/2023 5:42,2897
4/17/2023 5:52,2827
4/17/2023 6:03,2736
4/17/2023 6:13,2832
4/17/2023 6:23,2932
4/17/2023 6:33,2603
4/17/2023 6:43,2922
4/17/2023 6:53,2750
4/17/2023 7:03,2778
4/17/2023 7:13,2815
4/17/2023 7:23,2839
4/17/2023 7:33,2860
4/17/2023 7:43,2796
4/17/2023 7:53,2731
4/17/2023 8:03,2858
4/17/2023 8:13,2760
4/17/2023 8:23,2823
4/17/2023 8:33,2897
4/17/2023 8:43,2804
4/17/2023 8:53,2791
4/17/2023 9:03,2590
4/17/2023 9:13,2855
4/17/2023 9:23,2840
4/17/2023 9:33,2810
4/17/2023 9:43,2750
4/17/2023 9:53,2818
4/17/2023 10:03,2750
4/17/2023 10:13,2799
4/17/2023 10:23,2750
4/17/2023 10:33,2791
4/17/2023 10:43,2699
4/17/2023 10:53,2765
4/17/2023 11:03,2611
4/17/2023 11:13,2750
4/17/2023 11:23,2652
4/17/2023 11:33,2633
4/17/2023 11:43,2647
4/17/2023 11:53,2681
4/17/2023 12:03,2767
4/17/2023 12:13,2654
4/17/2023 12:23,2648
4/17/2023 12:33,2762
4/17/2023 12:43,2708
4/17/2023 12:53,2681
4/17/2023 13:03,2708
4/17/2023 13:13,2721
4/17/2023 13:23,2721
4/17/2023 13:33,2654
4/17/2023 13:43,2672
4/17/2023 13:53,2714
4/17/2023 14:03,2567
4/17/2023 14:13,2567
4/17/2023 14:23,2616
4/17/2023 14:33,2572
4/17/2023 14:43,2657
4/17/2023 14:54,2659
4/17/2023 15:04,2654
4/17/2023 15:14,2686
4/17/2023 15:24,2726
4/17/2023 15:34,2681
4/17/2023 15:44,2555
4/17/2023 15:54,2576
4/17/2023 16:04,2713
4/17/2023 16:14,2512
4/17/2023 16:24,2580
4/17/2023 16:34,2677
4/17/2023 16:44,2687
4/17/2023 16:54,2615
4/17/2023 17:04,2607
4/17/2023 17:14,2651
4/17/2023 17:24,2699
4/17/2023 17:34,2772
4/17/2023 17:44,2590
4/17/2023 17:54,2669
4/17/2023 18:04,2686
4/17/2023 18:14,2646
4/17/2023 18:24,2664
4/17/2023 18:34,2624
4/17/2023 18:44,2651
4/17/2023 18:54,2641
4/17/2023 19:04,2626
4/17/2023 19:14,2632
4/17/2023 19:24,2504
4/17/2023 19:34,2606
4/17/2023 19:44,2636
4/17/2023 19:54,2572
4/17/2023 20:04,2593
4/17/2023 20:14,2529
4/17/2023 20:24,2628
4/17/2023 20:34,2572
4/17/2023 20:44,2580
4/17/2023 20:54,2474
4/17/2023 21:04,2589
4/17/2023 21:14,2677
4/17/2023 21:24,2687
4/17/2023 21:34,2516
4/17/2023 21:44,2646
4/17/2023 21:54,2585
4/17/2023 22:04,2529
4/17/2023 22:14,2555
4/17/2023 22:24,2634
4/17/2023 22:34,2445
4/17/2023 22:44,2731
4/17/2023 22:54,2419
4/17/2023 23:04,2585
4/17/2023 23:14,2669
4/17/2023 23:24,2660
4/17/2023 23:35,2620
4/17/2023 23:45,2529
4/17/2023 23:55,2482
4/18/2023 0:05,2655
4/18/2023 0:15,2521
4/18/2023 0:25,2589
4/18/2023 0:35,2658
4/18/2023 0:45,2572
4/18/2023 0:55,2709
4/18/2023 1:05,2487
4/18/2023 1:15,2302
4/18/2023 1:25,2572
4/18/2023 1:35,2482
4/18/2023 1:45,2611
4/18/2023 1:55,2686
4/18/2023 2:05,2576
4/18/2023 2:15,2491
4/18/2023 2:25,2546
4/18/2023 2:35,2612
4/18/2023 2:45,2581
4/18/2023 2:55,2675
4/18/2023 3:05,2731
4/18/2023 3:15,2659
4/18/2023 3:25,2474
4/18/2023 3:35,2616
4/18/2023 3:45,2763
4/18/2023 3:55,2647
4/18/2023 4:05,2571
4/18/2023 4:15,2633
4/18/2023 4:25,2713
4/18/2023 4:35,2503
4/18/2023 4:45,2615
4/18/2023 4:55,2576
4/18/2023 5:05,2568
4/18/2023 5:15,2585
4/18/2023 5:25,2395
4/18/2023 5:35,2791
4/18/2023 5:45,2642
4/18/2023 5:55,2611
4/18/2023 6:05,2629
4/18/2023 6:15,2585
4/18/2023 6:25,2717
4/18/2023 6:35,2655
4/18/2023 6:45,2629
4/18/2023 6:55,2669
4/18/2023 7:05,2620
4/18/2023 7:15,2750
4/18/2023 7:25,2655
4/18/2023 7:35,2633
4/18/2023 7:45,2637
4/18/2023 7:55,2611
4/18/2023 8:05,2699
4/18/2023 8:15,2641
4/18/2023 8:26,2669
4/18/2023 8:36,2855
4/18/2023 8:46,2628
4/18/2023 8:56,2700
4/18/2023 9:06,2646
4/18/2023 9:16,2668
4/18/2023 9:26,2571
4/18/2023 9:36,2584
4/18/2023 9:46,2651
4/18/2023 9:56,2598
4/18/2023 10:06,2641
4/18/2023 10:16,2620
4/18/2023 10:26,2606
4/18/2023 10:36,2641
4/18/2023 10:46,2546
4/18/2023 10:56,2546
4/18/2023 11:06,2572
4/18/2023 11:16,2598
4/18/2023 11:26,2529
4/18/2023 11:36,2567
4/18/2023 11:46,2559
4/18/2023 11:56,2593
4/18/2023 12:06,2521
4/18/2023 12:16,2647
4/18/2023 12:26,2554
4/18/2023 12:36,2580
4/18/2023 12:46,2615
4/18/2023 12:56,2524
4/18/2023 13:06,2537
4/18/2023 13:16,2572
4/18/2023 13:26,2457
4/18/2023 13:36,2602
4/18/2023 13:46,2623
4/18/2023 13:56,2533
4/18/2023 14:06,2606
4/18/2023 14:16,2598
4/18/2023 14:26,2533
4/18/2023 14:36,2633
4/18/2023 14:46,2633
4/18/2023 14:56,2576
4/18/2023 15:06,2633
4/18/2023 15:16,2542
4/18/2023 15:26,2567
4/18/2023 15:36,2512
4/18/2023 15:46,2440
4/18/2023 15:56,2637
4/18/2023 16:06,2651
4/18/2023 16:16,2659
4/18/2023 16:26,2655
4/18/2023 16:36,2704
4/18/2023 16:46,2655
4/18/2023 16:56,2664
4/18/2023 17:06,2428
4/18/2023 17:17,2642
4/18/2023 17:27,2651
4/18/2023 17:37,2590
4/18/2023 17:47,2508
4/18/2023 17:57,2491
4/18/2023 18:07,2399
4/18/2023 18:17,2309
4/18/2023 18:27,2445
4/18/2023 18:37,2453
4/18/2023 18:47,2534
4/18/2023 18:57,2487
4/18/2023 19:07,2491
4/18/2023 19:17,2547
4/18/2023 19:27,2539
4/18/2023 19:37,2301
4/18/2023 19:47,2599
4/18/2023 19:57,2529
4/18/2023 20:07,2551
4/18/2023 20:17,2338
4/18/2023 20:27,2513
4/18/2023 20:37,2412
4/18/2023 20:47,2424
4/18/2023 20:57,2420
4/18/2023 21:07,2475
4/18/2023 21:17,2521
4/18/2023 21:27,2487
4/18/2023 21:37,2555
4/18/2023 21:47,2321
4/18/2023 21:57,2445
4/18/2023 22:07,2529
4/18/2023 22:17,2546
4/18/2023 22:27,2546
4/18/2023 22:37,2483
4/18/2023 22:47,2416
4/18/2023 22:57,2683
4/18/2023 23:07,2346
4/18/2023 23:17,2432
4/18/2023 23:27,2449
4/18/2023 23:37,2542
4/18/2023 23:47,2642
4/18/2023 23:57,2496
4/19/2023 0:07,2551
4/19/2023 0:17,2652
4/19/2023 0:27,2420
4/19/2023 0:37,2577
4/19/2023 0:47,2616
4/19/2023 0:57,2342
4/19/2023 1:07,2568
4/19/2023 1:17,2474
4/19/2023 1:27,2533
4/19/2023 1:37,2469
4/19/2023 1:47,2491
4/19/2023 1:57,2395
4/19/2023 2:07,2408
4/19/2023 2:18,2539
4/19/2023 2:28,2644
4/19/2023 2:38,2470
4/19/2023 2:48,2499
4/19/2023 2:58,2504
4/19/2023 3:08,2655
4/19/2023 3:18,2478
4/19/2023 3:28,2568
4/19/2023 3:38,2453
4/19/2023 3:48,2732
4/19/2023 3:58,2586
4/19/2023 4:08,2719
4/19/2023 4:18,2504
4/19/2023 4:28,2512
4/19/2023 4:38,2674
4/19/2023 4:48,2551
4/19/2023 4:58,2607
4/19/2023 5:08,2538
4/19/2023 5:18,2581
4/19/2023 5:28,2555
4/19/2023 5:38,2560
4/19/2023 5:48,2692
4/19/2023 5:58,2660
4/19/2023 6:08,2462
4/19/2023 6:18,2692
4/19/2023 6:28,2670
4/19/2023 6:38,2652
4/19/2023 6:48,2504
4/19/2023 6:58,2612
4/19/2023 7:08,2669
4/19/2023 7:18,2629
4/19/2023 7:28,2660
4/19/2023 7:38,2674
4/19/2023 7:48,2611
4/19/2023 7:58,2577
4/19/2023 8:08,2624
4/19/2023 8:18,2685
4/19/2023 8:28,2637
4/19/2023 8:38,2611
4/19/2023 8:48,2517
4/19/2023 8:58,2611
4/19/2023 9:08,2598
4/19/2023 9:18,2482
4/19/2023 9:28,2664
4/19/2023 9:38,2593
4/19/2023 9:48,2585
4/19/2023 9:58,2699
4/19/2023 10:08,2576
4/19/2023 10:18,2593
4/19/2023 10:28,2525
4/19/2023 10:38,2546
4/19/2023 10:48,2495
4/19/2023 10:58,2411
4/19/2023 11:09,2342
4/19/2023 11:19,2482
4/19/2023 11:29,2482
4/19/2023 11:39,2474
4/19/2023 11:49,2551
4/19/2023 11:59,2559
4/19/2023 12:09,2559
4/19/2023 12:19,2624
4/19/2023 12:29,2512
4/19/2023 12:39,2482
4/19/2023 12:49,2551
4/19/2023 12:59,2499
4/19/2023 13:09,2491
4/19/2023 13:19,2474
4/19/2023 13:29,2646
4/19/2023 13:39,2538
4/19/2023 13:49,2482
4/19/2023 13:59,2428
4/19/2023 14:09,2499
4/19/2023 14:19,2700
4/19/2023 14:29,2536
4/19/2023 14:39,2542
4/19/2023 14:49,3995
4/19/2023 14:59,2686
4/19/2023 15:09,2521
4/19/2023 15:19,2494
4/19/2023 15:29,2499
4/19/2023 15:39,2465
4/19/2023 15:49,2503
4/19/2023 15:59,2399
4/19/2023 16:09,2478
4/19/2023 16:19,2407
4/19/2023 16:29,2457
4/19/2023 16:39,2512
4/19/2023 16:49,2436
4/19/2023 16:59,2358
4/19/2023 17:09,2486
4/19/2023 17:19,2499
4/19/2023 17:29,2465
4/19/2023 17:39,2651
4/19/2023 17:49,2508
4/19/2023 17:59,2457
4/19/2023 18:09,2399
4/19/2023 18:19,2322
4/19/2023 18:29,2512
4/19/2023 18:39,2499
4/19/2023 18:49,2538
4/19/2023 18:59,2572
4/19/2023 19:09,2512
4/19/2023 19:19,2533
4/19/2023 19:29,2457
4/19/2023 19:39,2482
4/19/2023 19:50,2572
4/19/2023 20:00,2436
4/19/2023 20:10,2499
4/19/2023 20:20,2581
4/19/2023 20:30,2383
4/19/2023 20:40,2474
4/19/2023 20:50,2499
4/19/2023 21:00,2416
4/19/2023 21:10,2412
4/19/2023 21:20,2326
4/19/2023 21:30,2350
4/19/2023 21:40,2503
4/19/2023 21:50,2508
4/19/2023 22:00,2543
4/19/2023 22:10,2482
4/19/2023 22:20,2612
4/19/2023 22:30,2478
4/19/2023 22:40,2642
4/19/2023 22:50,2616
4/19/2023 23:00,2537
4/19/2023 23:10,2546
4/19/2023 23:20,2529
4/19/2023 23:30,2516
4/19/2023 23:40,2611
4/19/2023 23:50,2604
4/20/2023 0:00,2616
4/20/2023 0:10,2638
4/20/2023 0:20,2546
4/20/2023 0:30,2560
4/20/2023 0:40,2281
4/20/2023 0:50,2400
4/20/2023 1:00,2586
4/20/2023 1:10,2559
4/20/2023 1:20,2604
4/20/2023 1:30,2603
4/20/2023 1:40,2516
4/20/2023 1:50,2474
4/20/2023 2:00,2482
4/20/2023 2:10,2466
4/20/2023 2:20,2634
4/20/2023 2:30,2428
4/20/2023 2:40,2508
4/20/2023 2:50,2594
4/20/2023 3:00,2559
4/20/2023 3:10,2517
4/20/2023 3:20,2482
4/20/2023 3:30,2516
4/20/2023 3:40,2407
4/20/2023 3:50,2449
4/20/2023 4:00,2625
4/20/2023 4:10,2634
4/20/2023 4:20,2581
4/20/2023 4:30,2572
4/20/2023 4:40,2709
4/20/2023 4:51,2642
4/20/2023 5:01,2635
4/20/2023 5:11,2593
4/20/2023 5:21,2568
4/20/2023 5:31,2677
4/20/2023 5:41,2652
4/20/2023 5:51,2458
4/20/2023 6:01,2682
4/20/2023 6:11,2674
4/20/2023 6:21,2687
4/20/2023 6:31,2669
4/20/2023 6:41,2621
4/20/2023 6:51,2672
4/20/2023 7:01,2629
4/20/2023 7:11,2629
4/20/2023 7:21,2678
4/20/2023 7:31,2745
4/20/2023 7:41,2745
4/20/2023 7:51,2669
4/20/2023 8:01,2572
4/20/2023 8:11,2567
4/20/2023 8:21,2584
4/20/2023 8:31,2745
4/20/2023 8:41,2654
4/20/2023 8:51,2628
4/20/2023 9:01,2716
4/20/2023 9:11,2708
4/20/2023 9:21,2726
4/20/2023 9:31,2555
4/20/2023 9:41,2713
4/20/2023 9:51,2708
4/20/2023 10:01,2668
4/20/2023 10:11,2664
4/20/2023 10:21,2699
4/20/2023 10:31,2555
4/20/2023 10:41,2606
4/20/2023 10:51,2651
4/20/2023 11:01,2659
4/20/2023 11:11,2626
4/20/2023 11:21,2580
4/20/2023 11:31,2620
4/20/2023 11:41,2576
4/20/2023 11:51,2585
4/20/2023 12:01,2646
4/20/2023 12:11,2580
4/20/2023 12:21,2654
4/20/2023 12:31,2668
4/20/2023 12:41,2692
4/20/2023 12:51,2641
4/20/2023 13:01,2650
4/20/2023 13:11,2668
4/20/2023 13:21,2610
4/20/2023 13:32,2681
4/20/2023 13:42,2654
4/20/2023 13:52,2606
4/20/2023 14:02,2694
4/20/2023 14:12,2738
4/20/2023 14:22,2654
4/20/2023 14:32,2775
4/20/2023 14:42,2803
4/20/2023 14:52,2686
4/20/2023 15:02,2686
4/20/2023 15:12,2767
4/20/2023 15:22,2767
4/20/2023 15:32,2659
4/20/2023 15:42,2794
4/20/2023 15:52,2758
4/20/2023 16:02,2699
4/20/2023 16:12,2663
4/20/2023 16:22,2641
4/20/2023 16:32,2722
4/20/2023 16:42,2803
4/20/2023 16:52,2737
4/20/2023 17:02,2704
4/20/2023 17:12,2863
4/20/2023 17:22,2786
4/20/2023 17:32,2836
4/20/2023 17:42,2869
4/20/2023 17:52,2612
4/20/2023 18:02,2770
4/20/2023 18:12,2695
4/20/2023 18:22,2767
4/20/2023 18:32,2832
4/20/2023 18:42,2883
4/20/2023 18:52,2742
4/20/2023 19:02,2760
4/20/2023 19:12,2664
4/20/2023 19:22,2763
4/20/2023 19:32,2855
4/20/2023 19:42,2803
4/20/2023 19:52,2841
4/20/2023 20:02,2818
4/20/2023 20:12,2804
4/20/2023 20:22,2855
4/20/2023 20:32,2758
4/20/2023 20:42,2813
4/20/2023 20:52,2869
4/20/2023 21:02,2686
4/20/2023 21:12,2668
4/20/2023 21:22,2646
4/20/2023 21:32,2960
4/20/2023 21:42,2786
4/20/2023 21:52,2827
4/20/2023 22:02,2892
4/20/2023 22:12,2951
4/20/2023 22:23,2860
4/20/2023 22:33,2817
4/20/2023 22:43,3006
4/20/2023 22:53,3003
4/20/2023 23:03,2745
4/20/2023 23:13,2906
4/20/2023 23:23,2782
4/20/2023 23:33,2846
4/20/2023 23:43,2823
4/20/2023 23:53,2974
4/21/2023 0:03,3059
4/21/2023 0:13,2940
4/21/2023 0:23,2934
4/21/2023 0:33,3097
4/21/2023 0:43,2920
4/21/2023 0:53,2897
4/21/2023 1:03,3009
4/21/2023 1:13,3082
4/21/2023 1:23,2763
4/21/2023 1:33,3139
4/21/2023 1:43,2961
4/21/2023 1:53,2869
4/21/2023 2:03,3047
4/21/2023 2:13,3041
4/21/2023 2:23,2832
4/21/2023 2:33,3035
4/21/2023 2:43,3115
4/21/2023 2:53,2983
4/21/2023 3:03,2934
4/21/2023 3:13,3003
4/21/2023 3:23,2832
4/21/2023 3:33,2799
4/21/2023 3:43,3197
4/21/2023 3:53,3094
4/21/2023 4:03,3091
4/21/2023 4:13,3077
4/21/2023 4:23,3252
4/21/2023 4:33,3012
4/21/2023 4:43,3228
4/21/2023 4:53,3133
4/21/2023 5:03,3284
4/21/2023 5:13,3212
4/21/2023 5:23,3094
4/21/2023 5:33,3212
4/21/2023 5:43,3062
4/21/2023 5:53,3212
4/21/2023 6:03,3200
4/21/2023 6:13,3161
4/21/2023 6:23,3212
4/21/2023 6:33,3259
4/21/2023 6:43,3212
4/21/2023 6:53,3265
4/21/2023 7:03,3130
4/21/2023 7:13,3228
4/21/2023 7:23,3197
4/21/2023 7:34,3333
4/21/2023 7:44,3274
4/21/2023 7:54,3318
4/21/2023 8:04,3271
4/21/2023 8:14,3255
4/21/2023 8:24,3246
4/21/2023 8:34,3194
4/21/2023 8:44,3318
4/21/2023 8:54,3286
4/21/2023 9:04,3240
4/21/2023 9:14,3234
4/21/2023 9:24,3246
4/21/2023 9:34,3302
4/21/2023 9:44,3262
4/21/2023 9:54,3231
4/21/2023 10:04,3215
4/21/2023 10:14,3209
4/21/2023 10:24,3342
4/21/2023 10:34,3267
4/21/2023 10:44,3215
4/21/2023 10:54,3209
4/21/2023 11:04,3234
4/21/2023 11:14,3209
4/21/2023 11:24,3212
4/21/2023 11:34,3280
4/21/2023 11:44,3393
4/21/2023 11:54,3280
4/21/2023 12:04,3286
4/21/2023 12:14,3264
4/21/2023 12:24,3327
4/21/2023 12:34,3393
4/21/2023 12:44,3157
4/21/2023 12:54,3264
4/21/2023 13:04,3092
4/21/2023 13:14,3358
4/21/2023 13:24,3368
4/21/2023 13:34,3343
4/21/2023 13:44,3368
4/21/2023 13:54,3365
4/21/2023 14:04,3480
4/21/2023 14:14,3349
4/21/2023 14:24,3471
4/21/2023 14:34,3327
4/21/2023 14:44,3368
4/21/2023 14:54,3231
4/21/2023 15:04,3520
4/21/2023 15:14,3305
4/21/2023 15:24,3400
4/21/2023 15:34,3400
4/21/2023 15:44,3416
4/21/2023 15:54,3572
4/21/2023 16:04,3480
4/21/2023 16:15,3480
4/21/2023 16:25,3537
4/21/2023 16:35,3596
4/21/2023 16:45,3452
4/21/2023 16:55,3587
4/21/2023 17:05,3358
4/21/2023 17:15,3594
4/21/2023 17:25,3580
4/21/2023 17:35,3358
4/21/2023 17:45,3596
4/21/2023 17:55,3570
4/21/2023 18:05,3630
4/21/2023 18:15,3589
4/21/2023 18:25,3664
4/21/2023 18:35,3606
4/21/2023 18:45,3689
4/21/2023 18:55,3527
4/21/2023 19:05,3537
4/21/2023 19:15,3741
4/21/2023 19:25,3575
4/21/2023 19:35,3793
4/21/2023 19:45,3549
4/21/2023 19:55,3628
4/21/2023 20:05,3768
4/21/2023 20:15,3621
4/21/2023 20:25,3811
4/21/2023 20:35,3776
4/21/2023 20:45,3776
4/21/2023 20:55,3706
4/21/2023 21:05,3577
4/21/2023 21:15,3706
4/21/2023 21:25,3741
4/21/2023 21:35,3845
4/21/2023 21:45,3793
4/21/2023 21:55,3723
4/21/2023 22:05,3721
4/21/2023 22:15,3642
4/21/2023 22:25,3669
4/21/2023 22:35,3613
4/21/2023 22:45,3637
4/21/2023 22:55,3750
4/21/2023 23:05,3776
4/21/2023 23:15,3856
4/21/2023 23:25,3882
4/21/2023 23:35,3927
4/21/2023 23:45,3846
4/21/2023 23:55,3862
4/22/2023 0:05,3869
4/22/2023 0:15,3882
4/22/2023 0:25,3647
4/22/2023 0:35,3692
4/22/2023 0:45,3973
4/22/2023 0:56,3758
4/22/2023 1:06,3766
4/22/2023 1:16,3706
4/22/2023 1:26,3783
4/22/2023 1:36,3910
4/22/2023 1:46,3908
4/22/2023 1:56,4075
4/22/2023 2:06,3882
4/22/2023 2:16,3892
4/22/2023 2:26,3982
4/22/2023 2:36,4132
4/22/2023 2:46,3945
4/22/2023 2:56,3854
4/22/2023 3:06,3890
4/22/2023 3:16,3872
4/22/2023 3:26,3963
4/22/2023 3:36,4105
4/22/2023 3:46,4000
4/22/2023 3:56,4029
4/22/2023 4:06,4083
4/22/2023 4:16,4010
4/22/2023 4:26,4059
4/22/2023 4:36,4092
4/22/2023 4:46,3963
4/22/2023 4:56,4027
4/22/2023 5:06,4056
4/22/2023 5:16,3992
4/22/2023 5:26,4075
4/22/2023 5:36,4199
4/22/2023 5:46,4170
4/22/2023 5:56,4065
4/22/2023 6:06,4161
4/22/2023 6:16,4132
4/22/2023 6:26,4228
4/22/2023 6:36,3993
4/22/2023 6:46,4019
4/22/2023 6:56,4094
4/22/2023 7:06,4123
4/22/2023 7:16,4132
4/22/2023 7:26,4200
4/22/2023 7:36,4229
4/22/2023 7:46,4249
4/22/2023 7:56,3785
4/22/2023 8:06,4298
4/22/2023 8:16,4259
4/22/2023 8:26,4249
4/22/2023 8:36,4259
4/22/2023 8:46,4134
4/22/2023 8:56,3938
4/22/2023 9:06,4115
4/22/2023 9:16,4049
4/22/2023 9:26,4123
4/22/2023 9:36,4019
4/22/2023 9:47,4086
4/22/2023 9:57,4249
4/22/2023 10:07,4000
4/22/2023 10:17,3936
4/22/2023 10:27,4000
4/22/2023 10:37,4039
4/22/2023 10:47,4010
4/22/2023 10:57,3993
4/22/2023 11:07,4095
4/22/2023 11:17,3965
4/22/2023 11:27,3938
4/22/2023 11:37,4066
4/22/2023 11:47,4029
4/22/2023 11:57,4076
4/22/2023 12:07,4278
4/22/2023 12:17,4123
4/22/2023 12:27,4114
4/22/2023 12:37,4030
4/22/2023 12:47,4057
4/22/2023 12:57,4114
4/22/2023 13:07,4115
4/22/2023 13:17,4152
4/22/2023 13:27,4248
4/22/2023 13:37,4057
4/22/2023 13:47,4104
4/22/2023 13:57,4181
4/22/2023 14:07,4211
4/22/2023 14:17,4338
4/22/2023 14:27,4239
4/22/2023 14:37,4220
4/22/2023 14:47,4266
4/22/2023 14:57,4095
4/22/2023 15:07,4327
4/22/2023 15:17,4278
4/22/2023 15:27,4289
4/22/2023 15:37,4200
4/22/2023 15:47,4124
4/22/2023 15:57,4259
4/22/2023 16:07,4181
4/22/2023 16:17,4180
4/22/2023 16:27,4398
4/22/2023 16:37,4220
4/22/2023 16:47,4318
4/22/2023 16:57,4210
4/22/2023 17:07,4181
4/22/2023 17:17,4318
4/22/2023 17:27,4239
4/22/2023 17:37,4199
4/22/2023 17:47,4398
4/22/2023 17:57,4408
4/22/2023 18:07,4278
4/22/2023 18:18,4307
4/22/2023 18:28,4358
4/22/2023 18:38,4337
4/22/2023 18:48,4449
4/22/2023 18:58,4418
4/22/2023 19:08,4732
4/22/2023 19:18,4490
4/22/2023 19:28,4668
4/22/2023 19:38,4259
4/22/2023 19:48,4448
4/22/2023 19:58,4593
4/22/2023 20:08,4459
4/22/2023 20:18,4408
4/22/2023 20:28,4531
4/22/2023 20:38,4288
4/22/2023 20:48,4438
4/22/2023 20:58,4657
4/22/2023 21:08,4489
4/22/2023 21:18,4408
4/22/2023 21:28,4732
4/22/2023 21:38,4489
4/22/2023 21:48,4668
4/22/2023 21:58,4809
4/22/2023 22:08,4479
4/22/2023 22:18,4448
4/22/2023 22:28,4614
4/22/2023 22:38,4583
4/22/2023 22:48,4646
4/22/2023 22:58,4593
4/22/2023 23:08,4489
4/22/2023 23:18,4722
4/22/2023 23:28,4646
4/22/2023 23:38,4499
4/22/2023 23:48,4831
4/22/2023 23:58,4657
4/23/2023 0:08,4646
4/23/2023 0:18,4809
4/23/2023 0:28,4520
4/23/2023 0:38,4583
4/23/2023 0:48,4551
4/23/2023 0:58,4700
4/23/2023 1:08,4583
4/23/2023 1:18,4678
4/23/2023 1:28,4520
4/23/2023 1:38,4831
4/23/2023 1:48,4776
4/23/2023 1:58,4552
4/23/2023 2:08,4754
4/23/2023 2:18,4593
4/23/2023 2:28,4541
4/23/2023 2:38,4820
4/23/2023 2:48,4743
4/23/2023 2:58,4657
4/23/2023 3:09,4700
4/23/2023 3:19,4722
4/23/2023 3:29,4722
4/23/2023 3:39,4593
4/23/2023 3:49,4944
4/23/2023 3:59,4646
4/23/2023 4:09,4561
4/23/2023 4:19,4798
4/23/2023 4:29,4668
4/23/2023 4:39,4711
4/23/2023 4:49,4809
4/23/2023 4:59,4604
4/23/2023 5:09,4809
4/23/2023 5:19,4854
4/23/2023 5:29,4887
4/23/2023 5:39,4887
4/23/2023 5:49,4668
4/23/2023 5:59,4865
4/23/2023 6:09,4407
4/23/2023 6:19,4776
4/23/2023 6:29,4876
4/23/2023 6:39,4700
4/23/2023 6:49,4754
4/23/2023 6:59,4842
4/23/2023 7:09,4583
4/23/2023 7:19,4700
4/23/2023 7:29,4732
4/23/2023 7:39,4921
4/23/2023 7:49,4733
4/23/2023 7:59,4478
4/23/2023 8:09,4776
4/23/2023 8:19,4711
4/23/2023 8:29,4744
4/23/2023 8:39,4910
4/23/2023 8:49,4765
4/23/2023 8:59,4754
4/23/2023 9:09,4853
4/23/2023 9:19,4776
4/23/2023 9:29,4776
4/23/2023 9:39,4678
4/23/2023 9:49,4438
4/23/2023 9:59,4531
4/23/2023 10:09,4615
4/23/2023 10:19,4551
4/23/2023 10:29,4636
4/23/2023 10:39,4733
4/23/2023 10:49,4700
4/23/2023 10:59,4711
4/23/2023 11:09,4604
4/23/2023 11:19,4678
4/23/2023 11:29,4615
4/23/2023 11:39,4593
4/23/2023 11:49,4853
4/23/2023 12:00,4776
4/23/2023 12:10,4604
4/23/2023 12:20,4853
4/23/2023 12:30,4765
4/23/2023 12:40,4887
4/23/2023 12:50,4562
4/23/2023 13:00,4657
4/23/2023 13:10,4842
4/23/2023 13:20,4954
4/23/2023 13:30,4711
4/23/2023 13:40,4765
4/23/2023 13:50,4909
4/23/2023 14:00,4886
4/23/2023 14:10,4875
4/23/2023 14:20,4898
4/23/2023 14:30,4898
4/23/2023 14:40,5012
4/23/2023 14:50,4743
4/23/2023 15:00,5068
4/23/2023 15:10,4898
4/23/2023 15:20,4887
4/23/2023 15:30,5115
4/23/2023 15:40,5068
4/23/2023 15:50,5046
4/23/2023 16:00,5151
4/23/2023 16:10,4966
4/23/2023 16:20,5022
4/23/2023 16:30,4668
4/23/2023 16:40,5000
4/23/2023 16:50,5104
4/23/2023 17:00,5068
4/23/2023 17:10,4988
4/23/2023 17:20,5080
4/23/2023 17:30,5222
4/23/2023 17:40,5222
4/23/2023 17:50,5116
4/23/2023 18:00,5198
4/23/2023 18:10,5187
4/23/2023 18:20,5332
4/23/2023 18:30,5128
4/23/2023 18:40,5381
4/23/2023 18:50,5235
4/23/2023 19:00,5381
4/23/2023 19:10,5308
4/23/2023 19:20,5296
4/23/2023 19:30,5360
4/23/2023 19:40,5431
4/23/2023 19:50,5223
4/23/2023 20:00,5357
4/23/2023 20:10,5418
4/23/2023 20:20,5357
4/23/2023 20:30,5176
4/23/2023 20:41,5272
4/23/2023 20:51,5296
4/23/2023 21:01,5456
4/23/2023 21:11,5518
4/23/2023 21:21,5395
4/23/2023 21:31,5249
4/23/2023 21:41,5532
4/23/2023 21:51,5640
4/23/2023 22:01,5420
4/23/2023 22:11,5446
4/23/2023 22:21,5560
4/23/2023 22:31,5370
4/23/2023 22:41,5609
4/23/2023 22:51,5483
4/23/2023 23:01,5676
4/23/2023 23:11,5470
4/23/2023 23:21,5612
4/23/2023 23:31,5676
4/23/2023 23:41,5272
4/23/2023 23:51,5558
4/24/2023 0:01,5623
4/24/2023 0:11,5308
4/24/2023 0:21,6016
4/24/2023 0:31,5558
4/24/2023 0:41,5470
4/24/2023 0:51,5546
4/24/2023 1:01,5797
4/24/2023 1:11,5470
4/24/2023 1:21,5583
4/24/2023 1:31,5635
4/24/2023 1:41,5520
4/24/2023 1:51,5483
4/24/2023 2:01,5890
4/24/2023 2:11,5481
4/24/2023 2:21,5836
4/24/2023 2:31,5688
4/24/2023 2:41,6016
4/24/2023 2:51,5836
4/24/2023 3:01,5957
4/24/2023 3:11,5676
4/24/2023 3:21,5702
4/24/2023 3:31,5597
4/24/2023 3:41,5744
4/24/2023 3:51,5866
4/24/2023 4:01,5787
4/24/2023 4:11,5676
4/24/2023 4:21,5690
4/24/2023 4:31,5821
4/24/2023 4:41,5714
4/24/2023 4:51,5905
4/24/2023 5:01,5458
4/24/2023 5:22,5664
4/24/2023 5:32,5731
4/24/2023 5:42,5755
4/24/2023 5:52,5649
4/24/2023 6:02,5740
4/24/2023 6:12,5586
4/24/2023 6:22,5702
4/24/2023 6:32,5572
4/24/2023 6:42,5890
4/24/2023 6:52,5623
4/24/2023 7:02,5890
4/24/2023 7:12,5717
4/24/2023 7:22,5607
4/24/2023 7:32,5690
4/24/2023 7:42,5902
4/24/2023 7:52,5875
4/24/2023 8:02,5794
4/24/2023 8:12,5767
4/24/2023 8:22,5914
4/24/2023 8:32,5767
4/24/2023 8:42,5848
4/24/2023 8:52,5595
4/24/2023 9:02,5845
4/24/2023 9:12,5572
4/24/2023 9:22,5690
4/24/2023 9:32,5676
4/24/2023 9:42,5676
4/24/2023 9:52,5797
4/24/2023 10:02,5809
4/24/2023 10:12,5985
4/24/2023 10:22,5779
4/24/2023 10:32,5794
4/24/2023 10:42,5806
4/24/2023 10:52,5673
4/24/2023 11:02,5872
4/24/2023 11:12,5752
4/24/2023 11:22,6022
4/24/2023 11:32,5833
4/24/2023 11:42,5740
4/24/2023 11:52,5738
4/24/2023 12:02,5845
4/24/2023 12:12,5914
4/24/2023 12:22,5887
4/24/2023 12:32,5740
4/24/2023 12:42,5809
4/24/2023 12:52,5875
4/24/2023 13:02,5930
4/24/2023 13:12,5785
4/24/2023 13:22,5848
4/24/2023 13:32,5794
4/24/2023 13:42,5973
4/24/2023 13:52,5595
4/24/2023 14:02,6041
4/24/2023 14:13,5779
4/24/2023 14:23,5899
4/24/2023 14:33,6038
4/24/2023 14:43,5985
4/24/2023 14:53,5942
4/24/2023 15:03,5942
4/24/2023 15:13,5875
4/24/2023 15:23,5942
4/24/2023 15:33,5957
4/24/2023 15:43,5945
4/24/2023 15:53,5930
4/24/2023 16:03,6069
4/24/2023 16:13,6267
4/24/2023 16:23,5848
4/24/2023 16:33,6126
4/24/2023 16:43,5726
4/24/2023 16:53,6069
4/24/2023 17:03,6377
4/24/2023 17:13,6001
4/24/2023 17:23,5942
4/24/2023 17:33,6057
4/24/2023 17:43,6159
4/24/2023 17:53,6155
4/24/2023 18:03,6225
4/24/2023 18:13,6180
4/24/2023 18:23,6288
4/24/2023 18:33,6159
4/24/2023 18:43,6057
4/24/2023 18:53,6292
4/24/2023 19:03,6138
4/24/2023 19:13,6534
4/24/2023 19:23,4711
4/24/2023 19:33,4847
4/24/2023 19:43,4854
4/24/2023 19:53,4733
4/24/2023 20:03,4385
4/24/2023 20:13,4187
4/24/2023 20:23,4092
4/24/2023 20:33,4178
4/24/2023 20:43,3915
4/24/2023 20:53,3997
4/24/2023 21:03,3781
4/24/2023 21:13,4205
4/24/2023 21:23,3797
4/24/2023 21:33,3712
4/24/2023 21:43,3781
4/24/2023 21:53,3411
4/24/2023 22:03,3590
4/24/2023 22:13,3616
4/24/2023 22:23,3360
4/24/2023 22:33,3682
4/24/2023 22:43,4072
4/24/2023 22:53,3687
4/24/2023 23:04,3960
4/24/2023 23:14,3558
4/24/2023 23:24,3434
4/24/2023 23:34,3869
4/24/2023 23:44,3922
4/24/2023 23:54,3705
4/25/2023 0:04,3331
4/25/2023 0:14,3434
4/25/2023 0:24,3492
4/25/2023 0:34,3502
4/25/2023 0:44,3580
4/25/2023 0:54,3206
4/25/2023 1:04,3347
4/25/2023 1:14,3328
4/25/2023 1:24,3243
4/25/2023 1:34,3312
4/25/2023 1:44,3415
4/25/2023 1:54,3296
4/25/2023 2:04,3176
4/25/2023 2:14,3265
4/25/2023 2:24,3392
4/25/2023 2:34,3506
4/25/2023 2:44,3278
4/25/2023 2:54,3212
4/25/2023 3:04,3148
4/25/2023 3:14,3222
4/25/2023 3:24,3405
4/25/2023 3:34,3252
4/25/2023 3:44,3380
4/25/2023 3:54,3115
4/25/2023 4:04,3219
4/25/2023 4:14,3228
4/25/2023 4:24,3219
4/25/2023 4:34,3392
4/25/2023 4:44,3206
4/25/2023 4:54,3240
4/25/2023 5:04,3085
4/25/2023 5:14,3130
4/25/2023 5:24,3281
4/25/2023 5:34,3188
4/25/2023 5:44,3312
4/25/2023 5:54,3228
4/25/2023 6:04,3207
4/25/2023 6:14,3203
4/25/2023 6:24,3103
4/25/2023 6:34,3133
4/25/2023 6:44,3152
4/25/2023 6:54,3073
4/25/2023 7:04,3188
4/25/2023 7:14,3167
4/25/2023 7:24,3197
4/25/2023 7:34,3009
4/25/2023 7:44,3047
4/25/2023 7:54,3121
4/25/2023 8:05,3050
4/25/2023 8:15,2983
4/25/2023 8:25,3032
4/25/2023 8:35,3056
4/25/2023 8:45,2983
4/25/2023 8:55,2940
4/25/2023 9:05,3071
4/25/2023 9:15,3056
4/25/2023 9:25,3032
4/25/2023 9:35,3006
4/25/2023 9:45,3012
4/25/2023 9:55,3077
4/25/2023 10:05,3103
4/25/2023 10:15,3009
4/25/2023 10:25,2963
4/25/2023 10:35,2988
4/25/2023 10:45,3053
4/25/2023 10:55,2883
4/25/2023 11:05,3012
4/25/2023 11:15,2827
4/25/2023 11:25,2902
4/25/2023 11:35,3100
4/25/2023 11:45,2917
4/25/2023 11:55,2925
4/25/2023 12:05,2791
4/25/2023 12:15,2799
4/25/2023 12:25,2897
4/25/2023 12:35,2864
4/25/2023 12:45,2750
4/25/2023 12:55,2767
4/25/2023 13:05,2832
4/25/2023 13:15,2818
4/25/2023 13:25,2865
4/25/2023 13:35,2841
4/25/2023 13:45,2822
4/25/2023 13:55,2791
4/25/2023 14:05,2672
4/25/2023 14:15,2818
4/25/2023 14:25,2742
4/25/2023 14:35,2674
4/25/2023 14:45,2832
4/25/2023 14:55,2785
4/25/2023 15:05,2777
4/25/2023 15:15,2704
4/25/2023 15:25,2664
4/25/2023 15:35,2782
4/25/2023 15:45,2714
4/25/2023 15:55,2799
4/25/2023 16:05,2695
4/25/2023 16:15,2705
4/25/2023 16:25,2726
4/25/2023 16:35,2699
4/25/2023 16:46,2736
4/25/2023 16:56,2731
4/25/2023 17:06,2691
4/25/2023 17:16,2677
4/25/2023 17:26,2709
4/25/2023 17:36,2709
4/25/2023 17:46,2818
4/25/2023 17:56,2642
4/25/2023 18:06,2748
4/25/2023 18:16,2655
4/25/2023 18:26,2686
4/25/2023 18:36,2768
4/25/2023 18:46,2709
4/25/2023 18:56,2655
4/25/2023 19:06,2651
4/25/2023 19:16,2717
4/25/2023 19:26,2669
4/25/2023 19:36,2700
4/25/2023 19:46,2577
4/25/2023 19:56,2621
4/25/2023 20:06,2772
4/25/2023 20:16,2581
4/25/2023 20:26,2714
4/25/2023 20:36,2745
4/25/2023 20:46,2551
4/25/2023 20:56,2677
4/25/2023 21:06,2659
4/25/2023 21:16,2594
4/25/2023 21:26,3952
4/25/2023 21:36,4561
4/25/2023 21:46,4810
4/25/2023 21:56,4853
4/25/2023 22:06,4614
4/25/2023 22:16,4876
4/25/2023 22:26,5335
4/25/2023 22:36,4646
4/25/2023 22:46,4733
4/25/2023 22:56,4583
4/25/2023 23:06,4551
4/25/2023 23:16,4603
4/25/2023 23:26,4572
4/25/2023 23:36,4179
4/25/2023 23:46,4530
4/25/2023 23:56,4277
4/26/2023 0:06,4105
4/26/2023 0:16,4075
4/26/2023 0:26,4037
4/26/2023 0:36,4142
4/26/2023 0:46,3841
4/26/2023 0:56,3835
4/26/2023 1:06,3889
4/26/2023 1:16,3721
4/26/2023 1:26,3721
4/26/2023 1:37,3721
4/26/2023 1:47,3861
4/26/2023 1:57,3853
4/26/2023 2:07,4034
4/26/2023 2:17,3443
4/26/2023 2:27,3660
4/26/2023 2:37,3878
4/26/2023 2:47,3626
4/26/2023 2:57,3590
4/26/2023 3:07,3633
4/26/2023 3:17,3719
4/26/2023 3:27,3497
4/26/2023 3:37,3643
4/26/2023 3:47,3474
4/26/2023 3:57,3476
4/26/2023 4:07,3516
4/26/2023 4:17,3648
4/26/2023 4:27,3466
4/26/2023 4:37,3378
4/26/2023 4:47,3392
4/26/2023 4:57,3508
4/26/2023 5:07,3331
4/26/2023 5:17,3328
4/26/2023 5:27,3582
4/26/2023 5:37,3397
4/26/2023 5:47,3353
4/26/2023 5:57,3568
4/26/2023 6:07,3424
4/26/2023 6:17,3312
4/26/2023 6:27,3466
4/26/2023 6:37,3344
4/26/2023 6:47,3328
4/26/2023 6:57,3392
4/26/2023 7:07,3466
4/26/2023 7:17,3473
4/26/2023 7:27,3331
4/26/2023 7:37,3189
4/26/2023 7:47,3427
4/26/2023 7:57,3240
4/26/2023 8:07,3115
4/26/2023 8:17,3308
4/26/2023 8:27,3231
4/26/2023 8:37,3197
4/26/2023 8:47,3206
4/26/2023 8:57,3268
4/26/2023 9:07,3222
4/26/2023 9:17,3231
4/26/2023 9:27,3231
4/26/2023 9:37,3302
4/26/2023 9:47,3185
4/26/2023 9:57,3185
4/26/2023 10:07,3071
4/26/2023 10:17,3206
4/26/2023 10:28,3059
4/26/2023 10:38,3074
4/26/2023 10:48,3024
4/26/2023 10:58,3145
4/26/2023 11:08,3039
4/26/2023 11:18,3176
4/26/2023 11:28,3071
4/26/2023 11:38,3133
4/26/2023 11:48,3118
4/26/2023 11:58,2980
4/26/2023 12:08,2988
4/26/2023 12:18,2977
4/26/2023 12:28,3062
4/26/2023 12:38,2968
4/26/2023 12:48,2956
4/26/2023 12:58,2983
4/26/2023 13:08,3015
4/26/2023 13:18,2892
4/26/2023 13:28,2997
4/26/2023 13:38,2888
4/26/2023 13:48,2940
4/26/2023 13:58,2915
4/26/2023 14:08,3021
4/26/2023 14:18,2892
4/26/2023 14:28,2894
4/26/2023 14:38,2952
4/26/2023 14:48,3015
4/26/2023 14:58,2864
4/26/2023 15:08,2966
4/26/2023 15:18,2986
4/26/2023 15:28,3030
4/26/2023 15:38,2929
4/26/2023 15:48,2846
4/26/2023 15:58,2934
4/26/2023 16:08,2878
4/26/2023 16:18,2920
4/26/2023 16:28,2885
4/26/2023 16:38,2874
4/26/2023 16:48,2940
4/26/2023 16:58,2897
4/26/2023 17:08,2940
4/26/2023 17:18,2925
4/26/2023 17:28,2997
4/26/2023 17:38,2954
4/26/2023 17:48,2844
4/26/2023 17:58,2818
4/26/2023 18:08,2974
4/26/2023 18:18,3009
4/26/2023 18:28,3009
4/26/2023 18:38,2902
4/26/2023 18:48,2791
4/26/2023 18:58,2897
4/26/2023 19:09,2988
4/26/2023 19:19,2813
4/26/2023 19:29,2874
4/26/2023 19:39,2963
4/26/2023 19:49,2974
4/26/2023 19:59,2860
4/26/2023 20:09,2832
4/26/2023 20:19,2869
4/26/2023 20:29,2868
4/26/2023 20:39,2885
4/26/2023 20:49,2758
4/26/2023 20:59,2874
4/26/2023 21:09,2871
4/26/2023 21:19,2799
4/26/2023 21:29,2880
4/26/2023 21:39,2672
4/26/2023 21:49,2947
4/26/2023 21:59,2818
4/26/2023 22:09,2945
4/26/2023 22:19,2832
4/26/2023 22:29,2922
4/26/2023 22:39,2880
4/26/2023 22:49,2758
4/26/2023 22:59,2786
4/26/2023 23:09,2874
4/26/2023 23:19,2782
4/26/2023 23:29,2874
4/26/2023 23:39,2908
4/26/2023 23:49,2813
4/26/2023 23:59,2846
4/27/2023 0:09,2837
4/27/2023 0:19,2888
4/27/2023 0:29,2695
4/27/2023 0:39,2860
4/27/2023 0:49,2804
4/27/2023 0:59,2804
4/27/2023 1:09,2827
4/27/2023 1:19,2836
4/27/2023 1:29,2777
4/27/2023 1:39,2908
4/27/2023 1:49,2832
4/27/2023 1:59,2763
4/27/2023 2:09,2960
4/27/2023 2:19,2902
4/27/2023 2:29,2832
4/27/2023 2:39,2952
4/27/2023 2:49,2804
4/27/2023 2:59,2823
4/27/2023 3:09,2786
4/27/2023 3:19,2883
4/27/2023 3:29,2786
4/27/2023 3:39,2902
4/27/2023 3:49,2942
4/27/2023 3:59,2894
4/27/2023 4:10,2713
4/27/2023 4:20,2832
4/27/2023 4:30,2813
4/27/2023 4:40,2741
4/27/2023 4:50,2945
4/27/2023 5:00,2982
4/27/2023 5:10,2808
4/27/2023 5:20,2874
4/27/2023 5:30,2945
4/27/2023 5:40,2988
4/27/2023 5:50,3018
4/27/2023 6:00,2985
4/27/2023 6:10,2951
4/27/2023 6:20,2980
4/27/2023 6:30,2968
4/27/2023 6:40,2988
4/27/2023 6:50,2965
4/27/2023 7:00,3023
4/27/2023 7:10,2936
4/27/2023 7:20,2922
4/27/2023 7:30,2936
4/27/2023 7:40,2909
4/27/2023 7:50,2945
4/27/2023 8:00,2818
4/27/2023 8:10,2911
4/27/2023 8:20,2968
4/27/2023 8:30,3053
4/27/2023 8:40,2929
4/27/2023 8:50,2954
4/27/2023 9:00,2820
4/27/2023 9:10,2801
4/27/2023 9:20,2892
4/27/2023 9:30,2817
4/27/2023 9:40,2900
4/27/2023 9:50,2883
4/27/2023 10:00,2757
4/27/2023 10:10,2853
4/27/2023 10:20,2794
4/27/2023 10:30,2798
4/27/2023 10:40,2699
4/27/2023 10:50,2740
4/27/2023 11:00,2808
4/27/2023 11:10,2765
4/27/2023 11:20,2694
4/27/2023 11:30,2775
4/27/2023 11:40,2718
4/27/2023 11:50,2732
4/27/2023 12:00,2770
4/27/2023 12:10,2676
4/27/2023 12:20,2803
4/27/2023 12:30,2752
4/27/2023 12:40,2853
4/27/2023 12:50,2830
4/27/2023 13:01,2844
4/27/2023 13:11,2780
4/27/2023 13:21,2716
4/27/2023 13:31,2673
4/27/2023 13:41,2966
4/27/2023 13:51,2881
4/27/2023 14:01,2977
4/27/2023 14:11,2867
4/27/2023 14:21,2867
4/27/2023 14:31,2935
4/27/2023 14:41,2900
4/27/2023 14:51,2943
4/27/2023 15:01,2943
4/27/2023 15:11,2867
4/27/2023 15:21,2915
4/27/2023 15:31,2892
4/27/2023 15:41,2886
4/27/2023 15:51,2872
4/27/2023 16:01,2836
4/27/2023 16:11,2917
4/27/2023 16:21,2955
4/27/2023 16:31,2938
4/27/2023 16:41,2943
4/27/2023 16:51,2872
4/27/2023 17:01,2957
4/27/2023 17:11,3001
4/27/2023 17:21,2900
4/27/2023 17:31,2915
4/27/2023 17:41,3030
4/27/2023 17:51,2980
4/27/2023 18:01,2915
4/27/2023 18:11,3015
4/27/2023 18:21,3015
4/27/2023 18:31,3068
4/27/2023 18:41,2892
4/27/2023 18:51,3006
4/27/2023 19:01,3127
4/27/2023 19:11,3071
4/27/2023 19:21,2940
4/27/2023 19:31,3001
4/27/2023 19:41,3109
4/27/2023 19:51,3109
4/27/2023 20:01,3200
4/27/2023 20:11,2938
4/27/2023 20:21,2917
4/27/2023 20:31,3109
4/27/2023 20:41,3039
4/27/2023 20:51,3030
4/27/2023 21:01,2927
4/27/2023 21:11,2977
4/27/2023 21:21,3021
4/27/2023 21:31,3103
4/27/2023 21:42,3035
4/27/2023 21:52,3014
4/27/2023 22:02,3098
4/27/2023 22:12,3015
4/27/2023 22:22,2988
4/27/2023 22:32,2977
4/27/2023 22:42,3115
4/27/2023 22:52,3089
4/27/2023 23:02,3224
4/27/2023 23:12,3021
4/27/2023 23:22,3185
4/27/2023 23:32,3115
4/27/2023 23:42,3118
4/27/2023 23:52,3077
4/28/2023 0:02,3118
4/28/2023 0:12,3148
4/28/2023 0:22,3080
4/28/2023 0:32,3179
4/28/2023 0:42,3185
4/28/2023 0:52,3109
4/28/2023 1:02,3080
4/28/2023 1:12,3154
4/28/2023 1:22,3231
4/28/2023 1:32,3179
4/28/2023 1:42,2986
4/28/2023 1:52,3324
4/28/2023 2:02,3296
4/28/2023 2:12,3185
4/28/2023 2:22,3161
4/28/2023 2:32,3173
4/28/2023 2:42,3035
4/28/2023 2:52,3179
4/28/2023 3:02,3124
4/28/2023 3:12,3191
4/28/2023 3:22,3215
4/28/2023 3:32,3209
4/28/2023 3:42,3243
4/28/2023 3:52,3306
4/28/2023 4:02,3293
4/28/2023 4:12,3200
4/28/2023 4:22,3321
4/28/2023 4:32,3191
4/28/2023 4:42,3337
4/28/2023 4:52,3080
4/28/2023 5:02,3185
4/28/2023 5:12,3347
4/28/2023 5:22,3362
4/28/2023 5:32,3394
4/28/2023 5:42,3362
4/28/2023 5:52,3245
4/28/2023 6:02,3369
4/28/2023 6:12,3418
4/28/2023 6:22,3385
4/28/2023 6:32,3385
4/28/2023 6:43,3427
4/28/2023 6:53,3347
4/28/2023 7:03,3378
4/28/2023 7:13,3469
4/28/2023 7:23,3231
4/28/2023 7:33,3347
4/28/2023 7:43,3462
4/28/2023 7:53,3388
4/28/2023 8:03,3404
4/28/2023 8:13,3365
4/28/2023 8:23,3185
4/28/2023 8:33,3200
4/28/2023 8:43,3255
4/28/2023 8:53,3237
4/28/2023 9:03,3264
4/28/2023 9:13,3203
4/28/2023 9:23,3365
4/28/2023 9:33,3361
4/28/2023 9:43,3298
4/28/2023 9:53,3212
4/28/2023 10:03,3142
4/28/2023 10:13,3390
4/28/2023 10:23,3194
4/28/2023 10:33,3311
4/28/2023 10:43,3333
4/28/2023 10:53,3448
4/28/2023 11:03,3243
4/28/2023 11:13,3236
4/28/2023 11:23,3361
4/28/2023 11:33,3197
4/28/2023 11:43,3274
4/28/2023 11:53,3308
4/28/2023 12:03,3416
4/28/2023 12:13,3374
4/28/2023 12:23,3406
4/28/2023 12:33,3305
4/28/2023 12:43,3197
4/28/2023 12:53,3390
4/28/2023 13:03,3212
4/28/2023 13:13,3504
4/28/2023 13:23,3302
4/28/2023 13:33,3448
4/28/2023 13:43,3307
4/28/2023 13:53,3448
4/28/2023 14:03,3320
4/28/2023 14:13,3553
4/28/2023 14:23,3506
4/28/2023 14:33,3497
4/28/2023 14:43,3439
4/28/2023 14:53,3530
4/28/2023 15:03,3464
4/28/2023 15:13,3343
4/28/2023 15:24,3580
4/28/2023 15:34,3386
4/28/2023 15:44,3580
4/28/2023 15:54,3592
4/28/2023 16:04,3497
4/28/2023 16:14,3621
4/28/2023 16:24,3530
4/28/2023 16:34,3296
4/28/2023 16:44,3637
4/28/2023 16:54,3681
4/28/2023 17:04,3637
4/28/2023 17:14,3455
4/28/2023 17:24,3530
4/28/2023 17:34,3570
4/28/2023 17:44,3628
4/28/2023 17:54,3568
4/28/2023 18:04,3618
4/28/2023 18:14,3570
4/28/2023 18:24,3679
4/28/2023 18:34,3750
4/28/2023 18:44,3776
4/28/2023 18:54,3687
4/28/2023 19:04,3827
4/28/2023 19:14,3689
4/28/2023 19:24,3645
4/28/2023 19:34,3589
4/28/2023 19:44,3752
4/28/2023 19:54,3756
4/28/2023 20:04,3731
4/28/2023 20:14,3596
4/28/2023 20:24,3645
4/28/2023 20:34,3917
4/28/2023 20:44,3872
4/28/2023 20:54,3811
4/28/2023 21:04,3845
4/28/2023 21:14,3766
4/28/2023 21:24,3706
4/28/2023 21:34,3587
4/28/2023 21:44,3890
4/28/2023 21:54,3982
4/28/2023 22:04,3748
4/28/2023 22:14,3864
4/28/2023 22:24,3872
4/28/2023 22:34,3791
4/28/2023 22:44,3654
4/28/2023 22:54,3963
4/28/2023 23:04,3970
4/28/2023 23:14,3925
4/28/2023 23:24,3956
4/28/2023 23:34,3739
4/28/2023 23:44,3945
4/28/2023 23:54,3962
4/29/2023 0:05,3874
4/29/2023 0:15,3714
4/29/2023 0:25,3892
4/29/2023 0:35,4102
4/29/2023 0:45,3918
4/29/2023 0:55,3837
4/29/2023 1:05,3899
4/29/2023 1:15,3827
4/29/2023 1:25,3819
4/29/2023 1:35,4027
4/29/2023 1:45,3941
4/29/2023 1:55,4019
4/29/2023 2:05,4000
4/29/2023 2:15,4047
4/29/2023 2:25,3918
4/29/2023 2:35,3982
4/29/2023 2:45,4189
4/29/2023 2:55,4113
4/29/2023 3:05,4037
4/29/2023 3:15,4037
4/29/2023 3:25,3936
4/29/2023 3:35,4029
4/29/2023 3:45,4104
4/29/2023 3:55,4105
4/29/2023 4:05,4248
4/29/2023 4:15,4218
4/29/2023 4:25,3918
4/29/2023 4:35,4083
4/29/2023 4:45,3945
4/29/2023 4:55,4356
4/29/2023 5:05,4114
4/29/2023 5:15,4019
4/29/2023 5:25,4019
4/29/2023 5:35,4094
4/29/2023 5:45,4104
4/29/2023 5:55,4189
4/29/2023 6:05,4161
4/29/2023 6:15,4009
4/29/2023 6:25,4287
4/29/2023 6:35,4238
4/29/2023 6:45,4188
4/29/2023 6:55,4229
4/29/2023 7:05,3962
4/29/2023 7:15,4189
4/29/2023 7:25,4190
4/29/2023 7:35,4337
4/29/2023 7:45,4267
4/29/2023 7:55,4114
4/29/2023 8:05,4288
4/29/2023 8:15,4114
4/29/2023 8:25,4085
4/29/2023 8:35,4208
4/29/2023 8:45,4152
4/29/2023 8:56,4252
4/29/2023 9:06,4220
4/29/2023 9:16,4162
4/29/2023 9:26,4020
4/29/2023 9:36,4347
4/29/2023 9:46,4199
4/29/2023 9:56,4114
4/29/2023 10:06,3993
4/29/2023 10:16,4067
4/29/2023 10:26,4268
4/29/2023 10:36,4398
4/29/2023 10:46,4161
4/29/2023 10:56,4249
4/29/2023 11:06,4307
4/29/2023 11:16,4094
4/29/2023 11:26,4133
4/29/2023 11:36,4162
4/29/2023 11:46,4230
4/29/2023 11:56,4277
4/29/2023 12:06,4297
4/29/2023 12:16,4377
4/29/2023 12:26,4277
4/29/2023 12:36,4199
4/29/2023 12:46,4387
4/29/2023 12:56,4297
4/29/2023 13:06,4210
4/29/2023 13:16,4307
4/29/2023 13:26,4307
4/29/2023 13:36,4171
4/29/2023 13:46,4020
4/29/2023 13:56,4132
4/29/2023 14:06,4297
4/29/2023 14:16,4439
4/29/2023 14:26,4347
4/29/2023 14:36,4337
4/29/2023 14:46,4387
4/29/2023 14:56,4190
4/29/2023 15:06,4220
4/29/2023 15:16,4297
4/29/2023 15:26,4214
4/29/2023 15:36,4308
4/29/2023 15:46,4259
4/29/2023 15:56,4510
4/29/2023 16:06,4220
4/29/2023 16:16,4448
4/29/2023 16:26,4479
4/29/2023 16:36,4327
4/29/2023 16:46,4428
4/29/2023 16:56,4469
4/29/2023 17:06,4337
4/29/2023 17:16,4625
4/29/2023 17:26,4319
4/29/2023 17:37,4327
4/29/2023 17:47,4277
4/29/2023 17:57,4417
4/29/2023 18:07,4531
4/29/2023 18:17,4418
4/29/2023 18:27,4408
4/29/2023 18:37,4438
4/29/2023 18:47,4417
4/29/2023 18:57,4469
4/29/2023 19:07,4510
4/29/2023 19:17,4604
4/29/2023 19:27,4449
4/29/2023 19:37,4657
4/29/2023 19:47,4700
4/29/2023 19:57,4798
4/29/2023 20:07,4552
4/29/2023 20:17,4809
4/29/2023 20:27,4615
4/29/2023 20:37,4541
4/29/2023 20:47,4722
4/29/2023 20:57,4700
4/29/2023 21:07,4367
4/29/2023 21:17,4842
4/29/2023 21:27,4765
4/29/2023 21:37,4625
4/29/2023 21:47,4865
4/29/2023 21:57,4689
4/29/2023 22:07,4820
4/29/2023 22:17,4920
4/29/2023 22:27,4700
4/29/2023 22:37,4831
4/29/2023 22:47,4843
4/29/2023 22:57,4722
4/29/2023 23:07,4711
4/29/2023 23:17,4899
4/29/2023 23:27,4932
4/29/2023 23:37,4700
4/29/2023 23:47,5024
4/29/2023 23:57,4787
4/30/2023 0:07,4820
4/30/2023 0:17,4668
4/30/2023 0:27,4572
4/30/2023 0:37,4711
4/30/2023 0:47,4910
4/30/2023 0:57,4625
4/30/2023 1:07,4722
4/30/2023 1:17,4743
4/30/2023 1:27,4743
4/30/2023 1:37,4932
4/30/2023 1:47,4842
4/30/2023 1:57,4865
4/30/2023 2:07,4668
4/30/2023 2:17,5117
4/30/2023 2:28,4910
4/30/2023 2:38,4876
4/30/2023 2:48,4457
4/30/2023 2:58,4910
4/30/2023 3:08,4820
4/30/2023 3:18,4899
4/30/2023 3:28,4776
4/30/2023 3:38,4668
4/30/2023 3:48,4854
4/30/2023 3:58,4990
4/30/2023 4:08,4955
4/30/2023 4:18,4944
4/30/2023 4:28,4820
4/30/2023 4:38,5001
4/30/2023 4:48,4798
4/30/2023 4:58,4831
4/30/2023 5:08,4821
4/30/2023 5:18,4689
4/30/2023 5:28,4910
4/30/2023 5:38,4810
4/30/2023 5:48,5013
4/30/2023 5:58,4978
4/30/2023 6:08,4722
4/30/2023 6:18,4765
4/30/2023 6:28,4754
4/30/2023 6:38,4787
4/30/2023 6:48,4809
4/30/2023 6:58,4876
4/30/2023 7:08,4831
4/30/2023 7:18,5001
4/30/2023 7:28,4668
4/30/2023 7:38,4831
4/30/2023 7:48,4944
4/30/2023 7:58,4865
4/30/2023 8:08,4798
4/30/2023 8:18,4820
4/30/2023 8:28,4955
4/30/2023 8:38,4798
4/30/2023 8:48,4876
4/30/2023 8:58,4732
4/30/2023 9:08,4809
4/30/2023 9:18,4700
4/30/2023 9:28,4743
4/30/2023 9:38,4842
4/30/2023 9:48,4733
4/30/2023 9:58,4625
4/30/2023 10:08,4809
4/30/2023 10:18,4722
4/30/2023 10:28,4732
4/30/2023 10:38,4625
4/30/2023 10:48,4583
4/30/2023 10:58,4809
4/30/2023 11:08,4615
4/30/2023 11:18,4700
4/30/2023 11:29,4541
4/30/2023 11:39,4820
4/30/2023 11:49,4657
4/30/2023 11:59,4459
4/30/2023 12:09,4820
4/30/2023 12:19,4615
4/30/2023 12:29,5047
4/30/2023 12:39,4943
4/30/2023 12:49,4798
4/30/2023 12:59,4977
4/30/2023 13:09,4976
4/30/2023 13:19,4700
4/30/2023 13:29,4831
4/30/2023 13:39,4961
4/30/2023 13:49,5163
4/30/2023 13:59,5069
4/30/2023 14:09,5080
4/30/2023 14:19,4886
4/30/2023 14:29,5022
4/30/2023 14:39,4999
4/30/2023 14:49,5139
4/30/2023 14:59,5139
4/30/2023 15:09,5163
4/30/2023 15:19,5115
4/30/2023 15:29,5035
4/30/2023 15:39,5342
4/30/2023 15:49,5022
4/30/2023 15:59,5210
4/30/2023 16:09,4954
4/30/2023 16:19,5139
4/30/2023 16:29,5210
4/30/2023 16:39,5162
4/30/2023 16:49,5272
4/30/2023 16:59,5162
4/30/2023 17:09,5357
4/30/2023 17:19,5162
4/30/2023 17:29,5295
4/30/2023 17:39,5418
4/30/2023 17:49,5368
4/30/2023 17:59,5295
4/30/2023 18:09,5380
4/30/2023 18:19,5332
4/30/2023 18:29,5429
4/30/2023 18:39,5518
4/30/2023 18:49,5443
4/30/2023 18:59,5443
4/30/2023 19:09,5518
4/30/2023 19:19,5481
4/30/2023 19:29,5357
4/30/2023 19:39,5635
4/30/2023 19:49,5458
4/30/2023 20:00,5272
4/30/2023 20:10,5505
4/30/2023 20:20,5583
4/30/2023 20:30,5456
4/30/2023 20:40,5740
4/30/2023 20:50,5570
4/30/2023 21:00,5558
4/30/2023 21:10,5623
4/30/2023 21:20,5470
4/30/2023 21:30,5688
4/30/2023 21:40,5836
4/30/2023 21:50,5887
4/30/2023 22:00,5755
4/30/2023 22:10,5809
4/30/2023 22:20,5755
4/30/2023 22:30,5635
4/30/2023 22:40,5872
4/30/2023 22:50,5597
4/30/2023 23:00,5714
4/30/2023 23:10,5902
4/30/2023 23:20,5714
4/30/2023 23:30,6025
4/30/2023 23:40,5595
4/30/2023 23:50,5740
5/1/2023 0:00,5767
5/1/2023 0:10,5970
5/1/2023 0:20,5918
5/1/2023 0:30,5905
5/1/2023 0:40,5782
5/1/2023 0:50,5863
5/1/2023 1:00,5821
5/1/2023 1:10,5661
5/1/2023 1:20,5532
5/1/2023 1:30,5623
5/1/2023 1:40,5902
5/1/2023 1:50,5944
5/1/2023 2:00,5649
5/1/2023 2:10,5918
5/1/2023 2:20,5985
5/1/2023 2:30,5875
5/1/2023 2:40,5887
5/1/2023 2:50,5848
5/1/2023 3:00,6010
5/1/2023 3:10,5833
5/1/2023 3:20,6271
5/1/2023 3:30,5740
5/1/2023 3:40,5994
5/1/2023 3:50,5782
5/1/2023 4:00,5661
5/1/2023 4:10,5918
5/1/2023 4:20,5973
5/1/2023 4:30,5863
5/1/2023 4:40,6041
5/1/2023 4:51,6098
5/1/2023 5:01,5957
5/1/2023 5:11,5970
5/1/2023 5:21,5676
5/1/2023 5:31,6041
5/1/2023 5:41,6016
5/1/2023 5:51,5918
5/1/2023 6:01,5809
5/1/2023 6:11,5887
5/1/2023 6:21,5985
5/1/2023 6:31,5848
5/1/2023 6:41,5597
5/1/2023 6:51,6016
5/1/2023 7:01,6098
5/1/2023 7:11,5794
5/1/2023 7:21,5930
5/1/2023 7:31,5918
5/1/2023 7:41,5824
5/1/2023 7:51,5930
5/1/2023 8:01,5902
5/1/2023 8:11,6025
5/1/2023 8:21,5942
5/1/2023 8:31,5583
5/1/2023 8:41,6126
5/1/2023 8:51,5483
5/1/2023 9:01,5647
5/1/2023 9:11,5875
5/1/2023 9:21,6013
5/1/2023 9:31,5848
5/1/2023 9:41,5726
5/1/2023 9:51,5779
5/1/2023 10:01,5581
5/1/2023 10:11,5927
5/1/2023 10:21,5791
5/1/2023 10:31,5833
5/1/2023 10:41,5848
5/1/2023 10:51,5803
5/1/2023 11:01,5779
5/1/2023 11:11,5738
5/1/2023 11:21,5966
5/1/2023 11:31,5726
5/1/2023 11:41,5872
5/1/2023 11:51,5899
5/1/2023 12:01,6094
5/1/2023 12:11,5942
5/1/2023 12:21,6066
5/1/2023 12:31,6135
5/1/2023 12:41,6250
5/1/2023 12:51,6208
5/1/2023 13:01,6196
5/1/2023 13:11,6038
5/1/2023 13:21,6094
5/1/2023 13:32,6094
5/1/2023 13:42,6221
5/1/2023 13:52,6368
5/1/2023 14:02,6082
5/1/2023 14:12,6031
5/1/2023 14:22,5567
5/1/2023 14:32,6229
5/1/2023 14:42,6062
5/1/2023 14:52,6409
5/1/2023 15:02,6428
5/1/2023 15:12,6398
5/1/2023 15:22,6549
5/1/2023 15:32,6606
5/1/2023 15:42,6488
5/1/2023 15:52,6580
5/1/2023 16:02,6176
5/1/2023 16:12,6705
5/1/2023 16:22,6180
5/1/2023 16:32,6673
5/1/2023 16:42,6904
5/1/2023 16:52,6642
5/1/2023 17:02,6673
5/1/2023 17:12,6801
5/1/2023 17:22,6950
5/1/2023 17:32,6655
5/1/2023 17:42,6833
5/1/2023 17:52,6769
5/1/2023 18:02,6865
5/1/2023 18:12,6898
5/1/2023 18:22,6769
5/1/2023 18:32,7030
5/1/2023 18:42,7131
5/1/2023 18:52,7199
5/1/2023 19:02,6769
5/1/2023 19:12,7282
5/1/2023 19:22,7199
5/1/2023 19:32,7165
5/1/2023 19:42,6878
5/1/2023 19:52,7388
5/1/2023 20:02,7417
5/1/2023 20:12,7431
5/1/2023 20:22,7303
5/1/2023 20:32,7396
5/1/2023 20:42,7523
5/1/2023 20:52,7138
5/1/2023 21:02,7388
5/1/2023 21:12,7084
5/1/2023 21:22,7481
5/1/2023 21:32,7360
5/1/2023 21:42,7613
5/1/2023 21:52,7396
5/1/2023 22:03,7234
5/1/2023 22:13,7431
5/1/2023 22:23,7220
5/1/2023 22:33,7311
5/1/2023 22:43,7220
5/1/2023 22:53,7517
5/1/2023 23:03,7585
5/1/2023 23:13,7445
5/1/2023 23:23,7540
5/1/2023 23:33,7687
5/1/2023 23:43,7417
5/1/2023 23:53,7650
5/2/2023 0:03,7650
5/2/2023 0:13,6885
5/2/2023 0:23,7325
5/2/2023 0:33,7503
5/2/2023 0:43,7517
5/2/2023 0:53,7467
5/2/2023 1:03,7540
5/2/2023 1:13,7503
5/2/2023 1:23,7325
5/2/2023 1:33,7562
5/2/2023 1:43,7843
5/2/2023 1:53,7613
5/2/2023 2:03,7431
5/2/2023 2:13,7636
5/2/2023 2:23,7084
5/2/2023 2:33,7467
5/2/2023 2:43,7636
5/2/2023 2:53,7710
5/2/2023 3:03,7664
5/2/2023 3:13,7838
5/2/2023 3:23,7585
5/2/2023 3:33,7838
5/2/2023 3:43,7467
5/2/2023 3:53,7562
5/2/2023 4:03,7453
5/2/2023 4:13,7824
5/2/2023 4:23,7824
5/2/2023 4:33,7848
5/2/2023 4:43,7925
5/2/2023 4:53,7540
5/2/2023 5:03,7862
5/2/2023 5:13,7886
5/2/2023 5:23,7489
5/2/2023 5:33,7786
5/2/2023 5:43,7517
5/2/2023 5:53,7585
5/2/2023 6:03,6101
5/2/2023 6:13,5322
5/2/2023 6:23,5761
5/2/2023 6:33,5827
5/2/2023 6:44,5719
5/2/2023 6:54,5642
5/2/2023 7:04,5766
5/2/2023 7:14,5460
5/2/2023 7:24,5410
5/2/2023 7:34,5666
5/2/2023 7:44,5785
5/2/2023 7:54,5499
5/2/2023 8:04,5869
5/2/2023 8:14,5707
5/2/2023 8:24,5787
5/2/2023 8:34,5361
5/2/2023 8:44,5802
5/2/2023 8:54,5576
5/2/2023 9:04,5869
5/2/2023 9:14,5912
5/2/2023 9:24,5995
5/2/2023 9:34,5590
5/2/2023 9:44,5642
5/2/2023 9:54,5842
5/2/2023 10:04,5802
5/2/2023 10:14,5854
5/2/2023 10:24,5398
5/2/2023 10:34,5277
5/2/2023 10:44,5288
5/2/2023 10:54,5188
5/2/2023 11:04,5095
5/2/2023 11:14,5108
5/2/2023 11:24,5049
5/2/2023 11:34,5084
5/2/2023 11:44,5084
5/2/2023 11:54,4755
5/2/2023 12:04,4689
5/2/2023 12:14,4877
5/2/2023 12:24,4980
5/2/2023 12:34,4572
5/2/2023 12:44,4821
5/2/2023 12:54,4519
5/2/2023 13:04,4852
5/2/2023 13:14,4436
5/2/2023 13:24,4689
5/2/2023 13:34,4345
5/2/2023 13:44,4467
5/2/2023 13:54,4345
5/2/2023 14:04,4572
5/2/2023 14:14,4196
5/2/2023 14:24,4034
5/2/2023 14:34,4355
5/2/2023 14:44,3978
5/2/2023 14:54,3917
5/2/2023 15:04,3843
5/2/2023 15:14,4042
5/2/2023 15:25,3741
5/2/2023 15:35,3933
5/2/2023 15:45,3997
5/2/2023 15:55,3925
5/2/2023 16:05,3772
5/2/2023 16:15,3843
5/2/2023 16:25,3549
5/2/2023 16:35,3539
5/2/2023 16:45,3702
5/2/2023 16:55,3658
5/2/2023 17:05,3392
5/2/2023 17:15,3490
5/2/2023 17:25,3539
5/2/2023 17:35,3549
5/2/2023 17:45,3394
5/2/2023 17:55,3607
5/2/2023 18:05,3401
5/2/2023 18:15,3450
5/2/2023 18:25,3450
5/2/2023 18:35,3337
5/2/2023 18:45,3492
5/2/2023 18:55,3321
5/2/2023 19:05,3353
5/2/2023 19:15,3513
5/2/2023 19:25,3417
5/2/2023 19:35,3344
5/2/2023 19:45,3357
5/2/2023 19:55,3431
5/2/2023 20:05,3188
5/2/2023 20:15,3210
5/2/2023 20:25,3047
5/2/2023 20:35,3136
5/2/2023 20:45,3478
5/2/2023 20:55,3136
5/2/2023 21:05,3082
5/2/2023 21:15,3225
5/2/2023 21:25,3158
5/2/2023 21:35,3170
5/2/2023 21:45,3158
5/2/2023 21:55,3085
5/2/2023 22:05,3059
5/2/2023 22:15,3041
5/2/2023 22:25,3124
5/2/2023 22:35,2922
5/2/2023 22:45,3012
5/2/2023 22:55,2992
5/2/2023 23:05,3127
5/2/2023 23:15,3041
5/2/2023 23:25,3231
5/2/2023 23:35,3041
5/2/2023 23:45,3219
5/2/2023 23:55,2974
5/3/2023 0:05,3203
5/3/2023 0:15,3209
5/3/2023 0:26,3124
5/3/2023 0:36,2874
5/3/2023 0:46,3118
5/3/2023 0:56,2865
5/3/2023 1:06,3179
5/3/2023 1:16,3047
5/3/2023 1:26,2897
5/3/2023 1:36,3109
5/3/2023 1:46,2846
5/3/2023 1:56,3188
5/3/2023 2:06,2911
5/3/2023 2:16,3064
5/3/2023 2:26,3127
5/3/2023 2:36,3006
5/3/2023 2:46,2874
5/3/2023 2:56,3038
5/3/2023 3:06,3155
5/3/2023 3:16,2830
5/3/2023 3:26,2857
5/3/2023 3:36,2823
5/3/2023 3:46,2968
5/3/2023 3:56,3027
5/3/2023 4:06,2820
5/3/2023 4:16,3032
5/3/2023 4:26,3050
5/3/2023 4:36,2908
5/3/2023 4:46,2742
5/3/2023 4:56,2880
5/3/2023 5:06,2933
5/3/2023 5:16,2945
5/3/2023 5:26,2968
5/3/2023 5:36,2945
5/3/2023 5:46,2936
5/3/2023 5:56,2994
5/3/2023 6:06,2936
5/3/2023 6:16,3014
5/3/2023 6:26,3053
5/3/2023 6:36,2988
5/3/2023 6:46,3917
5/3/2023 6:56,2820
5/3/2023 7:06,2823
5/3/2023 7:16,2880
5/3/2023 7:26,2894
5/3/2023 7:36,2917
5/3/2023 7:46,2965
5/3/2023 7:56,2908
5/3/2023 8:06,2796
5/3/2023 8:16,2851
5/3/2023 8:26,2865
5/3/2023 8:36,2851
5/3/2023 8:46,2655
5/3/2023 8:56,2851
5/3/2023 9:06,2908
5/3/2023 9:17,2880
5/3/2023 9:27,2823
5/3/2023 9:37,2791
5/3/2023 9:47,2865
5/3/2023 9:57,2700
5/3/2023 10:07,2832
5/3/2023 10:17,2760
5/3/2023 10:27,2700
5/3/2023 10:37,2813
5/3/2023 10:47,2644
5/3/2023 10:57,2820
5/3/2023 11:07,2801
5/3/2023 11:17,2698
5/3/2023 11:27,2526
5/3/2023 11:37,2801
5/3/2023 11:47,2804
5/3/2023 11:57,2798
5/3/2023 12:07,2736
5/3/2023 12:17,2709
5/3/2023 12:27,2779
5/3/2023 12:37,2741
5/3/2023 12:47,2633
5/3/2023 12:57,2695
5/3/2023 13:07,2594
5/3/2023 13:17,2727
5/3/2023 13:27,2669
5/3/2023 13:37,2736
5/3/2023 13:47,2585
5/3/2023 13:57,2642
5/3/2023 14:07,2695
5/3/2023 14:17,2669
5/3/2023 14:27,2664
5/3/2023 14:37,2687
5/3/2023 14:47,2637
5/3/2023 14:57,2709
5/3/2023 15:07,2577
5/3/2023 15:17,2651
5/3/2023 15:27,2646
5/3/2023 15:37,2572
5/3/2023 15:47,2697
5/3/2023 15:57,2645
5/3/2023 16:07,2582
5/3/2023 16:17,2449
5/3/2023 16:27,2603
5/3/2023 16:37,2810
5/3/2023 16:47,2928
5/3/2023 16:57,2801
5/3/2023 17:07,2903
5/3/2023 17:17,2945
5/3/2023 17:27,3021
5/3/2023 17:37,3667
5/3/2023 17:47,3690
5/3/2023 17:58,3650
5/3/2023 18:08,3825
5/3/2023 18:18,3925
5/3/2023 18:28,3970
5/3/2023 18:38,4178
5/3/2023 18:48,3970
5/3/2023 18:58,4120
5/3/2023 19:08,4148
5/3/2023 19:18,3907
5/3/2023 19:28,4017
5/3/2023 19:38,3781
5/3/2023 19:48,3917
5/3/2023 19:58,3843
5/3/2023 20:08,3772
5/3/2023 20:18,3877
5/3/2023 20:28,3485
5/3/2023 20:38,3721
5/3/2023 20:48,3490
5/3/2023 20:58,3729
5/3/2023 21:08,3457
5/3/2023 21:18,3385
5/3/2023 21:28,3612
5/3/2023 21:38,3511
5/3/2023 21:48,3518
5/3/2023 21:58,3308
5/3/2023 22:08,3454
5/3/2023 22:18,3549
5/3/2023 22:28,3490
5/3/2023 22:38,3243
5/3/2023 22:48,3340
5/3/2023 22:58,3148
5/3/2023 23:08,3215
5/3/2023 23:18,3041
5/3/2023 23:28,3429
5/3/2023 23:38,3328
5/3/2023 23:48,3176
5/3/2023 23:58,3361
5/4/2023 0:08,3188
5/4/2023 0:18,3369
5/4/2023 0:28,3185
5/4/2023 0:38,3112
5/4/2023 0:48,3130
5/4/2023 0:58,3136
5/4/2023 1:08,3281
5/4/2023 1:18,3231
5/4/2023 1:28,2931
5/4/2023 1:38,3309
5/4/2023 1:48,3085
5/4/2023 1:58,3192
5/4/2023 2:08,3091
5/4/2023 2:18,3082
5/4/2023 2:28,3136
5/4/2023 2:38,3133
5/4/2023 2:49,2832
5/4/2023 2:59,3088
5/4/2023 3:09,3062
5/4/2023 3:19,3102
5/4/2023 3:29,3012
5/4/2023 3:39,3056
5/4/2023 3:49,3118
5/4/2023 3:59,3228
5/4/2023 4:09,3234
5/4/2023 4:19,3035
5/4/2023 4:29,3219
5/4/2023 4:39,3097
5/4/2023 4:49,3082
5/4/2023 4:59,2986
5/4/2023 5:09,3109
5/4/2023 5:19,3115
5/4/2023 5:29,3003
5/4/2023 5:39,3173
5/4/2023 5:49,3164
5/4/2023 5:59,3077
5/4/2023 6:09,3068
5/4/2023 6:19,2956
5/4/2023 6:29,3056
5/4/2023 6:39,3219
5/4/2023 6:49,3106
5/4/2023 6:59,3203
5/4/2023 7:09,3191
5/4/2023 7:19,3656
5/4/2023 7:29,3044
5/4/2023 7:39,3127
5/4/2023 7:49,3073
5/4/2023 7:59,3062
5/4/2023 8:09,2988
5/4/2023 8:19,3118
5/4/2023 8:29,3142
5/4/2023 8:39,3077
5/4/2023 8:49,3068
5/4/2023 8:59,3091
5/4/2023 9:09,3053
5/4/2023 9:19,2945
5/4/2023 9:29,2974
5/4/2023 9:39,2860
5/4/2023 9:49,2965
5/4/2023 9:59,2954
5/4/2023 10:09,3009
5/4/2023 10:19,2878
5/4/2023 10:29,2813
5/4/2023 10:39,2880
5/4/2023 10:49,2888
5/4/2023 10:59,2742
5/4/2023 11:09,2769
5/4/2023 11:19,2709
5/4/2023 11:29,2722
5/4/2023 11:40,2731
5/4/2023 11:50,2651
5/4/2023 12:00,2777
5/4/2023 12:10,2791
5/4/2023 12:20,2753
5/4/2023 12:30,2763
5/4/2023 12:40,2659
5/4/2023 12:50,2606
5/4/2023 13:00,2695
5/4/2023 13:10,2664
5/4/2023 13:20,2686
5/4/2023 13:30,2726
5/4/2023 13:40,2659
5/4/2023 13:50,2620
5/4/2023 14:00,2681
5/4/2023 14:10,2753
5/4/2023 14:20,2699
5/4/2023 14:30,2704
5/4/2023 14:40,2713
5/4/2023 14:50,2886
5/4/2023 15:00,2722
5/4/2023 15:10,2691
5/4/2023 15:20,2799
5/4/2023 15:30,2694
5/4/2023 15:40,2654
5/4/2023 15:50,2708
5/4/2023 16:00,2598
5/4/2023 16:10,2664
5/4/2023 16:20,2655
5/4/2023 16:30,2651
5/4/2023 16:40,2714
5/4/2023 16:50,2686
5/4/2023 17:00,2660
5/4/2023 17:10,2722
5/4/2023 17:20,2577
5/4/2023 17:30,2616
5/4/2023 17:40,2760
5/4/2023 17:50,2709
5/4/2023 18:00,2698
5/4/2023 18:10,2691
5/4/2023 18:20,2669
5/4/2023 18:30,2767
5/4/2023 18:40,2700
5/4/2023 18:50,2629
5/4/2023 19:00,2669
5/4/2023 19:10,2695
5/4/2023 19:20,2695
5/4/2023 19:30,2755
5/4/2023 19:40,2607
5/4/2023 19:50,2732
5/4/2023 20:00,2705
5/4/2023 20:10,2700
5/4/2023 20:21,2470
5/4/2023 20:31,2682
5/4/2023 20:41,2599
5/4/2023 20:51,2590
5/4/2023 21:01,2594
5/4/2023 21:11,2593
5/4/2023 21:21,2481
5/4/2023 21:31,2581
5/4/2023 21:41,2687
5/4/2023 21:51,2642
5/4/2023 22:01,2572
5/4/2023 22:11,2727
5/4/2023 22:21,2553
5/4/2023 22:31,2727
5/4/2023 22:41,2714
5/4/2023 22:51,2652
5/4/2023 23:01,2568
5/4/2023 23:11,2615
5/4/2023 23:21,2482
5/4/2023 23:31,2615
5/4/2023 23:41,2758
5/4/2023 23:51,2580
5/5/2023 0:01,2647
5/5/2023 0:11,2521
5/5/2023 0:21,2547
5/5/2023 0:31,2629
5/5/2023 0:41,2495
5/5/2023 0:51,2695
5/5/2023 1:01,2655
5/5/2023 1:11,2462
5/5/2023 1:21,2598
5/5/2023 1:31,2629
5/5/2023 1:41,2624
5/5/2023 1:51,2611
5/5/2023 2:01,2624
5/5/2023 2:11,2714
5/5/2023 2:21,2604
5/5/2023 2:31,2655
5/5/2023 2:41,2647
5/5/2023 2:51,2677
5/5/2023 3:01,2736
5/5/2023 3:11,2778
5/5/2023 3:21,2709
5/5/2023 3:31,2677
5/5/2023 3:41,2801
5/5/2023 3:51,2736
5/5/2023 4:01,2799
5/5/2023 4:11,2616
5/5/2023 4:21,2767
5/5/2023 4:31,2726
5/5/2023 4:41,2637
5/5/2023 4:51,2551
5/5/2023 5:02,2773
5/5/2023 5:12,2818
5/5/2023 5:22,2687
5/5/2023 5:32,2768
5/5/2023 5:42,2791
5/5/2023 5:52,2750
5/5/2023 6:02,2755
5/5/2023 6:12,2589
5/5/2023 6:22,2946
5/5/2023 6:32,2853
5/5/2023 6:42,2722
5/5/2023 6:52,2827
5/5/2023 7:02,2692
5/5/2023 7:12,2820
5/5/2023 7:22,2746
5/5/2023 7:32,2888
5/5/2023 7:42,2796
5/5/2023 7:52,2818
5/5/2023 8:02,2841
5/5/2023 8:12,2672
5/5/2023 8:22,2860
5/5/2023 8:32,2742
5/5/2023 8:42,2722
5/5/2023 8:52,2745
5/5/2023 9:02,2827
5/5/2023 9:12,2777
5/5/2023 9:22,2798
5/5/2023 9:32,2616
5/5/2023 9:42,2763
5/5/2023 9:52,2740
5/5/2023 10:02,2682
5/5/2023 10:12,2731
5/5/2023 10:22,2767
5/5/2023 10:32,2748
5/5/2023 10:42,2781
5/5/2023 10:52,2704
5/5/2023 11:02,2765
5/5/2023 11:12,2735
5/5/2023 11:22,2478
5/5/2023 11:32,2664
5/5/2023 11:42,2589
5/5/2023 11:52,2590
5/5/2023 12:02,2698
5/5/2023 12:12,2567
5/5/2023 12:22,2748
5/5/2023 12:32,2817
5/5/2023 12:42,2748
5/5/2023 12:52,2730
5/5/2023 13:02,2803
5/5/2023 13:12,2794
5/5/2023 13:22,2811
5/5/2023 13:32,2878
5/5/2023 13:43,2844
5/5/2023 13:53,2780
5/5/2023 14:03,2834
5/5/2023 14:13,2864
5/5/2023 14:23,2915
5/5/2023 14:33,2722
5/5/2023 14:43,2864
5/5/2023 14:53,2798
5/5/2023 15:03,2811
5/5/2023 15:13,2867
5/5/2023 15:23,2969
5/5/2023 15:33,2900
5/5/2023 15:43,2825
5/5/2023 15:53,2977
5/5/2023 16:03,2957
5/5/2023 16:13,2775
5/5/2023 16:23,2895
5/5/2023 16:33,2943
5/5/2023 16:43,2923
5/5/2023 16:53,2915
5/5/2023 17:03,2886
5/5/2023 17:13,2929
5/5/2023 17:23,2900
5/5/2023 17:33,2980
5/5/2023 17:43,3015
5/5/2023 17:53,2844
5/5/2023 18:03,2938
5/5/2023 18:13,3030
5/5/2023 18:23,3053
5/5/2023 18:33,2830
5/5/2023 18:43,3024
5/5/2023 18:53,2915
5/5/2023 19:03,3109
5/5/2023 19:13,3115
5/5/2023 19:23,2934
5/5/2023 19:33,3089
5/5/2023 19:43,3074
5/5/2023 19:53,2957
5/5/2023 20:03,3006
5/5/2023 20:13,3148
5/5/2023 20:23,2864
5/5/2023 20:33,2934
5/5/2023 20:43,2820
5/5/2023 20:53,3023
5/5/2023 21:03,3206
5/5/2023 21:13,2900
5/5/2023 21:23,3222
5/5/2023 21:33,2920
5/5/2023 21:43,3133
5/5/2023 21:53,3163
5/5/2023 22:03,3080
5/5/2023 22:13,3145
5/5/2023 22:24,3182
5/5/2023 22:34,3277
5/5/2023 22:44,3222
5/5/2023 22:54,3277
5/5/2023 23:04,3306
5/5/2023 23:14,3194
5/5/2023 23:24,3234
5/5/2023 23:34,3065
5/5/2023 23:44,3277
5/5/2023 23:54,3264
5/6/2023 0:04,3404
5/6/2023 0:14,3080
5/6/2023 0:24,3200
5/6/2023 0:34,3340
5/6/2023 0:44,3345
5/6/2023 0:54,3404
5/6/2023 1:04,3185
5/6/2023 1:14,3353
5/6/2023 1:24,3508
5/6/2023 1:34,3422
5/6/2023 1:44,3365
5/6/2023 1:54,3508
5/6/2023 2:04,3356
5/6/2023 2:14,3340
5/6/2023 2:24,3246
5/6/2023 2:34,3478
5/6/2023 2:44,3413
5/6/2023 2:54,3463
5/6/2023 3:04,3443
5/6/2023 3:14,3616
5/6/2023 3:24,3388
5/6/2023 3:34,3643
5/6/2023 3:44,3462
5/6/2023 3:54,3476
5/6/2023 4:04,3388
5/6/2023 4:14,3448
5/6/2023 4:24,3567
5/6/2023 4:34,3544
5/6/2023 4:44,3756
5/6/2023 4:54,3679
5/6/2023 5:04,3558
5/6/2023 5:14,3568
5/6/2023 5:24,3394
5/6/2023 5:34,3609
5/6/2023 5:44,3525
5/6/2023 5:54,3665
5/6/2023 6:04,3677
5/6/2023 6:14,3518
5/6/2023 6:24,3599
5/6/2023 6:34,3687
5/6/2023 6:44,3712
5/6/2023 6:54,3731
5/6/2023 7:05,3787
5/6/2023 7:15,3729
5/6/2023 7:25,3616
5/6/2023 7:35,3611
5/6/2023 7:45,3781
5/6/2023 7:55,3523
5/6/2023 8:05,3687
5/6/2023 8:15,3748
5/6/2023 8:25,3739
5/6/2023 8:35,3801
5/6/2023 8:45,3783
5/6/2023 8:55,3527
5/6/2023 9:05,3635
5/6/2023 9:15,3587
5/6/2023 9:25,3754
5/6/2023 9:35,3721
5/6/2023 9:45,3604
5/6/2023 9:55,3494
5/6/2023 10:05,3874
5/6/2023 10:15,3504
5/6/2023 10:25,3758
5/6/2023 10:35,3706
5/6/2023 10:45,3487
5/6/2023 10:55,3480
5/6/2023 11:05,3758
5/6/2023 11:15,3587
5/6/2023 11:25,3731
5/6/2023 11:35,3645
5/6/2023 11:45,3563
5/6/2023 11:55,3471
5/6/2023 12:05,3750
5/6/2023 12:15,3846
5/6/2023 12:25,3814
5/6/2023 12:35,3750
5/6/2023 12:45,3830
5/6/2023 12:55,3795
5/6/2023 13:05,3760
5/6/2023 13:15,3866
5/6/2023 13:25,3829
5/6/2023 13:35,3838
5/6/2023 13:45,3803
5/6/2023 13:55,3917
5/6/2023 14:05,3647
5/6/2023 14:15,3758
5/6/2023 14:25,3946
5/6/2023 14:35,3936
5/6/2023 14:45,3679
5/6/2023 14:55,3819
5/6/2023 15:05,3902
5/6/2023 15:15,3876
5/6/2023 15:25,3993
5/6/2023 15:35,4049
5/6/2023 15:46,3861
5/6/2023 15:56,3948
5/6/2023 16:06,4003
5/6/2023 16:16,4034
5/6/2023 16:26,4003
5/6/2023 16:36,3993
5/6/2023 16:46,4010
5/6/2023 16:56,3912
5/6/2023 17:06,3821
5/6/2023 17:16,4115
5/6/2023 17:26,4085
5/6/2023 17:36,4115
5/6/2023 17:46,4086
5/6/2023 17:56,4080
5/6/2023 18:06,4020
5/6/2023 18:16,4011
5/6/2023 18:26,4161
5/6/2023 18:36,4124
5/6/2023 18:46,3920
5/6/2023 18:56,3987
5/6/2023 19:06,4086
5/6/2023 19:16,4199
5/6/2023 19:26,4095
5/6/2023 19:36,4133
5/6/2023 19:46,3848
5/6/2023 19:56,4010
5/6/2023 20:06,4181
5/6/2023 20:16,3890
5/6/2023 20:26,4047
5/6/2023 20:36,4171
5/6/2023 20:46,4104
5/6/2023 20:56,4357
5/6/2023 21:06,4188
5/6/2023 21:16,4317
5/6/2023 21:26,4095
5/6/2023 21:36,4327
5/6/2023 21:46,4143
5/6/2023 21:56,4287
5/6/2023 22:06,4105
5/6/2023 22:16,4499
5/6/2023 22:26,4238
5/6/2023 22:36,4267
5/6/2023 22:46,4190
5/6/2023 22:56,4327
5/6/2023 23:06,4408
5/6/2023 23:16,4105
5/6/2023 23:26,4469
5/6/2023 23:36,4218
5/6/2023 23:46,4510
5/6/2023 23:56,4428
5/7/2023 0:06,4152
5/7/2023 0:17,4338
5/7/2023 0:27,4288
5/7/2023 0:37,4288
5/7/2023 0:47,4171
5/7/2023 0:57,4190
5/7/2023 1:07,4152
5/7/2023 1:17,4448
5/7/2023 1:27,4318
5/7/2023 1:37,4358
5/7/2023 1:47,4510
5/7/2023 1:57,4171
5/7/2023 2:07,4387
5/7/2023 2:17,4219
5/7/2023 2:27,4190
5/7/2023 2:37,4095
5/7/2023 2:47,4337
5/7/2023 2:57,4190
5/7/2023 3:07,4306
5/7/2023 3:17,4114
5/7/2023 3:27,4573
5/7/2023 3:37,4171
5/7/2023 3:47,4336
5/7/2023 3:57,4367
5/7/2023 4:07,4438
5/7/2023 4:17,4479
5/7/2023 4:27,4327
5/7/2023 4:37,4520
5/7/2023 4:47,4397
5/7/2023 4:57,4520
5/7/2023 5:07,4562
5/7/2023 5:17,4427
5/7/2023 5:27,4509
5/7/2023 5:37,4604
5/7/2023 5:47,4438
5/7/2023 5:57,4520
5/7/2023 6:07,4377
5/7/2023 6:17,4478
5/7/2023 6:27,4562
5/7/2023 6:37,4367
5/7/2023 6:47,4417
5/7/2023 6:57,4453
5/7/2023 7:07,4458
5/7/2023 7:17,4499
5/7/2023 7:27,4625
5/7/2023 7:37,4551
5/7/2023 7:47,4593
5/7/2023 7:57,4584
5/7/2023 8:07,4551
5/7/2023 8:17,4572
5/7/2023 8:27,4378
5/7/2023 8:37,4458
5/7/2023 8:47,4180
5/7/2023 8:58,4614
5/7/2023 9:08,4276
5/7/2023 9:18,4427
5/7/2023 9:28,4315
5/7/2023 9:38,4387
5/7/2023 9:48,4489
5/7/2023 9:58,4453
5/7/2023 10:08,4605
5/7/2023 10:18,4417
5/7/2023 10:28,4151
5/7/2023 10:38,4337
5/7/2023 10:48,4364
5/7/2023 10:58,4424
5/7/2023 11:08,4481
5/7/2023 11:18,4754
5/7/2023 11:28,4594
5/7/2023 11:38,4448
5/7/2023 11:48,4490
5/7/2023 11:58,4328
5/7/2023 12:08,4210
5/7/2023 12:18,4500
5/7/2023 12:28,4562
5/7/2023 12:38,4646
5/7/2023 12:48,4732
5/7/2023 12:58,4657
5/7/2023 13:08,4700
5/7/2023 13:18,4531
5/7/2023 13:28,4722
5/7/2023 13:38,4842
5/7/2023 13:48,4604
5/7/2023 13:58,4921
5/7/2023 14:08,4679
5/7/2023 14:18,4678
5/7/2023 14:28,4809
5/7/2023 14:38,4820
5/7/2023 14:48,4853
5/7/2023 14:58,4765
5/7/2023 15:08,4831
5/7/2023 15:18,4886
5/7/2023 15:28,4657
5/7/2023 15:38,4510
5/7/2023 15:48,4909
5/7/2023 15:58,4743
5/7/2023 16:08,4853
5/7/2023 16:18,4831
5/7/2023 16:28,4625
5/7/2023 16:38,4732
5/7/2023 16:48,4809
5/7/2023 16:58,4932
5/7/2023 17:08,4887
5/7/2023 17:18,5222
5/7/2023 17:29,4909
5/7/2023 17:39,5023
5/7/2023 17:49,5151
5/7/2023 17:59,5176
5/7/2023 18:09,5058
5/7/2023 18:19,5062
5/7/2023 18:29,4978
5/7/2023 18:39,5037
5/7/2023 18:49,5187
5/7/2023 18:59,5187
5/7/2023 19:09,5170
5/7/2023 19:19,5046
5/7/2023 19:29,5248
5/7/2023 19:39,5235
5/7/2023 19:49,5283
5/7/2023 19:59,5140
5/7/2023 20:09,5164
5/7/2023 20:19,5212
5/7/2023 20:29,5163
5/7/2023 20:39,5023
5/7/2023 20:49,5321
5/7/2023 20:59,5211
5/7/2023 21:09,5176
5/7/2023 21:19,5623
5/7/2023 21:29,5236
5/7/2023 21:39,5128
5/7/2023 21:49,5381
5/7/2023 21:59,5470
5/7/2023 22:09,5702
5/7/2023 22:19,5383
5/7/2023 22:29,5235
5/7/2023 22:39,5523
5/7/2023 22:49,5260
5/7/2023 22:59,5321
5/7/2023 23:09,5186
5/7/2023 23:19,5420
5/7/2023 23:29,5597
5/7/2023 23:39,5770
5/7/2023 23:49,5270
5/7/2023 23:59,5456
5/8/2023 0:09,5635
5/8/2023 0:19,5433
5/8/2023 0:29,5532
5/8/2023 0:39,5236
5/8/2023 0:49,5818
5/8/2023 0:59,5493
5/8/2023 1:09,5583
5/8/2023 1:19,5673
5/8/2023 1:29,5456
5/8/2023 1:39,5445
5/8/2023 1:49,5520
5/8/2023 2:00,5714
5/8/2023 2:10,5507
5/8/2023 2:20,5635
5/8/2023 2:30,5408
5/8/2023 2:40,5431
5/8/2023 2:50,5456
5/8/2023 3:00,5647
5/8/2023 3:10,5470
5/8/2023 3:20,5930
5/8/2023 3:30,5767
5/8/2023 3:40,5583
5/8/2023 3:50,5470
5/8/2023 4:00,5548
5/8/2023 4:10,5532
5/8/2023 4:20,5445
5/8/2023 4:30,5572
5/8/2023 4:40,5612
5/8/2023 4:50,5621
5/8/2023 5:00,5600
5/8/2023 5:10,5797
5/8/2023 5:20,5890
5/8/2023 5:30,5738
5/8/2023 5:40,5767
5/8/2023 5:50,5623
5/8/2023 6:00,5649
5/8/2023 6:10,5779
5/8/2023 6:20,5621
5/8/2023 6:30,5509
5/8/2023 6:40,5676
5/8/2023 6:50,6101
5/8/2023 7:00,5857
5/8/2023 7:10,5445
5/8/2023 7:20,5446
5/8/2023 7:30,5758
5/8/2023 7:40,5690
5/8/2023 7:50,5652
5/8/2023 8:00,5851
5/8/2023 8:10,5652
5/8/2023 8:20,6117
5/8/2023 8:30,5638
5/8/2023 8:40,5638
5/8/2023 8:50,5612
5/8/2023 9:00,5612
5/8/2023 9:10,5755
5/8/2023 9:20,5782
5/8/2023 9:30,5597
5/8/2023 9:40,5635
5/8/2023 9:50,5688
5/8/2023 10:00,5583
5/8/2023 10:10,5649
5/8/2023 10:20,5609
5/8/2023 10:30,5702
5/8/2023 10:40,5558
5/8/2023 10:51,5752
5/8/2023 11:01,5558
5/8/2023 11:11,5699
5/8/2023 11:21,5726
5/8/2023 11:31,5860
5/8/2023 11:41,5726
5/8/2023 11:51,5860
5/8/2023 12:01,5752
5/8/2023 12:11,5833
5/8/2023 12:21,5752
5/8/2023 12:31,5970
5/8/2023 12:41,5872
5/8/2023 12:51,6122
5/8/2023 13:01,6151
5/8/2023 13:11,6151
5/8/2023 13:21,6082
5/8/2023 13:31,5744
5/8/2023 13:41,5914
5/8/2023 13:51,5982
5/8/2023 14:01,6106
5/8/2023 14:11,6296
5/8/2023 14:21,6192
5/8/2023 14:31,6208
5/8/2023 14:41,6038
5/8/2023 14:51,6309
5/8/2023 15:01,6119
5/8/2023 15:11,6267
5/8/2023 15:21,6254
5/8/2023 15:31,6398
5/8/2023 15:41,6221
5/8/2023 15:51,6250
5/8/2023 16:01,6445
5/8/2023 16:11,6208
5/8/2023 16:21,6724
5/8/2023 16:31,6478
5/8/2023 16:41,6549
5/8/2023 16:51,6458
5/8/2023 17:01,6580
5/8/2023 17:11,6598
5/8/2023 17:21,6536
5/8/2023 17:31,6616
5/8/2023 17:41,6567
5/8/2023 17:51,6852
5/8/2023 18:01,6787
5/8/2023 18:11,6865
5/8/2023 18:21,6950
5/8/2023 18:31,6660
5/8/2023 18:41,6983
5/8/2023 18:51,6990
5/8/2023 19:01,6673
5/8/2023 19:11,7104
5/8/2023 19:22,6673
5/8/2023 19:32,7124
5/8/2023 19:42,7165
5/8/2023 19:52,6838
5/8/2023 20:02,6917
5/8/2023 20:12,6917
5/8/2023 20:22,7124
5/8/2023 20:32,6983
5/8/2023 20:42,6950
5/8/2023 20:52,7118
5/8/2023 21:02,7104
5/8/2023 21:12,7562
5/8/2023 21:22,7290
5/8/2023 21:32,7220
5/8/2023 21:42,7262
5/8/2023 21:52,6983
5/8/2023 22:02,7249
5/8/2023 22:12,7360
5/8/2023 22:22,7489
5/8/2023 22:32,7622
5/8/2023 22:42,6970
5/8/2023 22:52,7063
5/8/2023 23:02,7673
5/8/2023 23:12,7118
5/8/2023 23:22,7165
5/8/2023 23:32,7576
5/8/2023 23:42,7241
5/8/2023 23:52,7111
5/9/2023 0:02,7311
5/9/2023 0:12,7484
5/9/2023 0:22,7526
5/9/2023 0:32,7520
5/9/2023 0:42,7526
5/9/2023 0:52,7604
5/9/2023 1:02,7636
5/9/2023 1:12,7576
5/9/2023 1:22,7724
5/9/2023 1:32,7503
5/9/2023 1:42,7800
5/9/2023 1:52,7346
5/9/2023 2:02,7453
5/9/2023 2:12,7650
5/9/2023 2:22,7339
5/9/2023 2:32,7220
5/9/2023 2:42,7673
5/9/2023 2:52,7939
5/9/2023 3:02,7579
5/9/2023 3:12,7871
5/9/2023 3:22,7848
5/9/2023 3:32,7687
5/9/2023 3:42,7540
5/9/2023 3:53,7622
5/9/2023 4:03,7325
5/9/2023 4:13,7576
5/9/2023 4:23,7613
5/9/2023 4:33,7562
5/9/2023 4:43,7748
5/9/2023 4:53,7949
5/9/2023 5:03,7786
5/9/2023 5:13,7622
5/9/2023 5:23,7636
5/9/2023 5:33,7467
5/9/2023 5:43,7613
5/9/2023 5:53,7901
5/9/2023 6:03,7838
5/9/2023 6:13,7748
5/9/2023 6:23,7701
5/9/2023 6:33,7562
5/9/2023 6:43,7576
5/9/2023 6:53,7636
5/9/2023 7:03,7636
5/9/2023 7:13,7333
5/9/2023 7:23,7734
5/9/2023 7:33,7719
5/9/2023 7:43,7540
5/9/2023 7:53,7498
5/9/2023 8:03,7659
5/9/2023 8:13,7512
5/9/2023 8:23,7710
5/9/2023 8:33,7795
5/9/2023 8:43,7276
5/9/2023 8:53,7771
5/9/2023 9:03,7333
5/9/2023 9:13,7319
5/9/2023 9:23,7786
5/9/2023 9:33,7724
5/9/2023 9:43,7771
5/9/2023 9:53,7548
5/9/2023 10:03,7512
5/9/2023 10:13,7786
5/9/2023 10:23,7548
5/9/2023 10:33,7639
5/9/2023 10:43,7439
5/9/2023 10:53,7683
5/9/2023 11:03,7673
5/9/2023 11:13,7417
5/9/2023 11:23,7590
5/9/2023 11:33,7687
5/9/2023 11:43,7673
5/9/2023 11:53,7673
5/9/2023 12:03,7104
5/9/2023 12:13,7325
5/9/2023 12:23,7978
5/9/2023 12:33,7993
5/9/2023 12:44,7795
5/9/2023 12:54,7929
5/9/2023 13:04,8072
5/9/2023 13:14,7290
5/9/2023 13:24,7876
5/9/2023 13:34,8101
5/9/2023 13:44,7739
5/9/2023 13:54,7862
5/9/2023 14:04,7978
5/9/2023 14:14,8155
5/9/2023 14:24,7886
5/9/2023 14:34,8232
5/9/2023 14:44,8221
5/9/2023 14:54,8152
5/9/2023 15:04,7833
5/9/2023 15:14,7929
5/9/2023 15:24,8101
5/9/2023 15:34,8192
5/9/2023 15:44,8166
5/9/2023 15:54,7824
5/9/2023 16:04,7829
5/9/2023 16:14,8166
5/9/2023 16:24,8086
5/9/2023 16:34,7968
5/9/2023 16:44,8207
5/9/2023 16:54,8218
5/9/2023 17:04,8086
5/9/2023 17:14,8314
5/9/2023 17:24,8207
5/9/2023 17:34,8356
5/9/2023 17:44,8356
5/9/2023 17:54,8192
5/9/2023 18:04,7891
5/9/2023 18:14,8412
5/9/2023 18:24,8032
5/9/2023 18:34,8273
5/9/2023 18:44,8668
5/9/2023 18:54,8356
5/9/2023 19:04,8594
5/9/2023 19:14,8244
5/9/2023 19:24,8314
5/9/2023 19:34,8768
5/9/2023 19:44,8329
5/9/2023 19:54,8828
5/9/2023 20:04,8523
5/9/2023 20:14,8481
5/9/2023 20:24,8152
5/9/2023 20:34,8314
5/9/2023 20:44,8566
5/9/2023 20:54,8481
5/9/2023 21:04,8523
5/9/2023 21:15,8652
5/9/2023 21:25,8382
5/9/2023 21:35,8637
5/9/2023 21:45,8533
5/9/2023 21:55,8768
5/9/2023 22:05,8832
5/9/2023 22:15,8724
5/9/2023 22:25,8551
5/9/2023 22:35,8753
5/9/2023 22:45,9162
5/9/2023 22:55,8680
5/9/2023 23:05,8637
5/9/2023 23:15,8680
5/9/2023 23:25,8680
5/9/2023 23:35,8724
5/9/2023 23:45,8918
5/9/2023 23:55,8886
5/10/2023 0:05,8857
5/10/2023 0:15,8579
5/10/2023 0:25,8508
5/10/2023 0:35,8680
5/10/2023 0:45,8724
5/10/2023 0:55,8566
5/10/2023 1:05,8665
5/10/2023 1:15,8652
5/10/2023 1:25,8813
5/10/2023 1:35,8828
5/10/2023 1:45,8873
5/10/2023 1:55,9100
5/10/2023 2:05,9304
5/10/2023 2:15,8918
5/10/2023 2:25,8594
5/10/2023 2:35,8873
5/10/2023 2:45,9368
5/10/2023 2:55,8857
5/10/2023 3:05,8711
5/10/2023 3:15,9320
5/10/2023 3:25,9272
5/10/2023 3:35,9008
5/10/2023 3:45,9085
5/10/2023 3:55,8963
5/10/2023 4:05,8963
5/10/2023 4:15,8828
5/10/2023 4:25,9288
5/10/2023 4:35,8784
5/10/2023 4:45,8873
5/10/2023 4:55,9241
5/10/2023 5:05,8873
5/10/2023 5:15,9069
5/10/2023 5:25,9304
5/10/2023 5:35,9272
5/10/2023 5:45,9194
5/10/2023 5:55,9288
5/10/2023 6:06,8718
5/10/2023 6:16,8842
5/10/2023 6:26,9038
5/10/2023 6:36,9194
5/10/2023 6:46,9038
5/10/2023 6:56,9147
5/10/2023 7:06,9416
5/10/2023 7:16,8859
5/10/2023 7:26,9368
5/10/2023 7:36,9240
5/10/2023 7:46,9115
5/10/2023 7:56,9194
5/10/2023 8:06,9178
5/10/2023 8:16,9023
5/10/2023 8:26,9713
5/10/2023 8:36,8916
5/10/2023 8:46,9115
5/10/2023 8:56,8977
5/10/2023 9:06,9131
5/10/2023 9:16,9162
5/10/2023 9:26,9024
5/10/2023 9:36,9024
5/10/2023 9:46,9304
5/10/2023 9:56,9288
5/10/2023 10:06,9178
5/10/2023 10:16,9131
5/10/2023 10:26,9416
5/10/2023 10:36,8680
5/10/2023 10:46,9288
5/10/2023 10:56,8523
5/10/2023 11:06,8799
5/10/2023 11:16,9400
5/10/2023 11:26,9131
5/10/2023 11:36,9320
5/10/2023 11:46,8370
5/10/2023 11:56,9054
5/10/2023 12:06,9117
5/10/2023 12:16,9384
5/10/2023 12:26,9100
5/10/2023 12:36,9336
5/10/2023 12:46,9384
5/10/2023 12:56,9480
5/10/2023 13:06,9054
5/10/2023 13:16,9696
5/10/2023 13:26,9764
5/10/2023 13:36,9713
5/10/2023 13:46,9713
5/10/2023 13:56,9563
5/10/2023 14:06,9546
5/10/2023 14:16,9882
5/10/2023 14:26,9814
5/10/2023 14:36,9814
5/10/2023 14:47,9952
5/10/2023 14:57,9481
5/10/2023 15:07,9797
5/10/2023 15:17,9832
5/10/2023 15:27,9814
5/10/2023 15:37,9865
5/10/2023 15:47,10004
5/10/2023 15:57,10203
5/10/2023 16:07,10052
5/10/2023 16:17,10237
5/10/2023 16:27,9481
5/10/2023 16:37,3164
5/10/2023 16:47,3112
5/10/2023 16:57,3344
5/10/2023 17:07,3739
5/10/2023 17:17,4293
5/10/2023 17:27,4467
5/10/2023 17:37,4991
5/10/2023 17:47,5288
5/10/2023 17:57,5645
5/10/2023 18:07,5501
5/10/2023 18:17,5552
5/10/2023 18:27,5775
5/10/2023 18:37,5477
5/10/2023 18:47,5552
5/10/2023 18:57,5227
5/10/2023 19:07,5014
5/10/2023 19:17,5276
5/10/2023 19:27,5145
5/10/2023 19:37,4722
5/10/2023 19:47,4991
5/10/2023 19:57,4957
5/10/2023 20:07,4766
5/10/2023 20:17,4550
5/10/2023 20:27,4700
5/10/2023 20:37,4477
5/10/2023 20:47,4130
5/10/2023 20:57,3952
5/10/2023 21:07,4325
5/10/2023 21:17,4007
5/10/2023 21:27,3915
5/10/2023 21:37,3968
5/10/2023 21:47,4137
5/10/2023 21:57,3905
5/10/2023 22:07,4294
5/10/2023 22:17,3869
5/10/2023 22:27,4435
5/10/2023 22:37,3597
5/10/2023 22:47,3940
5/10/2023 22:57,3648
5/10/2023 23:07,3570
5/10/2023 23:17,3719
5/10/2023 23:27,4062
5/10/2023 23:38,3590
5/10/2023 23:48,3813
5/10/2023 23:58,4081
5/11/2023 0:08,3506
5/11/2023 0:18,3607
5/11/2023 0:28,3542
5/11/2023 0:38,3643
5/11/2023 0:48,3737
5/11/2023 0:58,3735
5/11/2023 1:08,3867
5/11/2023 1:18,3281
5/11/2023 1:28,3673
5/11/2023 1:38,3434
5/11/2023 1:48,3569
5/11/2023 1:58,3996
5/11/2023 2:08,4158
5/11/2023 2:18,4561
5/11/2023 2:28,4458
5/11/2023 2:38,4911
5/11/2023 2:48,4722
5/11/2023 2:58,5072
5/11/2023 3:08,4843
5/11/2023 3:18,5912
5/11/2023 3:28,5226
5/11/2023 3:38,5001
5/11/2023 3:48,5719
5/11/2023 3:58,5690
5/11/2023 4:08,5142
5/11/2023 4:18,5191
5/11/2023 4:28,5286
5/11/2023 4:38,5373
5/11/2023 4:48,5059
5/11/2023 4:58,4990
5/11/2023 5:08,5669
5/11/2023 5:18,5785
5/11/2023 5:28,5909
5/11/2023 5:38,5678
5/11/2023 5:48,5952
5/11/2023 5:58,5842
5/11/2023 6:08,5722
5/11/2023 6:18,5763
5/11/2023 6:28,5628
5/11/2023 6:38,6048
5/11/2023 6:48,5695
5/11/2023 6:58,5550
5/11/2023 7:08,6052
5/11/2023 7:18,6036
5/11/2023 7:28,5787
5/11/2023 7:38,5602
5/11/2023 7:48,5924
5/11/2023 7:58,5693
5/11/2023 8:08,5722
5/11/2023 8:19,5719
5/11/2023 8:29,5884
5/11/2023 8:39,5400
5/11/2023 8:49,5525
5/11/2023 8:59,5421
5/11/2023 9:09,5574
5/11/2023 9:19,5693
5/11/2023 9:29,5588
5/11/2023 9:39,5779
5/11/2023 9:49,5386
5/11/2023 9:59,5857
5/11/2023 10:09,6052
5/11/2023 10:19,5693
5/11/2023 10:29,5863
5/11/2023 10:39,6195
5/11/2023 10:49,6004
5/11/2023 10:59,5976
5/11/2023 11:09,5734
5/11/2023 11:19,5746
5/11/2023 11:29,5499
5/11/2023 11:39,5536
5/11/2023 11:49,5666
5/11/2023 11:59,5799
5/11/2023 12:09,5474
5/11/2023 12:19,5400
5/11/2023 12:29,5253
5/11/2023 12:39,5386
5/11/2023 12:49,4933
5/11/2023 12:59,5116
5/11/2023 13:09,5073
5/11/2023 13:19,5049
5/11/2023 13:29,4877
5/11/2023 13:39,5073
5/11/2023 13:49,5130
5/11/2023 13:59,5736
5/11/2023 14:09,5746
5/11/2023 14:19,5884
5/11/2023 14:29,5939
5/11/2023 14:39,5666
5/11/2023 14:49,5851
5/11/2023 14:59,5814
5/11/2023 15:09,5734
5/11/2023 15:19,5201
5/11/2023 15:29,5189
5/11/2023 15:39,4832
5/11/2023 15:49,4722
5/11/2023 15:59,5142
5/11/2023 16:09,5249
5/11/2023 16:19,4744
5/11/2023 16:29,4593
5/11/2023 16:39,4509
5/11/2023 16:49,4777
5/11/2023 16:59,4593
5/11/2023 17:10,4755
5/11/2023 17:20,4636
5/11/2023 17:30,4235
5/11/2023 17:40,4572
5/11/2023 17:50,4394
5/11/2023 18:00,4245
5/11/2023 18:10,4425
5/11/2023 18:20,4206
5/11/2023 18:30,4354
5/11/2023 18:40,4385
5/11/2023 18:50,4205
5/11/2023 19:00,4043
5/11/2023 19:10,4053
5/11/2023 19:20,4053
5/11/2023 19:30,4088
5/11/2023 19:40,4138
5/11/2023 19:50,3932
5/11/2023 20:00,4156
5/11/2023 20:10,4090
5/11/2023 20:20,3885
5/11/2023 20:30,3648
5/11/2023 20:40,3902
5/11/2023 20:50,3607
5/11/2023 21:00,3975
5/11/2023 21:10,3903
5/11/2023 21:20,3582
5/11/2023 21:30,3719
5/11/2023 21:40,3903
5/11/2023 21:50,3647
5/11/2023 22:00,3337
5/11/2023 22:10,3312
5/11/2023 22:20,3259
5/11/2023 22:30,3466
5/11/2023 22:40,3464
5/11/2023 22:50,3411
5/11/2023 23:00,3306
5/11/2023 23:10,3197
5/11/2023 23:20,3228
5/11/2023 23:30,3197
5/11/2023 23:40,3028
5/11/2023 23:50,3290
5/12/2023 0:00,3091
5/12/2023 0:10,3077
5/12/2023 0:20,3306
5/12/2023 0:30,2869
5/12/2023 0:40,2988
5/12/2023 0:50,3650
5/12/2023 1:00,4315
5/12/2023 1:10,4593
5/12/2023 1:20,5793
5/12/2023 1:30,4810
5/12/2023 1:40,5300
5/12/2023 1:51,5707
5/12/2023 2:01,5576
5/12/2023 2:11,5299
5/12/2023 2:21,5536
5/12/2023 2:31,6434
5/12/2023 2:41,7180
5/12/2023 2:51,5734
5/12/2023 3:01,5734
5/12/2023 3:11,7236
5/12/2023 3:21,6071
5/12/2023 3:31,5964
5/12/2023 3:41,6421
5/12/2023 3:51,5773
5/12/2023 4:01,6048
5/12/2023 4:11,6974
5/12/2023 4:21,5734
5/12/2023 4:31,5647
5/12/2023 4:41,5550
5/12/2023 4:51,5955
5/12/2023 5:01,5337
5/12/2023 5:11,6425
5/12/2023 5:21,6318
5/12/2023 5:31,6335
5/12/2023 5:41,6461
5/12/2023 5:51,5875
5/12/2023 6:01,6116
5/12/2023 6:11,6116
5/12/2023 6:21,5401
5/12/2023 6:31,5388
5/12/2023 6:41,5527
5/12/2023 6:51,5712
5/12/2023 7:01,5529
5/12/2023 7:11,5315
5/12/2023 7:21,5266
5/12/2023 7:31,5027
5/12/2023 7:41,5442
5/12/2023 7:51,4957
5/12/2023 8:01,5229
5/12/2023 8:11,5016
5/12/2023 8:21,5353
5/12/2023 8:31,5039
5/12/2023 8:41,5194
5/12/2023 8:51,5193
5/12/2023 9:01,5085
5/12/2023 9:11,4985
5/12/2023 9:21,4733
5/12/2023 9:31,4777
5/12/2023 9:41,4711
5/12/2023 9:51,4711
5/12/2023 10:01,4134
5/12/2023 10:11,4700
5/12/2023 10:21,4722
5/12/2023 10:31,4799
5/12/2023 10:42,4624
5/12/2023 10:52,4374
5/12/2023 11:02,4425
5/12/2023 11:12,4518
5/12/2023 11:22,4234
5/12/2023 11:32,4497
5/12/2023 11:42,4283
5/12/2023 11:52,4363
5/12/2023 12:02,4224
5/12/2023 12:12,4204
5/12/2023 12:22,4353
5/12/2023 12:32,4363
5/12/2023 12:42,4282
5/12/2023 12:52,4145
5/12/2023 13:02,4293
5/12/2023 13:12,4060
5/12/2023 13:22,4194
5/12/2023 13:32,3948
5/12/2023 13:42,4373
5/12/2023 13:52,3665
5/12/2023 14:02,3700
5/12/2023 14:12,3366
5/12/2023 14:22,3457
5/12/2023 14:32,3401
5/12/2023 14:42,3392
5/12/2023 14:52,3357
5/12/2023 15:02,3272
5/12/2023 15:12,3109
5/12/2023 15:22,3506
5/12/2023 15:32,3321
5/12/2023 15:42,3281
5/12/2023 15:52,3321
5/12/2023 16:02,3353
5/12/2023 16:12,3430
5/12/2023 16:22,3344
5/12/2023 16:32,3313
5/12/2023 16:42,3250
5/12/2023 16:52,3234
5/12/2023 17:02,3256
5/12/2023 17:12,3273
5/12/2023 17:22,2859
5/12/2023 17:32,3082
5/12/2023 17:42,3112
5/12/2023 17:52,3188
5/12/2023 18:02,3219
5/12/2023 18:12,3212
5/12/2023 18:22,3179
5/12/2023 18:32,3091
5/12/2023 18:42,3158
5/12/2023 18:52,3136
5/12/2023 19:02,3047
5/12/2023 19:12,3070
5/12/2023 19:23,3073
5/12/2023 19:33,3091
5/12/2023 19:43,3112
5/12/2023 19:53,3059
5/12/2023 20:03,3073
5/12/2023 20:13,2956
5/12/2023 20:23,3103
5/12/2023 20:33,2883
5/12/2023 20:43,2818
5/12/2023 20:53,2922
5/12/2023 21:03,2763
5/12/2023 21:13,2829
5/12/2023 21:23,3050
5/12/2023 21:33,2837
5/12/2023 21:43,2939
5/12/2023 21:53,3044
5/12/2023 22:03,3032
5/12/2023 22:13,2791
5/12/2023 22:23,2982
5/12/2023 22:33,2883
5/12/2023 22:43,2867
5/12/2023 22:53,2956
5/12/2023 23:03,2758
5/12/2023 23:13,2836
5/12/2023 23:23,2813
5/12/2023 23:33,2741
5/12/2023 23:43,2722
5/12/2023 23:53,2801
5/13/2023 0:03,2931
5/13/2023 0:13,2890
5/13/2023 0:23,2829
5/13/2023 0:33,2976
5/13/2023 0:43,2837
5/13/2023 0:53,2860
5/13/2023 1:03,2917
5/13/2023 1:13,2791
5/13/2023 1:23,2857
5/13/2023 1:33,2918
5/13/2023 1:43,2848
5/13/2023 1:53,2772
5/13/2023 2:03,2638
5/13/2023 2:13,2700
5/13/2023 2:23,2682
5/13/2023 2:33,2804
5/13/2023 2:43,2703
5/13/2023 2:53,2716
5/13/2023 3:03,2697
5/13/2023 3:13,2594
5/13/2023 3:23,2697
5/13/2023 3:33,2687
5/13/2023 3:43,2942
5/13/2023 3:53,2660
5/13/2023 4:03,2763
5/13/2023 4:14,2862
5/13/2023 4:24,2746
5/13/2023 4:34,2655
5/13/2023 4:44,2782
5/13/2023 4:54,2712
5/13/2023 5:04,2843
5/13/2023 5:14,2782
5/13/2023 5:24,2755
5/13/2023 5:34,2727
5/13/2023 5:44,2991
5/13/2023 5:54,2647
5/13/2023 6:04,2991
5/13/2023 6:14,2745
5/13/2023 6:24,2947
5/13/2023 6:34,2919
5/13/2023 6:44,3029
5/13/2023 6:54,3015
5/13/2023 7:04,3215
5/13/2023 7:14,2933
5/13/2023 7:24,3070
5/13/2023 7:34,3109
5/13/2023 7:44,3335
5/13/2023 7:54,3191
5/13/2023 8:04,2857
5/13/2023 8:14,3294
5/13/2023 8:24,3344
5/13/2023 8:34,3259
5/13/2023 8:44,3173
5/13/2023 8:54,3173
5/13/2023 9:04,3250
5/13/2023 9:14,3357
5/13/2023 9:24,3121
5/13/2023 9:34,3161
5/13/2023 9:44,3231
5/13/2023 9:54,3287
5/13/2023 10:04,3188
5/13/2023 10:14,3145
5/13/2023 10:24,3303
5/13/2023 10:34,3161
5/13/2023 10:44,3353
5/13/2023 10:54,3027
5/13/2023 11:04,3027
5/13/2023 11:14,3219
5/13/2023 11:24,3197
5/13/2023 11:34,3091
5/13/2023 11:44,3050
5/13/2023 11:54,3210
5/13/2023 12:04,3079
5/13/2023 12:14,3173
5/13/2023 12:24,3077
5/13/2023 12:34,2922
5/13/2023 12:44,3079
5/13/2023 12:55,3047
5/13/2023 13:05,3158
5/13/2023 13:15,3222
5/13/2023 13:25,3381
5/13/2023 13:35,3516
5/13/2023 13:45,3568
5/13/2023 13:55,3532
5/13/2023 14:05,3669
5/13/2023 14:15,3694
5/13/2023 14:25,3626
5/13/2023 14:35,3861
5/13/2023 14:45,3687
5/13/2023 14:55,3879
5/13/2023 15:05,3667
5/13/2023 15:15,3797
5/13/2023 15:25,3575
5/13/2023 15:35,3692
5/13/2023 15:45,3616
5/13/2023 15:55,3609
5/13/2023 16:05,3710
5/13/2023 16:15,3762
5/13/2023 16:25,3480
5/13/2023 16:35,3408
5/13/2023 16:45,3508
5/13/2023 16:55,3457
5/13/2023 17:05,3457
5/13/2023 17:15,3563
5/13/2023 17:25,3687
5/13/2023 17:35,3549
5/13/2023 17:45,3648
5/13/2023 17:55,3504
5/13/2023 18:05,3389
5/13/2023 18:15,3447
5/13/2023 18:25,3487
5/13/2023 18:35,3546
5/13/2023 18:45,3471
5/13/2023 18:55,3399
5/13/2023 19:05,3563
5/13/2023 19:15,3554
5/13/2023 19:25,3647
5/13/2023 19:35,3422
5/13/2023 19:45,3513
5/13/2023 19:55,3408
5/13/2023 20:05,5013
5/13/2023 20:15,3464
5/13/2023 20:25,3487
5/13/2023 20:35,2936
5/13/2023 20:45,3344
5/13/2023 20:55,3272
5/13/2023 21:05,3228
5/13/2023 21:15,3459
5/13/2023 21:25,3945
5/13/2023 21:36,4376
5/13/2023 21:46,4489
5/13/2023 21:56,4625
5/13/2023 22:06,4625
5/13/2023 22:16,4990
5/13/2023 22:26,4910
5/13/2023 22:36,5339
5/13/2023 22:46,4754
5/13/2023 22:56,5734
5/13/2023 23:06,5012
5/13/2023 23:16,4820
5/13/2023 23:26,4955
5/13/2023 23:36,5286
5/13/2023 23:46,5306
5/13/2023 23:56,5398
5/14/2023 0:06,4990
5/14/2023 0:16,5654
5/14/2023 0:26,4978
5/14/2023 0:36,5252
5/14/2023 0:46,5758
5/14/2023 0:56,4743
5/14/2023 1:06,5071
5/14/2023 1:16,5437
5/14/2023 1:26,4933
5/14/2023 1:36,5437
5/14/2023 1:46,5761
5/14/2023 1:56,4967
5/14/2023 2:06,4754
5/14/2023 2:16,4820
5/14/2023 2:26,4956
5/14/2023 2:36,4922
5/14/2023 2:46,4636
5/14/2023 2:56,5337
5/14/2023 3:06,5262
5/14/2023 3:16,5213
5/14/2023 3:26,5262
5/14/2023 3:36,5059
5/14/2023 3:46,5177
5/14/2023 3:56,5142
5/14/2023 4:06,5117
5/14/2023 4:16,5834
5/14/2023 4:26,5734
5/14/2023 4:36,5827
5/14/2023 4:46,5410
5/14/2023 4:56,5628
5/14/2023 5:06,5758
5/14/2023 5:16,5666
5/14/2023 5:26,5719
5/14/2023 5:36,5881
5/14/2023 5:46,5827
5/14/2023 5:56,5474
5/14/2023 6:06,5715
5/14/2023 6:16,5787
5/14/2023 6:27,5602
5/14/2023 6:37,5722
5/14/2023 6:47,5263
5/14/2023 6:57,5748
5/14/2023 7:07,5448
5/14/2023 7:17,5669
5/14/2023 7:27,5215
5/14/2023 7:37,5361
5/14/2023 7:47,5191
5/14/2023 7:57,5411
5/14/2023 8:07,5095
5/14/2023 8:17,4843
5/14/2023 8:27,5239
5/14/2023 8:37,4946
5/14/2023 8:47,4657
5/14/2023 8:57,5108
5/14/2023 9:07,4593
5/14/2023 9:17,4744
5/14/2023 9:27,4711
5/14/2023 9:37,4900
5/14/2023 9:47,4722
5/14/2023 9:57,4625
5/14/2023 10:07,4733
5/14/2023 10:17,4529
5/14/2023 10:27,4365
5/14/2023 10:37,4635
5/14/2023 10:47,4582
5/14/2023 10:57,4345
5/14/2023 11:07,4457
5/14/2023 11:17,4375
5/14/2023 11:27,4225
5/14/2023 11:37,3950
5/14/2023 11:47,4657
5/14/2023 11:57,4216
5/14/2023 12:07,4217
5/14/2023 12:17,4217
5/14/2023 12:27,4294
5/14/2023 12:37,4158
5/14/2023 12:47,4006
5/14/2023 12:57,4206
5/14/2023 13:07,4158
5/14/2023 13:17,3942
5/14/2023 13:27,4119
5/14/2023 13:37,3760
5/14/2023 13:47,3942
5/14/2023 13:57,3879
5/14/2023 14:07,3910
5/14/2023 14:17,3823
5/14/2023 14:27,3875
5/14/2023 14:37,4081
5/14/2023 14:47,4034
5/14/2023 14:57,3915
5/14/2023 15:07,3977
5/14/2023 15:18,3912
5/14/2023 15:28,3719
5/14/2023 15:38,3717
5/14/2023 15:48,3968
5/14/2023 15:58,3770
5/14/2023 16:08,3905
5/14/2023 16:18,3675
5/14/2023 16:28,3869
5/14/2023 16:38,3785
5/14/2023 16:48,3685
5/14/2023 16:58,3716
5/14/2023 17:08,3841
5/14/2023 17:18,3673
5/14/2023 17:28,3312
5/14/2023 17:38,3480
5/14/2023 17:48,3366
5/14/2023 17:58,3556
5/14/2023 18:08,3563
5/14/2023 18:18,3673
5/14/2023 18:28,3539
5/14/2023 18:38,3487
5/14/2023 18:48,3383
5/14/2023 18:58,3504
5/14/2023 19:08,3466
5/14/2023 19:18,3537
5/14/2023 19:28,3587
5/14/2023 19:38,3399
5/14/2023 19:48,3389
5/14/2023 19:58,3520
5/14/2023 20:08,3440
5/14/2023 20:18,3494
5/14/2023 20:28,3194
5/14/2023 20:38,3281
5/14/2023 20:48,3296
5/14/2023 20:58,3059
5/14/2023 21:08,3272
5/14/2023 21:18,3158
5/14/2023 21:28,3249
5/14/2023 21:38,3573
5/14/2023 21:48,3494
5/14/2023 21:58,3274
5/14/2023 22:08,3612
5/14/2023 22:18,3176
5/14/2023 22:28,3228
5/14/2023 22:38,3088
5/14/2023 22:48,3088
5/14/2023 22:58,3215
5/14/2023 23:08,3274
5/14/2023 23:18,3296
5/14/2023 23:28,3115
5/14/2023 23:38,3259
5/14/2023 23:48,3136
5/14/2023 23:59,3306
5/15/2023 0:09,3124
5/15/2023 0:19,3353
5/15/2023 0:29,3250
5/15/2023 0:39,3384
5/15/2023 0:49,3231
5/15/2023 0:59,3250
5/15/2023 1:09,3284
5/15/2023 1:19,3621
5/15/2023 1:29,3772
5/15/2023 1:39,3905
5/15/2023 1:49,3827
5/15/2023 1:59,3650
5/15/2023 2:09,4073
5/15/2023 2:19,4027
5/15/2023 2:29,3853
5/15/2023 2:39,3953
5/15/2023 2:49,4219
5/15/2023 2:59,4179
5/15/2023 3:09,4143
5/15/2023 3:19,4276
5/15/2023 3:29,4217
5/15/2023 3:39,4933
5/15/2023 3:49,4657
5/15/2023 3:59,4366
5/15/2023 4:09,4102
5/15/2023 4:19,4356
5/15/2023 4:29,4356
5/15/2023 4:39,4247
5/15/2023 4:49,4178
5/15/2023 4:59,4722
5/15/2023 5:09,4678
5/15/2023 5:19,4593
5/15/2023 5:29,4700
5/15/2023 5:39,4810
5/15/2023 5:49,4700
5/15/2023 5:59,4700
5/15/2023 6:09,4990
5/15/2023 6:19,4777
5/15/2023 6:29,4657
5/15/2023 6:39,4722
5/15/2023 6:49,4923
5/15/2023 6:59,4911
5/15/2023 7:09,4821
5/15/2023 7:19,4843
5/15/2023 7:29,4678
5/15/2023 7:39,4922
5/15/2023 7:49,5084
5/15/2023 7:59,4689
5/15/2023 8:09,4777
5/15/2023 8:19,4711
5/15/2023 8:29,4561
5/15/2023 8:39,4900
5/15/2023 8:50,4711
5/15/2023 9:00,4877
5/15/2023 9:10,4624
5/15/2023 9:20,4551
5/15/2023 9:30,4448
5/15/2023 9:40,4367
5/15/2023 9:50,4657
5/15/2023 10:00,4265
5/15/2023 10:10,4603
5/15/2023 10:20,4437
5/15/2023 10:30,4777
5/15/2023 10:40,4593
5/15/2023 10:50,5002
5/15/2023 11:00,4810
5/15/2023 11:10,4888
5/15/2023 11:20,5385
5/15/2023 11:30,5324
5/15/2023 11:40,5523
5/15/2023 11:50,5787
5/15/2023 12:00,5588
5/15/2023 12:10,5602
5/15/2023 12:20,5513
5/15/2023 12:30,5707
5/15/2023 12:40,5388
5/15/2023 12:50,5448
5/15/2023 13:00,6052
5/15/2023 13:10,5448
5/15/2023 13:20,5854
5/15/2023 13:30,5748
5/15/2023 13:40,5695
5/15/2023 13:50,5967
5/15/2023 14:00,5802
5/15/2023 14:10,5628
5/15/2023 14:20,6008
5/15/2023 14:30,5926
5/15/2023 14:40,5869
5/15/2023 14:50,5936
5/15/2023 15:00,6093
5/15/2023 15:10,6254
5/15/2023 15:20,6296
5/15/2023 15:30,6416
5/15/2023 15:40,6399
5/15/2023 15:50,5952
5/15/2023 16:00,6221
5/15/2023 16:10,5642
5/15/2023 16:20,5746
5/15/2023 16:30,6134
5/15/2023 16:40,6191
5/15/2023 16:50,5722
5/15/2023 17:00,6208
5/15/2023 17:10,5458
5/15/2023 17:20,5731
5/15/2023 17:30,5964
5/15/2023 17:41,5809
5/15/2023 17:51,5707
5/15/2023 18:01,5719
5/15/2023 18:11,5693
5/15/2023 18:21,5574
5/15/2023 18:31,5448
5/15/2023 18:41,5476
5/15/2023 18:51,5154
5/15/2023 19:01,5476
5/15/2023 19:11,5263
5/15/2023 19:21,5143
5/15/2023 19:31,5178
5/15/2023 19:41,5076
5/15/2023 19:51,4843
5/15/2023 20:01,5084
5/15/2023 20:11,5253
5/15/2023 20:21,4900
5/15/2023 20:31,4385
5/15/2023 20:41,4886
5/15/2023 20:51,4457
5/15/2023 21:01,4436
5/15/2023 21:11,4755
5/15/2023 21:21,4711
5/15/2023 21:31,4315
5/15/2023 21:41,4334
5/15/2023 21:51,4733
5/15/2023 22:01,4178
5/15/2023 22:11,4160
5/15/2023 22:21,4457
5/15/2023 22:31,4113
5/15/2023 22:41,4139
5/15/2023 22:51,4550
5/15/2023 23:01,4366
5/15/2023 23:11,4435
5/15/2023 23:21,3915
5/15/2023 23:31,4026
5/15/2023 23:41,4034
5/15/2023 23:51,4148
5/16/2023 0:01,3933
5/16/2023 0:11,4364
5/16/2023 0:21,4178
5/16/2023 0:31,3987
5/16/2023 0:41,3899
5/16/2023 0:51,3962
5/16/2023 1:01,4007
5/16/2023 1:11,3710
5/16/2023 1:21,3797
5/16/2023 1:31,4033
5/16/2023 1:41,3851
5/16/2023 1:51,3968
5/16/2023 2:01,4128
5/16/2023 2:11,3970
5/16/2023 2:22,3861
5/16/2023 2:32,3710
5/16/2023 2:42,3744
5/16/2023 2:52,4033
5/16/2023 3:02,3675
5/16/2023 3:12,3580
5/16/2023 3:22,3704
5/16/2023 3:32,3813
5/16/2023 3:42,4004
5/16/2023 3:52,3682
5/16/2023 4:02,4060
5/16/2023 4:12,3633
5/16/2023 4:22,3534
5/16/2023 4:32,3549
5/16/2023 4:42,3710
5/16/2023 4:52,3303
5/16/2023 5:02,3690
5/16/2023 5:12,3587
5/16/2023 5:22,3350
5/16/2023 5:32,3427
5/16/2023 5:42,3480
5/16/2023 5:52,3656
5/16/2023 6:02,3546
5/16/2023 6:12,3621
5/16/2023 6:22,3621
5/16/2023 6:32,3427
5/16/2023 6:42,3742
5/16/2023 6:52,3680
5/16/2023 7:02,3715
5/16/2023 7:12,3577
5/16/2023 7:22,3182
5/16/2023 7:32,3578
5/16/2023 7:42,3527
5/16/2023 7:52,3629
5/16/2023 8:02,3454
5/16/2023 8:12,3412
5/16/2023 8:22,3438
5/16/2023 8:32,3653
5/16/2023 8:42,3624
5/16/2023 8:52,3511
5/16/2023 9:02,3525
5/16/2023 9:12,3431
5/16/2023 9:22,3485
5/16/2023 9:32,3595
5/16/2023 9:42,3309
5/16/2023 9:52,3364
5/16/2023 10:02,3592
5/16/2023 10:12,3480
5/16/2023 10:22,3191
5/16/2023 10:32,3325
5/16/2023 10:42,3343
5/16/2023 10:52,3399
5/16/2023 11:03,3377
5/16/2023 11:13,3350
5/16/2023 11:23,3412
5/16/2023 11:33,3124
5/16/2023 11:43,3366
5/16/2023 11:53,3213
5/16/2023 12:03,3335
5/16/2023 12:13,3136
5/16/2023 12:23,3179
5/16/2023 12:33,3325
5/16/2023 12:43,3194
5/16/2023 12:53,3176
5/16/2023 13:03,3182
5/16/2023 13:13,3341
5/16/2023 13:23,3173
5/16/2023 13:33,3480
5/16/2023 13:43,3222
5/16/2023 13:53,3158
5/16/2023 14:03,3354
5/16/2023 14:13,3000
5/16/2023 14:23,2971
5/16/2023 14:33,3079
5/16/2023 14:43,3164
5/16/2023 14:53,3097
5/16/2023 15:03,3118
5/16/2023 15:13,3222
5/16/2023 15:23,3278
5/16/2023 15:33,3269
5/16/2023 15:43,3284
5/16/2023 15:53,3200
5/16/2023 16:03,3155
5/16/2023 16:13,3139
5/16/2023 16:23,3228
5/16/2023 16:33,3231
5/16/2023 16:43,3115
5/16/2023 16:53,3316
5/16/2023 17:03,3094
5/16/2023 17:13,3158
5/16/2023 17:23,3055
5/16/2023 17:33,3091
5/16/2023 17:43,2951
5/16/2023 17:53,2829
5/16/2023 18:03,2971
5/16/2023 18:13,2899
5/16/2023 18:23,2765
5/16/2023 18:33,5744
5/16/2023 18:43,2829
5/16/2023 18:53,2857
5/16/2023 19:03,2746
5/16/2023 19:13,2862
5/16/2023 19:23,2661
5/16/2023 19:33,2890
5/16/2023 19:44,2687
5/16/2023 19:54,2857
5/16/2023 20:04,2762
5/16/2023 20:14,2830
5/16/2023 20:24,2843
5/16/2023 20:34,2720
5/16/2023 20:44,2674
5/16/2023 20:54,2617
5/16/2023 21:04,2568
5/16/2023 21:14,2810
5/16/2023 21:24,2652
5/16/2023 21:34,2621
5/16/2023 21:44,2521
5/16/2023 21:54,2794
5/16/2023 22:04,2727
5/16/2023 22:14,2692
5/16/2023 22:24,2748
5/16/2023 22:34,2699
5/16/2023 22:44,2603
5/16/2023 22:54,2508
5/16/2023 23:04,2621
5/16/2023 23:14,2625
5/16/2023 23:24,2647
5/16/2023 23:34,2638
5/16/2023 23:44,2765
5/16/2023 23:54,2829
5/17/2023 0:04,2751
5/17/2023 0:14,2747
5/17/2023 0:24,2581
5/17/2023 0:34,2691
5/17/2023 0:44,2599
5/17/2023 0:54,2702
5/17/2023 1:04,2668
5/17/2023 1:14,2462
5/17/2023 1:24,2625
5/17/2023 1:34,2681
5/17/2023 1:44,2585
5/17/2023 1:54,2681
5/17/2023 2:04,2638
5/17/2023 2:14,2768
5/17/2023 2:24,2677
5/17/2023 2:34,2651
5/17/2023 2:44,2577
5/17/2023 2:54,2500
5/17/2023 3:04,2692
5/17/2023 3:14,2542
5/17/2023 3:24,2517
5/17/2023 3:34,2719
5/17/2023 3:44,2564
5/17/2023 3:54,2508
5/17/2023 4:04,2534
5/17/2023 4:14,2581
5/17/2023 4:25,2555
5/17/2023 4:35,2526
5/17/2023 4:45,2665
5/17/2023 4:55,2663
5/17/2023 5:05,2719
5/17/2023 5:15,2720
5/17/2023 5:25,2778
5/17/2023 5:35,2714
5/17/2023 5:45,2837
5/17/2023 5:55,2792
5/17/2023 6:05,2741
5/17/2023 6:15,2787
5/17/2023 6:25,2635
5/17/2023 6:35,2760
5/17/2023 6:45,2665
5/17/2023 6:55,2661
5/17/2023 7:05,2521
5/17/2023 7:15,2626
5/17/2023 7:25,2719
5/17/2023 7:35,2548
5/17/2023 7:45,2586
5/17/2023 7:55,2652
5/17/2023 8:05,2573
5/17/2023 8:15,2657
5/17/2023 8:25,2608
5/17/2023 8:35,2635
5/17/2023 8:45,2661
5/17/2023 8:55,2661
5/17/2023 9:05,2630
5/17/2023 9:15,2569
5/17/2023 9:25,2688
5/17/2023 9:35,2590
5/17/2023 9:45,2715
5/17/2023 9:55,2638
5/17/2023 10:05,2643
5/17/2023 10:15,2705
5/17/2023 10:25,2625
5/17/2023 10:35,2595
5/17/2023 10:45,3525
5/17/2023 10:55,2680
5/17/2023 11:05,2670
5/17/2023 11:15,2608
5/17/2023 11:25,2604
5/17/2023 11:35,2626
5/17/2023 11:45,2478
5/17/2023 11:55,2436
5/17/2023 12:05,2529
5/17/2023 12:15,2551
5/17/2023 12:25,2483
5/17/2023 12:35,2383
5/17/2023 12:45,2441
5/17/2023 12:55,2483
5/17/2023 13:05,2432
5/17/2023 13:16,2399
5/17/2023 13:26,2674
5/17/2023 13:36,2630
5/17/2023 13:46,2714
5/17/2023 13:56,2652
5/17/2023 14:06,2551
5/17/2023 14:16,2647
5/17/2023 14:26,2748
5/17/2023 14:36,2768
5/17/2023 14:46,2777
5/17/2023 14:56,2746
5/17/2023 15:06,2755
5/17/2023 15:16,3357
5/17/2023 15:26,2719
5/17/2023 15:36,2714
5/17/2023 15:46,2678
5/17/2023 15:56,2705
5/17/2023 16:06,2687
5/17/2023 16:16,2660
5/17/2023 16:26,2760
5/17/2023 16:36,2773
5/17/2023 16:46,2801
5/17/2023 16:56,2760
5/17/2023 17:06,2660
5/17/2023 17:16,2737
5/17/2023 17:26,2732
5/17/2023 17:36,2682
5/17/2023 17:46,2638
5/17/2023 17:56,2670
5/17/2023 18:06,2678
5/17/2023 18:16,2700
5/17/2023 18:26,2705
5/17/2023 18:36,2732
5/17/2023 18:46,2599
5/17/2023 18:56,2767
5/17/2023 19:06,2669
5/17/2023 19:16,2682
5/17/2023 19:26,2732
5/17/2023 19:36,2665
5/17/2023 19:46,2612
5/17/2023 19:56,2449
5/17/2023 20:06,2546
5/17/2023 20:16,2594
5/17/2023 20:26,2773
5/17/2023 20:36,2820
5/17/2023 20:46,2611
5/17/2023 20:56,2598
5/17/2023 21:06,2546
5/17/2023 21:16,2729
5/17/2023 21:26,2598
5/17/2023 21:36,2647
5/17/2023 21:46,2670
5/17/2023 21:57,2638
5/17/2023 22:07,2499
5/17/2023 22:17,2608
5/17/2023 22:27,2657
5/17/2023 22:37,2617
5/17/2023 22:47,2580
5/17/2023 22:57,2483
5/17/2023 23:07,2617
5/17/2023 23:17,2577
5/17/2023 23:27,2564
5/17/2023 23:37,2487
5/17/2023 23:47,2567
5/17/2023 23:57,2670
5/18/2023 0:07,2724
5/18/2023 0:17,2499
5/18/2023 0:27,2483
5/18/2023 0:37,2547
5/18/2023 0:47,2403
5/18/2023 0:57,2586
5/18/2023 1:07,2470
5/18/2023 1:17,2474
5/18/2023 1:27,2499
5/18/2023 1:37,2538
5/18/2023 1:47,2585
5/18/2023 1:57,2449
5/18/2023 2:07,2551
5/18/2023 2:17,2616
5/18/2023 2:27,2678
5/18/2023 2:37,2466
5/18/2023 2:47,2499
5/18/2023 2:57,2517
5/18/2023 3:07,2525
5/18/2023 3:17,2657
5/18/2023 3:27,2719
5/18/2023 3:37,2542
5/18/2023 3:47,2691
5/18/2023 3:57,2529
5/18/2023 4:07,2697
5/18/2023 4:17,2542
5/18/2023 4:27,2555
5/18/2023 4:37,2449
5/18/2023 4:47,2478
5/18/2023 4:57,2634
5/18/2023 5:07,2642
5/18/2023 5:17,2607
5/18/2023 5:27,2424
5/18/2023 5:37,2643
5/18/2023 5:47,2586
5/18/2023 5:57,2651
5/18/2023 6:07,2512
5/18/2023 6:17,2607
5/18/2023 6:27,2647
5/18/2023 6:38,2621
5/18/2023 6:48,2518
5/18/2023 6:58,2638
5/18/2023 7:08,2692
5/18/2023 7:18,2621
5/18/2023 7:28,2665
5/18/2023 7:38,2625
5/18/2023 7:48,2586
5/18/2023 7:58,2617
5/18/2023 8:08,2577
5/18/2023 8:18,2638
5/18/2023 8:28,3170
5/18/2023 8:38,2634
5/18/2023 8:48,2625
5/18/2023 8:58,2620
5/18/2023 9:08,2590
5/18/2023 9:18,2551
5/18/2023 9:28,2660
5/18/2023 9:38,2751
5/18/2023 9:48,2546
5/18/2023 9:58,2542
5/18/2023 10:08,2542
5/18/2023 10:18,2623
5/18/2023 10:28,2573
5/18/2023 10:38,2504
5/18/2023 10:48,2529
5/18/2023 10:58,2568
5/18/2023 11:08,2491
5/18/2023 11:18,2581
5/18/2023 11:28,2474
5/18/2023 11:38,2462
5/18/2023 11:48,2487
5/18/2023 11:58,2517
5/18/2023 12:08,2655
5/18/2023 12:18,2512
5/18/2023 12:28,2503
5/18/2023 12:38,2491
5/18/2023 12:48,2538
5/18/2023 12:58,2408
5/18/2023 13:08,2478
5/18/2023 13:18,2470
5/18/2023 13:28,2432
5/18/2023 13:38,2449
5/18/2023 13:48,2445
5/18/2023 13:58,2387
5/18/2023 14:08,2486
5/18/2023 14:18,2499
5/18/2023 14:28,2370
5/18/2023 14:38,2655
5/18/2023 14:48,2508
5/18/2023 14:58,2470
5/18/2023 15:08,2537
5/18/2023 15:19,2499
5/18/2023 15:29,2322
5/18/2023 15:39,2432
5/18/2023 15:49,2521
5/18/2023 15:59,2391
5/18/2023 16:09,2391
5/18/2023 16:19,2457
5/18/2023 16:29,2474
5/18/2023 16:39,2508
5/18/2023 16:49,2420
5/18/2023 16:59,2482
5/18/2023 17:09,2538
5/18/2023 17:19,2499
5/18/2023 17:29,2512
5/18/2023 17:39,2521
5/18/2023 17:49,2572
5/18/2023 17:59,2495
5/18/2023 18:09,2594
5/18/2023 18:19,2550
5/18/2023 18:29,2538
5/18/2023 18:39,2492
5/18/2023 18:49,2559
5/18/2023 18:59,2478
5/18/2023 19:09,2616
5/18/2023 19:19,2585
5/18/2023 19:29,3861
5/18/2023 19:39,2682
5/18/2023 19:49,2551
5/18/2023 19:59,2629
5/18/2023 20:09,2577
5/18/2023 20:19,2624
5/18/2023 20:29,2581
5/18/2023 20:39,2521
5/18/2023 20:49,2462
5/18/2023 20:59,2586
5/18/2023 21:09,2603
5/18/2023 21:19,2350
5/18/2023 21:29,2465
5/18/2023 21:39,2573
5/18/2023 21:49,2629
5/18/2023 21:59,2559
5/18/2023 22:09,2525
5/18/2023 22:19,2561
5/18/2023 22:29,2564
5/18/2023 22:39,2508
5/18/2023 22:49,2551
5/18/2023 22:59,2547
5/18/2023 23:09,2538
5/18/2023 23:19,2521
5/18/2023 23:29,2432
5/18/2023 23:39,2483
5/18/2023 23:49,2508
5/19/2023 0:00,2614
5/19/2023 0:10,2499
5/19/2023 0:20,2669
5/19/2023 0:30,2611
5/19/2023 0:40,2445
5/19/2023 0:50,2495
5/19/2023 1:00,2599
5/19/2023 1:10,2482
5/19/2023 1:20,2624
5/19/2023 1:30,2714
5/19/2023 1:40,2621
5/19/2023 1:50,2626
5/19/2023 2:00,2691
5/19/2023 2:10,2585
5/19/2023 2:20,2538
5/19/2023 2:30,2675
5/19/2023 2:40,2616
5/19/2023 2:50,2607
5/19/2023 3:00,2533
5/19/2023 3:10,2466
5/19/2023 3:20,2611
5/19/2023 3:30,2632
5/19/2023 3:40,2603
5/19/2023 3:50,2624
5/19/2023 4:00,2634
5/19/2023 4:10,2534
5/19/2023 4:20,2741
5/19/2023 4:30,2763
5/19/2023 4:40,2669
5/19/2023 4:50,2568
5/19/2023 5:00,2782
5/19/2023 5:10,3805
5/19/2023 5:20,2681
5/19/2023 5:30,2714
5/19/2023 5:40,2695
5/19/2023 5:50,2741
5/19/2023 6:00,2719
5/19/2023 6:10,2607
5/19/2023 6:20,2796
5/19/2023 6:30,2700
5/19/2023 6:40,2616
5/19/2023 6:50,2777
5/19/2023 7:00,2791
5/19/2023 7:10,2699
5/19/2023 7:20,2642
5/19/2023 7:30,2741
5/19/2023 7:40,2750
5/19/2023 7:50,2736
5/19/2023 8:00,3581
5/19/2023 8:10,2777
5/19/2023 8:20,2721
5/19/2023 8:30,2717
5/19/2023 8:40,2629
5/19/2023 8:51,2717
5/19/2023 9:01,2813
5/19/2023 9:11,2704
5/19/2023 9:21,2699
5/19/2023 9:31,2512
5/19/2023 9:41,2677
5/19/2023 9:51,2659
5/19/2023 10:01,2611
5/19/2023 10:11,2546
5/19/2023 10:21,2655
5/19/2023 10:31,2521
5/19/2023 10:41,2624
5/19/2023 10:51,2628
5/19/2023 11:01,2546
5/19/2023 11:11,2606
5/19/2023 11:21,2593
5/19/2023 11:31,2659
5/19/2023 11:41,2555
5/19/2023 11:51,2620
5/19/2023 12:01,2633
5/19/2023 12:11,2646
5/19/2023 12:21,2646
5/19/2023 12:31,2611
5/19/2023 12:41,2681
5/19/2023 12:51,2677
5/19/2023 13:01,2721
5/19/2023 13:11,2620
5/19/2023 13:21,2699
5/19/2023 13:31,2694
5/19/2023 13:41,2780
5/19/2023 13:51,2762
5/19/2023 14:01,2813
5/19/2023 14:11,2681
5/19/2023 14:21,2681
5/19/2023 14:31,2767
5/19/2023 14:41,2817
5/19/2023 14:51,2721
5/19/2023 15:01,2769
5/19/2023 15:11,2730
5/19/2023 15:21,2789
5/19/2023 15:31,2694
5/19/2023 15:41,2817
5/19/2023 15:51,2774
5/19/2023 16:01,2753
5/19/2023 16:11,2822
5/25/2023 14:12,2808
5/25/2023 14:22,2803
5/25/2023 14:32,2820
5/25/2023 14:42,2681
5/25/2023 14:52,2753
5/25/2023 15:02,2803
5/25/2023 15:12,2817
5/25/2023 15:22,2743
5/25/2023 15:32,2798
5/25/2023 15:42,2867
5/25/2023 15:52,2825
5/25/2023 16:02,2853
5/25/2023 16:12,2853
5/25/2023 16:22,2757
5/25/2023 16:32,2867
5/25/2023 16:42,2881
5/25/2023 16:52,2886
5/25/2023 17:02,2938
5/25/2023 17:12,2844
5/25/2023 17:22,2881
5/25/2023 17:32,2949
5/25/2023 17:42,2980
5/25/2023 17:52,2995
5/25/2023 18:02,3053
5/25/2023 18:12,2879
5/25/2023 18:22,3056
5/25/2023 18:32,3080
5/25/2023 18:42,3089
5/25/2023 18:52,3139
5/25/2023 19:02,3206
5/25/2023 19:12,3089
5/25/2023 19:22,2977
5/25/2023 19:32,3074
5/25/2023 19:42,3194
5/25/2023 19:52,3224
5/25/2023 20:02,3231
5/25/2023 20:12,3133
5/25/2023 20:22,3223
5/25/2023 20:32,3231
5/25/2023 20:42,2972
5/25/2023 20:53,3079
5/25/2023 21:03,3200
5/25/2023 21:13,3231
5/25/2023 21:23,3306
5/25/2023 21:33,3427
5/25/2023 21:43,3360
5/25/2023 21:53,3179
5/25/2023 22:03,3100
5/25/2023 22:13,3268
5/25/2023 22:23,3420
5/25/2023 22:33,3170
5/25/2023 22:43,3231
5/25/2023 22:53,3280
5/25/2023 23:03,3333
5/25/2023 23:13,3293
5/25/2023 23:23,3318
5/25/2023 23:33,3534
5/25/2023 23:43,3308
5/25/2023 23:53,3469
5/26/2023 0:03,3400
5/26/2023 0:13,3286
5/26/2023 0:23,3501
5/26/2023 0:33,3264
5/26/2023 0:43,3340
5/26/2023 0:53,3445
5/26/2023 1:03,3445
5/26/2023 1:13,3504
5/26/2023 1:23,3349
5/26/2023 1:33,3501
5/26/2023 1:43,3422
5/26/2023 1:53,3551
5/26/2023 2:03,3445
5/26/2023 2:13,3585
5/26/2023 2:23,3378
5/26/2023 2:33,3406
5/26/2023 2:43,3669
5/26/2023 2:53,3544
5/26/2023 3:03,3494
5/26/2023 3:13,3743
5/26/2023 3:23,3635
5/26/2023 3:33,3587
5/26/2023 3:43,3628
5/26/2023 3:53,3609
5/26/2023 4:03,3594
5/26/2023 4:13,3756
5/26/2023 4:23,3652
5/26/2023 4:33,3580
5/26/2023 4:43,3587
5/26/2023 4:53,3568
5/26/2023 5:03,3689
5/26/2023 5:13,3679
5/26/2023 5:23,3766
5/26/2023 5:34,3704
5/26/2023 5:44,3953
5/26/2023 5:54,3645
5/26/2023 6:04,3714
5/26/2023 6:14,3618
5/26/2023 6:24,3729
5/26/2023 6:34,3719
5/26/2023 6:44,3611
5/26/2023 6:54,3760
5/26/2023 7:04,3601
5/26/2023 7:14,3809
5/26/2023 7:24,3731
5/26/2023 7:34,3626
5/26/2023 7:44,3626
5/26/2023 7:54,3687
5/26/2023 8:04,3813
5/26/2023 8:14,3783
5/26/2023 8:24,3793
5/26/2023 8:34,3766
5/26/2023 8:44,3762
5/26/2023 8:54,3723
5/26/2023 9:04,3731
5/26/2023 9:14,3783
5/26/2023 9:24,3758
5/26/2023 9:34,3793
5/26/2023 9:44,3783
5/26/2023 9:54,3799
5/26/2023 10:04,3892
5/26/2023 10:14,3748
5/26/2023 10:24,3807
5/26/2023 10:34,3696
5/26/2023 10:44,3664
5/26/2023 10:54,3854
5/26/2023 11:04,3819
5/26/2023 11:14,3741
5/26/2023 11:24,3768
5/26/2023 11:34,3803
5/26/2023 11:44,3892
5/26/2023 11:54,3890
5/26/2023 12:04,3741
5/26/2023 12:14,3838
5/26/2023 12:24,3884
5/26/2023 12:34,3741
5/26/2023 12:44,3902
5/26/2023 12:54,3776
5/26/2023 13:04,3963
5/26/2023 13:14,4047
5/26/2023 13:24,3995
5/26/2023 13:34,4076
5/26/2023 13:44,4019
5/26/2023 13:54,4094
5/26/2023 14:05,3992
5/26/2023 14:15,3966
5/26/2023 14:25,3983
5/26/2023 14:35,4060
5/26/2023 14:45,4133
5/26/2023 14:55,3975
5/26/2023 15:05,4125
5/26/2023 15:15,4152
5/26/2023 15:25,4114
5/26/2023 15:35,3975
5/26/2023 15:45,4132
5/26/2023 15:55,4073
5/26/2023 16:05,4228
5/26/2023 16:15,4199
5/26/2023 16:25,4104
5/26/2023 16:35,4258
5/26/2023 16:45,4047
5/26/2023 16:55,4326
5/26/2023 17:05,4317
5/26/2023 17:15,4199
5/26/2023 17:25,4287
5/26/2023 17:35,4428
5/26/2023 17:45,4317
5/26/2023 17:55,4469
5/26/2023 18:05,4417
5/26/2023 18:15,4407
5/26/2023 18:25,4247
5/26/2023 18:35,4448
5/26/2023 18:45,4787
5/26/2023 18:55,4317
5/26/2023 19:05,4593
5/26/2023 19:15,4551
5/26/2023 19:25,4407
5/26/2023 19:35,4509
5/26/2023 19:45,4604
5/26/2023 19:55,4572
5/26/2023 20:05,4541
5/26/2023 20:15,4583
5/26/2023 20:25,4468
5/26/2023 20:35,4480
5/26/2023 20:45,4509
5/26/2023 20:55,4572
5/26/2023 21:05,4572
5/26/2023 21:15,4510
5/26/2023 21:25,4625
5/26/2023 21:35,4458
5/26/2023 21:45,4625
5/26/2023 21:55,4668
5/26/2023 22:05,4657
5/26/2023 22:15,4448
5/26/2023 22:26,4743
5/26/2023 22:36,4593
5/26/2023 22:46,4853
5/26/2023 22:56,4852
5/26/2023 23:06,4668
5/26/2023 23:16,4397
5/26/2023 23:26,4787
5/26/2023 23:36,4711
5/26/2023 23:46,4821
5/26/2023 23:56,4888
5/27/2023 0:06,4604
5/27/2023 0:16,4921
5/27/2023 0:26,4787
5/27/2023 0:36,4668
5/27/2023 0:46,4765
5/27/2023 0:56,4689
5/27/2023 1:06,4572
5/27/2023 1:16,4700
5/27/2023 1:26,4732
5/27/2023 1:36,4625
5/27/2023 1:46,4809
5/27/2023 1:56,4722
5/27/2023 2:06,4754
5/27/2023 2:16,4700
5/27/2023 2:26,4448
5/27/2023 2:36,4646
5/27/2023 2:46,4732
5/27/2023 2:56,4657
5/27/2023 3:06,4722
5/27/2023 3:16,4646
5/27/2023 3:26,4876
5/27/2023 3:36,4842
5/27/2023 3:46,4831
5/27/2023 3:56,4966
5/27/2023 4:06,4865
5/27/2023 4:16,4798
5/27/2023 4:26,4961
5/27/2023 4:36,4809
5/27/2023 4:46,4944
5/27/2023 4:56,4910
5/27/2023 5:06,5044
5/27/2023 5:16,4944
5/27/2023 5:26,5036
5/27/2023 5:36,5136
5/27/2023 5:46,4765
5/27/2023 5:56,4776
5/27/2023 6:06,4810
5/27/2023 6:16,4978
5/27/2023 6:26,4809
5/27/2023 6:36,4910
5/27/2023 6:46,4843
5/27/2023 6:56,4798
5/27/2023 7:07,4978
5/27/2023 7:17,4876
5/27/2023 7:27,4921
5/27/2023 7:37,4689
5/27/2023 7:47,4831
5/27/2023 7:57,4798
5/27/2023 8:07,4978
5/27/2023 8:17,4898
5/27/2023 8:27,4899
5/27/2023 8:37,4989
5/27/2023 8:47,4943
5/27/2023 8:57,4864
5/27/2023 9:07,4921
5/27/2023 9:17,4679
5/27/2023 9:27,4864
5/27/2023 9:37,4820
5/27/2023 9:47,4898
5/27/2023 9:57,4887
5/27/2023 10:07,4942
5/27/2023 10:17,4678
5/27/2023 10:27,4864
5/27/2023 10:37,5011
5/27/2023 10:47,4876
5/27/2023 10:57,4876
5/27/2023 11:07,4831
5/27/2023 11:17,5023
5/27/2023 11:27,4932
5/27/2023 11:37,4932
5/27/2023 11:47,5048
5/27/2023 11:57,5128
5/27/2023 12:07,5126
5/27/2023 12:17,5070
5/27/2023 12:27,5283
5/27/2023 12:37,5151
5/27/2023 12:47,5337
5/27/2023 12:57,5406
5/27/2023 13:07,5295
5/27/2023 13:17,5046
5/27/2023 13:27,5140
5/27/2023 13:37,5357
5/27/2023 13:47,5340
5/27/2023 13:57,5258
5/27/2023 14:07,5283
5/27/2023 14:17,5532
5/27/2023 14:27,5505
5/27/2023 14:37,5253
5/27/2023 14:47,5368
5/27/2023 14:57,5532
5/27/2023 15:07,5393
5/27/2023 15:17,5609
5/27/2023 15:27,5621
5/27/2023 15:38,5556
5/27/2023 15:48,5607
5/27/2023 15:58,5468
5/27/2023 16:08,5562
5/27/2023 16:18,5702
5/27/2023 16:28,5431
5/27/2023 16:38,5649
5/27/2023 16:48,5740
5/27/2023 16:58,6069
5/27/2023 17:08,5860
5/27/2023 17:18,5597
5/27/2023 17:28,5676
5/27/2023 17:38,5918
5/27/2023 17:48,5914
5/27/2023 17:58,5942
5/27/2023 18:08,5806
5/27/2023 18:18,5848
5/27/2023 18:28,5791
5/27/2023 18:38,5821
5/27/2023 18:48,5408
5/27/2023 18:58,5902
5/27/2023 19:08,5863
5/27/2023 19:18,5767
5/27/2023 19:28,5719
5/27/2023 19:38,5875
5/27/2023 19:48,5957
5/27/2023 19:58,5902
5/27/2023 20:08,5833
5/27/2023 20:18,6069
5/27/2023 20:28,5985
5/27/2023 20:38,6196
5/27/2023 20:48,6151
5/27/2023 20:58,5970
5/27/2023 21:08,5942
5/27/2023 21:18,6528
5/27/2023 21:28,6267
5/27/2023 21:38,6196
5/27/2023 21:48,6041
5/27/2023 21:58,5989
5/27/2023 22:08,6069
5/27/2023 22:18,6175
5/27/2023 22:28,6101
5/27/2023 22:38,6351
5/27/2023 22:48,6229
5/27/2023 22:58,6300
5/27/2023 23:08,6317
5/27/2023 23:18,6330
5/27/2023 23:28,6117
5/27/2023 23:38,6317
5/27/2023 23:48,6001
5/27/2023 23:58,6242
5/28/2023 0:09,6001
5/28/2023 0:19,5930
5/28/2023 0:29,6389
5/28/2023 0:39,5985
5/28/2023 0:49,6300
5/28/2023 0:59,6089
5/28/2023 1:09,6388
5/28/2023 1:19,6347
5/28/2023 1:29,6364
5/28/2023 1:39,6351
5/28/2023 1:49,6217
5/28/2023 1:59,6389
5/28/2023 2:09,6653
5/28/2023 2:19,6467
5/28/2023 2:29,6394
5/28/2023 2:39,6288
5/28/2023 2:49,6233
5/28/2023 2:59,6275
5/28/2023 3:09,6381
5/28/2023 3:19,6572
5/28/2023 3:29,6453
5/28/2023 3:39,6516
5/28/2023 3:49,6229
5/28/2023 3:59,6567
5/28/2023 4:09,6262
5/28/2023 4:19,6347
5/28/2023 4:29,6275
5/28/2023 4:39,6493
5/28/2023 4:49,6485
5/28/2023 4:59,6609
5/28/2023 5:09,6411
5/28/2023 5:19,6364
5/28/2023 5:29,6317
5/28/2023 5:39,6546
5/28/2023 5:49,6424
5/28/2023 5:59,6411
5/28/2023 6:09,6267
5/28/2023 6:19,6671
5/28/2023 6:29,6437
5/28/2023 6:39,6445
5/28/2023 6:49,6351
5/28/2023 6:59,6411
5/28/2023 7:09,6305
5/28/2023 7:19,6606
5/28/2023 7:29,6546
5/28/2023 7:39,6364
5/28/2023 7:49,6217
5/28/2023 7:59,6534
5/28/2023 8:09,6521
5/28/2023 8:19,6364
5/28/2023 8:29,6703
5/28/2023 8:40,6437
5/28/2023 8:50,6703
5/28/2023 9:00,6564
5/28/2023 9:10,6546
5/28/2023 9:20,6201
5/28/2023 9:30,6171
5/28/2023 9:40,6330
5/28/2023 9:50,6229
5/28/2023 10:00,6698
5/28/2023 10:10,6480
5/28/2023 10:20,6684
5/28/2023 10:30,6467
5/28/2023 10:40,6534
5/28/2023 10:50,6360
5/28/2023 11:00,6480
5/28/2023 11:10,6450
5/28/2023 11:20,6603
5/28/2023 11:30,6635
5/28/2023 11:40,6437
5/28/2023 11:50,6572
5/28/2023 12:00,6692
5/28/2023 12:10,6415
5/28/2023 12:20,7346
5/28/2023 12:30,6698
5/28/2023 12:40,6519
5/28/2023 12:50,6983
5/28/2023 13:00,6806
5/28/2023 13:10,6616
5/28/2023 13:20,6917
5/28/2023 13:30,7186
5/28/2023 13:40,7641
5/28/2023 13:50,6705
5/28/2023 14:00,7186
5/28/2023 14:10,6997
5/28/2023 14:20,7159
5/28/2023 14:30,7339
5/28/2023 14:40,7311
5/28/2023 14:50,7165
5/28/2023 15:00,7234
5/28/2023 15:10,7303
5/28/2023 15:20,7111
5/28/2023 15:30,7445
5/28/2023 15:40,7339
5/28/2023 15:50,7213
5/28/2023 16:00,7131
5/28/2023 16:10,7192
5/28/2023 16:20,7423
5/28/2023 16:30,7495
5/28/2023 16:40,7409
5/28/2023 16:50,7503
5/28/2023 17:00,7517
5/28/2023 17:11,7650
5/28/2023 17:21,7509
5/28/2023 17:31,7423
5/28/2023 17:41,7650
5/28/2023 17:51,7701
5/28/2023 18:01,7401
5/28/2023 18:11,7687
5/28/2023 18:21,7990
5/28/2023 18:31,7730
5/28/2023 18:41,7876
5/28/2023 18:51,7915
5/28/2023 19:01,7613
5/28/2023 19:11,7800
5/28/2023 19:21,7993
5/28/2023 19:31,7852
5/28/2023 19:41,7724
5/28/2023 19:51,7814
5/28/2023 20:01,7978
5/28/2023 20:11,8112
5/28/2023 20:21,7891
5/28/2023 20:31,7915
5/28/2023 20:41,8047
5/28/2023 20:51,7862
5/28/2023 21:01,8207
5/28/2023 21:11,7867
5/28/2023 21:21,8018
5/28/2023 21:31,7876
5/28/2023 21:41,8057
5/28/2023 21:51,8232
5/28/2023 22:01,8356
5/28/2023 22:11,8072
5/28/2023 22:21,8599
5/28/2023 22:31,8367
5/28/2023 22:41,8028
5/28/2023 22:51,8097
5/28/2023 23:01,8311
5/28/2023 23:11,8141
5/28/2023 23:21,7901
5/28/2023 23:31,8192
5/28/2023 23:41,7901
5/28/2023 23:51,8637
5/29/2023 0:01,8218
5/29/2023 0:11,7901
5/29/2023 0:21,7939
5/29/2023 0:31,8508
5/29/2023 0:41,8258
5/29/2023 0:51,8508
5/29/2023 1:01,8466
5/29/2023 1:11,8273
5/29/2023 1:21,8341
5/29/2023 1:31,8177
5/29/2023 1:42,8341
5/29/2023 1:52,8137
5/29/2023 2:02,8326
5/29/2023 2:12,8082
5/29/2023 2:22,8314
5/29/2023 2:32,8326
5/29/2023 2:42,8409
5/29/2023 2:52,8086
5/29/2023 3:02,8258
5/29/2023 3:12,8118
5/29/2023 3:22,8299
5/29/2023 3:32,8341
5/29/2023 3:42,8112
5/29/2023 3:52,8382
5/29/2023 4:02,7978
5/29/2023 4:12,8177
5/29/2023 4:22,8097
5/29/2023 4:32,7901
5/29/2023 4:42,8122
5/29/2023 4:52,8284
5/29/2023 5:02,8244
5/29/2023 5:12,8203
5/29/2023 5:22,8409
5/29/2023 5:32,8397
5/29/2023 5:42,8299
5/29/2023 5:52,8018
5/29/2023 6:02,8493
5/29/2023 6:12,8424
5/29/2023 6:22,8329
5/29/2023 6:32,8466
5/29/2023 6:42,8466
5/29/2023 6:52,8218
5/29/2023 7:02,8782
5/29/2023 7:12,8709
5/29/2023 7:22,8341
5/29/2023 7:32,8307
5/29/2023 7:42,8617
5/29/2023 7:52,8622
5/29/2023 8:02,8424
5/29/2023 8:12,8652
5/29/2023 8:22,8122
5/29/2023 8:32,8622
5/29/2023 8:42,8356
5/29/2023 8:52,8493
5/29/2023 9:02,8639
5/29/2023 9:12,8551
5/29/2023 9:22,8963
5/29/2023 9:32,8784
5/29/2023 9:42,8397
5/29/2023 9:52,8273
5/29/2023 10:02,8551
5/29/2023 10:12,8232
5/29/2023 10:23,8523
5/29/2023 10:33,8314
5/29/2023 10:43,8624
5/29/2023 10:53,8753
5/29/2023 11:03,8609
5/29/2023 11:13,8536
5/29/2023 11:23,8639
5/29/2023 11:33,8596
5/29/2023 11:43,8963
5/29/2023 11:53,9336
5/29/2023 12:03,9115
5/29/2023 12:13,9225
5/29/2023 12:23,8873
5/29/2023 12:33,8902
5/29/2023 12:43,9663
5/29/2023 12:53,9514
5/29/2023 13:03,9514
5/29/2023 13:13,9765
5/29/2023 13:23,9465
5/29/2023 13:33,9647
5/29/2023 13:43,9764
5/29/2023 13:53,9023
5/29/2023 14:03,9713
5/29/2023 14:13,9514
5/29/2023 14:23,10023
5/29/2023 14:33,9954
5/29/2023 14:43,10364
5/29/2023 14:53,9449
5/29/2023 15:03,10040
5/29/2023 15:13,10127
5/29/2023 15:23,10220
5/29/2023 15:33,10588
5/29/2023 15:43,9867
5/29/2023 15:53,9697
5/29/2023 16:03,9915
5/29/2023 16:13,10272
5/29/2023 16:23,10312
5/29/2023 16:33,10164
5/29/2023 16:43,10610
5/29/2023 16:53,10860
5/29/2023 17:03,10766
5/29/2023 17:13,10419
5/29/2023 17:23,10761
5/29/2023 17:33,10743
5/29/2023 17:43,10819
5/29/2023 17:53,10842
5/29/2023 18:03,10778
5/29/2023 18:13,10937
5/29/2023 18:23,10645
5/29/2023 18:33,11039
5/29/2023 18:44,11039
5/29/2023 18:54,11302
5/29/2023 19:04,10801
5/29/2023 19:14,10685
5/29/2023 19:24,11178
5/29/2023 19:34,11284
5/29/2023 19:44,11391
5/29/2023 19:54,10531
5/29/2023 20:04,3616
5/29/2023 20:14,3685
5/29/2023 20:24,3369
5/29/2023 20:34,3573
5/29/2023 20:44,3151
5/29/2023 20:54,3228
5/29/2023 21:04,3194
5/29/2023 21:14,3121
5/29/2023 21:24,3215
5/29/2023 21:34,2974
5/29/2023 21:44,3231
5/29/2023 21:54,2968
5/29/2023 22:04,3225
5/29/2023 22:14,3050
5/29/2023 22:24,2988
5/29/2023 22:34,3062
5/29/2023 22:44,3185
5/29/2023 22:54,3182
5/29/2023 23:04,3188
5/29/2023 23:14,3209
5/29/2023 23:24,3109
5/29/2023 23:34,3252
5/29/2023 23:44,3068
5/29/2023 23:54,3094
5/30/2023 0:04,3055
5/30/2023 0:14,3115
5/30/2023 0:24,3176
5/30/2023 0:34,3170
5/30/2023 0:44,3050
5/30/2023 0:54,3121
5/30/2023 1:04,3197
5/30/2023 1:14,3237
5/30/2023 1:24,3215
5/30/2023 1:34,3118
5/30/2023 1:44,3021
5/30/2023 1:54,3252
5/30/2023 2:04,3050
5/30/2023 2:14,3338
5/30/2023 2:24,3080
5/30/2023 2:34,3209
5/30/2023 2:44,3315
5/30/2023 2:54,3303
5/30/2023 3:04,3372
5/30/2023 3:15,3296
5/30/2023 3:25,3347
5/30/2023 3:35,3179
5/30/2023 3:45,3324
5/30/2023 3:55,3106
5/30/2023 4:05,3341
5/30/2023 4:15,3185
5/30/2023 4:25,3369
5/30/2023 4:35,3345
5/30/2023 4:45,3443
5/30/2023 4:55,3340
5/30/2023 5:05,3264
5/30/2023 5:15,3237
5/30/2023 5:25,3420
5/30/2023 5:35,3483
5/30/2023 5:45,3459
5/30/2023 5:55,3385
5/30/2023 6:05,3262
5/30/2023 6:15,3443
5/30/2023 6:25,3466
5/30/2023 6:35,3469
5/30/2023 6:45,3077
5/30/2023 6:55,3542
5/30/2023 7:05,3330
5/30/2023 7:15,3206
5/30/2023 7:25,3568
5/30/2023 7:35,3492
5/30/2023 7:45,3525
5/30/2023 7:55,3660
5/30/2023 8:05,3429
5/30/2023 8:15,3525
5/30/2023 8:25,3501
5/30/2023 8:35,3577
5/30/2023 8:45,3450
5/30/2023 8:55,3542
5/30/2023 9:05,3518
5/30/2023 9:15,3544
5/30/2023 9:25,3611
5/30/2023 9:35,3413
5/30/2023 9:45,3714
5/30/2023 9:55,3601
5/30/2023 10:05,3525
5/30/2023 10:15,3372
5/30/2023 10:25,3327
5/30/2023 10:35,3611
5/30/2023 10:45,3561
5/30/2023 10:55,3618
5/30/2023 11:05,3558
5/30/2023 11:15,3626
5/30/2023 11:25,3604
5/30/2023 11:35,3748
5/30/2023 11:45,3723
5/30/2023 11:56,3704
5/30/2023 12:06,3741
5/30/2023 12:16,3741
5/30/2023 12:26,3811
5/30/2023 12:36,3750
5/30/2023 12:46,3689
5/30/2023 12:56,3731
5/30/2023 13:06,3758
5/30/2023 13:16,3704
5/30/2023 13:26,3856
5/30/2023 13:36,3965
5/30/2023 13:46,3973
5/30/2023 13:56,3864
5/30/2023 14:06,3992
5/30/2023 14:16,3900
5/30/2023 14:26,3882
5/30/2023 14:36,3758
5/30/2023 14:46,3714
5/30/2023 14:56,3846
5/30/2023 15:06,3882
5/30/2023 15:16,4010
5/30/2023 15:26,3890
5/30/2023 15:36,3854
5/30/2023 15:46,4056
5/30/2023 15:56,3874
5/30/2023 16:06,3972
5/30/2023 16:16,3829
5/30/2023 16:26,4075
5/30/2023 16:36,4046
5/30/2023 16:46,4029
5/30/2023 16:56,4000
5/30/2023 17:06,4081
5/30/2023 17:16,3963
5/30/2023 17:26,3851
5/30/2023 17:36,3982
5/30/2023 17:46,3854
5/30/2023 17:56,4010
5/30/2023 18:06,4152
5/30/2023 18:16,4075
5/30/2023 18:26,4132
5/30/2023 18:36,4190
5/30/2023 18:46,4075
5/30/2023 18:56,4132
5/30/2023 19:06,4258
5/30/2023 19:16,4151
5/30/2023 19:26,4009
5/30/2023 19:36,4082
5/30/2023 19:46,4019
5/30/2023 19:56,4113
5/30/2023 20:06,4198
5/30/2023 20:16,4219
5/30/2023 20:27,4065
5/30/2023 20:37,4047
5/30/2023 20:47,4047
5/30/2023 20:57,3975
5/30/2023 21:07,4085
5/30/2023 21:17,4267
5/30/2023 21:27,4161
5/30/2023 21:37,4104
5/30/2023 21:47,4297
5/30/2023 21:57,4041
5/30/2023 22:07,4247
5/30/2023 22:17,4208
5/30/2023 22:27,4317
5/30/2023 22:37,4307
5/30/2023 22:47,4039
5/30/2023 22:57,4198
5/30/2023 23:07,4121
5/30/2023 23:17,4047
5/30/2023 23:27,4307
5/30/2023 23:37,4258
5/30/2023 23:47,4171
5/30/2023 23:57,4219
5/31/2023 0:07,4238
5/31/2023 0:17,4367
5/31/2023 0:27,4189
5/31/2023 0:37,4066
5/31/2023 0:47,3955
5/31/2023 0:57,3854
5/31/2023 1:07,4277
5/31/2023 1:17,4387
5/31/2023 1:27,4277
5/31/2023 1:37,4104
5/31/2023 1:47,4180
5/31/2023 1:57,4199
5/31/2023 2:07,4287
5/31/2023 2:17,4210
5/31/2023 2:27,4073
5/31/2023 2:37,3992
5/31/2023 2:47,4346
5/31/2023 2:57,4288
5/31/2023 3:07,4152
5/31/2023 3:17,4326
5/31/2023 3:27,4132
5/31/2023 3:37,4113
5/31/2023 3:47,4179
5/31/2023 3:57,4287
5/31/2023 4:07,4469
5/31/2023 4:17,4104
5/31/2023 4:27,4238
5/31/2023 4:37,4337
5/31/2023 4:47,4326
5/31/2023 4:57,4238
5/31/2023 5:08,4019
5/31/2023 5:18,4367
5/31/2023 5:28,4337
5/31/2023 5:38,4297
5/31/2023 5:48,4357
5/31/2023 5:58,4208
5/31/2023 6:08,4367
5/31/2023 6:18,4277
5/31/2023 6:28,4307
5/31/2023 6:38,4208
5/31/2023 6:48,4238
5/31/2023 6:58,4228
5/31/2023 7:08,4448
5/31/2023 7:18,4458
5/31/2023 7:28,4438
5/31/2023 7:38,4248
5/31/2023 7:48,4219
5/31/2023 7:58,4355
5/31/2023 8:08,4208
5/31/2023 8:18,4229
5/31/2023 8:28,4458
5/31/2023 8:38,4161
5/31/2023 8:48,4417
5/31/2023 8:58,4678
5/31/2023 9:08,4095
5/31/2023 9:18,4387
5/31/2023 9:28,4408
5/31/2023 9:38,4307
5/31/2023 9:48,4210
5/31/2023 9:58,4229
5/31/2023 10:08,4171
5/31/2023 10:18,4246
5/31/2023 10:28,4210
5/31/2023 10:38,4338
5/31/2023 10:48,4357
5/31/2023 10:58,4347
5/31/2023 11:08,4338
5/31/2023 11:18,4259
5/31/2023 11:28,4428
5/31/2023 11:38,4298
5/31/2023 11:48,4239
5/31/2023 11:58,4273
5/31/2023 12:08,4268
5/31/2023 12:18,4348
5/31/2023 12:28,4300
5/31/2023 12:38,4418
5/31/2023 12:48,4318
5/31/2023 12:58,4408
5/31/2023 13:08,4573
5/31/2023 13:18,4459
5/31/2023 13:28,4541
5/31/2023 13:38,4522
5/31/2023 13:49,4562
5/31/2023 13:59,4583
5/31/2023 14:09,4438
5/31/2023 14:19,4711
5/31/2023 14:29,4308
5/31/2023 14:39,4722
5/31/2023 14:49,4542
5/31/2023 14:59,4490
5/31/2023 15:09,4625
5/31/2023 15:19,4583
5/31/2023 15:29,4700
5/31/2023 15:39,4510
5/31/2023 15:49,4679
5/31/2023 15:59,4679
5/31/2023 16:09,4657
5/31/2023 16:19,4542
5/31/2023 16:29,4711
5/31/2023 16:39,4853
5/31/2023 16:49,4657
5/31/2023 16:59,4798
5/31/2023 17:09,4552
5/31/2023 17:19,4942
5/31/2023 17:29,4820
5/31/2023 17:39,4941
5/31/2023 17:49,4798
5/31/2023 17:59,4468
5/31/2023 18:09,4754
5/31/2023 18:19,4798
5/31/2023 18:29,4809
5/31/2023 18:39,4798
5/31/2023 18:49,4732
5/31/2023 18:59,4876
5/31/2023 19:09,4809
5/31/2023 19:19,5117
5/31/2023 19:29,5023
5/31/2023 19:39,4977
5/31/2023 19:49,4831
5/31/2023 19:59,4932
5/31/2023 20:09,4966
5/31/2023 20:19,4765
5/31/2023 20:29,5035
5/31/2023 20:39,5035
5/31/2023 20:49,5024
5/31/2023 20:59,4910
5/31/2023 21:09,4909
5/31/2023 21:19,5001
5/31/2023 21:29,4864
5/31/2023 21:39,4876
5/31/2023 21:49,5141
5/31/2023 21:59,5013
5/31/2023 22:09,5188
5/31/2023 22:20,4989
5/31/2023 22:30,5309
5/31/2023 22:40,5058
5/31/2023 22:50,5381
5/31/2023 23:00,5141
5/31/2023 23:10,5152
5/31/2023 23:20,5023
5/31/2023 23:30,4910
5/31/2023 23:40,5046
5/31/2023 23:50,4876
6/1/2023 0:00,5105
6/1/2023 0:10,5116
6/1/2023 0:20,5420
6/1/2023 0:30,5249
6/1/2023 0:40,5260
6/1/2023 0:50,5200
6/1/2023 1:00,5012
6/1/2023 1:10,4954
6/1/2023 1:20,5093
6/1/2023 1:30,5128
6/1/2023 1:40,5116
6/1/2023 1:50,5176
6/1/2023 2:00,4989
6/1/2023 2:10,5246
6/1/2023 2:20,5235
6/1/2023 2:30,5035
6/1/2023 2:40,5222
6/1/2023 2:50,5393
6/1/2023 3:00,5458
6/1/2023 3:10,5381
6/1/2023 3:20,5283
6/1/2023 3:30,5140
6/1/2023 3:40,5272
6/1/2023 3:50,5344
6/1/2023 4:00,5308
6/1/2023 4:10,5152
6/1/2023 4:20,5593
6/1/2023 4:30,5321
6/1/2023 4:40,5235
6/1/2023 4:50,5334
6/1/2023 5:00,5395
6/1/2023 5:10,5163
6/1/2023 5:20,5283
6/1/2023 5:30,5285
6/1/2023 5:40,5334
6/1/2023 5:50,5470
6/1/2023 6:00,5370
6/1/2023 6:10,5470
6/1/2023 6:20,5818
6/1/2023 6:30,5381
6/1/2023 6:40,5272
6/1/2023 6:50,5200
6/1/2023 7:01,5296
6/1/2023 7:11,5456
6/1/2023 7:21,5406
6/1/2023 7:31,5570
6/1/2023 7:41,5223
6/1/2023 7:51,5176
6/1/2023 8:01,5332
6/1/2023 8:11,5431
6/1/2023 8:21,5308
6/1/2023 8:31,5649
6/1/2023 8:41,5406
6/1/2023 8:51,5140
6/1/2023 9:01,5483
6/1/2023 9:11,5259
6/1/2023 9:21,5468
6/1/2023 9:31,5332
6/1/2023 9:41,5198
6/1/2023 9:51,5283
6/1/2023 10:01,5260
6/1/2023 10:11,5431
6/1/2023 10:21,5321
6/1/2023 10:31,5295
6/1/2023 10:41,5104
6/1/2023 10:51,5177
6/1/2023 11:01,5431
6/1/2023 11:11,5391
6/1/2023 11:21,5468
6/1/2023 11:31,4932
6/1/2023 11:41,5556
6/1/2023 11:51,5468
6/1/2023 12:01,5273
6/1/2023 12:11,5649
6/1/2023 12:21,5567
6/1/2023 12:31,5818
6/1/2023 12:41,5621
6/1/2023 12:51,5830
6/1/2023 13:01,5806
6/1/2023 13:11,5717
6/1/2023 13:21,5806
6/1/2023 13:31,5728
6/1/2023 13:41,5887
6/1/2023 13:51,5818
6/1/2023 14:01,5764
6/1/2023 14:11,5914
6/1/2023 14:21,5899
6/1/2023 14:31,6122
6/1/2023 14:41,5764
6/1/2023 14:51,5966
6/1/2023 15:01,5942
6/1/2023 15:11,5997
6/1/2023 15:21,6450
6/1/2023 15:32,5791
6/1/2023 15:42,6300
6/1/2023 15:52,6038
6/1/2023 16:02,6342
6/1/2023 16:12,5848
6/1/2023 16:22,6453
6/1/2023 16:32,6342
6/1/2023 16:42,6342
6/1/2023 16:52,6406
6/1/2023 17:02,6385
6/1/2023 17:12,6506
6/1/2023 17:22,6342
6/1/2023 17:32,6313
6/1/2023 17:42,6554
6/1/2023 17:52,6488
6/1/2023 18:02,6242
6/1/2023 18:12,6567
6/1/2023 18:22,6536
6/1/2023 18:32,6506
6/1/2023 18:42,6389
6/1/2023 18:52,6536
6/1/2023 19:02,6493
6/1/2023 19:12,6523
6/1/2023 19:22,6711
6/1/2023 19:32,6554
6/1/2023 19:42,6742
6/1/2023 19:52,6737
6/1/2023 20:02,6711
6/1/2023 20:12,6774
6/1/2023 20:22,6554
6/1/2023 20:32,6761
6/1/2023 20:42,6852
6/1/2023 20:52,6645
6/1/2023 21:02,6742
6/1/2023 21:12,6402
6/1/2023 21:22,7037
6/1/2023 21:32,6970
6/1/2023 21:42,6924
6/1/2023 21:52,6871
6/1/2023 22:02,6904
6/1/2023 22:12,6541
6/1/2023 22:22,6806
6/1/2023 22:32,7023
6/1/2023 22:42,6793
6/1/2023 22:52,6904
6/1/2023 23:02,6937
6/1/2023 23:12,6891
6/1/2023 23:22,6963
6/1/2023 23:32,6937
6/1/2023 23:42,7070
6/1/2023 23:52,7297
6/2/2023 0:03,6724
6/2/2023 0:13,7159
6/2/2023 0:23,6891
6/2/2023 0:33,7070
6/2/2023 0:43,7124
6/2/2023 0:53,7179
6/2/2023 1:03,7010
6/2/2023 1:13,6990
6/2/2023 1:23,7003
6/2/2023 1:33,6904
6/2/2023 1:43,7461
6/2/2023 1:53,7333
6/2/2023 2:03,7118
6/2/2023 2:13,7159
6/2/2023 2:23,7138
6/2/2023 2:33,7057
6/2/2023 2:43,7152
6/2/2023 2:53,7382
6/2/2023 3:03,6839
6/2/2023 3:13,7214
6/2/2023 3:23,7050
6/2/2023 3:33,7037
6/2/2023 3:43,7453
6/2/2023 3:53,7439
6/2/2023 4:03,6904
6/2/2023 4:13,7023
6/2/2023 4:23,7091
6/2/2023 4:33,6970
6/2/2023 4:43,7179
6/2/2023 4:53,7297
6/2/2023 5:03,7179
6/2/2023 5:13,7333
6/2/2023 5:23,6845
6/2/2023 5:33,7333
6/2/2023 5:43,7368
6/2/2023 5:53,7461
6/2/2023 6:03,7297
6/2/2023 6:13,7207
6/2/2023 6:23,7311
6/2/2023 6:33,7333
6/2/2023 6:43,7207
6/2/2023 6:53,7489
6/2/2023 7:03,7319
6/2/2023 7:13,7333
6/2/2023 7:23,7374
6/2/2023 7:33,7354
6/2/2023 7:43,7512
6/2/2023 7:53,7557
6/2/2023 8:03,7439
6/2/2023 8:13,7673
6/2/2023 8:23,7512
6/2/2023 8:33,7207
6/2/2023 8:43,7417
6/2/2023 8:54,7417
6/2/2023 9:04,7346
6/2/2023 9:14,7687
6/2/2023 9:24,7585
6/2/2023 9:34,7429
6/2/2023 9:44,7172
6/2/2023 9:54,7520
6/2/2023 10:04,7526
6/2/2023 10:14,7118
6/2/2023 10:24,7290
6/2/2023 10:34,7276
6/2/2023 10:44,7489
6/2/2023 10:54,7290
6/2/2023 11:04,7431
6/2/2023 11:14,7540
6/2/2023 11:24,7576
6/2/2023 11:34,7445
6/2/2023 11:44,7650
6/2/2023 11:54,7876
6/2/2023 12:04,8244
6/2/2023 12:14,7876
6/2/2023 12:24,7905
6/2/2023 12:34,8192
6/2/2023 12:44,8207
6/2/2023 12:54,7269
6/2/2023 13:04,8412
6/2/2023 13:14,7791
6/2/2023 13:24,8086
6/2/2023 13:34,8247
6/2/2023 13:44,8454
6/2/2023 13:54,8022
6/2/2023 14:04,3599
6/2/2023 14:14,3908
6/2/2023 14:24,4614
6/2/2023 14:34,4572
6/2/2023 14:44,4922
6/2/2023 14:54,5311
6/2/2023 15:04,5550
6/2/2023 15:14,5450
6/2/2023 15:24,5351
6/2/2023 15:34,5515
6/2/2023 15:44,5179
6/2/2023 15:54,5203
6/2/2023 16:04,5538
6/2/2023 16:14,5264
6/2/2023 16:24,5264
6/2/2023 16:34,5180
6/2/2023 16:44,5216
6/2/2023 16:54,4945
6/2/2023 17:04,5440
6/2/2023 17:14,5314
6/2/2023 17:25,5003
6/2/2023 17:35,5240
6/2/2023 17:45,5302
6/2/2023 17:55,5315
6/2/2023 18:05,5216
6/2/2023 18:15,5049
6/2/2023 18:25,5097
6/2/2023 18:35,4992
6/2/2023 18:45,5132
6/2/2023 18:55,4980
6/2/2023 19:05,5157
6/2/2023 19:15,5039
6/2/2023 19:25,4821
6/2/2023 19:35,4946
6/2/2023 19:45,4821
6/2/2023 19:55,4935
6/2/2023 20:05,4635
6/2/2023 20:15,4866
6/2/2023 20:25,4711
6/2/2023 20:35,4733
6/2/2023 20:45,4034
6/2/2023 20:55,4678
6/2/2023 21:05,4394
6/2/2023 21:15,4799
6/2/2023 21:25,4304
6/2/2023 21:35,4225
6/2/2023 21:45,4498
6/2/2023 21:55,4006
6/2/2023 22:05,4507
6/2/2023 22:15,4024
6/2/2023 22:25,4404
6/2/2023 22:35,4497
6/2/2023 22:45,3841
6/2/2023 22:55,4497
6/2/2023 23:05,4155
6/2/2023 23:15,4118
6/2/2023 23:25,3958
6/2/2023 23:35,3965
6/2/2023 23:45,3967
6/2/2023 23:55,3692
6/3/2023 0:05,3823
6/3/2023 0:15,3893
6/3/2023 0:25,3494
6/3/2023 0:35,3607
6/3/2023 0:45,3487
6/3/2023 0:55,3539
6/3/2023 1:05,3376
6/3/2023 1:15,3518
6/3/2023 1:25,3675
6/3/2023 1:35,3443
6/3/2023 1:45,3733
6/3/2023 1:55,3612
6/3/2023 2:06,3328
6/3/2023 2:16,3760
6/3/2023 2:26,3516
6/3/2023 2:36,3631
6/3/2023 2:46,3393
6/3/2023 2:56,3399
6/3/2023 3:06,3331
6/3/2023 3:16,3401
6/3/2023 3:26,3561
6/3/2023 3:36,3369
6/3/2023 3:46,3234
6/3/2023 3:56,3532
6/3/2023 4:06,3440
6/3/2023 4:16,3578
6/3/2023 4:26,3256
6/3/2023 4:36,3483
6/3/2023 4:46,3118
6/3/2023 4:56,3483
6/3/2023 5:06,3328
6/3/2023 5:16,3401
6/3/2023 5:26,3685
6/3/2023 5:36,3424
6/3/2023 5:46,3268
6/3/2023 5:56,3457
6/3/2023 6:06,3344
6/3/2023 6:16,3312
6/3/2023 6:26,3274
6/3/2023 6:36,3287
6/3/2023 6:46,3350
6/3/2023 6:56,3225
6/3/2023 7:06,3281
6/3/2023 7:16,3133
6/3/2023 7:26,3303
6/3/2023 7:36,3362
6/3/2023 7:46,3256
6/3/2023 7:56,3265
6/3/2023 8:06,3210
6/3/2023 8:16,3259
6/3/2023 8:26,3197
6/3/2023 8:36,3182
6/3/2023 8:46,3110
6/3/2023 8:56,3164
6/3/2023 9:06,3158
6/3/2023 9:16,3197
6/3/2023 9:26,3077
6/3/2023 9:36,3027
6/3/2023 9:46,3032
6/3/2023 9:56,3071
6/3/2023 10:06,3077
6/3/2023 10:16,3127
6/3/2023 10:26,3148
6/3/2023 10:36,2940
6/3/2023 10:46,2954
6/3/2023 10:57,2954
6/3/2023 11:07,2940
6/3/2023 11:17,3100
6/3/2023 11:27,2919
6/3/2023 11:37,2925
6/3/2023 11:47,2911
6/3/2023 11:57,2786
6/3/2023 12:07,2782
6/3/2023 12:17,2864
6/3/2023 12:27,2740
6/3/2023 12:37,2836
6/3/2023 12:47,2906
6/3/2023 12:57,2878
6/3/2023 13:07,2858
6/3/2023 13:17,2841
6/3/2023 13:27,2780
6/3/2023 13:37,2900
6/3/2023 13:47,2855
6/3/2023 13:57,2906
6/3/2023 14:07,2841
6/3/2023 14:17,2892
6/3/2023 14:27,3525
6/3/2023 14:37,2954
6/3/2023 14:47,2911
6/3/2023 14:57,2968
6/3/2023 15:07,3097
6/3/2023 15:17,3027
6/3/2023 15:27,3012
6/3/2023 15:37,2791
6/3/2023 15:47,2911
6/3/2023 15:57,2960
6/3/2023 16:07,2827
6/3/2023 16:17,2878
6/3/2023 16:27,2897
6/3/2023 16:37,2903
6/3/2023 16:47,2911
6/3/2023 16:57,2902
6/3/2023 17:07,2855
6/3/2023 17:17,2850
6/3/2023 17:27,2641
6/3/2023 17:37,2677
6/3/2023 17:47,2741
6/3/2023 17:57,2669
6/3/2023 18:07,2750
6/3/2023 18:17,2694
6/3/2023 18:27,2590
6/3/2023 18:37,2637
6/3/2023 18:47,2458
6/3/2023 18:57,2727
6/3/2023 19:07,2721
6/3/2023 19:17,2737
6/3/2023 19:28,2731
6/3/2023 19:38,2768
6/3/2023 19:48,2709
6/3/2023 19:58,2735
6/3/2023 20:08,2700
6/3/2023 20:18,2638
6/3/2023 20:28,2642
6/3/2023 20:38,2736
6/3/2023 20:48,2710
6/3/2023 20:58,2496
6/3/2023 21:08,2709
6/3/2023 21:18,2634
6/3/2023 21:28,2512
6/3/2023 21:38,2736
6/3/2023 21:48,2474
6/3/2023 21:58,2678
6/3/2023 22:08,2665
6/3/2023 22:18,2683
6/3/2023 22:28,2594
6/3/2023 22:38,2462
6/3/2023 22:48,2508
6/3/2023 22:58,2648
6/3/2023 23:08,2683
6/3/2023 23:18,2547
6/3/2023 23:28,2512
6/3/2023 23:38,2542
6/3/2023 23:48,2692
6/3/2023 23:58,2589
6/4/2023 0:08,2669
6/4/2023 0:18,2629
6/4/2023 0:28,2677
6/4/2023 0:38,2387
6/4/2023 0:48,2643
6/4/2023 0:58,2521
6/4/2023 1:08,2407
6/4/2023 1:18,2525
6/4/2023 1:28,2564
6/4/2023 1:38,2525
6/4/2023 1:48,2542
6/4/2023 1:58,2403
6/4/2023 2:08,2722
6/4/2023 2:18,2466
6/4/2023 2:28,2678
6/4/2023 2:38,2655
6/4/2023 2:48,2614
6/4/2023 2:58,2677
6/4/2023 3:08,2678
6/4/2023 3:18,2466
6/4/2023 3:28,2581
6/4/2023 3:38,2629
6/4/2023 3:48,2478
6/4/2023 3:58,2633
6/4/2023 4:09,2495
6/4/2023 4:19,2751
6/4/2023 4:29,2508
6/4/2023 4:39,2638
6/4/2023 4:49,2705
6/4/2023 4:59,2732
6/4/2023 5:09,2594
6/4/2023 5:19,2721
6/4/2023 5:29,2660
6/4/2023 5:39,2683
6/4/2023 5:49,2773
6/4/2023 5:59,2705
6/4/2023 6:09,2683
6/4/2023 6:19,2772
6/4/2023 6:29,2746
6/4/2023 6:39,2586
6/4/2023 6:49,2634
6/4/2023 6:59,2768
6/4/2023 7:09,2625
6/4/2023 7:19,2665
6/4/2023 7:29,2678
6/4/2023 7:39,2555
6/4/2023 7:49,2616
6/4/2023 7:59,2660
6/4/2023 8:09,2751
6/4/2023 8:19,2669
6/4/2023 8:29,2634
6/4/2023 8:39,2644
6/4/2023 8:49,2642
6/4/2023 8:59,2651
6/4/2023 9:09,2655
6/4/2023 9:19,2669
6/4/2023 9:29,2533
6/4/2023 9:39,2603
6/4/2023 9:49,2621
6/4/2023 9:59,2548
6/4/2023 10:09,2546
6/4/2023 10:19,2572
6/4/2023 10:29,2546
6/4/2023 10:39,2521
6/4/2023 10:49,2567
6/4/2023 10:59,2564
6/4/2023 11:09,2516
6/4/2023 11:19,2515
6/4/2023 11:29,2338
6/4/2023 11:39,2457
6/4/2023 11:49,2620
6/4/2023 11:59,2436
6/4/2023 12:09,2491
6/4/2023 12:19,2416
6/4/2023 12:29,2491
6/4/2023 12:39,2461
6/4/2023 12:50,2453
6/4/2023 13:00,2461
6/4/2023 13:10,2457
6/4/2023 13:20,2489
6/4/2023 13:30,2470
6/4/2023 13:40,2399
6/4/2023 13:50,2461
6/4/2023 14:00,2441
6/4/2023 14:10,2411
6/4/2023 14:20,2499
6/4/2023 14:30,2545
6/4/2023 14:40,2499
6/4/2023 14:50,2495
6/4/2023 15:00,2495
6/4/2023 15:10,2444
6/4/2023 15:20,2426
6/4/2023 15:30,3525
6/4/2023 15:40,2378
6/4/2023 15:50,2507
6/4/2023 16:00,2537
6/4/2023 16:10,2490
6/4/2023 16:20,2848
6/4/2023 16:30,2528
6/4/2023 16:40,2491
6/4/2023 16:50,2576
6/4/2023 17:00,2545
6/4/2023 17:10,2533
6/4/2023 17:20,2545
6/4/2023 17:30,2567
6/4/2023 17:40,2668
6/4/2023 17:50,2558
6/4/2023 18:00,2580
6/4/2023 18:10,2654
6/4/2023 18:20,2558
6/4/2023 18:30,2585
6/4/2023 18:40,2486
6/4/2023 18:50,2601
6/4/2023 19:00,2624
6/4/2023 19:10,2482
6/4/2023 19:20,2651
6/4/2023 19:30,2516
6/4/2023 19:40,2664
6/4/2023 19:50,2641
6/4/2023 20:00,2577
6/4/2023 20:10,2606
6/4/2023 20:20,2576
6/4/2023 20:30,2598
6/4/2023 20:40,2620
6/4/2023 20:50,2478
6/4/2023 21:00,2395
6/4/2023 21:11,2611
6/4/2023 21:21,2555
6/4/2023 21:31,2642
6/4/2023 21:41,2516
6/4/2023 21:51,2567
6/4/2023 22:01,2416
6/4/2023 22:11,2642
6/4/2023 22:21,2590
6/4/2023 22:31,2577
6/4/2023 22:41,2647
6/4/2023 22:51,2594
6/4/2023 23:01,2533
6/4/2023 23:11,2633
6/4/2023 23:21,2633
6/4/2023 23:31,2672
6/4/2023 23:41,2698
6/4/2023 23:51,2478
6/5/2023 0:01,2717
6/5/2023 0:11,2612
6/5/2023 0:21,2525
6/5/2023 0:31,2733
6/5/2023 0:41,2546
6/5/2023 0:51,2572
6/5/2023 1:01,2740
6/5/2023 1:11,2602
6/5/2023 1:21,2593
6/5/2023 1:31,2624
6/5/2023 1:41,2555
6/5/2023 1:51,2726
6/5/2023 2:01,2607
6/5/2023 2:11,2538
6/5/2023 2:21,2672
6/5/2023 2:31,2763
6/5/2023 2:41,2533
6/5/2023 2:51,2726
6/5/2023 3:01,2753
6/5/2023 3:11,2659
6/5/2023 3:21,2839
6/5/2023 3:31,2813
6/5/2023 3:41,2499
6/5/2023 3:51,2516
6/5/2023 4:01,2637
6/5/2023 4:11,2780
6/5/2023 4:21,2546
6/5/2023 4:31,2669
6/5/2023 4:41,2722
6/5/2023 4:51,2841
6/5/2023 5:01,2750
6/5/2023 5:11,2908
6/5/2023 5:21,2799
6/5/2023 5:31,2851
6/5/2023 5:41,2593
6/5/2023 5:52,2827
6/5/2023 6:02,2768
6/5/2023 6:12,2860
6/5/2023 6:22,2881
6/5/2023 6:32,2799
6/5/2023 6:42,2715
6/5/2023 6:52,2844
6/5/2023 7:02,2911
6/5/2023 7:12,2638
6/5/2023 7:22,2881
6/5/2023 7:32,2890
6/5/2023 7:42,2818
6/5/2023 7:52,2804
6/5/2023 8:02,2786
6/5/2023 8:12,2856
6/5/2023 8:22,2881
6/5/2023 8:32,2878
6/5/2023 8:42,2864
6/5/2023 8:52,2813
6/5/2023 9:02,2813
6/5/2023 9:12,2823
6/5/2023 9:22,2897
6/5/2023 9:32,2808
6/5/2023 9:42,2869
6/5/2023 9:52,2886
6/5/2023 10:02,2767
6/5/2023 10:12,2813
6/5/2023 10:22,2808
6/5/2023 10:32,2878
6/5/2023 10:42,2786
6/5/2023 10:52,2850
6/5/2023 11:02,2677
6/5/2023 11:12,2860
6/5/2023 11:22,2872
6/5/2023 11:32,2860
6/5/2023 11:42,2911
6/5/2023 11:52,3018
6/5/2023 12:02,2925
6/5/2023 12:12,2917
6/5/2023 12:22,2965
6/5/2023 12:32,2906
6/5/2023 12:42,2988
6/5/2023 12:52,3053
6/5/2023 13:02,2954
6/5/2023 13:12,3017
6/5/2023 13:22,2940
6/5/2023 13:32,3038
6/5/2023 13:42,3079
6/5/2023 13:52,3035
6/5/2023 14:02,2928
6/5/2023 14:12,2971
6/5/2023 14:23,2933
6/5/2023 14:33,3014
6/5/2023 14:43,3038
6/5/2023 14:53,2917
6/5/2023 15:03,3062
6/5/2023 15:13,3139
6/5/2023 15:23,3179
6/5/2023 15:33,3184
6/5/2023 15:43,3038
6/5/2023 15:53,3070
6/5/2023 16:03,3100
6/5/2023 16:13,3188
6/5/2023 16:23,3155
6/5/2023 16:33,3200
6/5/2023 16:43,3133
6/5/2023 16:53,3216
6/5/2023 17:03,3262
6/5/2023 17:13,3148
6/5/2023 17:23,3250
6/5/2023 17:33,3118
6/5/2023 17:43,3228
6/5/2023 17:53,3265
6/5/2023 18:03,3231
6/5/2023 18:13,3262
6/5/2023 18:23,3014
6/5/2023 18:33,3210
6/5/2023 18:43,3100
6/5/2023 18:53,3318
6/5/2023 19:03,3396
6/5/2023 19:13,3309
6/5/2023 19:23,3360
6/5/2023 19:33,3399
6/5/2023 19:43,3383
6/5/2023 19:53,3303
6/5/2023 20:03,3431
6/5/2023 20:13,3415
6/5/2023 20:23,3487
6/5/2023 20:33,3471
6/5/2023 20:43,3341
6/5/2023 20:53,3447
6/5/2023 21:03,3185
6/5/2023 21:13,3325
6/5/2023 21:23,3563
6/5/2023 21:33,3350
6/5/2023 21:43,3561
6/5/2023 21:53,3124
6/5/2023 22:03,3389
6/5/2023 22:13,3399
6/5/2023 22:23,3434
6/5/2023 22:33,3450
6/5/2023 22:43,3394
6/5/2023 22:54,3457
6/5/2023 23:04,3228
6/5/2023 23:14,3473
6/5/2023 23:24,3558
6/5/2023 23:34,3542
6/5/2023 23:44,3497
6/5/2023 23:54,3321
6/6/2023 0:04,3700
6/6/2023 0:14,3554
6/6/2023 0:24,3353
6/6/2023 0:34,3713
6/6/2023 0:44,3401
6/6/2023 0:54,3306
6/6/2023 1:04,3599
6/6/2023 1:14,3573
6/6/2023 1:24,3549
6/6/2023 1:34,3321
6/6/2023 1:44,3626
6/6/2023 1:54,3744
6/6/2023 2:04,3525
6/6/2023 2:14,3585
6/6/2023 2:24,3601
6/6/2023 2:34,3746
6/6/2023 2:44,3558
6/6/2023 2:54,3752
6/6/2023 3:04,3861
6/6/2023 3:14,3556
6/6/2023 3:24,3807
6/6/2023 3:34,3592
6/6/2023 3:44,3568
6/6/2023 3:54,3789
6/6/2023 4:04,3702
6/6/2023 4:14,3676
6/6/2023 4:24,3739
6/6/2023 4:34,3609
6/6/2023 4:44,3843
6/6/2023 4:54,3774
6/6/2023 5:04,3797
6/6/2023 5:14,3650
6/6/2023 5:24,3459
6/6/2023 5:34,2963
6/6/2023 5:44,2517
6/6/2023 5:54,2547
6/6/2023 6:04,2629
6/6/2023 6:14,2577
6/6/2023 6:24,2529
6/6/2023 6:34,2647
6/6/2023 6:44,2669
6/6/2023 6:54,2513
6/6/2023 7:04,2599
6/6/2023 7:14,2613
6/6/2023 7:24,2661
6/6/2023 7:35,2765
6/6/2023 7:45,2581
6/6/2023 7:55,2675
6/6/2023 8:05,2657
6/6/2023 8:15,2688
6/6/2023 8:25,2651
6/6/2023 8:35,2697
6/6/2023 8:45,2639
6/6/2023 8:55,2668
6/6/2023 9:05,2890
6/6/2023 9:15,2680
6/6/2023 9:25,2661
6/6/2023 9:35,2670
6/6/2023 9:45,2547
6/6/2023 9:55,2617
6/6/2023 10:05,2599
6/6/2023 10:15,2702
6/6/2023 10:25,2547
6/6/2023 10:35,2564
6/6/2023 10:45,2765
6/6/2023 10:55,2625
6/6/2023 11:05,2630
6/6/2023 11:15,2643
6/6/2023 11:25,2521
6/6/2023 11:35,2630
6/6/2023 11:45,2595
6/6/2023 11:55,2574
6/6/2023 12:05,2625
6/6/2023 12:15,2604
6/6/2023 12:25,2560
6/6/2023 12:35,2665
6/6/2023 12:45,2617
6/6/2023 12:55,2604
6/6/2023 13:05,2625
6/6/2023 13:15,2778
6/6/2023 13:25,2560
6/6/2023 13:35,2534
6/6/2023 13:45,2648
6/6/2023 13:55,2470
6/6/2023 14:05,2687
6/6/2023 14:15,2556
6/6/2023 14:25,2560
6/6/2023 14:35,2513
6/6/2023 14:45,2531
6/6/2023 14:55,2551
6/6/2023 15:05,2634
6/6/2023 15:15,2466
6/6/2023 15:25,2603
6/6/2023 15:35,2539
6/6/2023 15:45,2458
6/6/2023 15:55,2547
6/6/2023 16:05,2542
6/6/2023 16:16,2534
6/6/2023 16:26,2524
6/6/2023 16:36,2346
6/6/2023 16:46,2466
6/6/2023 16:56,2491
6/6/2023 17:06,2512
6/6/2023 17:16,5849
6/6/2023 17:26,2512
6/6/2023 17:36,2533
6/6/2023 17:46,2598
6/6/2023 17:56,2538
6/6/2023 18:06,2508
6/6/2023 18:16,2487
6/6/2023 18:26,2504
6/6/2023 18:36,2521
6/6/2023 18:46,2546
6/6/2023 18:56,2521
6/6/2023 19:06,2478
6/6/2023 19:16,2508
6/6/2023 19:26,2542
6/6/2023 19:36,2555
6/6/2023 19:46,2487
6/6/2023 19:56,2567
6/6/2023 20:06,2525
6/6/2023 20:16,2555
6/6/2023 20:26,2568
6/6/2023 20:36,2474
6/6/2023 20:46,2525
6/6/2023 20:56,2420
6/6/2023 21:06,2338
6/6/2023 21:16,2575
6/6/2023 21:26,2338
6/6/2023 21:36,2432
6/6/2023 21:46,2326
6/6/2023 21:56,2469
6/6/2023 22:06,2412
6/6/2023 22:16,2482
6/6/2023 22:26,2517
6/6/2023 22:36,2416
6/6/2023 22:46,2530
6/6/2023 22:56,2466
6/6/2023 23:06,2491
6/6/2023 23:16,2412
6/6/2023 23:26,2495
6/6/2023 23:36,2391
6/6/2023 23:46,2496
6/6/2023 23:56,2442
6/7/2023 0:06,2458
6/7/2023 0:16,2497
6/7/2023 0:26,2465
6/7/2023 0:36,2521
6/7/2023 0:46,2403
6/7/2023 0:57,2458
6/7/2023 1:07,2432
6/7/2023 1:17,2496
6/7/2023 1:27,2441
6/7/2023 1:37,2395
6/7/2023 1:47,2551
6/7/2023 1:57,2508
6/7/2023 2:07,2306
6/7/2023 2:17,2525
6/7/2023 2:27,2461
6/7/2023 2:37,2403
6/7/2023 2:47,2441
6/7/2023 2:57,2577
6/7/2023 3:07,2513
6/7/2023 3:17,2573
6/7/2023 3:27,2408
6/7/2023 3:37,2581
6/7/2023 3:47,2573
6/7/2023 3:57,2354
6/7/2023 4:07,2587
6/7/2023 4:17,2573
6/7/2023 4:27,2458
6/7/2023 4:37,2590
6/7/2023 4:47,2621
6/7/2023 4:57,2655
6/7/2023 5:07,2581
6/7/2023 5:17,2590
6/7/2023 5:27,2625
6/7/2023 5:37,2603
6/7/2023 5:47,2634
6/7/2023 5:57,2625
6/7/2023 6:07,2660
6/7/2023 6:17,2700
6/7/2023 6:27,2621
6/7/2023 6:37,2599
6/7/2023 6:47,2555
6/7/2023 6:57,2621
6/7/2023 7:07,2682
6/7/2023 7:17,2640
6/7/2023 7:27,2598
6/7/2023 7:37,2533
6/7/2023 7:47,2542
6/7/2023 7:57,2551
6/7/2023 8:07,2700
6/7/2023 8:17,2616
6/7/2023 8:27,2585
6/7/2023 8:37,2572
6/7/2023 8:47,2584
6/7/2023 8:57,2726
6/7/2023 9:07,2577
6/7/2023 9:17,2593
6/7/2023 9:27,2525
6/7/2023 9:38,2559
6/7/2023 9:48,2453
6/7/2023 9:58,2559
6/7/2023 10:08,2495
6/7/2023 10:18,2528
6/7/2023 10:28,2462
6/7/2023 10:38,2432
6/7/2023 10:48,2199
6/7/2023 10:58,2403
6/7/2023 11:08,2342
6/7/2023 11:18,2416
6/7/2023 11:28,2330
6/7/2023 11:38,2403
6/7/2023 11:48,2499
6/7/2023 11:58,2468
6/7/2023 12:08,2354
6/7/2023 12:18,2432
6/7/2023 12:28,2449
6/7/2023 12:38,3430
6/7/2023 12:48,2424
6/7/2023 12:58,2478
6/7/2023 13:08,2399
6/7/2023 13:18,2350
6/7/2023 13:28,2474
6/7/2023 13:38,2449
6/7/2023 13:48,2436
6/7/2023 13:58,2726
6/7/2023 14:08,2499
6/7/2023 14:18,2474
6/7/2023 14:28,2550
6/7/2023 14:38,2537
6/7/2023 14:48,2428
6/7/2023 14:58,2533
6/7/2023 15:08,2486
6/7/2023 15:18,2537
6/7/2023 15:28,2520
6/7/2023 15:38,2571
6/7/2023 15:48,2576
6/7/2023 15:58,2534
6/7/2023 16:08,2503
6/7/2023 16:18,2524
6/7/2023 16:28,2592
6/7/2023 16:38,2580
6/7/2023 16:48,2580
6/7/2023 16:58,2528
6/7/2023 17:08,2606
6/7/2023 17:18,2641
6/7/2023 17:28,2555
6/7/2023 17:38,2524
6/7/2023 17:48,2537
6/7/2023 17:58,2563
6/7/2023 18:09,2717
6/7/2023 18:19,2654
6/7/2023 18:29,2668
6/7/2023 18:39,2711
6/7/2023 18:49,2676
6/7/2023 18:59,2789
6/7/2023 19:09,3403
6/7/2023 19:19,2708
6/7/2023 19:29,2698
6/7/2023 19:39,2694
6/7/2023 19:49,2606
6/7/2023 19:59,2952
6/7/2023 20:09,2784
6/7/2023 20:19,2593
6/7/2023 20:29,2748
6/7/2023 20:39,2646
6/7/2023 20:49,2503
6/7/2023 20:59,2633
6/7/2023 21:09,2664
6/7/2023 21:19,2654
6/7/2023 21:29,2615
6/7/2023 21:39,2699
6/7/2023 21:49,2726
6/7/2023 21:59,2772
6/7/2023 22:09,2694
6/7/2023 22:19,2699
6/7/2023 22:29,2763
6/7/2023 22:39,2668
6/7/2023 22:49,2775
6/7/2023 22:59,2624
6/7/2023 23:09,2724
6/7/2023 23:19,2644
6/7/2023 23:29,2651
6/7/2023 23:39,2860
6/7/2023 23:49,2799
6/7/2023 23:59,2700
6/8/2023 0:09,2804
6/8/2023 0:19,2713
6/8/2023 0:29,2865
6/8/2023 0:39,2960
6/8/2023 0:49,2686
6/8/2023 0:59,2722
6/8/2023 1:09,2750
6/8/2023 1:19,2846
6/8/2023 1:29,2641
6/8/2023 1:39,2869
6/8/2023 1:49,2786
6/8/2023 1:59,2839
6/8/2023 2:09,2988
6/8/2023 2:19,2681
6/8/2023 2:29,2943
6/8/2023 2:40,2929
6/8/2023 2:50,2740
6/8/2023 3:00,2983
6/8/2023 3:10,2954
6/8/2023 3:20,2878
6/8/2023 3:30,2983
6/8/2023 3:40,2945
6/8/2023 3:50,2862
6/8/2023 4:00,2762
6/8/2023 4:10,3012
6/8/2023 4:20,2974
6/8/2023 4:30,2748
6/8/2023 4:40,2949
6/8/2023 4:50,3080
6/8/2023 5:00,3035
6/8/2023 5:10,3100
6/8/2023 5:20,3124
6/8/2023 5:30,2992
6/8/2023 5:40,3027
6/8/2023 5:50,3100
6/8/2023 6:00,3109
6/8/2023 6:10,3109
6/8/2023 6:20,3200
6/8/2023 6:30,3024
6/8/2023 6:40,3173
6/8/2023 6:50,3139
6/8/2023 7:00,3191
6/8/2023 7:10,3176
6/8/2023 7:20,3209
6/8/2023 7:30,3056
6/8/2023 7:40,3085
6/8/2023 7:50,3109
6/8/2023 8:00,3161
6/8/2023 8:10,3154
6/8/2023 8:20,3127
6/8/2023 8:30,3274
6/8/2023 8:40,4130
6/8/2023 8:50,3004
6/8/2023 9:00,3188
6/8/2023 9:10,3200
6/8/2023 9:20,3148
6/8/2023 9:30,3200
6/8/2023 9:40,3154
6/8/2023 9:50,3157
6/8/2023 10:00,3154
6/8/2023 10:10,3059
6/8/2023 10:20,3118
6/8/2023 10:30,3264
6/8/2023 10:40,3089
6/8/2023 10:50,3173
6/8/2023 11:00,3188
6/8/2023 11:10,3173
6/8/2023 11:21,3227
6/8/2023 11:31,3157
6/8/2023 11:41,3224
6/8/2023 11:51,3157
6/8/2023 12:01,3210
6/8/2023 12:11,3227
6/8/2023 12:21,3358
6/8/2023 12:31,3352
6/8/2023 12:41,3252
6/8/2023 12:51,3403
6/8/2023 13:01,3400
6/8/2023 13:11,3384
6/8/2023 13:21,3320
6/8/2023 13:31,3436
6/8/2023 13:41,3455
6/8/2023 13:51,3504
6/8/2023 14:01,3374
6/8/2023 14:11,3406
6/8/2023 14:21,3381
6/8/2023 14:31,3570
6/8/2023 14:41,3604
6/8/2023 14:51,3462
6/8/2023 15:01,3621
6/8/2023 15:11,3556
6/8/2023 15:21,3630
6/8/2023 15:31,3691
6/8/2023 15:41,3630
6/8/2023 15:51,3537
6/8/2023 16:01,3632
6/8/2023 16:11,3672
6/8/2023 16:21,3462
6/8/2023 16:31,3711
6/8/2023 16:41,3689
6/8/2023 16:51,3801
6/8/2023 17:01,3731
6/8/2023 17:11,3748
6/8/2023 17:21,3618
6/8/2023 17:31,3819
6/8/2023 17:41,3689
6/8/2023 17:51,3682
6/8/2023 18:01,2917
6/8/2023 18:11,3870
6/8/2023 18:21,5328
6/8/2023 18:31,5915
6/8/2023 18:41,5986
6/8/2023 18:51,6141
6/8/2023 19:01,6305
6/8/2023 19:11,6027
6/8/2023 19:21,6421
6/8/2023 19:31,6110
6/8/2023 19:41,5946
6/8/2023 19:52,6145
6/8/2023 20:02,6096
6/8/2023 20:12,6011
6/8/2023 20:22,6039
6/8/2023 20:32,6109
6/8/2023 20:42,5698
6/8/2023 20:52,5724
6/8/2023 21:02,5614
6/8/2023 21:12,5576
6/8/2023 21:22,5915
6/8/2023 21:32,5437
6/8/2023 21:42,5538
6/8/2023 21:52,6159
6/8/2023 22:02,5971
6/8/2023 22:12,6399
6/8/2023 22:22,5574
6/8/2023 22:32,5657
6/8/2023 22:42,5513
6/8/2023 22:52,5337
6/8/2023 23:02,5375
6/8/2023 23:12,5095
6/8/2023 23:22,5351
6/8/2023 23:32,5581
6/8/2023 23:42,4865
6/8/2023 23:52,5700
6/9/2023 0:02,5592
6/9/2023 0:12,5592
6/9/2023 0:22,5085
6/9/2023 0:32,5378
6/9/2023 0:42,5569
6/9/2023 0:52,4657
6/9/2023 1:02,4843
6/9/2023 1:12,4668
6/9/2023 1:22,5302
6/9/2023 1:32,4744
6/9/2023 1:42,5315
6/9/2023 1:52,4722
6/9/2023 2:02,4744
6/9/2023 2:12,5156
6/9/2023 2:22,4488
6/9/2023 2:32,4509
6/9/2023 2:42,4993
6/9/2023 2:52,4437
6/9/2023 3:02,4980
6/9/2023 3:12,4425
6/9/2023 3:22,4529
6/9/2023 3:32,4458
6/9/2023 3:42,4217
6/9/2023 3:52,4487
6/9/2023 4:02,4187
6/9/2023 4:12,4129
6/9/2023 4:22,4364
6/9/2023 4:32,4244
6/9/2023 4:43,4304
6/9/2023 4:53,4667
6/9/2023 5:03,4635
6/9/2023 5:13,4477
6/9/2023 5:23,4646
6/9/2023 5:33,4560
6/9/2023 5:43,4744
6/9/2023 5:53,4766
6/9/2023 6:03,4657
6/9/2023 6:13,4415
6/9/2023 6:23,4766
6/9/2023 6:33,4487
6/9/2023 6:43,4581
6/9/2023 6:53,4156
6/9/2023 7:03,4374
6/9/2023 7:13,4614
6/9/2023 7:23,4508
6/9/2023 7:33,4414
6/9/2023 7:43,4274
6/9/2023 7:53,4344
6/9/2023 8:03,4348
6/9/2023 8:13,4344
6/9/2023 8:23,4373
6/9/2023 8:33,4284
6/9/2023 8:43,4374
6/9/2023 8:53,4244
6/9/2023 9:03,4079
6/9/2023 9:13,4215
6/9/2023 9:23,4071
6/9/2023 9:33,4088
6/9/2023 9:43,4166
6/9/2023 9:53,4052
6/9/2023 10:03,4033
6/9/2023 10:13,3975
6/9/2023 10:23,3913
6/9/2023 10:33,3922
6/9/2023 10:43,4147
6/9/2023 10:53,3321
6/9/2023 11:03,3321
6/9/2023 11:13,3420
6/9/2023 11:23,3356
6/9/2023 11:33,3277
6/9/2023 11:43,3255
6/9/2023 11:53,3215
6/9/2023 12:03,3154
6/9/2023 12:13,3158
6/9/2023 12:23,3163
6/9/2023 12:33,3170
6/9/2023 12:43,3118
6/9/2023 12:53,3218
6/9/2023 13:03,3103
6/9/2023 13:14,3196
6/9/2023 13:24,5875
6/9/2023 13:34,3068
6/9/2023 13:44,3148
6/9/2023 13:54,3050
6/9/2023 14:04,3098
6/9/2023 14:14,3101
6/9/2023 14:24,3083
6/9/2023 14:34,2993
6/9/2023 14:44,3039
6/9/2023 14:54,3015
6/9/2023 15:04,3083
6/9/2023 15:14,3068
6/9/2023 15:24,3062
6/9/2023 15:34,3408
6/9/2023 15:44,3044
6/9/2023 15:54,2977
6/9/2023 16:04,2848
6/9/2023 16:14,3044
6/9/2023 16:24,2992
6/9/2023 16:34,2900
6/9/2023 16:44,3021
6/9/2023 16:54,2975
6/9/2023 17:04,2929
6/9/2023 17:14,2975
6/9/2023 17:24,3030
6/9/2023 17:34,2986
6/9/2023 17:44,3133
6/9/2023 17:54,2972
6/9/2023 18:04,3001
6/9/2023 18:14,3656
6/9/2023 18:24,3001
6/9/2023 18:34,3077
6/9/2023 18:44,3133
6/9/2023 18:54,3001
6/9/2023 19:04,2952
6/9/2023 19:14,3053
6/9/2023 19:24,4230
6/9/2023 19:34,3018
6/9/2023 19:44,3030
6/9/2023 19:54,2808
6/9/2023 20:04,2992
6/9/2023 20:14,3001
6/9/2023 20:24,2920
6/9/2023 20:34,2995
6/9/2023 20:44,3018
6/9/2023 20:54,2880
6/9/2023 21:04,2694
6/9/2023 21:14,2986
6/9/2023 21:24,2958
6/9/2023 21:34,2864
6/9/2023 21:44,2900
6/9/2023 21:55,2968
6/9/2023 22:05,2850
6/9/2023 22:15,2832
6/9/2023 22:25,2892
6/9/2023 22:35,2925
6/9/2023 22:45,2940
6/9/2023 22:55,2900
6/9/2023 23:05,2900
6/9/2023 23:15,2929
6/9/2023 23:25,3047
6/9/2023 23:35,2888
6/9/2023 23:45,2946
6/9/2023 23:55,2920
6/10/2023 0:05,3118
6/10/2023 0:15,2857
6/10/2023 0:25,2813
6/10/2023 0:35,3032
6/10/2023 0:45,2906
6/10/2023 0:55,2920
6/10/2023 1:05,2988
6/10/2023 1:15,2925
6/10/2023 1:25,2872
6/10/2023 1:35,2858
6/10/2023 1:45,2897
6/10/2023 1:55,2997
6/10/2023 2:05,2858
6/10/2023 2:15,3085
6/10/2023 2:25,3068
6/10/2023 2:35,2968
6/10/2023 2:45,3056
6/10/2023 2:55,2897
6/10/2023 3:05,2794
6/10/2023 3:15,3023
6/10/2023 3:25,2844
6/10/2023 3:35,3018
6/10/2023 3:45,2777
6/10/2023 3:55,2929
6/10/2023 4:05,2924
6/10/2023 4:15,2878
6/10/2023 4:25,2883
6/10/2023 4:35,2910
6/10/2023 4:45,3041
6/10/2023 4:55,3041
6/10/2023 5:05,3021
6/10/2023 5:15,3085
6/10/2023 5:25,3035
6/10/2023 5:35,3001
6/10/2023 5:45,3003
6/10/2023 5:55,3050
6/10/2023 6:05,3044
6/10/2023 6:15,2968
6/10/2023 6:25,3021
6/10/2023 6:36,3012
6/10/2023 6:46,3023
6/10/2023 6:56,3050
6/10/2023 7:06,3050
6/10/2023 7:16,3012
6/10/2023 7:26,3035
6/10/2023 7:36,2949
6/10/2023 7:46,3059
6/10/2023 7:56,3041
6/10/2023 8:06,2883
6/10/2023 8:16,3045
6/10/2023 8:26,3006
6/10/2023 8:36,3094
6/10/2023 8:46,2986
6/10/2023 8:56,2943
6/10/2023 9:06,3015
6/10/2023 9:16,3030
6/10/2023 9:26,3015
6/10/2023 9:36,3030
6/10/2023 9:46,2968
6/10/2023 9:56,3098
6/10/2023 10:06,2961
6/10/2023 10:16,2952
6/10/2023 10:26,3015
6/10/2023 10:36,2929
6/10/2023 10:46,2980
6/10/2023 10:56,2989
6/10/2023 11:06,2947
6/10/2023 11:16,2938
6/10/2023 11:26,3039
6/10/2023 11:36,2918
6/10/2023 11:46,2938
6/10/2023 11:56,2952
6/10/2023 12:06,2932
6/10/2023 12:16,2975
6/10/2023 12:26,3004
6/10/2023 12:36,2980
6/10/2023 12:46,2989
6/10/2023 12:56,2932
6/10/2023 13:06,3062
6/10/2023 13:16,3030
6/10/2023 13:26,3047
6/10/2023 13:36,3044
6/10/2023 13:46,3083
6/10/2023 13:56,2969
6/10/2023 14:06,3063
6/10/2023 14:16,3047
6/10/2023 14:26,3059
6/10/2023 14:36,3086
6/10/2023 14:46,3145
6/10/2023 14:56,3106
6/10/2023 15:07,3106
6/10/2023 15:17,3121
6/10/2023 15:27,3130
6/10/2023 15:37,3145
6/10/2023 15:47,3068
6/10/2023 15:57,3255
6/10/2023 16:07,3121
6/10/2023 16:17,3267
6/10/2023 16:27,3218
6/10/2023 16:37,3274
6/10/2023 16:47,3320
6/10/2023 16:57,3227
6/10/2023 17:07,3121
6/10/2023 17:17,3305
6/10/2023 17:27,3352
6/10/2023 17:37,3194
6/10/2023 17:47,3596
6/10/2023 17:57,3464
6/10/2023 18:07,3384
6/10/2023 18:17,3384
6/10/2023 18:27,3374
6/10/2023 18:37,3384
6/10/2023 18:47,3409
6/10/2023 18:57,3474
6/10/2023 19:07,3448
6/10/2023 19:17,3504
6/10/2023 19:27,3527
6/10/2023 19:37,3513
6/10/2023 19:47,3448
6/10/2023 19:57,3546
6/10/2023 20:07,3553
6/10/2023 20:17,3637
6/10/2023 20:27,3537
6/10/2023 20:37,3439
6/10/2023 20:47,3520
6/10/2023 20:57,3596
6/10/2023 21:07,3432
6/10/2023 21:17,3551
6/10/2023 21:27,3539
6/10/2023 21:37,3448
6/10/2023 21:47,3546
6/10/2023 21:57,3748
6/10/2023 22:07,3596
6/10/2023 22:17,3422
6/10/2023 22:27,3504
6/10/2023 22:37,3781
6/10/2023 22:47,3390
6/10/2023 22:57,3692
6/10/2023 23:07,3723
6/10/2023 23:17,3801
6/10/2023 23:27,3731
6/10/2023 23:38,3652
6/10/2023 23:48,3570
6/10/2023 23:58,3706
6/11/2023 0:08,3791
6/11/2023 0:18,3687
6/11/2023 0:28,3687
6/11/2023 0:38,3714
6/11/2023 0:48,3758
6/11/2023 0:58,3776
6/11/2023 1:08,3807
6/11/2023 1:18,3894
6/11/2023 1:28,3687
6/11/2023 1:38,3845
6/11/2023 1:48,3899
6/11/2023 1:58,3854
6/11/2023 2:08,3696
6/11/2023 2:18,3918
6/11/2023 2:28,3685
6/11/2023 2:38,3679
6/11/2023 2:48,3846
6/11/2023 2:58,3945
6/11/2023 3:08,3935
6/11/2023 3:18,3689
6/11/2023 3:28,3544
6/11/2023 3:38,3696
6/11/2023 3:48,3848
6/11/2023 3:58,3956
6/11/2023 4:08,3945
6/11/2023 4:18,3862
6/11/2023 4:28,3864
6/11/2023 4:38,4019
6/11/2023 4:48,3965
6/11/2023 4:58,3945
6/11/2023 5:08,3992
6/11/2023 5:18,4065
6/11/2023 5:28,4102
6/11/2023 5:38,4087
6/11/2023 5:48,4073
6/11/2023 5:58,4083
6/11/2023 6:08,4307
6/11/2023 6:18,4066
6/11/2023 6:28,4001
6/11/2023 6:38,4019
6/11/2023 6:48,4036
6/11/2023 6:58,4056
6/11/2023 7:08,4140
6/11/2023 7:18,4046
6/11/2023 7:28,4087
6/11/2023 7:38,4056
6/11/2023 7:48,4037
6/11/2023 7:58,4189
6/11/2023 8:08,4096
6/11/2023 8:19,3963
6/11/2023 8:29,4123
6/11/2023 8:39,4004
6/11/2023 8:49,4066
6/11/2023 8:59,4066
6/11/2023 9:09,4142
6/11/2023 9:19,4123
6/11/2023 9:29,4066
6/11/2023 9:39,4085
6/11/2023 9:49,3945
6/11/2023 9:59,4076
6/11/2023 10:09,4133
6/11/2023 10:19,4171
6/11/2023 10:29,4097
6/11/2023 10:39,3983
6/11/2023 10:49,4039
6/11/2023 10:59,4039
6/11/2023 11:09,3975
6/11/2023 11:19,3785
6/11/2023 11:29,4124
6/11/2023 11:39,4086
6/11/2023 11:49,4181
6/11/2023 11:59,4190
6/11/2023 12:09,4181
6/11/2023 12:19,4239
6/11/2023 12:29,4181
6/11/2023 12:39,4252
6/11/2023 12:49,4308
6/11/2023 12:59,4259
6/11/2023 13:09,5371
6/11/2023 13:19,4348
6/11/2023 13:29,4338
6/11/2023 13:39,4273
6/11/2023 13:49,4689
6/11/2023 13:59,4408
6/11/2023 14:09,4459
6/11/2023 14:19,4459
6/11/2023 14:29,4258
6/11/2023 14:39,4299
6/11/2023 14:49,4531
6/11/2023 14:59,4449
6/11/2023 15:09,4500
6/11/2023 15:19,4200
6/11/2023 15:29,4604
6/11/2023 15:39,4604
6/11/2023 15:49,4711
6/11/2023 15:59,4428
6/11/2023 16:09,4603
6/11/2023 16:19,4604
6/11/2023 16:29,4625
6/11/2023 16:39,3910
6/11/2023 16:50,2881
6/11/2023 17:00,2832
6/11/2023 17:10,2883
6/11/2023 17:20,2897
6/11/2023 17:30,2911
6/11/2023 17:40,2922
6/11/2023 17:50,2994
6/11/2023 18:00,2897
6/11/2023 18:10,2917
6/11/2023 18:20,2960
6/11/2023 18:30,2855
6/11/2023 18:40,3238
6/11/2023 18:50,2888
6/11/2023 19:00,2911
6/11/2023 19:10,2940
6/11/2023 19:20,2944
6/11/2023 19:30,2985
6/11/2023 19:40,2815
6/11/2023 19:50,2894
6/11/2023 20:00,3038
6/11/2023 20:10,2805
6/11/2023 20:20,2894
6/11/2023 20:30,2917
6/11/2023 20:40,2818
6/11/2023 20:50,3009
6/11/2023 21:00,2832
6/11/2023 21:10,2621
6/11/2023 21:20,2774
6/11/2023 21:30,2678
6/11/2023 21:40,2682
6/11/2023 21:50,2714
6/11/2023 22:00,2880
6/11/2023 22:10,2695
6/11/2023 22:20,2881
6/11/2023 22:30,2534
6/11/2023 22:40,2780
6/11/2023 22:50,2634
6/11/2023 23:00,2621
6/11/2023 23:10,2851
6/11/2023 23:20,2687
6/11/2023 23:30,2737
6/11/2023 23:40,2594
6/11/2023 23:50,2810
6/12/2023 0:00,2691
6/12/2023 0:10,2794
6/12/2023 0:20,2815
6/12/2023 0:30,2704
6/12/2023 0:40,2637
6/12/2023 0:50,2713
6/12/2023 1:00,2736
6/12/2023 1:10,2704
6/12/2023 1:20,2660
6/12/2023 1:31,2753
6/12/2023 1:41,2686
6/12/2023 1:51,2717
6/12/2023 2:01,2780
6/12/2023 2:11,2818
6/12/2023 2:21,2699
6/12/2023 2:31,2651
6/12/2023 2:41,2651
6/12/2023 2:51,2792
6/12/2023 3:01,2750
6/12/2023 3:11,2804
6/12/2023 3:21,2736
6/12/2023 3:31,2740
6/12/2023 3:41,2637
6/12/2023 3:51,2624
6/12/2023 4:01,2651
6/12/2023 4:11,2714
6/12/2023 4:21,2810
6/12/2023 4:31,2777
6/12/2023 4:41,2569
6/12/2023 4:51,2894
6/12/2023 5:01,2818
6/12/2023 5:11,2670
6/12/2023 5:21,4273
6/12/2023 5:31,2988
6/12/2023 5:41,2827
6/12/2023 5:51,2841
6/12/2023 6:01,2799
6/12/2023 6:11,2820
6/12/2023 6:21,2745
6/12/2023 6:31,2818
6/12/2023 6:41,2823
6/12/2023 6:51,2727
6/12/2023 7:01,2820
6/12/2023 7:11,2836
6/12/2023 7:21,2810
6/12/2023 7:31,2813
6/12/2023 7:41,2837
6/12/2023 7:51,2745
6/12/2023 8:01,2791
6/12/2023 8:11,2772
6/12/2023 8:21,2765
6/12/2023 8:31,2851
6/12/2023 8:41,2791
6/12/2023 8:51,2832
6/12/2023 9:01,2763
6/12/2023 9:11,2659
6/12/2023 9:21,2777
6/12/2023 9:31,2808
6/12/2023 9:41,2748
6/12/2023 9:51,2691
6/12/2023 10:01,2791
6/12/2023 10:12,2917
6/12/2023 10:22,2798
6/12/2023 10:32,2674
6/12/2023 10:42,2785
6/12/2023 10:52,2672
6/12/2023 11:02,2633
6/12/2023 11:12,2709
6/12/2023 11:22,2737
6/12/2023 11:32,2637
6/12/2023 11:42,3783
6/12/2023 11:52,2720
6/12/2023 12:02,2745
6/12/2023 12:12,2727
6/12/2023 12:22,2686
6/12/2023 12:32,2704
6/12/2023 12:42,2650
6/12/2023 12:52,2691
6/12/2023 13:02,2672
6/12/2023 13:12,2677
6/12/2023 13:22,2704
6/12/2023 13:32,2694
6/12/2023 13:42,2691
6/12/2023 13:52,2668
6/12/2023 14:02,2637
6/12/2023 14:12,2708
6/12/2023 14:22,2713
6/12/2023 14:32,2709
6/12/2023 14:42,2567
6/12/2023 14:52,2681
6/12/2023 15:02,2686
6/12/2023 15:12,2735
6/12/2023 15:22,2750
6/12/2023 15:32,2745
6/12/2023 15:42,2731
6/12/2023 15:52,2923
6/12/2023 16:02,2628
6/12/2023 16:12,3977
6/12/2023 16:22,2743
6/12/2023 16:32,2803
6/12/2023 16:42,2762
6/12/2023 16:52,2803
6/12/2023 17:02,2767
6/12/2023 17:12,2780
6/12/2023 17:22,2780
6/12/2023 17:32,6124
6/12/2023 17:42,2740
6/12/2023 17:52,2858
6/12/2023 18:02,2900
6/12/2023 18:12,2872
6/12/2023 18:22,2886
6/12/2023 18:32,2895
6/12/2023 18:43,2962
6/12/2023 18:53,2791
6/12/2023 19:03,2897
6/12/2023 19:13,3032
6/12/2023 19:23,2968
6/12/2023 19:33,2930
6/12/2023 19:43,2986
6/12/2023 19:53,2968
6/12/2023 20:03,3050
6/12/2023 20:13,2931
6/12/2023 20:23,3030
6/12/2023 20:33,2988
6/12/2023 20:43,3009
6/12/2023 20:53,2843
6/12/2023 21:03,2721
6/12/2023 21:13,2925
6/12/2023 21:23,2758
6/12/2023 21:33,2960
6/12/2023 21:43,2929
6/12/2023 21:53,2989
6/12/2023 22:03,3044
6/12/2023 22:13,2954
6/12/2023 22:23,2925
6/12/2023 22:33,2931
6/12/2023 22:43,2974
6/12/2023 22:53,2983
6/12/2023 23:03,3056
6/12/2023 23:13,3056
6/12/2023 23:23,2931
6/12/2023 23:33,3035
6/12/2023 23:43,2963
6/12/2023 23:53,2917
6/13/2023 0:03,3103
6/13/2023 0:13,2992
6/13/2023 0:23,2906
6/13/2023 0:33,2983
6/13/2023 0:43,2911
6/13/2023 0:53,2897
6/13/2023 1:03,3091
6/13/2023 1:13,3197
6/13/2023 1:23,3118
6/13/2023 1:33,3080
6/13/2023 1:43,3133
6/13/2023 1:53,3080
6/13/2023 2:03,3161
6/13/2023 2:13,3268
6/13/2023 2:23,3091
6/13/2023 2:33,3151
6/13/2023 2:43,3219
6/13/2023 2:53,3124
6/13/2023 3:03,2983
6/13/2023 3:14,3184
6/13/2023 3:24,3059
6/13/2023 3:34,3124
6/13/2023 3:44,3148
6/13/2023 3:54,3237
6/13/2023 4:04,3252
6/13/2023 4:14,3240
6/13/2023 4:24,3191
6/13/2023 4:34,3080
6/13/2023 4:44,3281
6/13/2023 4:54,3268
6/13/2023 5:04,3347
6/13/2023 5:14,3308
6/13/2023 5:24,3212
6/13/2023 5:34,3331
6/13/2023 5:44,3432
6/13/2023 5:54,3340
6/13/2023 6:04,3331
6/13/2023 6:14,3356
6/13/2023 6:24,3188
6/13/2023 6:34,3360
6/13/2023 6:44,3436
6/13/2023 6:54,3411
6/13/2023 7:04,3469
6/13/2023 7:14,3365
6/13/2023 7:24,3353
6/13/2023 7:34,3333
6/13/2023 7:44,3324
6/13/2023 7:54,3349
6/13/2023 8:04,3388
6/13/2023 8:14,3397
6/13/2023 8:24,3429
6/13/2023 8:34,3406
6/13/2023 8:44,3478
6/13/2023 8:54,3420
6/13/2023 9:04,3385
6/13/2023 9:14,3637
6/13/2023 9:24,4486
6/13/2023 9:34,3439
6/13/2023 9:44,4857
6/13/2023 9:54,3413
6/13/2023 10:04,3405
6/13/2023 10:14,3464
6/13/2023 10:24,3397
6/13/2023 10:34,3416
6/13/2023 10:44,3471
6/13/2023 10:54,3439
6/13/2023 11:04,3464
6/13/2023 11:14,3390
6/13/2023 11:24,3284
6/13/2023 11:34,3358
6/13/2023 11:44,3441
6/13/2023 11:55,3400
6/13/2023 12:05,3487
6/13/2023 12:15,3523
6/13/2023 12:25,3549
6/13/2023 12:35,3450
6/13/2023 12:45,3572
6/13/2023 12:55,3582
6/13/2023 13:05,3582
6/13/2023 13:15,3708
6/13/2023 13:25,3587
6/13/2023 13:35,3657
6/13/2023 13:45,3657
6/13/2023 13:55,3745
6/13/2023 14:05,3743
6/13/2023 14:15,3657
6/13/2023 14:25,3743
6/13/2023 14:35,3805
6/13/2023 14:45,3902
6/13/2023 14:55,3760
6/13/2023 15:05,3525
6/13/2023 15:15,3591
6/13/2023 15:25,3770
6/13/2023 15:35,4011
6/13/2023 15:45,4496
6/13/2023 15:55,3718
6/13/2023 16:05,3666
6/13/2023 16:15,3787
6/13/2023 16:25,3735
6/13/2023 16:35,3813
6/13/2023 16:45,3822
6/13/2023 16:55,3868
6/13/2023 17:05,4003
6/13/2023 17:15,3850
6/13/2023 17:25,3978
6/13/2023 17:35,3922
6/13/2023 17:45,3848
6/13/2023 17:55,4003
6/13/2023 18:05,3900
6/13/2023 18:15,3922
6/13/2023 18:25,3946
6/13/2023 18:35,3887
6/13/2023 18:45,4039
6/13/2023 18:55,3716
6/13/2023 19:05,3805
6/13/2023 19:15,3983
6/13/2023 19:25,3795
6/13/2023 19:35,4039
6/13/2023 19:45,4049
6/13/2023 19:55,4067
6/13/2023 20:05,3955
6/13/2023 20:16,4086
6/13/2023 20:26,4132
6/13/2023 20:36,4029
6/13/2023 20:46,4057
6/13/2023 20:56,3958
6/13/2023 21:06,4049
6/13/2023 21:16,4220
6/13/2023 21:26,4067
6/13/2023 21:36,3940
6/13/2023 21:46,4192
6/13/2023 21:56,4096
6/13/2023 22:06,3900
6/13/2023 22:16,4210
6/13/2023 22:26,4076
6/13/2023 22:36,3983
6/13/2023 22:46,4232
6/13/2023 22:56,4086
6/13/2023 23:06,4171
6/13/2023 23:16,4171
6/13/2023 23:26,4057
6/13/2023 23:36,4057
6/13/2023 23:46,4199
6/13/2023 23:56,4287
6/14/2023 0:06,4057
6/14/2023 0:16,3983
6/14/2023 0:26,4095
6/14/2023 0:36,4190
6/14/2023 0:46,4190
6/14/2023 0:56,3975
6/14/2023 1:06,4029
6/14/2023 1:16,4190
6/14/2023 1:26,4143
6/14/2023 1:36,4145
6/14/2023 1:46,4142
6/14/2023 1:56,4148
6/14/2023 2:06,4152
6/14/2023 2:16,4152
6/14/2023 2:26,4049
6/14/2023 2:36,4268
6/14/2023 2:46,4151
6/14/2023 2:56,4191
6/14/2023 3:06,4063
6/14/2023 3:16,4210
6/14/2023 3:26,4288
6/14/2023 3:36,4199
6/14/2023 3:46,4210
6/14/2023 3:56,4114
6/14/2023 4:06,4182
6/14/2023 4:16,4317
6/14/2023 4:26,4258
6/14/2023 4:36,4124
6/14/2023 4:46,4288
6/14/2023 4:57,4418
6/14/2023 5:07,4428
6/14/2023 5:17,4347
6/14/2023 5:27,4531
6/14/2023 5:37,4408
6/14/2023 5:47,4357
6/14/2023 5:57,4347
6/14/2023 6:07,4307
6/14/2023 6:17,4397
6/14/2023 6:27,4408
6/14/2023 6:37,3992
6/14/2023 6:47,4387
6/14/2023 6:57,4397
6/14/2023 7:07,4408
6/14/2023 7:17,4489
6/14/2023 7:27,4199
6/14/2023 7:37,4357
6/14/2023 7:47,4327
6/14/2023 7:57,4408
6/14/2023 8:07,4278
6/14/2023 8:17,4377
6/14/2023 8:27,4367
6/14/2023 8:37,3910
6/14/2023 8:47,4469
6/14/2023 8:57,4210
6/14/2023 9:07,3993
6/14/2023 9:17,4181
6/14/2023 9:27,4230
6/14/2023 9:37,4378
6/14/2023 9:47,4318
6/14/2023 9:57,4219
6/14/2023 10:07,4288
6/14/2023 10:17,4298
6/14/2023 10:27,4220
6/14/2023 10:37,4228
6/14/2023 10:47,4289
6/14/2023 10:57,4230
6/14/2023 11:07,4328
6/14/2023 11:17,4421
6/14/2023 11:27,4327
6/14/2023 11:37,4162
6/14/2023 11:47,4338
6/14/2023 11:57,4249
6/14/2023 12:07,4308
6/14/2023 12:17,4480
6/14/2023 12:27,4408
6/14/2023 12:37,4448
6/14/2023 12:47,4615
6/14/2023 12:57,4299
6/14/2023 13:07,4562
6/14/2023 13:17,4408
6/14/2023 13:27,4510
6/14/2023 13:38,4531
6/14/2023 13:48,4406
6/14/2023 13:58,4646
6/14/2023 14:08,4668
6/14/2023 14:18,4615
6/14/2023 14:28,4700
6/14/2023 14:38,4743
6/14/2023 14:48,4489
6/14/2023 14:58,4765
6/14/2023 15:08,4700
6/14/2023 15:18,4700
6/14/2023 15:28,4743
6/14/2023 15:38,4887
6/14/2023 15:48,4711
6/14/2023 15:58,4798
6/14/2023 16:08,4636
6/14/2023 16:18,4864
6/14/2023 16:28,4853
6/14/2023 16:38,4754
6/14/2023 16:48,4875
6/14/2023 16:58,4732
6/14/2023 17:08,4711
6/14/2023 17:18,4914
6/14/2023 17:28,4932
6/14/2023 17:38,4898
6/14/2023 17:48,4954
6/14/2023 17:58,4909
6/14/2023 18:08,5080
6/14/2023 18:18,4976
6/14/2023 18:28,4977
6/14/2023 18:38,5062
6/14/2023 18:48,4909
6/14/2023 18:58,4842
6/14/2023 19:08,5105
6/14/2023 19:18,4798
6/14/2023 19:28,5023
6/14/2023 19:38,5046
6/14/2023 19:48,4932
6/14/2023 19:58,4809
6/14/2023 20:08,4853
6/14/2023 20:18,4977
6/14/2023 20:28,5105
6/14/2023 20:38,5069
6/14/2023 20:48,5023
6/14/2023 20:58,4914
6/14/2023 21:08,5081
6/14/2023 21:18,5007
6/14/2023 21:28,5140
6/14/2023 21:38,5105
6/14/2023 21:48,4887
6/14/2023 21:58,5141
6/14/2023 22:09,5141
6/14/2023 22:19,5114
6/14/2023 22:29,4921
6/14/2023 22:39,4966
6/14/2023 22:49,5116
6/14/2023 22:59,5187
6/14/2023 23:09,5070
6/14/2023 23:19,4909
6/14/2023 23:29,4966
6/14/2023 23:39,5295
6/14/2023 23:49,4943
6/14/2023 23:59,5069
6/15/2023 0:09,5322
6/15/2023 0:19,5163
6/15/2023 0:29,5152
6/15/2023 0:39,5093
6/15/2023 0:49,5270
6/15/2023 0:59,5093
6/15/2023 1:09,5116
6/15/2023 1:19,5140
6/15/2023 1:29,5163
6/15/2023 1:39,5011
6/15/2023 1:49,5107
6/15/2023 1:59,5034
6/15/2023 2:09,5211
6/15/2023 2:19,5361
6/15/2023 2:29,5198
6/15/2023 2:39,5046
6/15/2023 2:49,4977
6/15/2023 2:59,5295
6/15/2023 3:09,5273
6/15/2023 3:19,5116
6/15/2023 3:29,5025
6/15/2023 3:39,5176
6/15/2023 3:49,5187
6/15/2023 3:59,5272
6/15/2023 4:09,5140
6/15/2023 4:19,5011
6/15/2023 4:29,5296
6/15/2023 4:39,5246
6/15/2023 4:49,5128
6/15/2023 4:59,5321
6/15/2023 5:09,5270
6/15/2023 5:19,5357
6/15/2023 5:29,5235
6/15/2023 5:39,4966
6/15/2023 5:49,5140
6/15/2023 5:59,5140
6/15/2023 6:09,5175
6/15/2023 6:19,5357
6/15/2023 6:29,5187
6/15/2023 6:39,5368
6/15/2023 6:50,5332
6/15/2023 7:00,5308
6/15/2023 7:10,5175
6/15/2023 7:20,5176
6/15/2023 7:30,5208
6/15/2023 7:40,5093
6/15/2023 7:50,5035
6/15/2023 8:00,5259
6/15/2023 8:10,5081
6/15/2023 8:20,5212
6/15/2023 8:30,5094
6/15/2023 8:40,5321
6/15/2023 8:50,5223
6/15/2023 9:00,5236
6/15/2023 9:10,5223
6/15/2023 9:20,5342
6/15/2023 9:30,5094
6/15/2023 9:40,5321
6/15/2023 9:50,5296
6/15/2023 10:00,5259
6/15/2023 10:10,5332
6/15/2023 10:20,5140
6/15/2023 10:30,5321
6/15/2023 10:40,5128
6/15/2023 10:50,5188
6/15/2023 11:00,5187
6/15/2023 11:10,5308
6/15/2023 11:20,5069
6/15/2023 11:30,5187
6/15/2023 11:40,5128
6/15/2023 11:50,5223
6/15/2023 12:00,5406
6/15/2023 12:10,4898
6/15/2023 12:20,5395
6/15/2023 12:30,5431
6/15/2023 12:40,5248
6/15/2023 12:50,5361
6/15/2023 13:00,5319
6/15/2023 13:10,5381
6/15/2023 13:20,5141
6/15/2023 13:30,5270
6/15/2023 13:40,5370
6/15/2023 13:50,5340
6/15/2023 14:00,4572
6/15/2023 14:10,6036
6/15/2023 14:20,6917
6/15/2023 14:30,6838
6/15/2023 14:40,6936
6/15/2023 14:50,7242
6/15/2023 15:00,6754
6/15/2023 15:10,6508
6/15/2023 15:20,6356
6/15/2023 15:30,6864
6/15/2023 15:41,6690
6/15/2023 15:51,6459
6/15/2023 16:01,6804
6/15/2023 16:11,6495
6/15/2023 16:21,6313
6/15/2023 16:31,6559
6/15/2023 16:41,6832
6/15/2023 16:51,6640
6/15/2023 17:01,6411
6/15/2023 17:11,6632
6/15/2023 17:21,6786
6/15/2023 17:31,6773
6/15/2023 17:41,6645
6/15/2023 17:51,6614
6/15/2023 18:01,7104
6/15/2023 18:11,6690
6/15/2023 18:21,6969
6/15/2023 18:31,6722
6/15/2023 18:41,6916
6/15/2023 18:51,6996
6/15/2023 19:01,6936
6/15/2023 19:11,6989
6/15/2023 19:21,6870
6/15/2023 19:31,7132
6/15/2023 19:41,7406
6/15/2023 19:51,6832
6/15/2023 20:01,6969
6/15/2023 20:11,6773
6/15/2023 20:21,6956
6/15/2023 20:31,6722
6/15/2023 20:41,6601
6/15/2023 20:51,6519
6/15/2023 21:01,6175
6/15/2023 21:11,5992
6/15/2023 21:21,5652
6/15/2023 21:31,6588
6/15/2023 21:41,5824
6/15/2023 21:51,5560
6/15/2023 22:01,5626
6/15/2023 22:11,6093
6/15/2023 22:21,5497
6/15/2023 22:31,5936
6/15/2023 22:41,5129
6/15/2023 22:51,5909
6/15/2023 23:01,5507
6/15/2023 23:11,5165
6/15/2023 23:21,5626
6/15/2023 23:31,5360
6/15/2023 23:41,5410
6/15/2023 23:51,5142
6/16/2023 0:01,5321
6/16/2023 0:11,5059
6/16/2023 0:22,5338
6/16/2023 0:32,5642
6/16/2023 0:42,5574
6/16/2023 0:52,4876
6/16/2023 1:02,5487
6/16/2023 1:12,4954
6/16/2023 1:22,5130
6/16/2023 1:32,4888
6/16/2023 1:42,5164
6/16/2023 1:52,4944
6/16/2023 2:02,4933
6/16/2023 2:12,5476
6/16/2023 2:22,4689
6/16/2023 2:32,4854
6/16/2023 2:42,4831
6/16/2023 2:52,4922
6/16/2023 3:02,5337
6/16/2023 3:12,5286
6/16/2023 3:22,4899
6/16/2023 3:32,4765
6/16/2023 3:42,4765
6/16/2023 3:52,4765
6/16/2023 4:02,4777
6/16/2023 4:12,5314
6/16/2023 4:22,4668
6/16/2023 4:32,4572
6/16/2023 4:42,5288
6/16/2023 4:52,4967
6/16/2023 5:02,4922
6/16/2023 5:12,4967
6/16/2023 5:22,4821
6/16/2023 5:32,4956
6/16/2023 5:42,4899
6/16/2023 5:52,4922
6/16/2023 6:02,4766
6/16/2023 6:12,4646
6/16/2023 6:22,5025
6/16/2023 6:32,4875
6/16/2023 6:42,4900
6/16/2023 6:52,4722
6/16/2023 7:02,4842
6/16/2023 7:12,4777
6/16/2023 7:22,4722
6/16/2023 7:32,4541
6/16/2023 7:42,4832
6/16/2023 7:52,4614
6/16/2023 8:02,4678
6/16/2023 8:12,4530
6/16/2023 8:22,4657
6/16/2023 8:32,4583
6/16/2023 8:42,4733
6/16/2023 8:52,4540
6/16/2023 9:02,4799
6/16/2023 9:13,4777
6/16/2023 9:23,4733
6/16/2023 9:33,4550
6/16/2023 9:43,4635
6/16/2023 9:53,4519
6/16/2023 10:03,4540
6/16/2023 10:13,4711
6/16/2023 10:23,4635
6/16/2023 10:33,4551
6/16/2023 10:43,4689
6/16/2023 10:53,4447
6/16/2023 11:03,4540
6/16/2023 11:13,4582
6/16/2023 11:23,4458
6/16/2023 11:33,4457
6/16/2023 11:43,4346
6/16/2023 11:53,4295
6/16/2023 12:03,4366
6/16/2023 12:13,4335
6/16/2023 12:23,4437
6/16/2023 12:33,4316
6/16/2023 12:43,4228
6/16/2023 12:53,4178
6/16/2023 13:03,4316
6/16/2023 13:13,4083
6/16/2023 13:23,4369
6/16/2023 13:33,3970
6/16/2023 13:43,4140
6/16/2023 13:53,4276
6/16/2023 14:03,4083
6/16/2023 14:13,4179
6/16/2023 14:23,3990
6/16/2023 14:33,3677
6/16/2023 14:43,3862
6/16/2023 14:53,3748
6/16/2023 15:03,3854
6/16/2023 15:13,3933
6/16/2023 15:23,3721
6/16/2023 15:33,3817
6/16/2023 15:43,3677
6/16/2023 15:53,3889
6/16/2023 16:03,3739
6/16/2023 16:13,3774
6/16/2023 16:23,3714
6/16/2023 16:33,3719
6/16/2023 16:43,3704
6/16/2023 16:53,3669
6/16/2023 17:03,3616
6/16/2023 17:13,3835
6/16/2023 17:23,3607
6/16/2023 17:33,3626
6/16/2023 17:43,3633
6/16/2023 17:54,3575
6/16/2023 18:04,3525
6/16/2023 18:14,3687
6/16/2023 18:24,3542
6/16/2023 18:34,3626
6/16/2023 18:44,3549
6/16/2023 18:54,3511
6/16/2023 19:04,3721
6/16/2023 19:14,3553
6/16/2023 19:24,3534
6/16/2023 19:34,3492
6/16/2023 19:44,3551
6/16/2023 19:54,3499
6/16/2023 20:04,3485
6/16/2023 20:14,3516
6/16/2023 20:24,3476
6/16/2023 20:34,3469
6/16/2023 20:44,3443
6/16/2023 20:54,3286
6/16/2023 21:04,3356
6/16/2023 21:14,3447
6/16/2023 21:24,3284
6/16/2023 21:34,3130
6/16/2023 21:44,3347
6/16/2023 21:54,3203
6/16/2023 22:04,3243
6/16/2023 22:14,3340
6/16/2023 22:24,3408
6/16/2023 22:34,3277
6/16/2023 22:44,3167
6/16/2023 22:54,3293
6/16/2023 23:04,3455
6/16/2023 23:14,3277
6/16/2023 23:24,3200
6/16/2023 23:34,3231
6/16/2023 23:44,3369
6/16/2023 23:54,3051
6/17/2023 0:04,3262
6/17/2023 0:14,3225
6/17/2023 0:24,3299
6/17/2023 0:34,3170
6/17/2023 0:44,3337
6/17/2023 0:54,3062
6/17/2023 1:04,3115
6/17/2023 1:14,3154
6/17/2023 1:24,3222
6/17/2023 1:34,3109
6/17/2023 1:44,3056
6/17/2023 1:54,3167
6/17/2023 2:04,3274
6/17/2023 2:14,3274
6/17/2023 2:24,3167
6/17/2023 2:35,3276
6/17/2023 2:45,3281
6/17/2023 2:55,3182
6/17/2023 3:05,3145
6/17/2023 3:15,3154
6/17/2023 3:25,3243
6/17/2023 3:35,3018
6/17/2023 3:45,3246
6/17/2023 3:55,3106
6/17/2023 4:05,3274
6/17/2023 4:15,3080
6/17/2023 4:25,3219
6/17/2023 4:35,3259
6/17/2023 4:45,3259
6/17/2023 4:55,3091
6/17/2023 5:05,3286
6/17/2023 5:15,3335
6/17/2023 5:25,3252
6/17/2023 5:35,3237
6/17/2023 5:45,3281
6/17/2023 5:55,3315
6/17/2023 6:05,3237
6/17/2023 6:15,3243
6/17/2023 6:25,3293
6/17/2023 6:35,3206
6/17/2023 6:45,3315
6/17/2023 6:55,3224
6/17/2023 7:05,3243
6/17/2023 7:15,3259
6/17/2023 7:25,3170
6/17/2023 7:35,3139
6/17/2023 7:45,3154
6/17/2023 7:55,3154
6/17/2023 8:05,3136
6/17/2023 8:15,3215
6/17/2023 8:25,3154
6/17/2023 8:35,3089
6/17/2023 8:45,3139
6/17/2023 8:55,3145
6/17/2023 9:05,3103
6/17/2023 9:15,3118
6/17/2023 9:25,2943
6/17/2023 9:35,3094
6/17/2023 9:45,3098
6/17/2023 9:55,3342
6/17/2023 10:05,3001
6/17/2023 10:15,3112
6/17/2023 10:25,3065
6/17/2023 10:35,2986
6/17/2023 10:45,3127
6/17/2023 10:55,3044
6/17/2023 11:05,3112
6/17/2023 11:16,3013
6/17/2023 11:26,2995
6/17/2023 11:36,3030
6/17/2023 11:46,2915
6/17/2023 11:56,3021
6/17/2023 12:06,3015
6/17/2023 12:16,2993
6/17/2023 12:26,2895
6/17/2023 12:36,3021
6/17/2023 12:46,2895
6/17/2023 12:56,2995
6/17/2023 13:06,3271
6/17/2023 13:16,3098
6/17/2023 13:26,3106
6/17/2023 13:36,3098
6/17/2023 13:46,3083
6/17/2023 13:56,3133
6/17/2023 14:06,3121
6/17/2023 14:16,3157
6/17/2023 14:26,3160
6/17/2023 14:36,3151
6/17/2023 14:46,3148
6/17/2023 14:56,3471
6/17/2023 15:06,3154
6/17/2023 15:16,4308
6/17/2023 15:26,3188
6/17/2023 15:36,3188
6/17/2023 15:46,3160
6/17/2023 15:56,3203
6/17/2023 16:06,3236
6/17/2023 16:16,3280
6/17/2023 16:26,3166
6/17/2023 16:36,3221
6/17/2023 16:46,3302
6/17/2023 16:56,3224
6/17/2023 17:06,3271
6/17/2023 17:16,3212
6/17/2023 17:26,3255
6/17/2023 17:36,3240
6/17/2023 17:46,3358
6/17/2023 17:56,3343
6/17/2023 18:06,3296
6/17/2023 18:16,3296
6/17/2023 18:26,3320
6/17/2023 18:36,3249
6/17/2023 18:46,3330
6/17/2023 18:56,3397
6/17/2023 19:06,3333
6/17/2023 19:16,3384
6/17/2023 19:26,3423
6/17/2023 19:36,3462
6/17/2023 19:47,3430
6/17/2023 19:57,3397
6/17/2023 20:07,3411
6/17/2023 20:17,3501
6/17/2023 20:27,3643
6/17/2023 20:37,3577
6/17/2023 20:47,3537
6/17/2023 20:57,3311
6/17/2023 21:07,3413
6/17/2023 21:17,3381
6/17/2023 21:27,3494
6/17/2023 21:37,3679
6/17/2023 21:47,3652
6/17/2023 21:57,3429
6/17/2023 22:07,3677
6/17/2023 22:17,3347
6/17/2023 22:27,3340
6/17/2023 22:37,3388
6/17/2023 22:47,3542
6/17/2023 22:57,3585
6/17/2023 23:07,3520
6/17/2023 23:17,3746
6/17/2023 23:27,3577
6/17/2023 23:37,3293
6/17/2023 23:47,3721
6/17/2023 23:57,3557
6/18/2023 0:07,3721
6/18/2023 0:17,3704
6/18/2023 0:27,3568
6/18/2023 0:37,3645
6/18/2023 0:47,3746
6/18/2023 0:57,3570
6/18/2023 1:07,3845
6/18/2023 1:17,3729
6/18/2023 1:27,3737
6/18/2023 1:37,3687
6/18/2023 1:47,3679
6/18/2023 1:57,3577
6/18/2023 2:07,3854
6/18/2023 2:17,3833
6/18/2023 2:27,3793
6/18/2023 2:37,3801
6/18/2023 2:47,3594
6/18/2023 2:57,3696
6/18/2023 3:07,3679
6/18/2023 3:17,3899
6/18/2023 3:27,3973
6/18/2023 3:37,3783
6/18/2023 3:47,3774
6/18/2023 3:57,3854
6/18/2023 4:07,4001
6/18/2023 4:17,3716
6/18/2023 4:28,3862
6/18/2023 4:38,3845
6/18/2023 4:48,3854
6/18/2023 4:58,4029
6/18/2023 5:08,3982
6/18/2023 5:18,4037
6/18/2023 5:28,4346
6/18/2023 5:38,3963
6/18/2023 5:48,4113
6/18/2023 5:58,4200
6/18/2023 6:08,4000
6/18/2023 6:18,4113
6/18/2023 6:28,4179
6/18/2023 6:38,4047
6/18/2023 6:48,4151
6/18/2023 6:58,4142
6/18/2023 7:08,4056
6/18/2023 7:18,4056
6/18/2023 7:28,4113
6/18/2023 7:38,4036
6/18/2023 7:48,4173
6/18/2023 7:58,4094
6/18/2023 8:08,4189
6/18/2023 8:18,4123
6/18/2023 8:28,4199
6/18/2023 8:38,4171
6/18/2023 8:48,4114
6/18/2023 8:58,4161
6/18/2023 9:08,3928
6/18/2023 9:18,4019
6/18/2023 9:28,4408
6/18/2023 9:38,4075
6/18/2023 9:48,4029
6/18/2023 9:58,4085
6/18/2023 10:08,4123
6/18/2023 10:18,4066
6/18/2023 10:28,4057
6/18/2023 10:38,4020
6/18/2023 10:48,4076
6/18/2023 10:58,4086
6/18/2023 11:08,4011
6/18/2023 11:18,4095
6/18/2023 11:28,4076
6/18/2023 11:38,4106
6/18/2023 11:48,4105
6/18/2023 11:58,4158
6/18/2023 12:08,4347
6/18/2023 12:18,4031
6/18/2023 12:28,4211
6/18/2023 12:38,4162
6/18/2023 12:48,4181
6/18/2023 12:59,4278
6/18/2023 13:09,4308
6/18/2023 13:19,4239
6/18/2023 13:29,4181
6/18/2023 13:39,4279
6/18/2023 13:49,4419
6/18/2023 13:59,4408
6/18/2023 14:09,4429
6/18/2023 14:19,4439
6/18/2023 14:29,4357
6/18/2023 14:39,4496
6/18/2023 14:49,4510
6/18/2023 14:59,4459
6/18/2023 15:09,4469
6/18/2023 15:19,4583
6/18/2023 15:29,4428
6/18/2023 15:39,4490
6/18/2023 15:49,5555
6/18/2023 15:59,4358
6/18/2023 16:09,4562
6/18/2023 16:19,4388
6/18/2023 16:29,4542
6/18/2023 16:39,4542
6/18/2023 16:49,4531
6/18/2023 16:59,4625
6/18/2023 17:09,4428
6/18/2023 17:19,4765
6/18/2023 17:29,4636
6/18/2023 17:39,4668
6/18/2023 17:49,4615
6/18/2023 17:59,4500
6/18/2023 18:09,4711
6/18/2023 18:19,4722
6/18/2023 18:29,4646
6/18/2023 18:39,4500
6/18/2023 18:49,4562
6/18/2023 18:59,4700
6/18/2023 19:09,4679
6/18/2023 19:19,4754
6/18/2023 19:29,4679
6/18/2023 19:39,4765
6/18/2023 19:49,4798
6/18/2023 19:59,4810
6/18/2023 20:09,4722
6/18/2023 20:19,4776
6/18/2023 20:29,4776
6/18/2023 20:39,4809
6/18/2023 20:49,4657
6/18/2023 20:59,4732
6/18/2023 21:09,4722
6/18/2023 21:19,4820
6/18/2023 21:30,4776
6/18/2023 21:40,4438
6/18/2023 21:50,4657
6/18/2023 22:00,5035
6/18/2023 22:10,4625
6/18/2023 22:20,4798
6/18/2023 22:30,4689
6/18/2023 22:40,4910
6/18/2023 22:50,4876
6/18/2023 23:00,4765
6/18/2023 23:10,4520
6/18/2023 23:20,4887
6/18/2023 23:30,4955
6/18/2023 23:40,4854
6/18/2023 23:50,5153
6/19/2023 0:00,4820
6/19/2023 0:10,4743
6/19/2023 0:20,5081
6/19/2023 0:30,5047
6/19/2023 0:40,4887
6/19/2023 0:50,4989
6/19/2023 1:00,4932
6/19/2023 1:10,5094
6/19/2023 1:20,4864
6/19/2023 1:30,4989
6/19/2023 1:40,5035
6/19/2023 1:50,4887
6/19/2023 2:00,4966
6/19/2023 2:10,4921
6/19/2023 2:20,5128
6/19/2023 2:30,5128
6/19/2023 2:40,4921
6/19/2023 2:50,4943
6/19/2023 3:00,4921
6/19/2023 3:10,4776
6/19/2023 3:20,4967
6/19/2023 3:30,4876
6/19/2023 3:40,5081
6/19/2023 3:50,5035
6/19/2023 4:00,4700
6/19/2023 4:10,4967
6/19/2023 4:20,5059
6/19/2023 4:30,4978
6/19/2023 4:40,4932
6/19/2023 4:50,5152
6/19/2023 5:00,4689
6/19/2023 5:10,5094
6/19/2023 5:20,5024
6/19/2023 5:30,5001
6/19/2023 5:40,5001
6/19/2023 5:50,4978
6/19/2023 6:00,4899
6/19/2023 6:11,5106
6/19/2023 6:21,4842
6/19/2023 6:31,5117
6/19/2023 6:41,4689
6/19/2023 6:51,4932
6/19/2023 7:01,5153
6/19/2023 7:11,5082
6/19/2023 7:21,5083
6/19/2023 7:31,5001
6/19/2023 7:41,4876
6/19/2023 7:51,5047
6/19/2023 8:01,4966
6/19/2023 8:11,5081
6/19/2023 8:21,5093
6/19/2023 8:31,5081
6/19/2023 8:41,4966
6/19/2023 8:51,5081
6/19/2023 9:01,4966
6/19/2023 9:11,4722
6/19/2023 9:21,4765
6/19/2023 9:31,5046
6/19/2023 9:41,5011
6/19/2023 9:51,4657
6/19/2023 10:01,4875
6/19/2023 10:11,4989
6/19/2023 10:21,4820
6/19/2023 10:31,5023
6/19/2023 10:41,5046
6/19/2023 10:51,4615
6/19/2023 11:01,5012
6/19/2023 11:11,5069
6/19/2023 11:31,4932
6/19/2023 11:41,5046
6/19/2023 11:51,5080
6/19/2023 12:01,4988
6/19/2023 12:11,4722
6/19/2023 12:21,5175
6/19/2023 12:31,5104
6/19/2023 12:41,4921
6/19/2023 12:51,5011
6/19/2023 13:01,5295
6/19/2023 13:11,5246
6/19/2023 13:21,5308
6/19/2023 13:31,5162
6/19/2023 13:41,5175
6/19/2023 13:51,5299
6/19/2023 14:01,5404
6/19/2023 14:11,5418
6/19/2023 14:21,5416
6/19/2023 14:32,5534
6/19/2023 14:42,5443
6/19/2023 14:52,5429
6/19/2023 15:02,5370
6/19/2023 15:12,5342
6/19/2023 15:22,5429
6/19/2023 15:32,5570
6/19/2023 15:42,5633
6/19/2023 15:52,5581
6/19/2023 16:02,5368
6/19/2023 16:12,5530
6/19/2023 16:22,5418
6/19/2023 16:32,5393
6/19/2023 16:42,5699
6/19/2023 16:52,5818
6/19/2023 17:02,5806
6/19/2023 17:12,5803
6/19/2023 17:22,5845
6/19/2023 17:32,5750
6/19/2023 17:42,5927
6/19/2023 17:52,5954
6/19/2023 18:02,5954
6/19/2023 18:12,5902
6/19/2023 18:22,5966
6/19/2023 18:32,5989
6/19/2023 18:42,6238
6/19/2023 18:52,5927
6/19/2023 19:02,6053
6/19/2023 19:12,6151
6/19/2023 19:22,6110
6/19/2023 19:32,6041
6/19/2023 19:42,6288
6/19/2023 19:52,6196
6/19/2023 20:02,6263
6/19/2023 20:12,6163
6/19/2023 20:22,6098
6/19/2023 20:32,6283
6/19/2023 20:42,6351
6/19/2023 20:52,6115
6/19/2023 21:02,6082
6/19/2023 21:12,6110
6/19/2023 21:22,6167
6/19/2023 21:32,6139
6/19/2023 21:42,6528
6/19/2023 21:52,6283
6/19/2023 22:02,6385
6/19/2023 22:12,6511
6/19/2023 22:22,6139
6/19/2023 22:32,6372
6/19/2023 22:42,6085
6/19/2023 22:53,6389
6/19/2023 23:03,6317
6/19/2023 23:13,6313
6/19/2023 23:23,6528
6/19/2023 23:33,6493
6/19/2023 23:43,6296
6/19/2023 23:53,6360
6/20/2023 0:03,6498
6/20/2023 0:13,6523
6/20/2023 0:23,6339
6/20/2023 0:33,6225
6/20/2023 0:43,6694
6/20/2023 0:53,6432
6/20/2023 1:03,6470
6/20/2023 1:13,6225
6/20/2023 1:23,6585
6/20/2023 1:33,6342
6/20/2023 1:43,6738
6/20/2023 1:53,6402
6/20/2023 2:03,6493
6/20/2023 2:13,6313
6/20/2023 2:23,6559
6/20/2023 2:33,6742
6/20/2023 2:43,6450
6/20/2023 2:53,6541
6/20/2023 3:03,6585
6/20/2023 3:13,6616
6/20/2023 3:23,6858
6/20/2023 3:33,6317
6/20/2023 3:43,6267
6/20/2023 3:53,6780
6/20/2023 4:03,6761
6/20/2023 4:13,6389
6/20/2023 4:23,6493
6/20/2023 4:33,6342
6/20/2023 4:43,6729
6/20/2023 4:53,6711
6/20/2023 5:03,6635
6/20/2023 5:13,6351
6/20/2023 5:23,6372
6/20/2023 5:33,6407
6/20/2023 5:43,6572
6/20/2023 5:53,6271
6/20/2023 6:03,6196
6/20/2023 6:13,6511
6/20/2023 6:23,6493
6/20/2023 6:33,6603
6/20/2023 6:43,6467
6/20/2023 6:53,6467
6/20/2023 7:03,6463
6/20/2023 7:13,6347
6/20/2023 7:23,6585
6/20/2023 7:34,6603
6/20/2023 7:44,6463
6/20/2023 7:54,6313
6/20/2023 8:04,6585
6/20/2023 8:14,7017
6/20/2023 8:24,6415
6/20/2023 8:34,6355
6/20/2023 8:44,6432
6/20/2023 8:54,6238
6/20/2023 9:04,6406
6/20/2023 9:14,6567
6/20/2023 9:24,6528
6/20/2023 9:34,6609
6/20/2023 9:44,6593
6/20/2023 9:54,6385
6/20/2023 10:04,6598
6/20/2023 10:14,6611
6/20/2023 10:24,6519
6/20/2023 10:34,6192
6/20/2023 10:44,6115
6/20/2023 10:54,6488
6/20/2023 11:04,6424
6/20/2023 11:14,6692
6/20/2023 11:24,6642
6/20/2023 11:34,6655
6/20/2023 11:44,6637
6/20/2023 11:54,6865
6/20/2023 12:04,6642
6/20/2023 12:14,6673
6/20/2023 12:24,6624
6/20/2023 12:34,7010
6/20/2023 12:44,6663
6/20/2023 12:54,7165
6/20/2023 13:04,7409
6/20/2023 13:14,7495
6/20/2023 13:24,7545
6/20/2023 13:34,7186
6/20/2023 13:44,7495
6/20/2023 13:54,7730
6/20/2023 14:04,7568
6/20/2023 14:14,7730
6/20/2023 14:24,7554
6/20/2023 14:34,7891
6/20/2023 14:44,7843
6/20/2023 14:54,7678
6/20/2023 15:04,8210
6/20/2023 15:14,7983
6/20/2023 15:24,8170
6/20/2023 15:34,7876
6/20/2023 15:44,7871
6/20/2023 15:55,8196
6/20/2023 16:05,8196
6/20/2023 16:15,7618
6/20/2023 16:25,8112
6/20/2023 16:35,8134
6/20/2023 16:45,7867
6/20/2023 16:55,8627
6/20/2023 17:05,9055
6/20/2023 17:15,8612
6/20/2023 17:25,8801
6/20/2023 17:35,8683
6/20/2023 17:45,8845
6/20/2023 17:55,8742
6/20/2023 18:05,9132
6/20/2023 18:15,8683
6/20/2023 18:25,8949
6/20/2023 18:35,8994
6/20/2023 18:45,9132
6/20/2023 18:55,8904
6/20/2023 19:05,9209
6/20/2023 19:15,9147
6/20/2023 19:25,9352
6/20/2023 19:35,9288
6/20/2023 19:45,9225
6/20/2023 19:55,9368
6/20/2023 20:05,9513
6/20/2023 20:15,9225
6/20/2023 20:25,9257
6/20/2023 20:35,9678
6/20/2023 20:45,9646
6/20/2023 20:55,9320
6/20/2023 21:05,8740
6/20/2023 21:15,9696
6/20/2023 21:25,9368
6/20/2023 21:35,9848
6/20/2023 21:45,9646
6/20/2023 21:55,9746
6/20/2023 22:05,9448
6/20/2023 22:15,9778
6/20/2023 22:25,9546
6/20/2023 22:35,10272
6/20/2023 22:45,10183
6/20/2023 22:55,9797
6/20/2023 23:05,10004
6/20/2023 23:15,9848
6/20/2023 23:25,9596
6/20/2023 23:35,9612
6/20/2023 23:45,9900
6/20/2023 23:55,9797
6/21/2023 0:05,9832
6/21/2023 0:15,9900
6/21/2023 0:26,9400
6/21/2023 0:36,9952
6/21/2023 0:46,10023
6/21/2023 0:56,10217
6/21/2023 1:06,9952
6/21/2023 1:16,10248
6/21/2023 1:26,9848
6/21/2023 1:36,9865
6/21/2023 1:46,9988
6/21/2023 1:56,10004
6/21/2023 2:06,9400
6/21/2023 2:16,9900
6/21/2023 2:26,10004
6/21/2023 2:36,9900
6/21/2023 2:46,10475
6/21/2023 2:56,9832
6/21/2023 3:06,10566
6/21/2023 3:16,9848
6/21/2023 3:26,10074
6/21/2023 3:36,9848
6/21/2023 3:46,10437
6/21/2023 3:56,10181
6/21/2023 4:06,10309
6/21/2023 4:16,10402
6/21/2023 4:26,10074
6/21/2023 4:36,10255
6/21/2023 4:46,10381
6/21/2023 4:56,9336
6/21/2023 5:06,10268
6/21/2023 5:16,10110
6/21/2023 5:26,10164
6/21/2023 5:36,10183
6/21/2023 5:46,9900
6/21/2023 5:56,10164
6/21/2023 6:06,9513
6/21/2023 6:16,9679
6/21/2023 6:26,10164
6/21/2023 6:36,10343
6/21/2023 6:46,10381
6/21/2023 6:56,9596
6/21/2023 7:06,9763
6/21/2023 7:16,10040
6/21/2023 7:26,9728
6/21/2023 7:36,10364
6/21/2023 7:46,10228
6/21/2023 7:56,9763
6/21/2023 8:06,10110
6/21/2023 8:16,9848
6/21/2023 8:26,9973
6/21/2023 8:36,10110
6/21/2023 8:46,10038
6/21/2023 8:57,9336
6/21/2023 9:07,10368
6/21/2023 9:17,10127
6/21/2023 9:27,10164
6/21/2023 9:37,10021
6/21/2023 9:47,9546
6/21/2023 9:57,10183
6/21/2023 10:07,10021
6/21/2023 10:17,10074
6/21/2023 10:27,9763
6/21/2023 10:37,10147
6/21/2023 10:47,10471
6/21/2023 10:57,10161
6/21/2023 11:07,10872
6/21/2023 11:17,10471
6/21/2023 11:27,10693
6/21/2023 11:37,10913
6/21/2023 11:47,10908
6/21/2023 11:57,11032
6/21/2023 12:07,11393
6/21/2023 12:17,11501
6/21/2023 12:27,11147
6/21/2023 12:37,11825
6/21/2023 12:47,11940
6/21/2023 12:57,12094
6/21/2023 13:07,12384
6/21/2023 13:17,12403
6/21/2023 13:27,12143
6/21/2023 13:37,12718
6/21/2023 13:47,12880
6/21/2023 13:57,12391
6/21/2023 14:07,12182
6/21/2023 14:17,13225
6/21/2023 14:27,13051
6/21/2023 14:37,13382
6/21/2023 14:47,13743
6/21/2023 14:57,12321
6/21/2023 15:07,12995
6/21/2023 15:17,13785
6/21/2023 15:27,12825
6/21/2023 15:37,12845
6/21/2023 15:47,14100
6/21/2023 15:57,14143
6/21/2023 16:07,14272
6/21/2023 16:17,13283
6/21/2023 16:27,14164
6/21/2023 16:37,14625
6/21/2023 16:47,13931
6/21/2023 16:57,14627
6/21/2023 17:07,14251
6/21/2023 17:18,13868
6/21/2023 17:28,14492
6/21/2023 17:38,15453
6/21/2023 17:48,15721
6/21/2023 17:58,14973
6/21/2023 18:08,15575
6/21/2023 18:18,15752
6/21/2023 18:28,16152
6/21/2023 18:38,15942
6/21/2023 18:48,16060
6/21/2023 18:58,16084
6/21/2023 19:08,16060
6/21/2023 19:18,15162
6/21/2023 19:28,16486
6/21/2023 19:38,16462
6/21/2023 19:48,16271
6/21/2023 19:58,16817
6/21/2023 20:08,16730
6/21/2023 20:18,14835
6/21/2023 20:28,15628
6/21/2023 20:38,16060
6/21/2023 20:48,16779
6/21/2023 20:58,16793
6/21/2023 21:08,15628
6/21/2023 21:18,15854
6/21/2023 21:28,17486
6/21/2023 21:38,17250
6/21/2023 21:48,17019
6/21/2023 21:58,17233
6/21/2023 22:08,17250
6/21/2023 22:18,16905
6/21/2023 22:28,16141
6/21/2023 22:38,17367
6/21/2023 22:48,17250
6/21/2023 22:58,17367
6/21/2023 23:08,17109
6/21/2023 23:18,17250
6/21/2023 23:28,16633
6/21/2023 23:38,17606
6/21/2023 23:48,16994
6/21/2023 23:58,17486
6/22/2023 0:08,17657
6/22/2023 0:18,17727
6/22/2023 0:28,17486
6/22/2023 0:38,16247
6/22/2023 0:48,17367
6/22/2023 0:58,17702
6/22/2023 1:08,17824
6/22/2023 1:18,17435
6/22/2023 1:28,16930
6/22/2023 1:38,16930
6/22/2023 1:49,17702
6/22/2023 1:59,17581
6/22/2023 2:09,17727
6/22/2023 2:19,18073
6/22/2023 2:29,16247
6/22/2023 2:39,17367
6/22/2023 2:49,18199
6/22/2023 2:59,17250
6/22/2023 3:09,17461
6/22/2023 3:19,17727
6/22/2023 3:29,17702
6/22/2023 3:39,18252
6/22/2023 3:49,17631
6/22/2023 3:59,17019
6/22/2023 4:09,16881
6/22/2023 4:19,18226
6/22/2023 4:29,17486
6/22/2023 4:39,17606
6/22/2023 4:49,17367
6/22/2023 4:59,17511
6/22/2023 5:09,16571
6/22/2023 5:19,17753
6/22/2023 5:29,16414
6/22/2023 5:39,16657
6/22/2023 5:49,17727
6/22/2023 5:59,17727
6/22/2023 6:09,17702
6/22/2023 6:19,17486
6/22/2023 6:29,16295
6/22/2023 6:39,17778
6/22/2023 6:49,17581
6/22/2023 6:59,17727
6/22/2023 7:09,17824
6/22/2023 7:19,17134
6/22/2023 7:29,17606
6/22/2023 7:39,17486
6/22/2023 7:49,17134
6/22/2023 7:59,17511
6/22/2023 8:09,15830
6/22/2023 8:19,17435
6/22/2023 8:29,17367
6/22/2023 8:39,17159
6/22/2023 8:49,16165
6/22/2023 8:59,17134
6/22/2023 9:09,17606
6/22/2023 9:19,17134
6/22/2023 9:29,17486
6/22/2023 9:39,17778
6/22/2023 9:49,17631
6/22/2023 9:59,17758
6/22/2023 10:10,17999
6/22/2023 10:20,17974
6/22/2023 10:30,17727
6/22/2023 10:40,17468
6/22/2023 10:50,17875
6/22/2023 11:00,17778
6/22/2023 11:10,17829
6/22/2023 11:20,16510
6/22/2023 11:30,16189
6/22/2023 11:40,17999
6/22/2023 11:50,18536
6/22/2023 12:00,17657
6/22/2023 12:10,18615
6/22/2023 12:20,18827
6/22/2023 12:30,17708
6/22/2023 12:40,19515
6/22/2023 12:50,17901
6/22/2023 13:00,19070
6/22/2023 13:10,19602
6/22/2023 13:20,19602
6/22/2023 13:30,19947
6/22/2023 13:40,19657
6/22/2023 13:50,20115
6/22/2023 14:00,18720
6/22/2023 14:10,19947
6/22/2023 14:20,19401
6/22/2023 14:30,20703
6/22/2023 14:40,19919
6/22/2023 14:50,19262
6/22/2023 15:00,21048
6/22/2023 15:10,21048
6/22/2023 15:20,21372
6/22/2023 15:30,21372
6/22/2023 15:40,21674
6/22/2023 15:50,20605
6/22/2023 16:00,21843
6/22/2023 16:10,21824
6/22/2023 16:20,21813
6/22/2023 16:30,19432
6/22/2023 16:40,22014
6/22/2023 16:50,20674
6/22/2023 17:00,22722
6/22/2023 17:10,22722
6/22/2023 17:20,22014
6/22/2023 17:30,22660
6/22/2023 17:40,20860
6/22/2023 17:50,23309
6/22/2023 18:00,23058
6/22/2023 18:10,22873
6/22/2023 18:20,23090
6/22/2023 18:31,20367
6/22/2023 18:41,22218
6/22/2023 18:51,21734
6/22/2023 19:01,23857
6/22/2023 19:11,23727
6/22/2023 19:21,20889
6/22/2023 19:31,22691
6/22/2023 19:41,23468
6/22/2023 19:51,23824
6/22/2023 20:01,23857
6/22/2023 20:11,21179
6/22/2023 20:21,23436
6/22/2023 20:31,20520
6/22/2023 20:41,23436
6/22/2023 20:51,23436
6/22/2023 21:01,23246
6/22/2023 21:11,23436
6/22/2023 21:21,24600
6/22/2023 21:31,23629
6/22/2023 21:41,23090
6/22/2023 21:51,22157
6/22/2023 22:01,23824
6/22/2023 22:11,24394
6/22/2023 22:21,24809
6/22/2023 22:31,23436
6/22/2023 22:41,22905
6/22/2023 22:51,23824
6/22/2023 23:01,24427
6/22/2023 23:11,24427
6/22/2023 23:21,23058
6/22/2023 23:31,24124
6/22/2023 23:41,23759
6/22/2023 23:51,23058
6/23/2023 0:01,23246
6/23/2023 0:11,22511
6/23/2023 0:21,24776
6/23/2023 0:31,25203
6/23/2023 0:41,22541
6/23/2023 0:51,23957
6/23/2023 1:01,23824
6/23/2023 1:11,24223
6/23/2023 1:21,24022
6/23/2023 1:31,23824
6/23/2023 1:41,21644
6/23/2023 1:51,23214
6/23/2023 2:01,24022
6/23/2023 2:11,25055
6/23/2023 2:21,24394
6/23/2023 2:31,24567
6/23/2023 2:41,24394
6/23/2023 2:52,24675
6/23/2023 3:02,24190
6/23/2023 3:12,24157
6/23/2023 3:22,24427
6/23/2023 3:32,24809
6/23/2023 3:42,24256
6/23/2023 3:52,24427
6/23/2023 4:02,24809
6/23/2023 4:12,23090
6/23/2023 4:22,24361
6/23/2023 4:32,23859
6/23/2023 4:42,24190
6/23/2023 4:52,23990
6/23/2023 5:02,21984
6/23/2023 5:12,24124
6/23/2023 5:22,23182
6/23/2023 5:32,21477
6/23/2023 5:42,24394
6/23/2023 5:52,24427
6/23/2023 6:02,24567
6/23/2023 6:12,24394
6/23/2023 6:22,24394
6/23/2023 6:32,24022
6/23/2023 6:42,23824
6/23/2023 6:52,24567
6/23/2023 7:02,24055
6/23/2023 7:12,20860
6/23/2023 7:22,23058
6/23/2023 7:32,24600
6/23/2023 7:42,24223
6/23/2023 7:52,21614
6/23/2023 8:02,24633
6/23/2023 8:12,23990
6/23/2023 8:22,24055
6/23/2023 8:32,22660
6/23/2023 8:42,24394
6/23/2023 8:52,24190
6/23/2023 9:02,24157
6/23/2023 9:12,23990
6/23/2023 9:22,22075
6/23/2023 9:32,23857
6/23/2023 9:42,21313
6/23/2023 9:52,24394
6/23/2023 10:02,24427
6/23/2023 10:12,23990
6/23/2023 10:22,24633
6/23/2023 10:32,21984
6/23/2023 10:42,25055
6/23/2023 10:52,25191
6/23/2023 11:02,24427
6/23/2023 11:13,21933
6/23/2023 11:23,24460
6/23/2023 11:33,25524
6/23/2023 11:43,25712
6/23/2023 11:53,25490
6/23/2023 12:03,24600
6/23/2023 12:13,25305
6/23/2023 12:23,26341
6/23/2023 12:33,24809
6/23/2023 12:43,26633
6/23/2023 12:53,26633
6/23/2023 13:03,26007
6/23/2023 13:13,26944
6/23/2023 13:23,23857
6/23/2023 13:33,27502
6/23/2023 13:43,23857
6/23/2023 13:53,27435
6/23/2023 14:03,26306
6/23/2023 14:13,27649
6/23/2023 14:23,27368
6/23/2023 14:33,28163
6/23/2023 14:43,28125
6/23/2023 14:53,28163
6/23/2023 15:03,25815
6/23/2023 15:13,28163
6/23/2023 15:23,22905
6/23/2023 15:33,27188
6/23/2023 15:43,27613
6/23/2023 15:53,27830
6/23/2023 16:03,28163
6/23/2023 16:13,24256
6/23/2023 16:23,30096
6/23/2023 16:33,28888
6/23/2023 16:43,27188
6/23/2023 16:53,28655
6/23/2023 17:03,28926
6/23/2023 17:13,28579
6/23/2023 17:23,24843
6/23/2023 17:33,27867
6/23/2023 17:43,29240
6/23/2023 17:53,29041
6/23/2023 18:03,29521
6/23/2023 18:13,29767
6/23/2023 18:23,29560
6/23/2023 18:33,32519
6/23/2023 18:43,27576
6/23/2023 18:53,26433
6/23/2023 19:03,29521
6/23/2023 19:13,27115
6/23/2023 19:23,29482
6/23/2023 19:34,29202
6/23/2023 19:44,29767
6/23/2023 19:54,25558
6/23/2023 20:04,26562
6/23/2023 20:14,28850
6/23/2023 20:24,29688
6/23/2023 20:34,26873
6/23/2023 20:44,28350
6/23/2023 20:54,29728
6/23/2023 21:04,28811
6/23/2023 21:14,28888
6/23/2023 21:24,29240
6/23/2023 21:34,27576
6/23/2023 21:44,28655
6/23/2023 21:54,29279
6/23/2023 22:04,29884
6/23/2023 22:14,29404
6/23/2023 22:24,28926
6/23/2023 22:34,29688
6/23/2023 22:44,29404
6/23/2023 22:54,28926
6/23/2023 23:04,29728
6/23/2023 23:14,28350
6/23/2023 23:24,28850
6/23/2023 23:34,26060
6/23/2023 23:44,28426
6/23/2023 23:54,30017
6/24/2023 0:04,29394
6/24/2023 0:14,28850
6/24/2023 0:24,28850
6/24/2023 0:34,30271
6/24/2023 0:44,28579
6/24/2023 0:54,29728
6/24/2023 1:04,28125
6/24/2023 1:14,28051
6/24/2023 1:24,28088
6/24/2023 1:34,26801
6/24/2023 1:44,28655
6/24/2023 1:54,26837
6/24/2023 2:04,26166
6/24/2023 2:14,27043
6/24/2023 2:24,28088
6/24/2023 2:34,28964
6/24/2023 2:44,26598
6/24/2023 2:54,28125
6/24/2023 3:04,28388
6/24/2023 3:14,25867
6/24/2023 3:24,25937
6/24/2023 3:34,25972
6/24/2023 3:44,28088
6/24/2023 3:55,28313
6/24/2023 4:05,27326
6/24/2023 4:15,28850
6/24/2023 4:25,28888
6/24/2023 4:35,28617
6/24/2023 4:45,26096
6/24/2023 4:55,25524
6/24/2023 5:05,27830
6/24/2023 5:15,28926
6/24/2023 5:25,29443
6/24/2023 5:35,27043
6/24/2023 5:45,28811
6/24/2023 5:55,24742
6/24/2023 6:05,27793
6/24/2023 6:15,27115
6/24/2023 6:25,29125
6/24/2023 6:35,28926
6/24/2023 6:45,28617
6/24/2023 6:55,29163
6/24/2023 7:05,29163
6/24/2023 7:15,29163
6/24/2023 7:25,28617
6/24/2023 7:35,29125
6/24/2023 7:45,27539
6/24/2023 7:55,28850
6/24/2023 8:05,25850
6/24/2023 8:15,29688
6/24/2023 8:25,27576
6/24/2023 8:35,28313
6/24/2023 8:45,28850
6/24/2023 8:55,28538
6/24/2023 9:05,28850
6/24/2023 9:15,28200
6/24/2023 9:25,27539
6/24/2023 9:35,28655
6/24/2023 9:45,28541
6/24/2023 9:55,28655
6/24/2023 10:05,28693
6/24/2023 10:15,27576
6/24/2023 10:25,23404
6/24/2023 10:35,28888
6/24/2023 10:45,28888
6/24/2023 10:55,29163
6/24/2023 11:05,29637
6/24/2023 11:15,30056
6/24/2023 11:25,29884
6/24/2023 11:35,30056
6/24/2023 11:45,27289
6/24/2023 11:55,26201
6/24/2023 12:05,28655
6/24/2023 12:16,29521
6/24/2023 12:26,27398
6/24/2023 12:36,30691
6/24/2023 12:46,31498
6/24/2023 12:56,26669
6/24/2023 13:06,27904
6/24/2023 13:16,30650
6/24/2023 13:26,30955
6/24/2023 13:36,25490
6/24/2023 13:46,30874
6/24/2023 13:56,27867
6/24/2023 14:06,30996
6/24/2023 14:16,30650
6/24/2023 14:26,30351
6/24/2023 14:36,30650
6/24/2023 14:46,29806
6/24/2023 14:56,29521
6/24/2023 15:06,30996
6/24/2023 15:16,28200
6/24/2023 15:26,31306
6/24/2023 15:36,29202
6/24/2023 15:46,28200
6/24/2023 15:56,30955
6/24/2023 16:06,30056
6/24/2023 16:16,30391
6/24/2023 16:26,28237
6/24/2023 16:36,31036
6/24/2023 16:46,29845
6/24/2023 16:56,31265
6/24/2023 17:06,31347
6/24/2023 17:16,31306
6/24/2023 17:26,31117
6/24/2023 17:36,31622
6/24/2023 17:46,29521
6/24/2023 17:56,30470
6/24/2023 18:06,26007
6/24/2023 18:16,31663
6/24/2023 18:26,30915
6/24/2023 18:36,30955
6/24/2023 18:46,29728
6/24/2023 18:56,30955
6/24/2023 19:06,31306
6/24/2023 19:16,29163
6/24/2023 19:26,31183
6/24/2023 19:36,27978
6/24/2023 19:46,29125
6/24/2023 19:56,30874
6/24/2023 20:06,30530
6/24/2023 20:16,28200
6/24/2023 20:26,25677
6/24/2023 20:37,30351
6/24/2023 20:47,30610
6/24/2023 20:57,30915
6/24/2023 21:07,29977
6/24/2023 21:17,28426
6/24/2023 21:27,29806
6/24/2023 21:37,27576
6/24/2023 21:47,29977
6/24/2023 21:57,29728
6/24/2023 22:07,30570
6/24/2023 22:17,30017
6/24/2023 22:27,27576
6/24/2023 22:37,30311
6/24/2023 22:47,28350
6/24/2023 22:57,29482
6/24/2023 23:07,27079
6/24/2023 23:17,29688
6/24/2023 23:27,28088
6/24/2023 23:37,28888
6/24/2023 23:47,28964
6/24/2023 23:57,28731
6/25/2023 0:07,29240
6/25/2023 0:17,30056
6/25/2023 0:27,29728
6/25/2023 0:37,29443
6/25/2023 0:47,29728
6/25/2023 0:57,29443
6/25/2023 1:07,30271
6/25/2023 1:17,27477
6/25/2023 1:27,27867
6/25/2023 1:37,28655
6/25/2023 1:47,29977
6/25/2023 1:57,27867
6/25/2023 2:07,29202
6/25/2023 2:17,29443
6/25/2023 2:27,29767
6/25/2023 2:37,29688
6/25/2023 2:47,27079
6/25/2023 2:57,26633
6/25/2023 3:07,29346
6/25/2023 3:17,29728
6/25/2023 3:27,29482
6/25/2023 3:37,29202
6/25/2023 3:47,29482
6/25/2023 3:57,28388
6/25/2023 4:07,30056
6/25/2023 4:17,27326
6/25/2023 4:27,25455
6/25/2023 4:37,28088
6/25/2023 4:47,27613
6/25/2023 4:58,29845
6/25/2023 5:08,29202
6/25/2023 5:18,25318
6/25/2023 5:28,30056
6/25/2023 5:38,29977
6/25/2023 5:48,29443
6/25/2023 5:58,29125
6/25/2023 6:08,28200
6/25/2023 6:18,29728
6/25/2023 6:28,28655
6/25/2023 6:38,29404
6/25/2023 6:48,26873
6/25/2023 6:58,26801
6/25/2023 7:08,28125
6/25/2023 7:18,27188
6/25/2023 7:28,29125
6/25/2023 7:38,29728
6/25/2023 7:48,29443
6/25/2023 7:58,29202
6/25/2023 8:08,29202
6/25/2023 8:18,29767
6/25/2023 8:28,30017
6/25/2023 8:38,29767
6/25/2023 8:48,29767
6/25/2023 8:58,25145
6/25/2023 9:08,29482
6/25/2023 9:18,29767
6/25/2023 9:28,26491
6/25/2023 9:38,29356
6/25/2023 9:48,28693
6/25/2023 9:58,26944
6/25/2023 10:08,29767
6/25/2023 10:18,27867
6/25/2023 10:28,28655
6/25/2023 10:38,30691
6/25/2023 10:48,28275
6/25/2023 10:58,30311
6/25/2023 11:08,31725
6/25/2023 11:18,28163
6/25/2023 11:28,31224
6/25/2023 11:38,31036
6/25/2023 11:48,31622
6/25/2023 11:58,31539
6/25/2023 12:08,31985
6/25/2023 12:18,31663
6/25/2023 12:28,30391
6/25/2023 12:38,29002
6/25/2023 12:48,31347
6/25/2023 12:58,32646
6/25/2023 13:08,32313
6/25/2023 13:19,31347
6/25/2023 13:29,31306
6/25/2023 13:39,32688
6/25/2023 13:49,32068
6/25/2023 13:59,31704
6/25/2023 14:09,32313
6/25/2023 14:19,32604
6/25/2023 14:29,32354
6/25/2023 14:39,32477
6/25/2023 14:49,31036
6/25/2023 14:59,30135
6/25/2023 15:09,31985
6/25/2023 15:19,31943
6/25/2023 15:29,31663
6/25/2023 15:39,33028
6/25/2023 15:49,32110
6/25/2023 15:59,30431
6/25/2023 16:09,32354
6/25/2023 16:19,31985
6/25/2023 16:29,31036
6/25/2023 16:39,28200
6/25/2023 16:49,32313
6/25/2023 16:59,29317
6/25/2023 17:09,32604
6/25/2023 17:19,29279
6/25/2023 17:29,30650
6/25/2023 17:39,31860
6/25/2023 17:49,32271
6/25/2023 17:59,31943
6/25/2023 18:09,31943
6/25/2023 18:19,28125
6/25/2023 18:29,30391
6/25/2023 18:39,32271
6/25/2023 18:49,32187
6/25/2023 18:59,31860
6/25/2023 19:09,31622
6/25/2023 19:19,28731
6/25/2023 19:29,31819
6/25/2023 19:39,29767
6/25/2023 19:49,28655
6/25/2023 19:59,30610
6/25/2023 20:09,31581
6/25/2023 20:19,32519
6/25/2023 20:29,30610
6/25/2023 20:39,29728
6/25/2023 20:49,30915
6/25/2023 20:59,30650
6/25/2023 21:09,29977
6/25/2023 21:19,30056
6/25/2023 21:29,31539
6/25/2023 21:40,31539
6/25/2023 21:50,30017
6/25/2023 22:00,31224
6/25/2023 22:10,30610
6/25/2023 22:20,31224
6/25/2023 22:30,30017
6/25/2023 22:40,31539
6/25/2023 22:50,30271
6/25/2023 23:00,30874
6/25/2023 23:10,29163
6/25/2023 23:20,30915
6/25/2023 23:30,32103
6/25/2023 23:40,31306
6/25/2023 23:50,29125
6/26/2023 0:00,28350
6/26/2023 0:10,30650
6/26/2023 0:20,30610
6/26/2023 0:30,30017
6/26/2023 0:40,30610
6/26/2023 0:50,29688
6/26/2023 1:00,28013
6/26/2023 1:10,31224
6/26/2023 1:20,28350
6/26/2023 1:30,30915
6/26/2023 1:40,31539
6/26/2023 1:50,30610
6/26/2023 2:00,30610
6/26/2023 2:10,29688
6/26/2023 2:20,31539
6/26/2023 2:30,31224
6/26/2023 2:40,30351
6/26/2023 2:50,29125
6/26/2023 3:00,30017
6/26/2023 3:10,29909
6/26/2023 3:20,31860
6/26/2023 3:30,27830
6/26/2023 3:40,30056
6/26/2023 3:50,30056
6/26/2023 4:00,28579
6/26/2023 4:10,30056
6/26/2023 4:20,30955
6/26/2023 4:30,30409
6/26/2023 4:40,30017
6/26/2023 4:50,30915
6/26/2023 5:00,31224
6/26/2023 5:10,26598
6/26/2023 5:20,26327
6/26/2023 5:30,29728
6/26/2023 5:40,26633
6/26/2023 5:50,27830
6/26/2023 6:01,30271
6/26/2023 6:11,30955
6/26/2023 6:21,29977
6/26/2023 6:31,29404
6/26/2023 6:41,26873
6/26/2023 6:51,27719
6/26/2023 7:01,29977
6/26/2023 7:11,29443
6/26/2023 7:21,30311
6/26/2023 7:31,30915
6/26/2023 7:41,28051
6/26/2023 7:51,31183
6/26/2023 8:01,30017
6/26/2023 8:11,29404
6/26/2023 8:21,26131
6/26/2023 8:31,26908
6/26/2023 8:41,25972
6/26/2023 8:51,30570
6/26/2023 9:01,28541
6/26/2023 9:11,27539
6/26/2023 9:21,27756
6/26/2023 9:31,30915
6/26/2023 9:41,30874
6/26/2023 9:51,28888
6/26/2023 10:01,29938
6/26/2023 10:11,30570
6/26/2023 10:21,30874
6/26/2023 10:31,30834
6/26/2023 10:41,31224
6/26/2023 10:51,31498
6/26/2023 11:01,28888
6/26/2023 11:11,30490
6/26/2023 11:21,32229
6/26/2023 11:31,31902
6/26/2023 11:41,31860
6/26/2023 11:51,31902
6/26/2023 12:01,28964
6/26/2023 12:11,31704
6/26/2023 12:21,32519
6/26/2023 12:31,31581
6/26/2023 12:41,30650
6/26/2023 12:51,28200
6/26/2023 13:01,31860
6/26/2023 13:11,32857
6/26/2023 13:21,29482
6/26/2023 13:31,33245
6/26/2023 13:41,33202
6/26/2023 13:51,28655
6/26/2023 14:01,33245
6/26/2023 14:11,32773
6/26/2023 14:22,27362
6/26/2023 14:32,32772
6/26/2023 14:42,32857
6/26/2023 14:52,30955
6/26/2023 15:02,32392
6/26/2023 15:12,33553
6/26/2023 15:22,30351
6/26/2023 15:32,32900
6/26/2023 15:42,33071
6/26/2023 15:52,33509
6/26/2023 16:02,30996
6/26/2023 16:12,32857
6/26/2023 16:22,32688
6/26/2023 16:32,30610
6/26/2023 16:42,32900
6/26/2023 16:52,28617
6/26/2023 17:02,31902
6/26/2023 17:12,32857
6/26/2023 17:22,31902
6/26/2023 17:32,32561
6/26/2023 17:42,32477
6/26/2023 17:52,32392
6/26/2023 18:02,32900
6/26/2023 18:12,32229
6/26/2023 18:22,32900
6/26/2023 18:32,27152
6/26/2023 18:42,31347
6/26/2023 18:52,32229
6/26/2023 19:02,32985
6/26/2023 19:12,29086
6/26/2023 19:22,32229
6/26/2023 19:32,32815
6/26/2023 19:42,32187
6/26/2023 19:52,28051
6/26/2023 20:02,32519
6/26/2023 20:12,31539
6/26/2023 20:22,28926
6/26/2023 20:32,29443
6/26/2023 20:42,31663
6/26/2023 20:52,32187
6/26/2023 21:02,28888
6/26/2023 21:12,29688
6/26/2023 21:22,30874
6/26/2023 21:32,32103
6/26/2023 21:42,30874
6/26/2023 21:52,31581
6/26/2023 22:02,32187
6/26/2023 22:12,30691
6/26/2023 22:22,32519
6/26/2023 22:32,32434
6/26/2023 22:43,29443
6/26/2023 22:53,31777
6/26/2023 23:03,31622
6/26/2023 23:13,30610
6/26/2023 23:23,29977
6/26/2023 23:33,31183
6/26/2023 23:43,29688
6/26/2023 23:53,31183
6/27/2023 0:03,28541
6/27/2023 0:13,31061
6/27/2023 0:23,32434
6/27/2023 0:33,30231
6/27/2023 0:43,32103
6/27/2023 0:53,31498
6/27/2023 1:03,30056
6/27/2023 1:13,31985
6/27/2023 1:23,30311
6/27/2023 1:33,30271
6/27/2023 1:43,31902
6/27/2023 1:53,30610
6/27/2023 2:03,31143
6/27/2023 2:13,31457
6/27/2023 2:23,30017
6/27/2023 2:33,26765
6/27/2023 2:43,30570
6/27/2023 2:53,30570
6/27/2023 3:03,30311
6/27/2023 3:13,27830
6/27/2023 3:23,30691
6/27/2023 3:33,30311
6/27/2023 3:43,28579
6/27/2023 3:53,30811
6/27/2023 4:03,31117
6/27/2023 4:13,31183
6/27/2023 4:23,28888
6/27/2023 4:33,30834
6/27/2023 4:43,30996
6/27/2023 4:53,31183
6/27/2023 5:03,31470
6/27/2023 5:13,31498
6/27/2023 5:23,27830
6/27/2023 5:33,31539
6/27/2023 5:43,30017
6/27/2023 5:53,31429
6/27/2023 6:03,32145
6/27/2023 6:13,27043
6/27/2023 6:23,31183
6/27/2023 6:33,31416
6/27/2023 6:43,30017
6/27/2023 6:53,29404
6/27/2023 7:03,30915
6/27/2023 7:14,30570
6/27/2023 7:24,25677
6/27/2023 7:34,30610
6/27/2023 7:44,27326
6/27/2023 7:54,30915
6/27/2023 8:04,31539
6/27/2023 8:14,27289
6/27/2023 8:24,29443
6/27/2023 8:34,28888
6/27/2023 8:44,29240
6/27/2023 8:54,27613
6/27/2023 9:04,30874
6/27/2023 9:14,27296
6/27/2023 9:24,26131
6/27/2023 9:34,29163
6/27/2023 9:44,27253
6/27/2023 9:54,28088
6/27/2023 10:04,29125
6/27/2023 10:14,25490
6/27/2023 10:24,31539
6/27/2023 10:34,30570
6/27/2023 10:44,31581
6/27/2023 10:54,32145
6/27/2023 11:04,31860
6/27/2023 11:14,32857
6/27/2023 11:24,32187
6/27/2023 11:34,32857
6/27/2023 11:44,27613
6/27/2023 11:54,33553
6/27/2023 12:04,28655
6/27/2023 12:14,32477
6/27/2023 12:24,29482
6/27/2023 12:34,33640
6/27/2023 12:44,33553
6/27/2023 12:54,32985
6/27/2023 13:04,33553
6/27/2023 13:14,32271
6/27/2023 13:24,33910
6/27/2023 13:34,32900
6/27/2023 13:44,34319
6/27/2023 13:54,32943
6/27/2023 14:04,33954
6/27/2023 14:14,28200
6/27/2023 14:24,30431
6/27/2023 14:34,32313
6/27/2023 14:44,29279
6/27/2023 14:54,33683
6/27/2023 15:04,30351
6/27/2023 15:14,32943
6/27/2023 15:24,33640
6/27/2023 15:35,33331
6/27/2023 15:45,33640
6/27/2023 15:55,33331
6/27/2023 16:05,32313
6/27/2023 16:15,33596
6/27/2023 16:25,33998
6/27/2023 16:35,33245
6/27/2023 16:45,28463
6/27/2023 16:55,33331
6/27/2023 17:05,32985
6/27/2023 17:15,33640
6/27/2023 17:25,33640
6/27/2023 17:35,32943
6/27/2023 17:45,30691
6/27/2023 17:55,33640
6/27/2023 18:05,32604
6/27/2023 18:15,28693
6/27/2023 18:25,33640
6/27/2023 18:35,33596
6/27/2023 18:45,32943
6/27/2023 18:55,33417
6/27/2023 19:05,32900
6/27/2023 19:15,31902
6/27/2023 19:25,31347
6/27/2023 19:35,26705
6/27/2023 19:45,33028
6/27/2023 19:55,32519
6/27/2023 20:05,32187
6/27/2023 20:15,29728
6/27/2023 20:25,31860
6/27/2023 20:35,32477
6/27/2023 20:45,32857
6/27/2023 20:55,30570
6/27/2023 21:05,31622
6/27/2023 21:15,34319
6/27/2023 21:25,30096
6/27/2023 21:35,30017
6/27/2023 21:45,31902
6/27/2023 21:55,32519
6/27/2023 22:05,32061
6/27/2023 22:15,32477
6/27/2023 22:25,33596
6/27/2023 22:35,31860
6/27/2023 22:45,30610
6/27/2023 22:55,32229
6/27/2023 23:05,31498
6/27/2023 23:15,31860
6/27/2023 23:25,31902
6/27/2023 23:35,31819
6/27/2023 23:45,31224
6/27/2023 23:56,31498
6/28/2023 0:06,30311
6/28/2023 0:16,28926
6/28/2023 0:26,30271
6/28/2023 0:36,32145
6/28/2023 0:46,31860
6/28/2023 0:56,28888
6/28/2023 1:06,30017
6/28/2023 1:16,32519
6/28/2023 1:26,30409
6/28/2023 1:36,32271
6/28/2023 1:46,31902
6/28/2023 1:56,30955
6/28/2023 2:06,31224
6/28/2023 2:16,30650
6/28/2023 2:26,32519
6/28/2023 2:36,31224
6/28/2023 2:46,29163
6/28/2023 2:56,30311
6/28/2023 3:06,31224
6/28/2023 3:16,28579
6/28/2023 3:26,32477
6/28/2023 3:36,31622
6/28/2023 3:46,31539
6/28/2023 3:56,30610
6/28/2023 4:06,30915
6/28/2023 4:16,30311
6/28/2023 4:26,30311
6/28/2023 4:36,32519
6/28/2023 4:46,31663
6/28/2023 4:56,29977
6/28/2023 5:06,29728
6/28/2023 5:16,31860
6/28/2023 5:26,27613
6/28/2023 5:36,31581
6/28/2023 5:46,31581
6/28/2023 5:56,30610
6/28/2023 6:06,28888
6/28/2023 6:16,27326
6/28/2023 6:26,30570
6/28/2023 6:36,29688
6/28/2023 6:46,27867
6/28/2023 6:56,30650
6/28/2023 7:06,30311
6/28/2023 7:16,31498
6/28/2023 7:26,31498
6/28/2023 7:36,31539
6/28/2023 7:46,27686
6/28/2023 7:56,26598
6/28/2023 8:06,28350
6/28/2023 8:16,29977
6/28/2023 8:27,26131
6/28/2023 8:37,31183
6/28/2023 8:47,27289
6/28/2023 8:57,30610
6/28/2023 9:07,31224
6/28/2023 9:17,31143
6/28/2023 9:27,30874
6/28/2023 9:37,29977
6/28/2023 9:47,31183
6/28/2023 9:57,30874
6/28/2023 10:07,31183
6/28/2023 10:17,30017
6/28/2023 10:27,28313
6/28/2023 10:37,29163
6/28/2023 10:47,31457
6/28/2023 10:57,31102
6/28/2023 11:07,28617
6/28/2023 11:17,28579
6/28/2023 11:27,31860
6/28/2023 11:37,30271
6/28/2023 11:47,27719
6/28/2023 11:57,31224
6/28/2023 12:07,29125
6/28/2023 12:17,30874
6/28/2023 12:27,28888
6/28/2023 12:37,32187
6/28/2023 12:47,31077
6/28/2023 12:57,31498
6/28/2023 13:07,28617
6/28/2023 13:17,31860
6/28/2023 13:27,31777
6/28/2023 13:37,31498
6/28/2023 13:47,31183
6/28/2023 13:57,27793
6/28/2023 14:07,30834
6/28/2023 14:17,32061
6/28/2023 14:27,31777
6/28/2023 14:37,31777
6/28/2023 14:47,32434
6/28/2023 14:57,32392
6/28/2023 15:07,33509
6/28/2023 15:17,29404
6/28/2023 15:27,32187
6/28/2023 15:37,31735
6/28/2023 15:47,32103
6/28/2023 15:57,32061
6/28/2023 16:07,31102
6/28/2023 16:17,32027
6/28/2023 16:27,32187
6/28/2023 16:37,32061
6/28/2023 16:47,30530
6/28/2023 16:58,32061
6/28/2023 17:08,31777
6/28/2023 17:18,32187
6/28/2023 17:28,31416
6/28/2023 17:38,29404
6/28/2023 17:48,28811
6/28/2023 17:58,30793
6/28/2023 18:08,27007
6/28/2023 18:18,29938
6/28/2023 18:28,26729
6/28/2023 18:38,32103
6/28/2023 18:48,33116
6/28/2023 18:58,31457
6/28/2023 19:08,30450
6/28/2023 19:18,32729
6/28/2023 19:28,29728
6/28/2023 19:38,32434
6/28/2023 19:48,33072
6/28/2023 19:58,26837
6/28/2023 20:08,29365
6/28/2023 20:18,32857
6/28/2023 20:28,28275
6/28/2023 20:38,32307
6/28/2023 20:48,31143
6/28/2023 20:58,31498
6/28/2023 21:08,31143
6/28/2023 21:18,27216
6/28/2023 21:28,30450
6/28/2023 21:38,30793
6/28/2023 21:48,32061
6/28/2023 21:58,31457
6/28/2023 22:08,31375
6/28/2023 22:18,30231
6/28/2023 22:28,30834
6/28/2023 22:38,29688
6/28/2023 22:48,31694
6/28/2023 22:58,32604
6/28/2023 23:08,33159
6/28/2023 23:18,31498
6/28/2023 23:28,28541
6/28/2023 23:38,31061
6/28/2023 23:48,32392
6/28/2023 23:58,32772
6/29/2023 0:08,32434
6/29/2023 0:18,32772
6/29/2023 0:28,33116
6/29/2023 0:38,34186
6/29/2023 0:48,32686
6/29/2023 0:58,30915
6/29/2023 1:08,33422
6/29/2023 1:18,33029
6/29/2023 1:28,32688
6/29/2023 1:39,31819
6/29/2023 1:49,34186
6/29/2023 1:59,32434
6/29/2023 2:09,32857
6/29/2023 2:19,32729
6/29/2023 2:29,32729
6/29/2023 2:39,31498
6/29/2023 2:49,33159
6/29/2023 2:59,32729
6/29/2023 3:09,33466
6/29/2023 3:19,32772
6/29/2023 3:29,31819
6/29/2023 3:39,31183
6/29/2023 3:49,31183
6/29/2023 3:59,34511
6/29/2023 4:09,32392
6/29/2023 4:19,33509
6/29/2023 4:29,33822
6/29/2023 4:39,32434
6/29/2023 4:49,33822
6/29/2023 4:59,33072
6/29/2023 5:09,32145
6/29/2023 5:19,33116
6/29/2023 5:29,33422
6/29/2023 5:39,28313
6/29/2023 5:49,30915
6/29/2023 5:59,34230
6/29/2023 6:09,33422
6/29/2023 6:19,32519
6/29/2023 6:29,33159
6/29/2023 6:39,32815
6/29/2023 6:49,34556
6/29/2023 6:59,33422
6/29/2023 7:09,27719
6/29/2023 7:19,33159
6/29/2023 7:29,33422
6/29/2023 7:39,31143
6/29/2023 7:49,33159
6/29/2023 7:59,33509
6/29/2023 8:09,33159
6/29/2023 8:19,33159
6/29/2023 8:29,32815
6/29/2023 8:39,31777
6/29/2023 8:49,32103
6/29/2023 8:59,32857
6/29/2023 9:09,29688
6/29/2023 9:19,32815
6/29/2023 9:29,29649
6/29/2023 9:39,31498
6/29/2023 9:49,26131
6/29/2023 9:59,32187
6/29/2023 10:09,28850
6/29/2023 10:20,33202
6/29/2023 10:30,33202
6/29/2023 10:40,29433
6/29/2023 10:50,33866
6/29/2023 11:00,30915
6/29/2023 11:10,30955
6/29/2023 11:20,33159
6/29/2023 11:30,33866
6/29/2023 11:40,33866
6/29/2023 11:50,33683
6/29/2023 12:00,33640
6/29/2023 12:10,34275
6/29/2023 12:20,33866
6/29/2023 12:30,32477
6/29/2023 12:40,34556
6/29/2023 12:50,34319
6/29/2023 13:00,34735
6/29/2023 13:10,33159
6/29/2023 13:20,34646
6/29/2023 13:30,35024
6/29/2023 13:40,32900
6/29/2023 13:50,29767
6/29/2023 14:00,35024
6/29/2023 14:10,30056
6/29/2023 14:20,35501
6/29/2023 14:30,33288
6/29/2023 14:40,35410
6/29/2023 14:50,35849
6/29/2023 15:00,33596
6/29/2023 15:10,35455
6/29/2023 15:20,35849
6/29/2023 15:30,35501
6/29/2023 15:40,34690
6/29/2023 15:50,35849
6/29/2023 16:00,33245
6/29/2023 16:10,31902
6/29/2023 16:20,34780
6/29/2023 16:30,35455
6/29/2023 16:40,30351
6/29/2023 16:50,35069
6/29/2023 17:00,29728
6/29/2023 17:10,30955
6/29/2023 17:20,29404
6/29/2023 17:30,34690
6/29/2023 17:40,30175
6/29/2023 17:50,33245
6/29/2023 18:00,36250
6/29/2023 18:10,34690
6/29/2023 18:20,35114
6/29/2023 18:30,35455
6/29/2023 18:41,32229
6/29/2023 18:51,36157
6/29/2023 19:01,35069
6/29/2023 19:11,33596
6/29/2023 19:21,35455
6/29/2023 19:31,32815
6/29/2023 19:41,28617
6/29/2023 19:51,31622
6/29/2023 20:01,30311
6/29/2023 20:11,34690
6/29/2023 20:21,31819
6/29/2023 20:31,34646
6/29/2023 20:41,30610
6/29/2023 20:51,35024
6/29/2023 21:01,35803
6/29/2023 21:11,33910
6/29/2023 21:21,34690
6/29/2023 21:31,36157
6/29/2023 21:41,33866
6/29/2023 21:51,32815
6/29/2023 22:01,32815
6/29/2023 22:11,32815
6/29/2023 22:21,34601
6/29/2023 22:31,33072
6/29/2023 22:41,35318
6/29/2023 22:51,34186
6/29/2023 23:01,34511
6/29/2023 23:11,34511
6/29/2023 23:21,31457
6/29/2023 23:31,33466
6/29/2023 23:41,34186
6/29/2023 23:51,34511
6/30/2023 0:01,33779
6/30/2023 0:11,32729
6/30/2023 0:21,32392
6/30/2023 0:31,34934
6/30/2023 0:41,34511
6/30/2023 0:51,30490
6/30/2023 1:01,33072
6/30/2023 1:11,33159
6/30/2023 1:21,30834
6/30/2023 1:31,29898
6/30/2023 1:41,32434
6/30/2023 1:51,34979
6/30/2023 2:01,28238
6/30/2023 2:11,34556
6/30/2023 2:21,34601
6/30/2023 2:31,34142
6/30/2023 2:41,32815
6/30/2023 2:51,34186
6/30/2023 3:01,34186
6/30/2023 3:12,31102
6/30/2023 3:22,34511
6/30/2023 3:32,33596
6/30/2023 3:42,31735
6/30/2023 3:52,33866
6/30/2023 4:02,33866
6/30/2023 4:12,34934
6/30/2023 4:22,34186
6/30/2023 4:32,34097
6/30/2023 4:42,33072
6/30/2023 4:52,33379
6/30/2023 5:02,33822
6/30/2023 5:12,34275
6/30/2023 5:22,33159
6/30/2023 5:32,33910
6/30/2023 5:42,30231
6/30/2023 5:52,30915
6/30/2023 6:02,34186
6/30/2023 6:12,34142
6/30/2023 6:22,34142
6/30/2023 6:32,28850
6/30/2023 6:42,31457
6/30/2023 6:52,31457
6/30/2023 7:02,34690
6/30/2023 7:12,27043
6/30/2023 7:22,31694
6/30/2023 7:32,32103
6/30/2023 7:42,34556
6/30/2023 7:52,28850
6/30/2023 8:02,32772
6/30/2023 8:12,34888
6/30/2023 8:22,29977
6/30/2023 8:32,30017
6/30/2023 8:42,31183
6/30/2023 8:52,34230
6/30/2023 9:02,32772
6/30/2023 9:12,31224
6/30/2023 9:22,28541
6/30/2023 9:32,33466
6/30/2023 9:42,33866
6/30/2023 9:52,32103
6/30/2023 10:02,33466
6/30/2023 10:12,31539
6/30/2023 10:22,28614
6/30/2023 10:32,31224
6/30/2023 10:42,32229
6/30/2023 10:52,32857
6/30/2023 11:02,33116
6/30/2023 11:12,35803
6/30/2023 11:22,33159
6/30/2023 11:32,35410
6/30/2023 11:43,31539
6/30/2023 11:53,33245
6/30/2023 12:03,30096
6/30/2023 12:13,32900
6/30/2023 12:23,35410
6/30/2023 12:33,35455
6/30/2023 12:43,35069
6/30/2023 12:53,34646
6/30/2023 13:03,31581
6/30/2023 13:13,31943
6/30/2023 13:23,36660
6/30/2023 13:33,37030
6/30/2023 13:43,33779
6/30/2023 13:53,34690
6/30/2023 14:03,35455
6/30/2023 14:13,35455
6/30/2023 14:23,36157
6/30/2023 14:33,35803
6/30/2023 14:43,37504
6/30/2023 14:53,37125
6/30/2023 15:03,37939
6/30/2023 15:13,33998
6/30/2023 15:23,37552
6/30/2023 15:33,36660
6/30/2023 15:43,33683
6/30/2023 15:53,32985
6/30/2023 16:03,38383
6/30/2023 16:13,37268
6/30/2023 16:23,34690
6/30/2023 16:33,36660
6/30/2023 16:43,37891
6/30/2023 16:53,37504
6/30/2023 17:03,35547
6/30/2023 17:13,36613
6/30/2023 17:23,34735
6/30/2023 17:33,32561
6/30/2023 17:43,37030
6/30/2023 17:53,37552
6/30/2023 18:03,36018
6/30/2023 18:13,32354
6/30/2023 18:23,35455
6/30/2023 18:33,37504
6/30/2023 18:43,33910
6/30/2023 18:53,32229
6/30/2023 19:03,37504
6/30/2023 19:13,37078
6/30/2023 19:23,33509
6/30/2023 19:33,35849
6/30/2023 19:43,37078
6/30/2023 19:53,36613
6/30/2023 20:04,36613
6/30/2023 20:14,36888
6/30/2023 20:24,36204
6/30/2023 20:34,36111
6/30/2023 20:44,37360
6/30/2023 20:54,36519
6/30/2023 21:04,33954
6/30/2023 21:14,32900
6/30/2023 21:24,35318
6/30/2023 21:34,31183
6/30/2023 21:44,32103
6/30/2023 21:54,36519
6/30/2023 22:04,36331
6/30/2023 22:14,33553
6/30/2023 22:24,35024
6/30/2023 22:34,34753
6/30/2023 22:44,34186
6/30/2023 22:54,34186
6/30/2023 23:04,34142
6/30/2023 23:14,33466
6/30/2023 23:24,33822
6/30/2023 23:34,33822
6/30/2023 23:44,35711
6/30/2023 23:54,32350
7/1/2023 0:04,33866
7/1/2023 0:14,32434
7/1/2023 0:24,34934
7/1/2023 0:34,36111
7/1/2023 0:44,30530
7/1/2023 0:54,30753
7/1/2023 1:04,35024
7/1/2023 1:14,33822
7/1/2023 1:24,34601
7/1/2023 1:34,33509
7/1/2023 1:44,35364
7/1/2023 1:54,32145
7/1/2023 2:04,35480
7/1/2023 2:14,31183
7/1/2023 2:24,34601
7/1/2023 2:34,34275
7/1/2023 2:44,32477
7/1/2023 2:54,33866
7/1/2023 3:04,34979
7/1/2023 3:14,35665
7/1/2023 3:24,33509
7/1/2023 3:34,33509
7/1/2023 3:44,33159
7/1/2023 3:54,33509
7/1/2023 4:04,34556
7/1/2023 4:14,34601
7/1/2023 4:24,32519
7/1/2023 4:34,31143
7/1/2023 4:45,33466
7/1/2023 4:55,34230
7/1/2023 5:05,33422
7/1/2023 5:15,33379
7/1/2023 5:25,33866
7/1/2023 5:35,33159
7/1/2023 5:45,32857
7/1/2023 5:55,33779
7/1/2023 6:05,33866
7/1/2023 6:15,34230
7/1/2023 6:25,34186
7/1/2023 6:35,27756
7/1/2023 6:45,34601
7/1/2023 6:55,33691
7/1/2023 7:05,27793
7/1/2023 7:15,32434
7/1/2023 7:25,32477
7/1/2023 7:35,32477
7/1/2023 7:45,33779
7/1/2023 7:55,29086
7/1/2023 8:05,34186
7/1/2023 8:15,29086
7/1/2023 8:25,29938
7/1/2023 8:35,30271
7/1/2023 8:45,29649
7/1/2023 8:55,32477
7/1/2023 9:05,26801
7/1/2023 9:15,34186
7/1/2023 9:25,31183
7/1/2023 9:35,34601
7/1/2023 9:45,33509
7/1/2023 9:55,34230
7/1/2023 10:05,30530
7/1/2023 10:15,32187
7/1/2023 10:25,34888
7/1/2023 10:35,34888
7/1/2023 10:45,34393
7/1/2023 10:55,33822
7/1/2023 11:05,34556
7/1/2023 11:15,30231
7/1/2023 11:25,33866
7/1/2023 11:35,34690
7/1/2023 11:45,33553
7/1/2023 11:55,34914
7/1/2023 12:05,34230
7/1/2023 12:15,34646
7/1/2023 12:25,34275
7/1/2023 12:35,27289
7/1/2023 12:45,30351
7/1/2023 12:55,33202
7/1/2023 13:05,34601
7/1/2023 13:16,33466
7/1/2023 13:26,33596
7/1/2023 13:36,34332
7/1/2023 13:46,27793
7/1/2023 13:56,32815
7/1/2023 14:06,32187
7/1/2023 14:16,30570
7/1/2023 14:26,34735
7/1/2023 14:36,32815
7/1/2023 14:46,33159
7/1/2023 14:56,37078
7/1/2023 15:06,31860
7/1/2023 15:16,33866
7/1/2023 15:26,29898
7/1/2023 15:36,34601
7/1/2023 15:46,33910
7/1/2023 15:56,34601
7/1/2023 16:06,34601
7/1/2023 16:16,33116
7/1/2023 16:26,33910
7/1/2023 16:36,30610
7/1/2023 16:46,34646
7/1/2023 16:56,33159
7/1/2023 17:06,33509
7/1/2023 17:16,34601
7/1/2023 17:26,32313
7/1/2023 17:36,33553
7/1/2023 17:46,34230
7/1/2023 17:56,33466
7/1/2023 18:06,34275
7/1/2023 18:16,34275
7/1/2023 18:26,34934
7/1/2023 18:36,35619
7/1/2023 18:46,33779
7/1/2023 18:56,35273
7/1/2023 19:06,30793
7/1/2023 19:16,29898
7/1/2023 19:26,33735
7/1/2023 19:36,29326
7/1/2023 19:46,34186
7/1/2023 19:56,34556
7/1/2023 20:06,29404
7/1/2023 20:16,35318
7/1/2023 20:26,30192
7/1/2023 20:36,33072
7/1/2023 20:46,27976
7/1/2023 20:56,34511
7/1/2023 21:06,34142
7/1/2023 21:16,33466
7/1/2023 21:26,33116
7/1/2023 21:37,33116
7/1/2023 21:47,33822
7/1/2023 21:57,36425
7/1/2023 22:07,33822
7/1/2023 22:17,31777
7/1/2023 22:27,30834
7/1/2023 22:37,30311
7/1/2023 22:47,32477
7/1/2023 22:57,32434
7/1/2023 23:07,35136
7/1/2023 23:17,33779
7/1/2023 23:27,35757
7/1/2023 23:37,35227
7/1/2023 23:47,34556
7/1/2023 23:57,33116
7/2/2023 0:07,34511
7/2/2023 0:17,32392
7/2/2023 0:27,31777
7/2/2023 0:37,33509
7/2/2023 0:47,33822
7/2/2023 0:57,31143
7/2/2023 1:07,29938
7/2/2023 1:17,32434
7/2/2023 1:27,31777
7/2/2023 1:37,31416
7/2/2023 1:47,32561
7/2/2023 1:57,34934
7/2/2023 2:07,34186
7/2/2023 2:17,33245
7/2/2023 2:27,32729
7/2/2023 2:37,33072
7/2/2023 2:47,33866
7/2/2023 2:57,33822
7/2/2023 3:07,33072
7/2/2023 3:17,32772
7/2/2023 3:27,33072
7/2/2023 3:37,32396
7/2/2023 3:47,32772
7/2/2023 3:57,33422
7/2/2023 4:07,32434
7/2/2023 4:17,33072
7/2/2023 4:27,31777
7/2/2023 4:37,31977
7/2/2023 4:47,31569
7/2/2023 4:57,32477
7/2/2023 5:07,30231
7/2/2023 5:17,26327
7/2/2023 5:27,30530
7/2/2023 5:37,27502
7/2/2023 5:47,30915
7/2/2023 5:57,32434
7/2/2023 6:07,32772
7/2/2023 6:18,32434
7/2/2023 6:28,32900
7/2/2023 6:38,32646
7/2/2023 6:48,31819
7/2/2023 6:58,32604
7/2/2023 7:08,29938
7/2/2023 7:18,32061
7/2/2023 7:28,31777
7/2/2023 7:38,32772
7/2/2023 7:48,32392
7/2/2023 7:58,31498
7/2/2023 8:08,32434
7/2/2023 8:18,26954
7/2/2023 8:28,32307
7/2/2023 8:38,30017
7/2/2023 8:48,29938
7/2/2023 8:58,28850
7/2/2023 9:08,31735
7/2/2023 9:18,28388
7/2/2023 9:28,25937
7/2/2023 9:38,31183
7/2/2023 9:48,31498
7/2/2023 9:58,32187
7/2/2023 10:08,32519
7/2/2023 10:18,30915
7/2/2023 10:28,32477
7/2/2023 10:38,32477
7/2/2023 10:48,32519
7/2/2023 10:58,32229
7/2/2023 11:08,26837
7/2/2023 11:18,32229
7/2/2023 11:28,33202
7/2/2023 11:38,33245
7/2/2023 11:48,35410
7/2/2023 11:58,33245
7/2/2023 12:08,34042
7/2/2023 12:18,33954
7/2/2023 12:28,28617
7/2/2023 12:38,34363
7/2/2023 12:48,33379
7/2/2023 12:58,33288
7/2/2023 13:08,31347
7/2/2023 13:18,33910
7/2/2023 13:28,35069
7/2/2023 13:38,34735
7/2/2023 13:48,33288
7/2/2023 13:58,32943
7/2/2023 14:08,34735
7/2/2023 14:29,35501
7/2/2023 14:39,35501
7/2/2023 14:49,33683
7/2/2023 14:59,35547
7/2/2023 15:09,31306
7/2/2023 15:19,30691
7/2/2023 15:29,35729
7/2/2023 15:39,34735
7/2/2023 15:49,36754
7/2/2023 15:59,32943
7/2/2023 16:09,36297
7/2/2023 16:19,29086
7/2/2023 16:29,29560
7/2/2023 16:39,32646
7/2/2023 16:49,36754
7/2/2023 16:59,35895
7/2/2023 17:09,36390
7/2/2023 17:19,35318
7/2/2023 17:29,35114
7/2/2023 17:39,36250
7/2/2023 17:49,35803
7/2/2023 17:59,34735
7/2/2023 18:09,35803
7/2/2023 18:19,35638
7/2/2023 18:29,36204
7/2/2023 18:39,37030
7/2/2023 18:49,27576
7/2/2023 18:59,36566
7/2/2023 19:09,36157
7/2/2023 19:19,31224
7/2/2023 19:29,31902
7/2/2023 19:39,35665
7/2/2023 19:49,35410
7/2/2023 19:59,36613
7/2/2023 20:09,30874
7/2/2023 20:19,35410
7/2/2023 20:29,32772
7/2/2023 20:39,33159
7/2/2023 20:49,31819
7/2/2023 20:59,34097
7/2/2023 21:09,33822
7/2/2023 21:19,34601
7/2/2023 21:29,34186
7/2/2023 21:39,30834
7/2/2023 21:49,34230
7/2/2023 21:59,34934
7/2/2023 22:09,32103
7/2/2023 22:19,33072
7/2/2023 22:29,33248
7/2/2023 22:39,33779
7/2/2023 22:49,31457
7/2/2023 23:00,33603
7/2/2023 23:10,35273
7/2/2023 23:20,34230
7/2/2023 23:30,34843
7/2/2023 23:40,29610
7/2/2023 23:50,33466
7/3/2023 0:00,33159
7/3/2023 0:10,32986
7/3/2023 0:20,31333
7/3/2023 0:30,31020
7/3/2023 0:40,28238
7/3/2023 0:50,33422
7/3/2023 1:00,32772
7/3/2023 1:10,34186
7/3/2023 1:20,32772
7/3/2023 1:30,33779
7/3/2023 1:40,33866
7/3/2023 1:50,32646
7/3/2023 2:00,33116
7/3/2023 2:10,33422
7/3/2023 2:20,34097
7/3/2023 2:30,29649
7/3/2023 2:40,33422
7/3/2023 2:50,33116
7/3/2023 3:00,33422
7/3/2023 3:10,29649
7/3/2023 3:20,30490
7/3/2023 3:30,33379
7/3/2023 3:40,31102
7/3/2023 3:50,32103
7/3/2023 4:00,31375
7/3/2023 4:10,31143
7/3/2023 4:20,32434
7/3/2023 4:30,31416
7/3/2023 4:40,30271
7/3/2023 4:50,33072
7/3/2023 5:00,32772
7/3/2023 5:10,30450
7/3/2023 5:20,29288
7/3/2023 5:30,32729
7/3/2023 5:40,32392
7/3/2023 5:50,31416
7/3/2023 6:00,32515
7/3/2023 6:10,32729
7/3/2023 6:20,31694
7/3/2023 6:30,29288
7/3/2023 6:40,33072
7/3/2023 6:50,32061
7/3/2023 7:00,32392
7/3/2023 7:10,32103
7/3/2023 7:20,32857
7/3/2023 7:31,26221
7/3/2023 7:41,31902
7/3/2023 7:51,27902
7/3/2023 8:01,32392
7/3/2023 8:11,28811
7/3/2023 8:21,30017
7/3/2023 8:31,32061
7/3/2023 8:41,31819
7/3/2023 8:51,27793
7/3/2023 9:01,26491
7/3/2023 9:11,31183
7/3/2023 9:21,27502
7/3/2023 9:31,32145
7/3/2023 9:41,31183
7/3/2023 9:51,29977
7/3/2023 10:01,28051
7/3/2023 10:11,27429
7/3/2023 10:21,31860
7/3/2023 10:31,31498
7/3/2023 10:41,28088
7/3/2023 10:51,31183
7/3/2023 11:01,29404
7/3/2023 11:11,33116
7/3/2023 11:21,33509
7/3/2023 11:31,34230
7/3/2023 11:41,33910
7/3/2023 11:51,29394
7/3/2023 12:01,34979
7/3/2023 12:11,32857
7/3/2023 12:21,29482
7/3/2023 12:31,33640
7/3/2023 12:41,35024
7/3/2023 12:51,36111
7/3/2023 13:01,31457
7/3/2023 13:11,34646
7/3/2023 13:21,36566
7/3/2023 13:31,35410
7/3/2023 13:41,29521
7/3/2023 13:51,32477
7/3/2023 14:01,30610
7/3/2023 14:11,35318
7/3/2023 14:21,30610
7/3/2023 14:31,32985
7/3/2023 14:41,36250
7/3/2023 14:51,28655
7/3/2023 15:01,35849
7/3/2023 15:11,29443
7/3/2023 15:21,35849
7/3/2023 15:31,35803
7/3/2023 15:41,35410
7/3/2023 15:52,36204
7/3/2023 16:02,36983
7/3/2023 16:12,31819
7/3/2023 16:22,36983
7/3/2023 16:32,36157
7/3/2023 16:42,36157
7/3/2023 16:52,31388
7/3/2023 17:02,35547
7/3/2023 17:12,30017
7/3/2023 17:22,34646
7/3/2023 17:32,36204
7/3/2023 17:42,34275
7/3/2023 17:52,29728
7/3/2023 18:02,32187
7/3/2023 18:12,35803
7/3/2023 18:22,33822
7/3/2023 18:32,36472
7/3/2023 18:42,29767
7/3/2023 18:52,35410
7/3/2023 19:02,33735
7/3/2023 19:12,27756
7/3/2023 19:22,35711
7/3/2023 19:32,34601
7/3/2023 19:42,34275
7/3/2023 19:52,34934
7/3/2023 20:02,33466
7/3/2023 20:12,35364
7/3/2023 20:22,35069
7/3/2023 20:32,34888
7/3/2023 20:42,35364
7/3/2023 20:52,35711
7/3/2023 21:02,34186
7/3/2023 21:12,30530
7/3/2023 21:22,35665
7/3/2023 21:32,35318
7/3/2023 21:42,33116
7/3/2023 21:52,35318
7/3/2023 22:02,36111
7/3/2023 22:12,31860
7/3/2023 22:22,34186
7/3/2023 22:32,32561
7/3/2023 22:42,34186
7/3/2023 22:52,34888
7/3/2023 23:02,35318
7/3/2023 23:12,33866
7/3/2023 23:22,30874
7/3/2023 23:32,33509
7/3/2023 23:42,33866
7/3/2023 23:52,33910
7/4/2023 0:02,33509
7/4/2023 0:13,33640
7/4/2023 0:23,33553
7/4/2023 0:33,31943
7/4/2023 0:43,34186
7/4/2023 0:53,30915
7/4/2023 1:03,31819
7/4/2023 1:13,32857
7/4/2023 1:23,31539
7/4/2023 1:33,33159
7/4/2023 1:43,32434
7/4/2023 1:53,32772
7/4/2023 2:03,30570
7/4/2023 2:13,34230
7/4/2023 2:23,33553
7/4/2023 2:33,32729
7/4/2023 2:43,33509
7/4/2023 2:53,32434
7/4/2023 3:03,32434
7/4/2023 3:13,33331
7/4/2023 3:23,32857
7/4/2023 3:33,32103
7/4/2023 3:43,30311
7/4/2023 3:53,33466
7/4/2023 4:03,31819
7/4/2023 4:13,31539
7/4/2023 4:23,31819
7/4/2023 4:33,30570
7/4/2023 4:43,33866
7/4/2023 4:53,29125
7/4/2023 5:03,27793
7/4/2023 5:13,32815
7/4/2023 5:23,27477
7/4/2023 5:33,32434
7/4/2023 5:43,32434
7/4/2023 5:53,30530
7/4/2023 6:03,30271
7/4/2023 6:13,31457
7/4/2023 6:23,31860
7/4/2023 6:33,30311
7/4/2023 6:43,33159
7/4/2023 6:53,32772
7/4/2023 7:03,31819
7/4/2023 7:13,32434
7/4/2023 7:23,33116
7/4/2023 7:33,29938
7/4/2023 7:43,27539
7/4/2023 7:53,32561
7/4/2023 8:03,32644
7/4/2023 8:13,32900
7/4/2023 8:23,28013
7/4/2023 8:33,32061
7/4/2023 8:44,28617
7/4/2023 8:54,29404
7/4/2023 9:04,32477
7/4/2023 9:14,27830
7/4/2023 9:24,31416
7/4/2023 9:34,30311
7/4/2023 9:44,33866
7/4/2023 9:54,32857
7/4/2023 10:04,28655
7/4/2023 10:14,33954
7/4/2023 10:24,31306
7/4/2023 10:34,28349
7/4/2023 10:44,34319
7/4/2023 10:54,34319
7/4/2023 11:04,32857
7/4/2023 11:14,32604
7/4/2023 11:24,34690
7/4/2023 11:34,32857
7/4/2023 11:44,34690
7/4/2023 11:54,33910
7/4/2023 12:04,35849
7/4/2023 12:14,36660
7/4/2023 12:24,30096
7/4/2023 12:34,34363
7/4/2023 12:44,34452
7/4/2023 12:54,36613
7/4/2023 13:04,36297
7/4/2023 13:14,35895
7/4/2023 13:24,36660
7/4/2023 13:34,31333
7/4/2023 13:44,35941
7/4/2023 13:54,30096
7/4/2023 14:04,37078
7/4/2023 14:14,36660
7/4/2023 14:24,37173
7/4/2023 14:34,37173
7/4/2023 14:44,36204
7/4/2023 14:54,37125
7/4/2023 15:04,36707
7/4/2023 15:14,38432
7/4/2023 15:24,31388
7/4/2023 15:34,37078
7/4/2023 15:44,36125
7/4/2023 15:54,31704
7/4/2023 16:04,35895
7/4/2023 16:14,31347
7/4/2023 16:24,38036
7/4/2023 16:34,34408
7/4/2023 16:44,31306
7/4/2023 16:54,36754
7/4/2023 17:05,37125
7/4/2023 17:15,37552
7/4/2023 17:25,37552
7/4/2023 17:35,33954
7/4/2023 17:45,31860
7/4/2023 17:55,37939
7/4/2023 18:05,30431
7/4/2023 18:15,36660
7/4/2023 18:25,37456
7/4/2023 18:35,36613
7/4/2023 18:45,37408
7/4/2023 18:55,37030
7/4/2023 19:05,31265
7/4/2023 19:15,37030
7/4/2023 19:25,36111
7/4/2023 19:35,36613
7/4/2023 19:45,35803
7/4/2023 19:55,37030
7/4/2023 20:05,30650
7/4/2023 20:15,36204
7/4/2023 20:25,36378
7/4/2023 20:35,36204
7/4/2023 20:45,36204
7/4/2023 20:55,34979
7/4/2023 21:05,36888
7/4/2023 21:15,34186
7/4/2023 21:25,33822
7/4/2023 21:35,34690
7/4/2023 21:45,31457
7/4/2023 21:55,35364
7/4/2023 22:05,34601
7/4/2023 22:15,34979
7/4/2023 22:25,32434
7/4/2023 22:35,34275
7/4/2023 22:45,34511
7/4/2023 22:55,36566
7/4/2023 23:05,32434
7/4/2023 23:15,33072
7/4/2023 23:25,35757
7/4/2023 23:35,32477
7/4/2023 23:45,31183
7/4/2023 23:55,34142
7/5/2023 0:05,34230
7/5/2023 0:15,34097
7/5/2023 0:25,34979
7/5/2023 0:35,34142
7/5/2023 0:45,33998
7/5/2023 0:55,34467
7/5/2023 1:05,33509
7/5/2023 1:15,32103
7/5/2023 1:26,31498
7/5/2023 1:36,34646
7/5/2023 1:46,33910
7/5/2023 1:56,32857
7/5/2023 2:06,35364
7/5/2023 2:16,34230
7/5/2023 2:26,34690
7/5/2023 2:36,32857
7/5/2023 2:46,31777
7/5/2023 2:56,33202
7/5/2023 3:06,33116
7/5/2023 3:16,34601
7/5/2023 3:26,31539
7/5/2023 3:36,33422
7/5/2023 3:46,32187
7/5/2023 3:56,33245
7/5/2023 4:06,34306
7/5/2023 4:16,33910
7/5/2023 4:26,34230
7/5/2023 4:36,32815
7/5/2023 4:46,32857
7/5/2023 4:56,33509
7/5/2023 5:06,33509
7/5/2023 5:16,31224
7/5/2023 5:26,33116
7/5/2023 5:36,28655
7/5/2023 5:46,31183
7/5/2023 5:56,33779
7/5/2023 6:06,31183
7/5/2023 6:16,34275
7/5/2023 6:26,32103
7/5/2023 6:36,34601
7/5/2023 6:46,27539
7/5/2023 6:56,33866
7/5/2023 7:06,34230
7/5/2023 7:16,33822
7/5/2023 7:26,32434
7/5/2023 7:36,34467
7/5/2023 7:46,30834
7/5/2023 7:56,33509
7/5/2023 8:06,33509
7/5/2023 8:16,33466
7/5/2023 8:26,33466
7/5/2023 8:36,33116
7/5/2023 8:46,31143
7/5/2023 8:56,31539
7/5/2023 9:06,29326
7/5/2023 9:16,29977
7/5/2023 9:26,31457
7/5/2023 9:36,28850
7/5/2023 9:46,30610
7/5/2023 9:57,37030
7/5/2023 10:07,34735
7/5/2023 10:17,34690
7/5/2023 10:27,33202
7/5/2023 10:37,35069
7/5/2023 10:47,30955
7/5/2023 10:57,35024
7/5/2023 11:07,30096
7/5/2023 11:17,32561
7/5/2023 11:27,31224
7/5/2023 11:37,37078
7/5/2023 11:47,30650
7/5/2023 11:57,35849
7/5/2023 12:07,35803
7/5/2023 12:17,37030
7/5/2023 12:27,35114
7/5/2023 12:37,36983
7/5/2023 12:47,37173
7/5/2023 12:57,33954
7/5/2023 13:07,37552
7/5/2023 13:17,37744
7/5/2023 13:27,31622
7/5/2023 13:37,37456
7/5/2023 13:47,36754
7/5/2023 13:57,32271
7/5/2023 14:07,34780
7/5/2023 14:17,33374
7/5/2023 14:27,36660
7/5/2023 14:37,37648
7/5/2023 14:47,37600
7/5/2023 14:57,39300
7/5/2023 15:07,38036
7/5/2023 15:17,37988
7/5/2023 15:27,37220
7/5/2023 15:37,38481
7/5/2023 15:47,37173
7/5/2023 15:57,37173
7/5/2023 16:07,38837
7/5/2023 16:17,36707
7/5/2023 16:27,38334
7/5/2023 16:37,37552
7/5/2023 16:47,37125
7/5/2023 16:57,34690
7/5/2023 17:07,37552
7/5/2023 17:17,37988
7/5/2023 17:27,37173
7/5/2023 17:37,37939
7/5/2023 17:47,37552
7/5/2023 17:57,38432
7/5/2023 18:07,37939
7/5/2023 18:18,37939
7/5/2023 18:28,37891
7/5/2023 18:38,37030
7/5/2023 18:48,37083
7/5/2023 18:58,36566
7/5/2023 19:08,36983
7/5/2023 19:18,36888
7/5/2023 19:28,36935
7/5/2023 19:38,36983
7/5/2023 19:48,35803
7/5/2023 19:58,37078
7/5/2023 20:08,36566
7/5/2023 20:18,37030
7/5/2023 20:28,36613
7/5/2023 20:38,33910
7/5/2023 20:48,36250
7/5/2023 20:58,34646
7/5/2023 21:08,34888
7/5/2023 21:18,34690
7/5/2023 21:28,36204
7/5/2023 21:38,33202
7/5/2023 21:48,35364
7/5/2023 21:58,36983
7/5/2023 22:08,35024
7/5/2023 22:18,35757
7/5/2023 22:28,35024
7/5/2023 22:38,35803
7/5/2023 22:48,35803
7/5/2023 22:58,34601
7/5/2023 23:08,33159
7/5/2023 23:18,34556
7/5/2023 23:28,30874
7/5/2023 23:38,35024
7/5/2023 23:48,31306
7/5/2023 23:58,35024
7/6/2023 0:08,35318
7/6/2023 0:18,31539
7/6/2023 0:28,34601
7/6/2023 0:38,34979
7/6/2023 0:48,34230
7/6/2023 0:58,34467
7/6/2023 1:08,32229
7/6/2023 1:18,30570
7/6/2023 1:28,31622
7/6/2023 1:38,33553
7/6/2023 1:48,31860
7/6/2023 1:58,32187
7/6/2023 2:08,32815
7/6/2023 2:18,31077
7/6/2023 2:28,33998
7/6/2023 2:38,34646
7/6/2023 2:49,33202
7/6/2023 2:59,33910
7/6/2023 3:09,35024
7/6/2023 3:19,30650
7/6/2023 3:29,34556
7/6/2023 3:39,34275
7/6/2023 3:49,31539
7/6/2023 3:59,33029
7/6/2023 4:09,35024
7/6/2023 4:19,33159
7/6/2023 4:29,33910
7/6/2023 4:39,31860
7/6/2023 4:49,32815
7/6/2023 4:59,29163
7/6/2023 5:09,33072
7/6/2023 5:19,34275
7/6/2023 5:29,33553
7/6/2023 5:39,32145
7/6/2023 5:49,33910
7/6/2023 5:59,31498
7/6/2023 6:09,32943
7/6/2023 6:19,33159
7/6/2023 6:29,33866
7/6/2023 6:39,31183
7/6/2023 6:49,32857
7/6/2023 6:59,32350
7/6/2023 7:09,31498
7/6/2023 7:19,32857
7/6/2023 7:29,32985
7/6/2023 7:39,33553
7/6/2023 7:49,32519
7/6/2023 7:59,33553
7/6/2023 8:09,31224
7/6/2023 8:19,27904
7/6/2023 8:29,32561
7/6/2023 8:39,34275
7/6/2023 8:49,33866
7/6/2023 8:59,33245
7/6/2023 9:09,30955
7/6/2023 9:19,33245
7/6/2023 9:29,33866
7/6/2023 9:39,33954
7/6/2023 9:49,32900
7/6/2023 9:59,32561
7/6/2023 10:09,29125
7/6/2023 10:19,33640
7/6/2023 10:29,33683
7/6/2023 10:39,34979
7/6/2023 10:49,35069
7/6/2023 10:59,34735
7/6/2023 11:09,33910
7/6/2023 11:20,36297
7/6/2023 11:30,33998
7/6/2023 11:40,36250
7/6/2023 11:50,35803
7/6/2023 12:00,34042
7/6/2023 12:10,36762
7/6/2023 12:20,36250
7/6/2023 12:30,36204
7/6/2023 12:40,37600
7/6/2023 12:50,37552
7/6/2023 13:00,33840
7/6/2023 13:10,37552
7/6/2023 13:20,38481
7/6/2023 13:30,37600
7/6/2023 13:40,37988
7/6/2023 13:50,35205
7/6/2023 14:00,37988
7/6/2023 14:10,38133
7/6/2023 14:20,36707
7/6/2023 14:30,38481
7/6/2023 14:40,37648
7/6/2023 14:50,38481
7/6/2023 15:00,37173
7/6/2023 15:10,38936
7/6/2023 15:20,39450
7/6/2023 15:30,32729
7/6/2023 15:40,38334
7/6/2023 15:50,35757
7/6/2023 16:00,37078
7/6/2023 16:10,37030
7/6/2023 16:20,39200
7/6/2023 16:30,38787
7/6/2023 16:40,38738
7/6/2023 16:50,35364
7/6/2023 17:00,34601
7/6/2023 17:10,37030
7/6/2023 17:20,35455
7/6/2023 17:30,37360
7/6/2023 17:40,37504
7/6/2023 17:50,36566
7/6/2023 18:00,35410
7/6/2023 18:10,34646
7/6/2023 18:20,38787
7/6/2023 18:30,38188
7/6/2023 18:40,34646
7/6/2023 18:50,32561
7/6/2023 19:00,37842
7/6/2023 19:10,36817
7/6/2023 19:20,33202
7/6/2023 19:30,31143
7/6/2023 19:41,36840
7/6/2023 19:51,37840
7/6/2023 20:01,36983
7/6/2023 20:11,33509
7/6/2023 20:21,35024
7/6/2023 20:31,37891
7/6/2023 20:41,33509
7/6/2023 20:51,33202
7/6/2023 21:01,32187
7/6/2023 21:11,34601
7/6/2023 21:21,33998
7/6/2023 21:31,38285
7/6/2023 21:41,35364
7/6/2023 21:51,36157
7/6/2023 22:01,36566
7/6/2023 22:11,33202
7/6/2023 22:21,36157
7/6/2023 22:31,34934
7/6/2023 22:41,35757
7/6/2023 22:51,36331
7/6/2023 23:01,34979
7/6/2023 23:11,32644
7/6/2023 23:21,36566
7/6/2023 23:31,33822
7/6/2023 23:41,36566
7/6/2023 23:51,34979
7/7/2023 0:01,33466
7/7/2023 0:11,35318
7/7/2023 0:21,35757
7/7/2023 0:31,33866
7/7/2023 0:41,34601
7/7/2023 0:51,36983
7/7/2023 1:01,34601
7/7/2023 1:11,35757
7/7/2023 1:21,33159
7/7/2023 1:31,36983
7/7/2023 1:41,35024
7/7/2023 1:51,36888
7/7/2023 2:01,35410
7/7/2023 2:11,34230
7/7/2023 2:21,36157
7/7/2023 2:31,35205
7/7/2023 2:41,34934
7/7/2023 2:51,35024
7/7/2023 3:01,34230
7/7/2023 3:11,33779
7/7/2023 3:21,34142
7/7/2023 3:31,34319
7/7/2023 3:41,34979
7/7/2023 3:51,33866
7/7/2023 4:02,33910
7/7/2023 4:12,35410
7/7/2023 4:22,32772
7/7/2023 4:32,33647
7/7/2023 4:42,32027
7/7/2023 4:52,34601
7/7/2023 5:02,32434
7/7/2023 5:12,34556
7/7/2023 5:22,33866
7/7/2023 5:32,35318
7/7/2023 5:42,30915
7/7/2023 5:52,32187
7/7/2023 6:02,34979
7/7/2023 6:12,32815
7/7/2023 6:22,34422
7/7/2023 6:32,34979
7/7/2023 6:42,29898
7/7/2023 6:52,31061
7/7/2023 7:02,30271
7/7/2023 7:12,34979
7/7/2023 7:22,34230
7/7/2023 7:32,29443
7/7/2023 7:42,34601
7/7/2023 7:52,31539
7/7/2023 8:02,32477
7/7/2023 8:12,33466
7/7/2023 8:22,35024
7/7/2023 8:32,31860
7/7/2023 8:42,30017
7/7/2023 8:52,29443
7/7/2023 9:02,34556
7/7/2023 9:12,34646
7/7/2023 9:22,35803
7/7/2023 9:32,35410
7/7/2023 9:42,35364
7/7/2023 9:52,34735
7/7/2023 10:02,32477
7/7/2023 10:12,32229
7/7/2023 10:22,34275
7/7/2023 10:32,33553
7/7/2023 10:42,33202
7/7/2023 10:52,36204
7/7/2023 11:02,35849
7/7/2023 11:12,33910
7/7/2023 11:22,32943
7/7/2023 11:32,33288
7/7/2023 11:42,37939
7/7/2023 11:52,31943
7/7/2023 12:02,30996
7/7/2023 12:12,32900
7/7/2023 12:23,35114
7/7/2023 12:33,38383
7/7/2023 12:43,37078
7/7/2023 12:53,37125
7/7/2023 13:03,35895
7/7/2023 13:13,38530
7/7/2023 13:23,38236
7/7/2023 13:33,38985
7/7/2023 13:43,38432
7/7/2023 13:53,36297
7/7/2023 14:03,38886
7/7/2023 14:13,37173
7/7/2023 14:23,38837
7/7/2023 14:33,38837
7/7/2023 14:43,33202
7/7/2023 14:53,38837
7/7/2023 15:03,40052
7/7/2023 15:13,39824
7/7/2023 15:23,33998
7/7/2023 15:33,38383
7/7/2023 15:43,39773
7/7/2023 15:53,39773
7/7/2023 16:03,36983
7/7/2023 16:13,35455
7/7/2023 16:23,39250
7/7/2023 16:33,32857
7/7/2023 16:43,36250
7/7/2023 16:53,38837
7/7/2023 17:03,38837
7/7/2023 17:13,33866
7/7/2023 17:23,31985
7/7/2023 17:33,39300
7/7/2023 17:43,33245
7/7/2023 17:53,37939
7/7/2023 18:03,37456
7/7/2023 18:13,33640
7/7/2023 18:23,35895
7/7/2023 18:33,35895
7/7/2023 18:43,38383
7/7/2023 18:53,38432
7/7/2023 19:03,37939
7/7/2023 19:13,36613
7/7/2023 19:23,33245
7/7/2023 19:33,38334
7/7/2023 19:43,38837
7/7/2023 19:53,37408
7/7/2023 20:03,32815
7/7/2023 20:13,37891
7/7/2023 20:23,39300
7/7/2023 20:33,37504
7/7/2023 20:44,37891
7/7/2023 20:54,38334
7/7/2023 21:04,35849
7/7/2023 21:14,38383
7/7/2023 21:24,36935
7/7/2023 21:34,33159
7/7/2023 21:44,34319
7/7/2023 21:54,33596
7/7/2023 22:04,37891
7/7/2023 22:14,35364
7/7/2023 22:24,35410
7/7/2023 22:34,37408
7/7/2023 22:44,36669
7/7/2023 22:54,35364
7/7/2023 23:04,37030
7/7/2023 23:14,35364
7/7/2023 23:24,36566
7/7/2023 23:34,33866
7/7/2023 23:44,35364
7/7/2023 23:54,33866
7/8/2023 0:04,37840
7/8/2023 0:14,33553
7/8/2023 0:24,33553
7/8/2023 0:34,33553
7/8/2023 0:44,31860
7/8/2023 0:54,36935
7/8/2023 1:04,36566
7/8/2023 1:14,31498
7/8/2023 1:24,33910
7/8/2023 1:34,34275
7/8/2023 1:44,35455
7/8/2023 1:54,36204
7/8/2023 2:04,33822
7/8/2023 2:14,36297
7/8/2023 2:24,35410
7/8/2023 2:34,32857
7/8/2023 2:44,35803
7/8/2023 2:54,36250
7/8/2023 3:04,35410
7/8/2023 3:14,33159
7/8/2023 3:24,34230
7/8/2023 3:34,34186
7/8/2023 3:44,35711
7/8/2023 3:54,32815
7/8/2023 4:04,34230
7/8/2023 4:14,32900
7/8/2023 4:24,31902
7/8/2023 4:34,35364
7/8/2023 4:44,35410
7/8/2023 4:54,32396
7/8/2023 5:04,35803
7/8/2023 5:15,35757
7/8/2023 5:25,33866
7/8/2023 5:35,34230
7/8/2023 5:45,33866
7/8/2023 5:55,31265
7/8/2023 6:05,33202
7/8/2023 6:15,34979
7/8/2023 6:25,34601
7/8/2023 6:35,33910
7/8/2023 6:45,35364
7/8/2023 6:55,33822
7/8/2023 7:05,34979
7/8/2023 7:15,28850
7/8/2023 7:25,35364
7/8/2023 7:35,34934
7/8/2023 7:45,33910
7/8/2023 7:55,35364
7/8/2023 8:05,34601
7/8/2023 8:15,33866
7/8/2023 8:25,36983
7/8/2023 8:35,35410
7/8/2023 8:45,29443
7/8/2023 8:55,30915
7/8/2023 9:05,34979
7/8/2023 9:15,35410
7/8/2023 9:25,31539
7/8/2023 9:35,35849
7/8/2023 9:45,35024
7/8/2023 9:55,35455
7/8/2023 10:05,33331
7/8/2023 10:15,35410
7/8/2023 10:25,36472
7/8/2023 10:35,37078
7/8/2023 10:45,34319
7/8/2023 10:55,33553
7/8/2023 11:05,29767
7/8/2023 11:15,32900
7/8/2023 11:25,33998
7/8/2023 11:35,33910
7/8/2023 11:45,37504
7/8/2023 11:55,33727
7/8/2023 12:05,37939
7/8/2023 12:15,38886
7/8/2023 12:25,37125
7/8/2023 12:35,37078
7/8/2023 12:45,37988
7/8/2023 12:55,34408
7/8/2023 13:05,37173
7/8/2023 13:15,37891
7/8/2023 13:25,36660
7/8/2023 13:35,38481
7/8/2023 13:46,38837
7/8/2023 13:56,37988
7/8/2023 14:06,40076
7/8/2023 14:16,39400
7/8/2023 14:26,38085
7/8/2023 14:36,35987
7/8/2023 14:46,37552
7/8/2023 14:56,38886
7/8/2023 15:06,39300
7/8/2023 15:16,32313
7/8/2023 15:26,34780
7/8/2023 15:36,39350
7/8/2023 15:46,39400
7/8/2023 15:56,40854
7/8/2023 16:06,39400
7/8/2023 16:16,33596
7/8/2023 16:26,39350
7/8/2023 16:36,35160
7/8/2023 16:46,39723
7/8/2023 16:56,39874
7/8/2023 17:06,38936
7/8/2023 17:16,39400
7/8/2023 17:26,34452
7/8/2023 17:36,41878
7/8/2023 17:46,38936
7/8/2023 17:56,39100
7/8/2023 18:06,39824
7/8/2023 18:16,38432
7/8/2023 18:26,34042
7/8/2023 18:36,39874
7/8/2023 18:46,37078
7/8/2023 18:56,39300
7/8/2023 19:06,38886
7/8/2023 19:16,40359
7/8/2023 19:26,38837
7/8/2023 19:36,38837
7/8/2023 19:46,39350
7/8/2023 19:56,40257
7/8/2023 20:06,38432
7/8/2023 20:16,39773
7/8/2023 20:26,40308
7/8/2023 20:36,36613
7/8/2023 20:46,34979
7/8/2023 20:56,39300
7/8/2023 21:06,35849
7/8/2023 21:16,36250
7/8/2023 21:26,39672
7/8/2023 21:36,38334
7/8/2023 21:46,39250
7/8/2023 21:56,38787
7/8/2023 22:07,37408
7/8/2023 22:17,37504
7/8/2023 22:27,40751
7/8/2023 22:37,35803
7/8/2023 22:47,38334
7/8/2023 22:57,38285
7/8/2023 23:07,36566
7/8/2023 23:17,37456
7/8/2023 23:27,35024
7/8/2023 23:37,35364
7/8/2023 23:47,37264
7/8/2023 23:57,35024
7/9/2023 0:07,39250
7/9/2023 0:17,37408
7/9/2023 0:27,38327
7/9/2023 0:37,36157
7/9/2023 0:47,34230
7/9/2023 0:57,36983
7/9/2023 1:07,36983
7/9/2023 1:17,33910
7/9/2023 1:27,38334
7/9/2023 1:37,37842
7/9/2023 1:47,39723
7/9/2023 1:57,34230
7/9/2023 2:07,36425
7/9/2023 2:17,36566
7/9/2023 2:27,37030
7/9/2023 2:37,34979
7/9/2023 2:47,38334
7/9/2023 2:57,36157
7/9/2023 3:07,38383
7/9/2023 3:17,37030
7/9/2023 3:27,37842
7/9/2023 3:37,33910
7/9/2023 3:47,34319
7/9/2023 3:57,35803
7/9/2023 4:07,37456
7/9/2023 4:17,33866
7/9/2023 4:27,33553
7/9/2023 4:37,38334
7/9/2023 4:47,35895
7/9/2023 4:57,34467
7/9/2023 5:07,34275
7/9/2023 5:17,36613
7/9/2023 5:27,35410
7/9/2023 5:37,34646
7/9/2023 5:47,36566
7/9/2023 5:57,36745
7/9/2023 6:07,37456
7/9/2023 6:17,35803
7/9/2023 6:27,36566
7/9/2023 6:38,36566
7/9/2023 6:48,32519
7/9/2023 6:58,36935
7/9/2023 7:08,37456
7/9/2023 7:18,36566
7/9/2023 7:28,36425
7/9/2023 7:38,37408
7/9/2023 7:48,36613
7/9/2023 7:58,35024
7/9/2023 8:08,35803
7/9/2023 8:18,36660
7/9/2023 8:28,36613
7/9/2023 8:38,37456
7/9/2023 8:48,37456
7/9/2023 8:58,36660
7/9/2023 9:08,36660
7/9/2023 9:18,35757
7/9/2023 9:28,37504
7/9/2023 9:38,37456
7/9/2023 9:48,37939
7/9/2023 9:58,45075
7/9/2023 10:08,37552
7/9/2023 10:18,38188
7/9/2023 10:28,38432
7/9/2023 10:38,33910
7/9/2023 10:48,36660
7/9/2023 10:58,37078
7/9/2023 11:08,38432
7/9/2023 11:18,40802
7/9/2023 11:28,39450
7/9/2023 11:38,40802
7/9/2023 11:48,40802
7/9/2023 11:58,40308
7/9/2023 12:08,40905
7/9/2023 12:18,40802
7/9/2023 12:28,39874
7/9/2023 12:38,34452
7/9/2023 12:48,39450
7/9/2023 12:58,41772
7/9/2023 13:08,40359
7/9/2023 13:18,38886
7/9/2023 13:28,40854
7/9/2023 13:38,40854
7/9/2023 13:48,40854
7/9/2023 13:58,35205
7/9/2023 14:08,41878
7/9/2023 14:18,41825
7/9/2023 14:28,36437
7/9/2023 14:38,40359
7/9/2023 14:48,41267
7/9/2023 14:59,32604
7/9/2023 15:09,41930
7/9/2023 15:19,41930
7/9/2023 15:29,37648
7/9/2023 15:39,40228
7/9/2023 15:49,41878
7/9/2023 15:59,42678
7/9/2023 16:09,35987
7/9/2023 16:19,41360
7/9/2023 16:29,39600
7/9/2023 16:39,43056
7/9/2023 16:49,43502
7/9/2023 16:59,41464
7/9/2023 17:09,35987
7/9/2023 17:19,42460
7/9/2023 17:29,38481
7/9/2023 17:39,41930
7/9/2023 17:49,40359
7/9/2023 17:59,36848
7/9/2023 18:09,43002
7/9/2023 18:19,41825
7/9/2023 18:29,41151
7/9/2023 18:39,35114
7/9/2023 18:49,42460
7/9/2023 18:59,42353
7/9/2023 19:09,41878
7/9/2023 19:19,41878
7/9/2023 19:29,41412
7/9/2023 19:39,36754
7/9/2023 19:49,38936
7/9/2023 19:59,41203
7/9/2023 20:09,38530
7/9/2023 20:19,41360
7/9/2023 20:29,41878
7/9/2023 20:39,42300
7/9/2023 20:49,41878
7/9/2023 20:59,40854
7/9/2023 21:09,40905
7/9/2023 21:19,40905
7/9/2023 21:29,41308
7/9/2023 21:39,40308
7/9/2023 21:49,40854
7/9/2023 21:59,37696
7/9/2023 22:09,39400
7/9/2023 22:19,40359
7/9/2023 22:29,40802
7/9/2023 22:39,35941
7/9/2023 22:49,35941
7/9/2023 22:59,40751
7/9/2023 23:09,40957
7/9/2023 23:20,39874
7/9/2023 23:30,38432
7/9/2023 23:40,37988
7/9/2023 23:50,39773
7/10/2023 0:00,39300
7/10/2023 0:10,38432
7/10/2023 0:20,40359
7/10/2023 0:30,42353
7/10/2023 0:40,39600
7/10/2023 0:50,35364
7/10/2023 1:00,34735
7/10/2023 1:10,39350
7/10/2023 1:20,39350
7/10/2023 1:30,40308
7/10/2023 1:40,39300
7/10/2023 1:50,40257
7/10/2023 2:00,38837
7/10/2023 2:10,38837
7/10/2023 2:20,38432
7/10/2023 2:30,39723
7/10/2023 2:40,39500
7/10/2023 2:50,40802
7/10/2023 3:00,38886
7/10/2023 3:10,38886
7/10/2023 3:20,39200
7/10/2023 3:30,38985
7/10/2023 3:40,36297
7/10/2023 3:50,35114
7/10/2023 4:00,38383
7/10/2023 4:10,38837
7/10/2023 4:20,37125
7/10/2023 4:30,40647
7/10/2023 4:40,37939
7/10/2023 4:50,35455
7/10/2023 5:00,33288
7/10/2023 5:10,40308
7/10/2023 5:20,32900
7/10/2023 5:30,39350
7/10/2023 5:40,39824
7/10/2023 5:50,38285
7/10/2023 6:00,39773
7/10/2023 6:10,39874
7/10/2023 6:20,39300
7/10/2023 6:30,38886
7/10/2023 6:40,35895
7/10/2023 6:50,33245
7/10/2023 7:00,39300
7/10/2023 7:10,39300
7/10/2023 7:20,37988
7/10/2023 7:30,35849
7/10/2023 7:41,39773
7/10/2023 7:51,39773
7/10/2023 8:01,38383
7/10/2023 8:11,37988
7/10/2023 8:21,36250
7/10/2023 8:31,39773
7/10/2023 8:41,39723
7/10/2023 8:51,35069
7/10/2023 9:01,34319
7/10/2023 9:11,40802
7/10/2023 9:21,38886
7/10/2023 9:31,38432
7/10/2023 9:41,40257
7/10/2023 9:51,40512
7/10/2023 10:01,38886
7/10/2023 10:11,41360
7/10/2023 10:21,35069
7/10/2023 10:31,41308
7/10/2023 10:41,42948
7/10/2023 10:51,44014
7/10/2023 11:01,34780
7/10/2023 11:11,42948
7/10/2023 11:21,41360
7/10/2023 11:31,41878
7/10/2023 11:41,40751
7/10/2023 11:51,42948
7/10/2023 12:01,43502
7/10/2023 12:11,39874
7/10/2023 12:21,42460
7/10/2023 12:31,42407
7/10/2023 12:41,43502
7/10/2023 12:51,44762
7/10/2023 13:01,43959
7/10/2023 13:11,40751
7/10/2023 13:21,39874
7/10/2023 13:31,40854
7/10/2023 13:41,42948
7/10/2023 13:51,44706
7/10/2023 14:01,44706
7/10/2023 14:11,41412
7/10/2023 14:21,44706
7/10/2023 14:31,45188
7/10/2023 14:41,44125
7/10/2023 14:51,42460
7/10/2023 15:01,43002
7/10/2023 15:11,43056
7/10/2023 15:21,36801
7/10/2023 15:31,43557
7/10/2023 15:41,41308
7/10/2023 15:51,45968
7/10/2023 16:02,38133
7/10/2023 16:12,42460
7/10/2023 16:22,42894
7/10/2023 16:32,45358
7/10/2023 16:42,39975
7/10/2023 16:52,43502
7/10/2023 17:02,40410
7/10/2023 17:12,43502
7/10/2023 17:22,44762
7/10/2023 17:32,39450
7/10/2023 17:42,44069
7/10/2023 17:52,40854
7/10/2023 18:02,44069
7/10/2023 18:12,36390
7/10/2023 18:22,44014
7/10/2023 18:32,44706
7/10/2023 18:42,44069
7/10/2023 18:52,44594
7/10/2023 19:02,39400
7/10/2023 19:12,43393
7/10/2023 19:22,37173
7/10/2023 19:32,44594
7/10/2023 19:42,42948
7/10/2023 19:52,42948
7/10/2023 20:02,44594
7/10/2023 20:12,41412
7/10/2023 20:22,39824
7/10/2023 20:32,42353
7/10/2023 20:42,44014
7/10/2023 20:52,36660
7/10/2023 21:02,41825
7/10/2023 21:12,39300
7/10/2023 21:22,41825
7/10/2023 21:32,40699
7/10/2023 21:42,43448
7/10/2023 21:52,42840
7/10/2023 22:02,43338
7/10/2023 22:12,40076
7/10/2023 22:22,43338
7/10/2023 22:32,42247
7/10/2023 22:42,43904
7/10/2023 22:52,39250
7/10/2023 23:02,40154
7/10/2023 23:12,41772
7/10/2023 23:22,38837
7/10/2023 23:32,40359
7/10/2023 23:42,41613
7/10/2023 23:52,42247
7/11/2023 0:02,42840
7/11/2023 0:12,41613
7/11/2023 0:23,42247
7/11/2023 0:33,41203
7/11/2023 0:43,42894
7/11/2023 0:53,40544
7/11/2023 1:03,39723
7/11/2023 1:13,41772
7/11/2023 1:23,41719
7/11/2023 1:33,39250
7/11/2023 1:43,41412
7/11/2023 1:53,41256
7/11/2023 2:03,39672
7/11/2023 2:13,37842
7/11/2023 2:23,41772
7/11/2023 2:33,38886
7/11/2023 2:43,41203
7/11/2023 2:53,39622
7/11/2023 3:03,39300
7/11/2023 3:13,40257
7/11/2023 3:23,41256
7/11/2023 3:33,42300
7/11/2023 3:43,41203
7/11/2023 3:53,44482
7/11/2023 4:03,39824
7/11/2023 4:13,42300
7/11/2023 4:23,41203
7/11/2023 4:33,41203
7/11/2023 4:43,40359
7/11/2023 4:53,40699
7/11/2023 5:03,38787
7/11/2023 5:13,41256
7/11/2023 5:23,41719
7/11/2023 5:33,41772
7/11/2023 5:43,39824
7/11/2023 5:53,41719
7/11/2023 6:03,40802
7/11/2023 6:13,38837
7/11/2023 6:23,41719
7/11/2023 6:33,37030
7/11/2023 6:43,41772
7/11/2023 6:53,40257
7/11/2023 7:03,40699
7/11/2023 7:13,40699
7/11/2023 7:23,40802
7/11/2023 7:33,40492
7/11/2023 7:43,35895
7/11/2023 7:53,39250
7/11/2023 8:03,35024
7/11/2023 8:13,39350
7/11/2023 8:23,41099
7/11/2023 8:33,41203
7/11/2023 8:43,40699
7/11/2023 8:54,41772
7/11/2023 9:04,41151
7/11/2023 9:14,41360
7/11/2023 9:24,42300
7/11/2023 9:34,41772
7/11/2023 9:44,35849
7/11/2023 9:54,42036
7/11/2023 10:04,41825
7/11/2023 10:14,42840
7/11/2023 10:24,36707
7/11/2023 10:34,42894
7/11/2023 10:44,37078
7/11/2023 10:54,41825
7/11/2023 11:04,44594
7/11/2023 11:14,41308
7/11/2023 11:24,40751
7/11/2023 11:34,41308
7/11/2023 11:44,44538
7/11/2023 11:54,39874
7/11/2023 12:04,45245
7/11/2023 12:14,39824
7/11/2023 12:24,45854
7/11/2023 12:34,46478
7/11/2023 12:44,45796
7/11/2023 12:54,45854
7/11/2023 13:04,45739
7/11/2023 13:14,45188
7/11/2023 13:24,47235
7/11/2023 13:34,41125
7/11/2023 13:44,46478
7/11/2023 13:54,47118
7/11/2023 14:04,47176
7/11/2023 14:14,42407
7/11/2023 14:24,47235
7/11/2023 14:34,49075
7/11/2023 14:44,47176
7/11/2023 14:54,48506
7/11/2023 15:04,47892
7/11/2023 15:14,46536
7/11/2023 15:24,47176
7/11/2023 15:34,46768
7/11/2023 15:44,47773
7/11/2023 15:54,41983
7/11/2023 16:04,47892
7/11/2023 16:14,46652
7/11/2023 16:24,47176
7/11/2023 16:34,47773
7/11/2023 16:44,43002
7/11/2023 16:54,48446
7/11/2023 17:04,40614
7/11/2023 17:15,49258
7/11/2023 17:25,49136
7/11/2023 17:35,48506
7/11/2023 17:45,48506
7/11/2023 17:55,48506
7/11/2023 18:05,48506
7/11/2023 18:15,41878
7/11/2023 18:25,48190
7/11/2023 18:35,47952
7/11/2023 18:45,48446
7/11/2023 18:55,44706
7/11/2023 19:05,48326
7/11/2023 19:15,48446
7/11/2023 19:25,47773
7/11/2023 19:35,48446
7/11/2023 19:45,47773
7/11/2023 19:55,46478
7/11/2023 20:05,44650
7/11/2023 20:15,42948
7/11/2023 20:25,48386
7/11/2023 20:35,48386
7/11/2023 20:45,45188
7/11/2023 20:55,47654
7/11/2023 21:05,45188
7/11/2023 21:15,45739
7/11/2023 21:25,42353
7/11/2023 21:35,42300
7/11/2023 21:45,39824
7/11/2023 21:55,45796
7/11/2023 22:05,47654
7/11/2023 22:15,39824
7/11/2023 22:25,41772
7/11/2023 22:35,44069
7/11/2023 22:45,41772
7/11/2023 22:55,45796
7/11/2023 23:05,46362
7/11/2023 23:15,45739
7/11/2023 23:25,42300
7/11/2023 23:35,42786
7/11/2023 23:45,42786
7/11/2023 23:55,46304
7/12/2023 0:05,51958
7/12/2023 0:15,43904
7/12/2023 0:25,46362
7/12/2023 0:35,40802
7/12/2023 0:45,41719
7/12/2023 0:55,45131
7/12/2023 1:05,41256
7/12/2023 1:15,43502
7/12/2023 1:25,44594
7/12/2023 1:36,43904
7/12/2023 1:46,45131
7/12/2023 1:56,44014
7/12/2023 2:06,44762
7/12/2023 2:16,46824
7/12/2023 2:26,44538
7/12/2023 2:36,43284
7/12/2023 2:46,44594
7/12/2023 2:56,43393
7/12/2023 3:06,43904
7/12/2023 3:16,45739
7/12/2023 3:26,43448
7/12/2023 3:36,44482
7/12/2023 3:46,42894
7/12/2023 3:56,43959
7/12/2023 4:06,44594
7/12/2023 4:16,42353
7/12/2023 4:26,39300
7/12/2023 4:36,42732
7/12/2023 4:46,43448
7/12/2023 4:56,45131
7/12/2023 5:06,36613
7/12/2023 5:16,40751
7/12/2023 5:26,42840
7/12/2023 5:36,45131
7/12/2023 5:46,44538
7/12/2023 5:56,44538
7/12/2023 6:06,39300
7/12/2023 6:16,45131
7/12/2023 6:26,45624
7/12/2023 6:36,45682
7/12/2023 6:46,44538
7/12/2023 6:56,38383
7/12/2023 7:06,45131
7/12/2023 7:16,43959
7/12/2023 7:26,45075
7/12/2023 7:36,39183
7/12/2023 7:46,42786
7/12/2023 7:56,45739
7/12/2023 8:06,44538
7/12/2023 8:16,45075
7/12/2023 8:26,45075
7/12/2023 8:36,40751
7/12/2023 8:46,45131
7/12/2023 8:56,34363
7/12/2023 9:06,45796
7/12/2023 9:16,39350
7/12/2023 9:26,46362
7/12/2023 9:36,40647
7/12/2023 9:46,47059
7/12/2023 9:56,47000
7/12/2023 10:07,46420
7/12/2023 10:17,48386
7/12/2023 10:27,48386
7/12/2023 10:37,45911
7/12/2023 10:47,42894
7/12/2023 10:57,50572
7/12/2023 11:07,51319
7/12/2023 11:17,51382
7/12/2023 11:27,50635
7/12/2023 11:37,51382
7/12/2023 11:47,48386
7/12/2023 11:57,49907
7/12/2023 12:07,50635
7/12/2023 12:17,46478
7/12/2023 12:27,51382
7/12/2023 12:37,51319
7/12/2023 12:47,52215
7/12/2023 12:57,44706
7/12/2023 13:07,50572
7/12/2023 13:17,47833
7/12/2023 13:27,52151
7/12/2023 13:37,52940
7/12/2023 13:47,53006
7/12/2023 13:57,53136
7/12/2023 14:07,49907
7/12/2023 14:17,54453
7/12/2023 14:27,52215
7/12/2023 14:37,52279
7/12/2023 14:47,45358
7/12/2023 14:57,53818
7/12/2023 15:07,54453
7/12/2023 15:17,52215
7/12/2023 15:27,53006
7/12/2023 15:37,53528
7/12/2023 15:47,53885
7/12/2023 15:57,53885
7/12/2023 16:07,50760
7/12/2023 16:17,55378
7/12/2023 16:27,47235
7/12/2023 16:37,53006
7/12/2023 16:47,53752
7/12/2023 16:57,49136
7/12/2023 17:07,49197
7/12/2023 17:17,41464
7/12/2023 17:27,48567
7/12/2023 17:37,54587
7/12/2023 17:47,55378
7/12/2023 17:57,56262
7/12/2023 18:07,52810
7/12/2023 18:17,58038
7/12/2023 18:28,47833
7/12/2023 18:38,54520
7/12/2023 18:48,54453
7/12/2023 18:58,43557
7/12/2023 19:08,55310
7/12/2023 19:18,55378
7/12/2023 19:28,50572
7/12/2023 19:38,56400
7/12/2023 19:48,54453
7/12/2023 19:58,55378
7/12/2023 20:08,45854
7/12/2023 20:18,52875
7/12/2023 20:28,43557
7/12/2023 20:38,47833
7/12/2023 20:48,52875
7/12/2023 20:58,53620
7/12/2023 21:08,50447
7/12/2023 21:18,50509
7/12/2023 21:28,50509
7/12/2023 21:38,49845
7/12/2023 21:48,49783
7/12/2023 21:58,51255
7/12/2023 22:08,45739
7/12/2023 22:18,49783
7/12/2023 22:28,52810
7/12/2023 22:38,51255
7/12/2023 22:48,51192
7/12/2023 22:58,48506
7/12/2023 23:08,47059
7/12/2023 23:18,53620
7/12/2023 23:28,51958
7/12/2023 23:38,48326
7/12/2023 23:48,52679
7/12/2023 23:58,47654
7/13/2023 0:08,51192
7/13/2023 0:18,51958
7/13/2023 0:28,52744
7/13/2023 0:38,46362
7/13/2023 0:48,46478
7/13/2023 0:58,44014
7/13/2023 1:08,50509
7/13/2023 1:18,46420
7/13/2023 1:28,49075
7/13/2023 1:38,45854
7/13/2023 1:48,51192
7/13/2023 1:58,49075
7/13/2023 2:08,52022
7/13/2023 2:18,49075
7/13/2023 2:28,47595
7/13/2023 2:38,48506
7/13/2023 2:49,49783
7/13/2023 2:59,52810
7/13/2023 3:09,49783
7/13/2023 3:19,50447
7/13/2023 3:29,48627
7/13/2023 3:39,50509
7/13/2023 3:49,51192
7/13/2023 3:59,48386
7/13/2023 4:09,50509
7/13/2023 4:19,50509
7/13/2023 4:29,47714
7/13/2023 4:39,47654
7/13/2023 4:49,46420
7/13/2023 4:59,48386
7/13/2023 5:09,49659
7/13/2023 5:19,48953
7/13/2023 5:29,49721
7/13/2023 5:39,49721
7/13/2023 5:49,45245
7/13/2023 5:59,42300
7/13/2023 6:09,47654
7/13/2023 6:19,50447
7/13/2023 6:29,43338
7/13/2023 6:39,47118
7/13/2023 6:49,41308
7/13/2023 6:59,50278
7/13/2023 7:09,49783
7/13/2023 7:19,49659
7/13/2023 7:29,50447
7/13/2023 7:39,50572
7/13/2023 7:49,49597
7/13/2023 7:59,51382
7/13/2023 8:09,49907
7/13/2023 8:19,45796
7/13/2023 8:29,51958
7/13/2023 8:39,42786
7/13/2023 8:49,42193
7/13/2023 8:59,51255
7/13/2023 9:09,52022
7/13/2023 9:19,51255
7/13/2023 9:29,52810
7/13/2023 9:39,51319
7/13/2023 9:49,49845
7/13/2023 9:59,55378
7/13/2023 10:09,53686
7/13/2023 10:19,56262
7/13/2023 10:29,57172
7/13/2023 10:39,46710
7/13/2023 10:49,56331
7/13/2023 10:59,58180
7/13/2023 11:09,56331
7/13/2023 11:20,45301
7/13/2023 11:30,46536
7/13/2023 11:40,50697
7/13/2023 11:50,59075
7/13/2023 12:00,61100
7/13/2023 12:10,60219
7/13/2023 12:20,61175
7/13/2023 12:30,51382
7/13/2023 12:40,61249
7/13/2023 12:50,57312
7/13/2023 13:00,60292
7/13/2023 13:10,57312
7/13/2023 13:20,62237
7/13/2023 13:30,56815
7/13/2023 13:40,62237
7/13/2023 13:50,45358
7/13/2023 14:00,61100
7/13/2023 14:10,53006
7/13/2023 14:20,61324
7/13/2023 14:30,61324
7/13/2023 14:40,62313
7/13/2023 14:50,61249
7/13/2023 15:00,62313
7/13/2023 15:10,62313
7/13/2023 15:20,58252
7/13/2023 15:30,51446
7/13/2023 15:40,62389
7/13/2023 15:50,62465
7/13/2023 16:00,64468
7/13/2023 16:10,61175
7/13/2023 16:20,59148
7/13/2023 16:30,52086
7/13/2023 16:40,64547
7/13/2023 16:50,52151
7/13/2023 17:00,48747
7/13/2023 17:10,63411
7/13/2023 17:20,64625
7/13/2023 17:30,63411
7/13/2023 17:40,62313
7/13/2023 17:50,49907
7/13/2023 18:00,62237
7/13/2023 18:10,64625
7/13/2023 18:20,64312
7/13/2023 18:30,64468
7/13/2023 18:40,49136
7/13/2023 18:50,62010
7/13/2023 19:00,55446
7/13/2023 19:10,61175
7/13/2023 19:20,62237
7/13/2023 19:31,63720
7/13/2023 19:41,64312
7/13/2023 19:51,62237
7/13/2023 20:01,62161
7/13/2023 20:11,53752
7/13/2023 20:21,63257
7/13/2023 20:31,53620
7/13/2023 20:41,58109
7/13/2023 20:51,63257
7/13/2023 21:01,51255
7/13/2023 21:11,64390
7/13/2023 21:21,63180
7/13/2023 21:31,63257
7/13/2023 21:41,56054
7/13/2023 21:51,60145
7/13/2023 22:01,62085
7/13/2023 22:11,61025
7/13/2023 22:21,52875
7/13/2023 22:31,62085
7/13/2023 22:41,65163
7/13/2023 22:51,64312
7/13/2023 23:01,59003
7/13/2023 23:11,62085
7/13/2023 23:21,59998
7/13/2023 23:31,61025
7/13/2023 23:41,62085
7/13/2023 23:51,55310
7/14/2023 0:01,52022
7/14/2023 0:11,61025
7/14/2023 0:21,57031
7/14/2023 0:31,58038
7/14/2023 0:41,50447
7/14/2023 0:51,59998
7/14/2023 1:01,57031
7/14/2023 1:11,59998
7/14/2023 1:21,63257
7/14/2023 1:31,61934
7/14/2023 1:41,59925
7/14/2023 1:51,50509
7/14/2023 2:01,60951
7/14/2023 2:11,58931
7/14/2023 2:21,59003
7/14/2023 2:31,59852
7/14/2023 2:41,59003
7/14/2023 2:51,56262
7/14/2023 3:01,62085
7/14/2023 3:11,59003
7/14/2023 3:21,56193
7/14/2023 3:31,61934
7/14/2023 3:41,58858
7/14/2023 3:51,56262
7/14/2023 4:02,56193
7/14/2023 4:12,56193
7/14/2023 4:22,59003
7/14/2023 4:32,58109
7/14/2023 4:42,50509
7/14/2023 4:52,61025
7/14/2023 5:02,59925
7/14/2023 5:12,58038
7/14/2023 5:22,62010
7/14/2023 5:32,60072
7/14/2023 5:42,59003
7/14/2023 5:52,59925
7/14/2023 6:02,59925
7/14/2023 6:12,60802
7/14/2023 6:22,53554
7/14/2023 6:32,60951
7/14/2023 6:42,52022
7/14/2023 6:52,59003
7/14/2023 7:02,47595
7/14/2023 7:12,57101
7/14/2023 7:22,61100
7/14/2023 7:32,54520
7/14/2023 7:42,55446
7/14/2023 7:52,62085
7/14/2023 8:02,63180
7/14/2023 8:12,62085
7/14/2023 8:22,62010
7/14/2023 8:32,59075
7/14/2023 8:42,63103
7/14/2023 8:52,54520
7/14/2023 9:02,64312
7/14/2023 9:12,46478
7/14/2023 9:22,65481
7/14/2023 9:32,54017
7/14/2023 9:42,63334
7/14/2023 9:52,64390
7/14/2023 10:02,65641
7/14/2023 10:12,66853
7/14/2023 10:22,64468
7/14/2023 10:32,68109
7/14/2023 10:42,72067
7/14/2023 10:52,66853
7/14/2023 11:02,72154
7/14/2023 11:12,59148
7/14/2023 11:22,72067
7/14/2023 11:32,68026
7/14/2023 11:42,73692
7/14/2023 11:52,68191
7/14/2023 12:02,69577
7/14/2023 12:12,73692
7/14/2023 12:23,62085
7/14/2023 12:33,63411
7/14/2023 12:43,73692
7/14/2023 12:53,75110
7/14/2023 13:03,61249
7/14/2023 13:13,65720
7/14/2023 13:23,68026
7/14/2023 13:33,73692
7/14/2023 13:43,72328
7/14/2023 13:53,55514
7/14/2023 14:03,70842
7/14/2023 14:13,72328
7/14/2023 14:23,75290
7/14/2023 14:33,54721
7/14/2023 14:43,75110
7/14/2023 14:53,73515
7/14/2023 15:03,73692
7/14/2023 15:13,61324
7/14/2023 15:23,76675
7/14/2023 15:33,75200
7/14/2023 15:43,55719
7/14/2023 15:53,75290
7/14/2023 16:03,80092
7/14/2023 16:13,79996
7/14/2023 16:23,66934
7/14/2023 16:33,80092
7/14/2023 16:43,73692
7/14/2023 16:53,76767
7/14/2023 17:03,79900
7/14/2023 17:13,78396
7/14/2023 17:23,76767
7/14/2023 17:33,60145
7/14/2023 17:43,68191
7/14/2023 17:53,76767
7/14/2023 18:03,60145
7/14/2023 18:13,72154
7/14/2023 18:23,87420
7/14/2023 18:33,65800
7/14/2023 18:43,69493
7/14/2023 18:53,78772
7/14/2023 19:03,75742
7/14/2023 19:13,76582
7/14/2023 19:23,78208
7/14/2023 19:33,79996
7/14/2023 19:43,70756
7/14/2023 19:53,77135
7/14/2023 20:03,78302
7/14/2023 20:13,53818
7/14/2023 20:23,78208
7/14/2023 20:34,63334
7/14/2023 20:44,69157
7/14/2023 20:54,70671
7/14/2023 21:04,69325
7/14/2023 21:14,69241
7/14/2023 21:24,83100
7/14/2023 21:34,73426
7/14/2023 21:44,76490
7/14/2023 21:54,79708
7/14/2023 22:04,73426
7/14/2023 22:14,78020
7/14/2023 22:24,79804
7/14/2023 22:34,83500
7/14/2023 22:44,69325
7/14/2023 22:54,67779
7/14/2023 23:04,79804
7/14/2023 23:14,76490
7/14/2023 23:24,78020
7/14/2023 23:34,77926
7/14/2023 23:44,66610
7/14/2023 23:54,69241
7/15/2023 0:04,71719
7/15/2023 0:14,74929
7/15/2023 0:24,65641
7/15/2023 0:34,67944
7/15/2023 0:44,76859
7/15/2023 0:54,79804
7/15/2023 1:04,79612
7/15/2023 1:14,74929
7/15/2023 1:24,67944
7/15/2023 1:34,78114
7/15/2023 1:44,76490
7/15/2023 1:54,75019
7/15/2023 2:04,76582
7/15/2023 2:14,70585
7/15/2023 2:24,78114
7/15/2023 2:34,76490
7/15/2023 2:44,79804
7/15/2023 2:54,71893
7/15/2023 3:04,79804
7/15/2023 3:14,67696
7/15/2023 3:24,73515
7/15/2023 3:34,76490
7/15/2023 3:44,73426
7/15/2023 3:54,74838
7/15/2023 4:04,72067
7/15/2023 4:14,67861
7/15/2023 4:24,63180
7/15/2023 4:34,74748
7/15/2023 4:44,67944
7/15/2023 4:54,71980
7/15/2023 5:05,66529
7/15/2023 5:15,79708
7/15/2023 5:25,53620
7/15/2023 5:35,76490
7/15/2023 5:45,78114
7/15/2023 5:55,76490
7/15/2023 6:05,74929
7/15/2023 6:15,78114
7/15/2023 6:25,79900
7/15/2023 6:35,79804
7/15/2023 6:45,78114
7/15/2023 6:55,59003
7/15/2023 7:05,79804
7/15/2023 7:15,74838
7/15/2023 7:25,78114
7/15/2023 7:35,71980
7/15/2023 7:45,78302
7/15/2023 7:55,71893
7/15/2023 8:05,64312
7/15/2023 8:15,67944
7/15/2023 8:25,83300
7/15/2023 8:35,83400
7/15/2023 8:45,70671
7/15/2023 8:55,61025
7/15/2023 9:05,79708
7/15/2023 9:15,79900
7/15/2023 9:25,81271
7/15/2023 9:35,87316
7/15/2023 9:45,85417
7/15/2023 9:55,83600
7/15/2023 10:05,85520
7/15/2023 10:15,79996
7/15/2023 10:25,87629
7/15/2023 10:35,75110
7/15/2023 10:45,91595
7/15/2023 10:55,87524
7/15/2023 11:05,91595
7/15/2023 11:15,87524
7/15/2023 11:25,81858
7/15/2023 11:35,91814
7/15/2023 11:45,85622
7/15/2023 11:55,85622
7/15/2023 12:05,91814
7/15/2023 12:15,81760
7/15/2023 12:25,75110
7/15/2023 12:35,92142
7/15/2023 12:45,96637
7/15/2023 12:55,94224
7/15/2023 13:05,91814
7/15/2023 13:15,94112
7/15/2023 13:26,91923
7/15/2023 13:36,72154
7/15/2023 13:46,79900
7/15/2023 13:56,89727
7/15/2023 14:06,91923
7/15/2023 14:16,87733
7/15/2023 14:26,94448
7/15/2023 14:36,96637
7/15/2023 14:46,85622
7/15/2023 14:56,94336
7/15/2023 15:06,89727
7/15/2023 15:16,96637
7/15/2023 15:26,85724
7/15/2023 15:36,101833
7/15/2023 15:46,101954
7/15/2023 15:56,99288
7/15/2023 16:06,78584
7/15/2023 16:16,99053
7/15/2023 16:26,99288
7/15/2023 16:36,94336
7/15/2023 16:46,94224
7/15/2023 16:56,94224
7/15/2023 17:06,85724
7/15/2023 17:16,96522
7/15/2023 17:26,96751
7/15/2023 17:36,83600
7/15/2023 17:46,101713
7/15/2023 17:56,92033
7/15/2023 18:06,78490
7/15/2023 18:16,96637
7/15/2023 18:26,99170
7/15/2023 18:36,69493
7/15/2023 18:46,101833
7/15/2023 18:56,78396
7/15/2023 19:06,91814
7/15/2023 19:16,99170
7/15/2023 19:26,78302
7/15/2023 19:36,99053
7/15/2023 19:46,87629
7/15/2023 19:56,99053
7/15/2023 20:06,99170
7/15/2023 20:16,73338
7/15/2023 20:26,96522
7/15/2023 20:36,91814
7/15/2023 20:46,102315
7/15/2023 20:56,99288
7/15/2023 21:06,94000
7/15/2023 21:16,99523
7/15/2023 21:26,98818
7/15/2023 21:37,101833
7/15/2023 21:47,101592
7/15/2023 21:57,80092
7/15/2023 22:07,101592
7/15/2023 22:17,96522
7/15/2023 22:27,89620
7/15/2023 22:37,104389
7/15/2023 22:47,96980
7/15/2023 22:57,79900
7/15/2023 23:07,85520
7/15/2023 23:17,96522
7/15/2023 23:27,83600
7/15/2023 23:37,80188
7/15/2023 23:47,96522
7/15/2023 23:57,96522
7/16/2023 0:07,85315
7/16/2023 0:17,91923
7/16/2023 0:27,81565
7/16/2023 0:37,101592
7/16/2023 0:47,99053
7/16/2023 0:57,98935
7/16/2023 1:07,93888
7/16/2023 1:17,89620
7/16/2023 1:27,89727
7/16/2023 1:37,76675
7/16/2023 1:47,85520
7/16/2023 1:57,96407
7/16/2023 2:07,91595
7/16/2023 2:17,96522
7/16/2023 2:27,79996
7/16/2023 2:37,94112
7/16/2023 2:47,93888
7/16/2023 2:57,78208
7/16/2023 3:07,81663
7/16/2023 3:17,91595
7/16/2023 3:27,87629
7/16/2023 3:37,94000
7/16/2023 3:47,96178
7/16/2023 3:57,91595
7/16/2023 4:07,89514
7/16/2023 4:17,87316
7/16/2023 4:27,93888
7/16/2023 4:37,93888
7/16/2023 4:47,91595
7/16/2023 4:57,87420
7/16/2023 5:07,94000
7/16/2023 5:17,81565
7/16/2023 5:27,89300
7/16/2023 5:37,94000
7/16/2023 5:47,96293
7/16/2023 5:58,93888
7/16/2023 6:08,96407
7/16/2023 6:18,94000
7/16/2023 6:28,91705
7/16/2023 6:38,79900
7/16/2023 6:48,91486
7/16/2023 6:58,75110
7/16/2023 7:08,89086
7/16/2023 7:18,96293
7/16/2023 7:28,93664
7/16/2023 7:38,91595
7/16/2023 7:48,74929
7/16/2023 7:58,81663
7/16/2023 8:08,66772
7/16/2023 8:18,94112
7/16/2023 8:28,94000
7/16/2023 8:38,99053
7/16/2023 8:48,91705
7/16/2023 8:58,91705
7/16/2023 9:08,96293
7/16/2023 9:18,79996
7/16/2023 9:28,104018
7/16/2023 9:38,99053
7/16/2023 9:48,99053
7/16/2023 9:58,76767
7/16/2023 10:08,107211
7/16/2023 10:18,99053
7/16/2023 10:28,110581
7/16/2023 10:38,72241
7/16/2023 10:48,107592
7/16/2023 10:58,110711
7/16/2023 11:08,99053
7/16/2023 11:18,89834
7/16/2023 11:28,121061
7/16/2023 11:38,80188
7/16/2023 11:48,107592
7/16/2023 11:58,101954
7/16/2023 12:08,107592
7/16/2023 12:18,113874
7/16/2023 12:28,96751
7/16/2023 12:38,99288
7/16/2023 12:48,117638
7/16/2023 12:58,114277
7/16/2023 13:08,99170
7/16/2023 13:18,114143
7/16/2023 13:28,96522
7/16/2023 13:38,117638
7/16/2023 13:48,104637
7/16/2023 13:58,114143
7/16/2023 14:08,105132
7/16/2023 14:19,110842
7/16/2023 14:29,110842
7/16/2023 14:39,114143
7/16/2023 14:49,110842
7/16/2023 14:59,118468
7/16/2023 15:09,94448
7/16/2023 15:19,99405
7/16/2023 15:29,110972
7/16/2023 15:39,117776
7/16/2023 15:49,117638
7/16/2023 15:59,121345
7/16/2023 16:09,117776
7/16/2023 16:19,84000
7/16/2023 16:29,113874
7/16/2023 16:39,117776
7/16/2023 16:49,114680
7/16/2023 16:59,117638
7/16/2023 17:09,125431
7/16/2023 17:19,102074
7/16/2023 17:29,96866
7/16/2023 17:39,99405
7/16/2023 17:49,94560
7/16/2023 17:59,121345
7/16/2023 18:09,96751
7/16/2023 18:19,121061
7/16/2023 18:29,110711
7/16/2023 18:39,117638
7/16/2023 18:49,117362
7/16/2023 18:59,125138
7/16/2023 19:09,104513
7/16/2023 19:19,113874
7/16/2023 19:29,113874
7/16/2023 19:39,80092
7/16/2023 19:49,117500
7/16/2023 19:59,114009
7/16/2023 20:09,110711
7/16/2023 20:19,110711
7/16/2023 20:29,89514
7/16/2023 20:39,114009
7/16/2023 20:49,113874
7/16/2023 20:59,113874
7/16/2023 21:09,117362
7/16/2023 21:19,89620
7/16/2023 21:29,110842
7/16/2023 21:39,104266
7/16/2023 21:49,117362
7/16/2023 21:59,113740
7/16/2023 22:09,80188
7/16/2023 22:19,120633
7/16/2023 22:30,113606
7/16/2023 22:40,107084
7/16/2023 22:50,110450
7/16/2023 23:00,117224
7/16/2023 23:10,107211
7/16/2023 23:20,88980
7/16/2023 23:30,104142
7/16/2023 23:40,94000
7/16/2023 23:50,91814
7/17/2023 0:00,98700
7/17/2023 0:10,107719
7/17/2023 0:20,116947
7/17/2023 0:30,91705
7/17/2023 0:40,99758
7/17/2023 0:50,117362
7/17/2023 1:00,110450
7/17/2023 1:10,101713
7/17/2023 1:20,113740
7/17/2023 1:30,94224
7/17/2023 1:40,107338
7/17/2023 1:50,107465
7/17/2023 2:00,113874
7/17/2023 2:10,101592
7/17/2023 2:20,113740
7/17/2023 2:30,110450
7/17/2023 2:40,101713
7/17/2023 2:50,104389
7/17/2023 3:00,104266
7/17/2023 3:10,91705
7/17/2023 3:20,110450
7/17/2023 3:30,107338
7/17/2023 3:40,107084
7/17/2023 3:50,104637
7/17/2023 4:00,110450
7/17/2023 4:10,87316
7/17/2023 4:20,107338
7/17/2023 4:30,104637
7/17/2023 4:40,87942
7/17/2023 4:50,101351
7/17/2023 5:00,104389
7/17/2023 5:10,107084
7/17/2023 5:20,107592
7/17/2023 5:30,102315
7/17/2023 5:40,107338
7/17/2023 5:50,107338
7/17/2023 6:00,98935
7/17/2023 6:10,79054
7/17/2023 6:20,96293
7/17/2023 6:30,110319
7/17/2023 6:40,110450
7/17/2023 6:50,104513
7/17/2023 7:01,108100
7/17/2023 7:11,101592
7/17/2023 7:21,87420
7/17/2023 7:31,110711
7/17/2023 7:41,101472
7/17/2023 7:51,98818
7/17/2023 8:01,98935
7/17/2023 8:11,94000
7/17/2023 8:21,110319
7/17/2023 8:31,99053
7/17/2023 8:41,110450
7/17/2023 8:51,105379
7/17/2023 9:01,104389
7/17/2023 9:11,84400
7/17/2023 9:21,101954
7/17/2023 9:31,110581
7/17/2023 9:41,96637
7/17/2023 9:51,85520
7/17/2023 10:01,120633
7/17/2023 10:11,113874
7/17/2023 10:21,79148
7/17/2023 10:31,107465
7/17/2023 10:41,117638
7/17/2023 10:51,117776
7/17/2023 11:01,125138
7/17/2023 11:11,125284
7/17/2023 11:21,129174
7/17/2023 11:31,133793
7/17/2023 11:41,121915
7/17/2023 11:51,133950
7/17/2023 12:01,121061
7/17/2023 12:11,99288
7/17/2023 12:21,133950
7/17/2023 12:31,121345
7/17/2023 12:41,94336
7/17/2023 12:51,76859
7/17/2023 13:01,125138
7/17/2023 13:11,73958
7/17/2023 13:21,110842
7/17/2023 13:31,129477
7/17/2023 13:41,133637
7/17/2023 13:51,101954
7/17/2023 14:01,125431
7/17/2023 14:11,87838
7/17/2023 14:21,101954
7/17/2023 14:31,125284
7/17/2023 14:41,125284
7/17/2023 14:51,129477
7/17/2023 15:01,129629
7/17/2023 15:12,82152
7/17/2023 15:22,77043
7/17/2023 15:32,139055
7/17/2023 15:42,125578
7/17/2023 15:52,138893
7/17/2023 16:02,99170
7/17/2023 16:12,121488
7/17/2023 16:22,130084
7/17/2023 16:32,114143
7/17/2023 16:42,125431
7/17/2023 16:52,129629
7/17/2023 17:02,121345
7/17/2023 17:12,134107
7/17/2023 17:22,133793
7/17/2023 17:32,130387
7/17/2023 17:42,107592
7/17/2023 17:52,133950
7/17/2023 18:02,117500
7/17/2023 18:12,108100
7/17/2023 18:22,114143
7/17/2023 18:32,133793
7/17/2023 18:42,125138
7/17/2023 18:52,129326
7/17/2023 19:02,133950
7/17/2023 19:12,114680
7/17/2023 19:22,134263
7/17/2023 19:32,138245
7/17/2023 19:42,129326
7/17/2023 19:52,128568
7/17/2023 20:02,129023
7/17/2023 20:12,126313
7/17/2023 20:22,117500
7/17/2023 20:32,133950
7/17/2023 20:42,124991
7/17/2023 20:52,117362
7/17/2023 21:02,121061
7/17/2023 21:12,115083
7/17/2023 21:22,124991
7/17/2023 21:32,121061
7/17/2023 21:42,121061
7/17/2023 21:52,113874
7/17/2023 22:02,124844
7/17/2023 22:12,124697
7/17/2023 22:22,121061
7/17/2023 22:32,124844
7/17/2023 22:42,94000
7/17/2023 22:52,113874
7/17/2023 23:02,110450
7/17/2023 23:12,129023
7/17/2023 23:23,110450
7/17/2023 23:33,104389
7/17/2023 23:43,124844
7/17/2023 23:53,104266
7/18/2023 0:03,98935
7/18/2023 0:13,129023
7/18/2023 0:23,133480
7/18/2023 0:33,100869
7/18/2023 0:43,96293
7/18/2023 0:53,110450
7/18/2023 1:03,120918
7/18/2023 1:13,91486
7/18/2023 1:23,104266
7/18/2023 1:33,113740
7/18/2023 1:43,117085
7/18/2023 1:53,93888
7/18/2023 2:03,98935
7/18/2023 2:13,117224
7/18/2023 2:23,113606
7/18/2023 2:33,113740
7/18/2023 2:43,94000
7/18/2023 2:53,124697
7/18/2023 3:03,117638
7/18/2023 3:13,89514
7/18/2023 3:23,117224
7/18/2023 3:33,93888
7/18/2023 3:43,117085
7/18/2023 3:53,120918
7/18/2023 4:03,87420
7/18/2023 4:13,96407
7/18/2023 4:23,110450
7/18/2023 4:33,104389
7/18/2023 4:43,98935
7/18/2023 4:53,113874
7/18/2023 5:03,98818
7/18/2023 5:13,101592
7/18/2023 5:23,101351
7/18/2023 5:33,105379
7/18/2023 5:43,104142
7/18/2023 5:53,117085
7/18/2023 6:03,113740
7/18/2023 6:13,107084
7/18/2023 6:23,70671
7/18/2023 6:33,83400
7/18/2023 6:43,91923
7/18/2023 6:53,113740
7/18/2023 7:03,101231
7/18/2023 7:13,101472
7/18/2023 7:23,98935
7/18/2023 7:33,107338
7/18/2023 7:43,79996
7/18/2023 7:54,79996
7/18/2023 8:04,89300
7/18/2023 8:14,107465
7/18/2023 8:24,72154
7/18/2023 8:34,110581
7/18/2023 8:44,75110
7/18/2023 8:54,84600
7/18/2023 9:04,113740
7/18/2023 9:14,110450
7/18/2023 9:24,117500
7/18/2023 9:34,110581
7/18/2023 9:44,129023
7/18/2023 9:54,114009
7/18/2023 10:04,117500
7/18/2023 10:14,121203
7/18/2023 10:24,121203
7/18/2023 10:34,125138
7/18/2023 10:44,101954
7/18/2023 10:54,133793
7/18/2023 11:04,129326
7/18/2023 11:14,133793
7/18/2023 11:24,114411
7/18/2023 11:34,138731
7/18/2023 11:44,129477
7/18/2023 11:54,129174
7/18/2023 12:04,133950
7/18/2023 12:14,114143
7/18/2023 12:24,96522
7/18/2023 12:34,133950
7/18/2023 12:44,94336
7/18/2023 12:54,134107
7/18/2023 13:04,138731
7/18/2023 13:14,92142
7/18/2023 13:24,138893
7/18/2023 13:34,104884
7/18/2023 13:44,143854
7/18/2023 13:54,136300
7/18/2023 14:04,144021
7/18/2023 14:14,85928
7/18/2023 14:24,129477
7/18/2023 14:34,107846
7/18/2023 14:44,94448
7/18/2023 14:54,125431
7/18/2023 15:04,144189
7/18/2023 15:14,138731
7/18/2023 15:24,94224
7/18/2023 15:34,125284
7/18/2023 15:44,134263
7/18/2023 15:54,129629
7/18/2023 16:05,96751
7/18/2023 16:15,129629
7/18/2023 16:25,138893
7/18/2023 16:35,135517
7/18/2023 16:45,144021
7/18/2023 16:55,138893
7/18/2023 17:05,149530
7/18/2023 17:15,125284
7/18/2023 17:25,149356
7/18/2023 17:35,104761
7/18/2023 17:45,102074
7/18/2023 17:55,99053
7/18/2023 18:05,107592
7/18/2023 18:15,143854
7/18/2023 18:25,149181
7/18/2023 18:35,129326
7/18/2023 18:45,104761
7/18/2023 18:55,138731
7/18/2023 19:05,89834
7/18/2023 19:15,138731
7/18/2023 19:25,101954
7/18/2023 19:35,226122
7/18/2023 19:45,133950
7/18/2023 19:55,107719
7/18/2023 20:05,118882
7/18/2023 20:15,133793
7/18/2023 20:25,133950
7/18/2023 20:35,110450
7/18/2023 20:45,120918
7/18/2023 20:55,129326
7/18/2023 21:05,125138
7/18/2023 21:15,129174
7/18/2023 21:25,133480
7/18/2023 21:35,129023
7/18/2023 21:45,117362
7/18/2023 21:55,138407
7/18/2023 22:05,124991
7/18/2023 22:15,133480
7/18/2023 22:25,129023
7/18/2023 22:35,125578
7/18/2023 22:45,117224
7/18/2023 22:55,143350
7/18/2023 23:05,129023
7/18/2023 23:15,128871
7/18/2023 23:25,124844
7/18/2023 23:35,104389
7/18/2023 23:45,129174
7/18/2023 23:55,129629
7/19/2023 0:05,129174
7/19/2023 0:16,121773
7/19/2023 0:26,129326
7/19/2023 0:36,124844
7/19/2023 0:46,129023
7/19/2023 0:56,129174
7/19/2023 1:06,124550
7/19/2023 1:16,96063
7/19/2023 1:26,107465
7/19/2023 1:36,104761
7/19/2023 1:46,110450
7/19/2023 1:56,89407
7/19/2023 2:06,124697
7/19/2023 2:16,125284
7/19/2023 2:26,121061
7/19/2023 2:36,101713
7/19/2023 2:46,110972
7/19/2023 2:56,110711
7/19/2023 3:06,104513
7/19/2023 3:16,124844
7/19/2023 3:26,89620
7/19/2023 3:36,124991
7/19/2023 3:46,101592
7/19/2023 3:56,99053
7/19/2023 4:06,120918
7/19/2023 4:16,107338
7/19/2023 4:26,107846
7/19/2023 4:36,121061
7/19/2023 4:46,104266
7/19/2023 4:56,94224
7/19/2023 5:06,117500
7/19/2023 5:16,97439
7/19/2023 5:26,99053
7/19/2023 5:36,117085
7/19/2023 5:46,107338
7/19/2023 5:56,107338
7/19/2023 6:06,96407
7/19/2023 6:16,113874
7/19/2023 6:26,104513
7/19/2023 6:36,101351
7/19/2023 6:46,117224
7/19/2023 6:56,118468
7/19/2023 7:06,117224
7/19/2023 7:16,113606
7/19/2023 7:26,93888
7/19/2023 7:36,117085
7/19/2023 7:46,94000
7/19/2023 7:56,79996
7/19/2023 8:06,101472
7/19/2023 8:16,110581
7/19/2023 8:26,107211
7/19/2023 8:37,104389
7/19/2023 8:47,120918
7/19/2023 8:57,117362
7/19/2023 9:07,117224
7/19/2023 9:17,98935
7/19/2023 9:27,124550
7/19/2023 9:37,101592
7/19/2023 9:47,129023
7/19/2023 9:57,117362
7/19/2023 10:07,104513
7/19/2023 10:17,133637
7/19/2023 10:27,124550
7/19/2023 10:37,85417
7/19/2023 10:47,96637
7/19/2023 10:57,117362
7/19/2023 11:07,133793
7/19/2023 11:17,143686
7/19/2023 11:27,99288
7/19/2023 11:37,129023
7/19/2023 11:47,120776
7/19/2023 11:57,80092
7/19/2023 12:07,138083
7/19/2023 12:17,138407
7/19/2023 12:27,161680
7/19/2023 12:37,118053
7/19/2023 12:47,138407
7/19/2023 12:57,135203
7/19/2023 13:07,143854
7/19/2023 13:17,110972
7/19/2023 13:27,144021
7/19/2023 13:37,143686
7/19/2023 13:47,138731
7/19/2023 13:57,107719
7/19/2023 14:07,125578
7/19/2023 14:17,154558
7/19/2023 14:27,102074
7/19/2023 14:37,138893
7/19/2023 14:47,144021
7/19/2023 14:57,139379
7/19/2023 15:07,121488
7/19/2023 15:17,149356
7/19/2023 15:27,155100
7/19/2023 15:37,134263
7/19/2023 15:47,99170
7/19/2023 15:57,155281
7/19/2023 16:07,107846
7/19/2023 16:17,143518
7/19/2023 16:27,144021
7/19/2023 16:37,155462
7/19/2023 16:48,134107
7/19/2023 16:58,138893
7/19/2023 17:08,155281
7/19/2023 17:18,134107
7/19/2023 17:28,138731
7/19/2023 17:38,149181
7/19/2023 17:48,149356
7/19/2023 17:58,155100
7/19/2023 18:08,114009
7/19/2023 18:18,149181
7/19/2023 18:28,149007
7/19/2023 18:38,107592
7/19/2023 18:48,117500
7/19/2023 18:58,94336
7/19/2023 19:08,149356
7/19/2023 19:18,138569
7/19/2023 19:28,138569
7/19/2023 19:38,138893
7/19/2023 19:48,133793
7/19/2023 19:58,143686
7/19/2023 20:08,143686
7/19/2023 20:18,101713
7/19/2023 20:28,107592
7/19/2023 20:38,143518
7/19/2023 20:48,143518
7/19/2023 20:58,133323
7/19/2023 21:08,121061
7/19/2023 21:18,143518
7/19/2023 21:28,133480
7/19/2023 21:38,124697
7/19/2023 21:48,133480
7/19/2023 21:58,113874
7/19/2023 22:08,110581
7/19/2023 22:18,107338
7/19/2023 22:28,120918
7/19/2023 22:38,133637
7/19/2023 22:48,138245
7/19/2023 22:58,129174
7/19/2023 23:08,128871
7/19/2023 23:18,107211
7/19/2023 23:28,129023
7/19/2023 23:38,104513
7/19/2023 23:48,133480
7/19/2023 23:58,133323
7/20/2023 0:08,133480
7/20/2023 0:18,133323
7/20/2023 0:28,133480
7/20/2023 0:38,128719
7/20/2023 0:48,129023
7/20/2023 0:58,120918
7/20/2023 1:09,113740
7/20/2023 1:19,113606
7/20/2023 1:29,113606
7/20/2023 1:39,117224
7/20/2023 1:49,133323
7/20/2023 1:59,120776
7/20/2023 2:09,104142
7/20/2023 2:19,124697
7/20/2023 2:29,124697
7/20/2023 2:39,121630
7/20/2023 2:49,113740
7/20/2023 2:59,121061
7/20/2023 3:09,124697
7/20/2023 3:19,117362
7/20/2023 3:29,129023
7/20/2023 3:39,128719
7/20/2023 3:49,120776
7/20/2023 3:59,124991
7/20/2023 4:09,108354
7/20/2023 4:19,129023
7/20/2023 4:29,124844
7/20/2023 4:39,113740
7/20/2023 4:49,120918
7/20/2023 4:59,121061
7/20/2023 5:09,117085
7/20/2023 5:19,117085
7/20/2023 5:29,121345
7/20/2023 5:39,124550
7/20/2023 5:49,98700
7/20/2023 5:59,120918
7/20/2023 6:09,117224
7/20/2023 6:19,121061
7/20/2023 6:29,121061
7/20/2023 6:39,113740
7/20/2023 6:49,110319
7/20/2023 6:59,89407
7/20/2023 7:09,96293
7/20/2023 7:19,129023
7/20/2023 7:29,113606
7/20/2023 7:39,91595
7/20/2023 7:49,120633
7/20/2023 7:59,121488
7/20/2023 8:09,104266
7/20/2023 8:19,124697
7/20/2023 8:29,107465
7/20/2023 8:39,107084
7/20/2023 8:49,117085
7/20/2023 8:59,94000
7/20/2023 9:09,124991
7/20/2023 9:19,122058
7/20/2023 9:29,87420
7/20/2023 9:40,120918
7/20/2023 9:50,125872
7/20/2023 10:00,129174
7/20/2023 10:10,128871
7/20/2023 10:20,133637
7/20/2023 10:30,91923
7/20/2023 10:40,138407
7/20/2023 10:50,129326
7/20/2023 11:00,149007
7/20/2023 11:10,129781
7/20/2023 11:20,101592
7/20/2023 11:30,125138
7/20/2023 11:40,138407
7/20/2023 11:50,133950
7/20/2023 12:00,133793
7/20/2023 12:10,143686
7/20/2023 12:20,107719
7/20/2023 12:30,144021
7/20/2023 12:40,138569
7/20/2023 12:50,90048
7/20/2023 13:00,113874
7/20/2023 13:10,91923
7/20/2023 13:20,138569
7/20/2023 13:30,133950
7/20/2023 13:40,143686
7/20/2023 13:50,149356
7/20/2023 14:00,149181
7/20/2023 14:10,149181
7/20/2023 14:20,114143
7/20/2023 14:30,155281
7/20/2023 14:40,138569
7/20/2023 14:50,149530
7/20/2023 15:00,121345
7/20/2023 15:10,99288
7/20/2023 15:20,149356
7/20/2023 15:30,144693
7/20/2023 15:40,87733
7/20/2023 15:50,149530
7/20/2023 16:00,148833
7/20/2023 16:10,125578
7/20/2023 16:20,149181
7/20/2023 16:30,143854
7/20/2023 16:40,149181
7/20/2023 16:50,143518
7/20/2023 17:00,155100
7/20/2023 17:10,155281
7/20/2023 17:20,144021
7/20/2023 17:30,149878
7/20/2023 17:40,149356
7/20/2023 17:51,149356
7/20/2023 18:01,154919
7/20/2023 18:11,143686
7/20/2023 18:21,150052
7/20/2023 18:31,149356
7/20/2023 18:41,81858
7/20/2023 18:51,149181
7/20/2023 19:01,107592
7/20/2023 19:11,133480
7/20/2023 19:21,138407
7/20/2023 19:31,133637
7/20/2023 19:41,149181
7/20/2023 19:51,133793
7/20/2023 20:01,129023
7/20/2023 20:11,143518
7/20/2023 20:21,138407
7/20/2023 20:31,117500
7/20/2023 20:41,168221
7/20/2023 20:51,133480
7/20/2023 21:01,138245
7/20/2023 21:11,143686
7/20/2023 21:21,133637
7/20/2023 21:31,133637
7/20/2023 21:41,143518
7/20/2023 21:51,133637
7/20/2023 22:01,138083
7/20/2023 22:11,139055
7/20/2023 22:21,138083
7/20/2023 22:31,154558
7/20/2023 22:41,114009
7/20/2023 22:51,133323
7/20/2023 23:01,138245
7/20/2023 23:11,133480
7/20/2023 23:21,129023
7/20/2023 23:31,98818
7/20/2023 23:41,128871
7/20/2023 23:51,107211
7/21/2023 0:01,133480
7/21/2023 0:11,107211
7/21/2023 0:21,128719
7/21/2023 0:31,121345
7/21/2023 0:41,128871
7/21/2023 0:51,133480
7/21/2023 1:01,110319
7/21/2023 1:11,117224
7/21/2023 1:21,129174
7/21/2023 1:31,144693
7/21/2023 1:41,107338
7/21/2023 1:51,120918
7/21/2023 2:01,124844
7/21/2023 2:12,113740
7/21/2023 2:22,124991
7/21/2023 2:32,94112
7/21/2023 2:42,121061
7/21/2023 2:52,98935
7/21/2023 3:02,94000
7/21/2023 3:12,107338
7/21/2023 3:22,117224
7/21/2023 3:32,101833
7/21/2023 3:42,96407
7/21/2023 3:52,133480
7/21/2023 4:02,121061
7/21/2023 4:12,110450
7/21/2023 4:22,104142
7/21/2023 4:32,120918
7/21/2023 4:42,110450
7/21/2023 4:52,124844
7/21/2023 5:02,129023
7/21/2023 5:12,101592
7/21/2023 5:22,148833
7/21/2023 5:32,129174
7/21/2023 5:42,124697
7/21/2023 5:52,124550
7/21/2023 6:02,120776
7/21/2023 6:12,104266
7/21/2023 6:22,124844
7/21/2023 6:32,128871
7/21/2023 6:42,75019
7/21/2023 6:52,120776
7/21/2023 7:02,124844
7/21/2023 7:12,117224
7/21/2023 7:22,128719
7/21/2023 7:32,70585
7/21/2023 7:42,120633
7/21/2023 7:52,128871
7/21/2023 8:02,113740
7/21/2023 8:12,117224
7/21/2023 8:22,110450
7/21/2023 8:32,120918
7/21/2023 8:42,138407
7/21/2023 8:52,129174
7/21/2023 9:02,87420
7/21/2023 9:12,138245
7/21/2023 9:22,133323
7/21/2023 9:32,133167
7/21/2023 9:42,87316
7/21/2023 9:52,138407
7/21/2023 10:02,107338
7/21/2023 10:12,96522
7/21/2023 10:22,120776
7/21/2023 10:33,143182
7/21/2023 10:43,138407
7/21/2023 10:53,143686
7/21/2023 11:03,155100
7/21/2023 11:13,94224
7/21/2023 11:23,149007
7/21/2023 11:33,161680
7/21/2023 11:43,149181
7/21/2023 11:53,138893
7/21/2023 12:03,94000
7/21/2023 12:13,154919
7/21/2023 12:23,149356
7/21/2023 12:33,154919
7/21/2023 12:43,154738
7/21/2023 12:53,161304
7/21/2023 13:03,91923
7/21/2023 13:13,149181
7/21/2023 13:23,96637
7/21/2023 13:33,161304
7/21/2023 13:43,133637
7/21/2023 13:53,168025
7/21/2023 14:03,99288
7/21/2023 14:13,138569
7/21/2023 14:23,161492
7/21/2023 14:33,121203
7/21/2023 14:43,133480
7/21/2023 14:53,149181
7/21/2023 15:03,143854
7/21/2023 15:13,168025
7/21/2023 15:23,143686
7/21/2023 15:33,138893
7/21/2023 15:43,144021
7/21/2023 15:53,161680
7/21/2023 16:03,133637
7/21/2023 16:13,161492
7/21/2023 16:23,133793
7/21/2023 16:33,133793
7/21/2023 16:43,149181
7/21/2023 16:53,87524
7/21/2023 17:03,168221
7/21/2023 17:13,121203
7/21/2023 17:23,149530
7/21/2023 17:33,161492
7/21/2023 17:43,168221
7/21/2023 17:53,168417
7/21/2023 18:03,148833
7/21/2023 18:13,155100
7/21/2023 18:23,101833
7/21/2023 18:33,129477
7/21/2023 18:43,143518
7/21/2023 18:54,155281
7/21/2023 19:04,143686
7/21/2023 19:14,155100
7/21/2023 19:24,133637
7/21/2023 19:34,154919
7/21/2023 19:44,143350
7/21/2023 19:54,108100
7/21/2023 20:04,120918
7/21/2023 20:14,75019
7/21/2023 20:24,134577
7/21/2023 20:34,107338
7/21/2023 20:44,139703
7/21/2023 20:54,110711
7/21/2023 21:04,133480
7/21/2023 21:14,149007
7/21/2023 21:24,138245
7/21/2023 21:34,138245
7/21/2023 21:44,138083
7/21/2023 21:54,104389
7/21/2023 22:04,110319
7/21/2023 22:14,120918
7/21/2023 22:24,133480
7/21/2023 22:34,138245
7/21/2023 22:44,133010
7/21/2023 22:54,148659
7/21/2023 23:04,148833
7/21/2023 23:14,110319
7/21/2023 23:24,138083
7/21/2023 23:34,120064
7/21/2023 23:44,148485
7/21/2023 23:54,83400
7/22/2023 0:04,101231
7/22/2023 0:14,133167
7/22/2023 0:24,117085
7/22/2023 0:34,117224
7/22/2023 0:44,117224
7/22/2023 0:54,124550
7/22/2023 1:04,133323
7/22/2023 1:14,143182
7/22/2023 1:24,124844
7/22/2023 1:34,129477
7/22/2023 1:44,138083
7/22/2023 1:54,110319
7/22/2023 2:04,104266
7/22/2023 2:14,113740
7/22/2023 2:24,133010
7/22/2023 2:34,129023
7/22/2023 2:44,98583
7/22/2023 2:54,133167
7/22/2023 3:05,116947
7/22/2023 3:15,110450
7/22/2023 3:25,129023
7/22/2023 3:35,138083
7/22/2023 3:45,117085
7/22/2023 3:55,133323
7/22/2023 4:05,133323
7/22/2023 4:15,133167
7/22/2023 4:25,124403
7/22/2023 4:35,104142
7/22/2023 4:45,107084
7/22/2023 4:55,138083
7/22/2023 5:05,91595
7/22/2023 5:15,128871
7/22/2023 5:25,124697
7/22/2023 5:35,124697
7/22/2023 5:45,120776
7/22/2023 5:55,128871
7/22/2023 6:05,133167
7/22/2023 6:15,129174
7/22/2023 6:25,129326
7/22/2023 6:35,129477
7/22/2023 6:45,128871
7/22/2023 6:55,128719
7/22/2023 7:05,128568
7/22/2023 7:15,89407
7/22/2023 7:25,128871
7/22/2023 7:35,143014
7/22/2023 7:45,89407
7/22/2023 7:55,117085
7/22/2023 8:05,107084
7/22/2023 8:15,116947
7/22/2023 8:25,132853
7/22/2023 8:35,120633
7/22/2023 8:45,128719
7/22/2023 8:55,89300
7/22/2023 9:05,124991
7/22/2023 9:15,137921
7/22/2023 9:25,91595
7/22/2023 9:35,129023
7/22/2023 9:45,129174
7/22/2023 9:55,91923
7/22/2023 10:05,138569
7/22/2023 10:15,117362
7/22/2023 10:25,143686
7/22/2023 10:35,129477
7/22/2023 10:45,161304
7/22/2023 10:55,155281
7/22/2023 11:05,149356
7/22/2023 11:16,149007
7/22/2023 11:26,107719
7/22/2023 11:36,129326
7/22/2023 11:46,114143
7/22/2023 11:56,155100
7/22/2023 12:06,129477
7/22/2023 12:16,99405
7/22/2023 12:26,87733
7/22/2023 12:36,155462
7/22/2023 12:46,96751
7/22/2023 12:56,163184
7/22/2023 13:06,105008
7/22/2023 13:16,161680
7/22/2023 13:26,82054
7/22/2023 13:36,175943
7/22/2023 13:46,155100
7/22/2023 13:56,161680
7/22/2023 14:06,176352
7/22/2023 14:16,169004
7/22/2023 14:26,138731
7/22/2023 14:36,155642
7/22/2023 14:46,168808
7/22/2023 14:56,161868
7/22/2023 15:06,105132
7/22/2023 15:16,100110
7/22/2023 15:26,144189
7/22/2023 15:36,161680
7/22/2023 15:46,99523
7/22/2023 15:56,175943
7/22/2023 16:06,168613
7/22/2023 16:16,101954
7/22/2023 16:26,138731
7/22/2023 16:36,150574
7/22/2023 16:46,161492
7/22/2023 16:56,133950
7/22/2023 17:06,176352
7/22/2023 17:16,121488
7/22/2023 17:26,125138
7/22/2023 17:36,104761
7/22/2023 17:46,129477
7/22/2023 17:56,149356
7/22/2023 18:06,133950
7/22/2023 18:16,129629
7/22/2023 18:26,168613
7/22/2023 18:36,129174
7/22/2023 18:46,149356
7/22/2023 18:56,161492
7/22/2023 19:06,168613
7/22/2023 19:17,32900
7/22/2023 19:27,138731
7/22/2023 19:37,129477
7/22/2023 19:47,143854
7/22/2023 19:57,125138
7/22/2023 20:07,107973
7/22/2023 20:17,149530
7/22/2023 20:27,161492
7/22/2023 20:37,143686
7/22/2023 20:47,110711
7/22/2023 20:57,121203
7/22/2023 21:07,117362
7/22/2023 21:17,133950
7/22/2023 21:27,143854
7/22/2023 21:37,113874
7/22/2023 21:47,133637
7/22/2023 21:57,129174
7/22/2023 22:07,143518
7/22/2023 22:17,129174
7/22/2023 22:27,139379
7/22/2023 22:37,137759
7/22/2023 22:47,168025
7/22/2023 22:57,110581
7/22/2023 23:07,104389
7/22/2023 23:17,105503
7/22/2023 23:27,124697
7/22/2023 23:37,133323
7/22/2023 23:47,138245
7/22/2023 23:57,120918
7/23/2023 0:07,143350
7/23/2023 0:17,129023
7/23/2023 0:27,138407
7/23/2023 0:37,137921
7/23/2023 0:47,110319
7/23/2023 0:57,120918
7/23/2023 1:07,138245
7/23/2023 1:17,110581
7/23/2023 1:27,133323
7/23/2023 1:37,143350
7/23/2023 1:47,128719
7/23/2023 1:57,113740
7/23/2023 2:07,133480
7/23/2023 2:17,133480
7/23/2023 2:27,133480
7/23/2023 2:37,110711
7/23/2023 2:47,133323
7/23/2023 2:57,133480
7/23/2023 3:07,133480
7/23/2023 3:17,110450
7/23/2023 3:27,128719
7/23/2023 3:38,138245
7/23/2023 3:48,120918
7/23/2023 3:58,129174
7/23/2023 4:08,129023
7/23/2023 4:18,124991
7/23/2023 4:28,107465
7/23/2023 4:38,128871
7/23/2023 4:48,128871
7/23/2023 4:58,107846
7/23/2023 5:08,117085
7/23/2023 5:18,87629
7/23/2023 5:28,133480
7/23/2023 5:38,110319
7/23/2023 5:48,128719
7/23/2023 5:58,129023
7/23/2023 6:08,96522
7/23/2023 6:18,104389
7/23/2023 6:28,91814
7/23/2023 6:38,128871
7/23/2023 6:48,128719
7/23/2023 6:58,129023
7/23/2023 7:08,124844
7/23/2023 7:18,124550
7/23/2023 7:28,120776
7/23/2023 7:38,101713
7/23/2023 7:48,128871
7/23/2023 7:58,128871
7/23/2023 8:08,101472
7/23/2023 8:18,110319
7/23/2023 8:28,129326
7/23/2023 8:38,129174
7/23/2023 8:48,113606
7/23/2023 8:58,94112
7/23/2023 9:08,120918
7/23/2023 9:18,85520
7/23/2023 9:28,133480
7/23/2023 9:38,85724
7/23/2023 9:48,138407
7/23/2023 9:58,129174
7/23/2023 10:08,133793
7/23/2023 10:18,143686
7/23/2023 10:28,104637
7/23/2023 10:38,107592
7/23/2023 10:48,133637
7/23/2023 10:58,143518
7/23/2023 11:08,155100
7/23/2023 11:18,143686
7/23/2023 11:28,117638
7/23/2023 11:39,107592
7/23/2023 11:49,154919
7/23/2023 11:59,143854
7/23/2023 12:09,133793
7/23/2023 12:19,143350
7/23/2023 12:29,155100
7/23/2023 12:39,149181
7/23/2023 12:49,110711
7/23/2023 12:59,133950
7/23/2023 13:09,133637
7/23/2023 13:19,155281
7/23/2023 13:29,149181
7/23/2023 13:39,161868
7/23/2023 13:49,114143
7/23/2023 13:59,94224
7/23/2023 14:09,149530
7/23/2023 14:19,149530
7/23/2023 14:29,161868
7/23/2023 14:39,176352
7/23/2023 14:49,149530
7/23/2023 14:59,102195
7/23/2023 15:09,161868
7/23/2023 15:19,161492
7/23/2023 15:29,162056
7/23/2023 15:39,85826
7/23/2023 15:49,168808
7/23/2023 15:59,155462
7/23/2023 16:09,129477
7/23/2023 16:19,161868
7/23/2023 16:29,111103
7/23/2023 16:39,168613
7/23/2023 16:49,104884
7/23/2023 16:59,144021
7/23/2023 17:09,176352
7/23/2023 17:19,110972
7/23/2023 17:29,176352
7/23/2023 17:39,99288
7/23/2023 17:49,168417
7/23/2023 17:59,168613
7/23/2023 18:09,168613
7/23/2023 18:19,143854
7/23/2023 18:29,155100
7/23/2023 18:39,143686
7/23/2023 18:49,92033
7/23/2023 18:59,161492
7/23/2023 19:09,110842
7/23/2023 19:19,168613
7/23/2023 19:29,133793
7/23/2023 19:39,114009
7/23/2023 19:50,161492
7/23/2023 20:00,149181
7/23/2023 20:10,155281
7/23/2023 20:20,105008
7/23/2023 20:30,107592
7/23/2023 20:40,144189
7/23/2023 20:50,138407
7/23/2023 21:00,133793
7/23/2023 21:10,121061
7/23/2023 21:20,129174
7/23/2023 21:30,154738
7/23/2023 21:40,138245
7/23/2023 21:50,133637
7/23/2023 22:00,160928
7/23/2023 22:10,154919
7/23/2023 22:20,148833
7/23/2023 22:30,124991
7/23/2023 22:40,162056
7/23/2023 22:50,143350
7/23/2023 23:00,143518
7/23/2023 23:10,148485
7/23/2023 23:20,148485
7/23/2023 23:30,133480
7/23/2023 23:40,154377
7/23/2023 23:50,148659
7/24/2023 0:00,154377
7/24/2023 0:10,124991
7/24/2023 0:20,114143
7/24/2023 0:30,143182
7/24/2023 0:40,149007
7/24/2023 0:50,138407
7/24/2023 1:00,124844
7/24/2023 1:10,138245
7/24/2023 1:20,124844
7/24/2023 1:30,133637
7/24/2023 1:40,138407
7/24/2023 1:50,143518
7/24/2023 2:00,138245
7/24/2023 2:10,133637
7/24/2023 2:20,138407
7/24/2023 2:30,143014
7/24/2023 2:40,121061
7/24/2023 2:50,107338
7/24/2023 3:00,133480
7/24/2023 3:10,133323
7/24/2023 3:20,113740
7/24/2023 3:30,138245
7/24/2023 3:40,124844
7/24/2023 3:50,128871
7/24/2023 4:00,104389
7/24/2023 4:10,120776
7/24/2023 4:21,138245
7/24/2023 4:31,129023
7/24/2023 4:41,120776
7/24/2023 4:51,124844
7/24/2023 5:01,120776
7/24/2023 5:11,93888
7/24/2023 5:21,129023
7/24/2023 5:31,101472
7/24/2023 5:41,133480
7/24/2023 5:51,138083
7/24/2023 6:01,138245
7/24/2023 6:11,96293
7/24/2023 6:21,138245
7/24/2023 6:31,124697
7/24/2023 6:41,99053
7/24/2023 6:51,120776
7/24/2023 7:01,120918
7/24/2023 7:11,120776
7/24/2023 7:21,117224
7/24/2023 7:31,96407
7/24/2023 7:41,133323
7/24/2023 7:51,124550
7/24/2023 8:01,138245
7/24/2023 8:11,120918
7/24/2023 8:21,117224
7/24/2023 8:31,110450
7/24/2023 8:41,113740
7/24/2023 8:51,121061
7/24/2023 9:01,110450
7/24/2023 9:11,124844
7/24/2023 9:21,124844
7/24/2023 9:31,91814
7/24/2023 9:41,129174
7/24/2023 9:51,133480
7/24/2023 10:01,148833
7/24/2023 10:11,161304
7/24/2023 10:21,149007
7/24/2023 10:31,143686
7/24/2023 10:41,129326
7/24/2023 10:51,149356
7/24/2023 11:01,154919
7/24/2023 11:11,94224
7/24/2023 11:21,168417
7/24/2023 11:31,155281
7/24/2023 11:41,143518
7/24/2023 11:51,138569
7/24/2023 12:01,168613
7/24/2023 12:11,161116
7/24/2023 12:21,101713
7/24/2023 12:31,138569
7/24/2023 12:42,161680
7/24/2023 12:52,138731
7/24/2023 13:02,155281
7/24/2023 13:12,176352
7/24/2023 13:22,107719
7/24/2023 13:32,117638
7/24/2023 13:42,185436
7/24/2023 13:52,87838
7/24/2023 14:02,168808
7/24/2023 14:12,168417
7/24/2023 14:22,161680
7/24/2023 14:32,155100
7/24/2023 14:42,155462
7/24/2023 14:52,148833
7/24/2023 15:02,94448
7/24/2023 15:12,121345
7/24/2023 15:22,104884
7/24/2023 15:32,169200
7/24/2023 15:42,168808
7/24/2023 15:52,168613
7/24/2023 16:02,129326
7/24/2023 16:12,99405
7/24/2023 16:22,107973
7/24/2023 16:32,149356
7/24/2023 16:42,176352
7/24/2023 16:52,168613
7/24/2023 17:02,168221
7/24/2023 17:12,155100
7/24/2023 17:22,94560
7/24/2023 17:32,125431
7/24/2023 17:42,168808
7/24/2023 17:52,99170
7/24/2023 18:02,149356
7/24/2023 18:12,138731
7/24/2023 18:22,161680
7/24/2023 18:32,102918
7/24/2023 18:42,133793
7/24/2023 18:52,168613
7/24/2023 19:02,168417
7/24/2023 19:12,161304
7/24/2023 19:22,133793
7/24/2023 19:32,161680
7/24/2023 19:42,138731
7/24/2023 19:52,149878
7/24/2023 20:02,168025
7/24/2023 20:12,117362
7/24/2023 20:22,108608
7/24/2023 20:32,99170
7/24/2023 20:42,168221
7/24/2023 20:52,155100
7/24/2023 21:03,168221
7/24/2023 21:13,110581
7/24/2023 21:23,121203
7/24/2023 21:33,154738
7/24/2023 21:43,149181
7/24/2023 21:53,143518
7/24/2023 22:03,110581
7/24/2023 22:13,154919
7/24/2023 22:23,110450
7/24/2023 22:33,168221
7/24/2023 22:43,149007
7/24/2023 22:53,120918
7/24/2023 23:03,154919
7/24/2023 23:13,148833
7/24/2023 23:23,149007
7/24/2023 23:33,148833
7/24/2023 23:43,129174
7/24/2023 23:53,143182
7/25/2023 0:03,148659
7/25/2023 0:13,117224
7/25/2023 0:23,134577
7/25/2023 0:33,148833
7/25/2023 0:43,148833
7/25/2023 0:53,113874
7/25/2023 1:03,143518
7/25/2023 1:13,143350
7/25/2023 1:23,143182
7/25/2023 1:33,143518
7/25/2023 1:43,129023
7/25/2023 1:53,143350
7/25/2023 2:03,148659
7/25/2023 2:13,133480
7/25/2023 2:23,129174
7/25/2023 2:33,143350
7/25/2023 2:43,138407
7/25/2023 2:53,133323
7/25/2023 3:03,129174
7/25/2023 3:13,133480
7/25/2023 3:23,117224
7/25/2023 3:33,101713
7/25/2023 3:43,143350
7/25/2023 3:53,133480
7/25/2023 4:03,104389
7/25/2023 4:13,129023
7/25/2023 4:23,143518
7/25/2023 4:33,138245
7/25/2023 4:43,148659
7/25/2023 4:53,139055
7/25/2023 5:03,129023
7/25/2023 5:13,124844
7/25/2023 5:24,138245
7/25/2023 5:34,107211
7/25/2023 5:44,117224
7/25/2023 5:54,96522
7/25/2023 6:04,120633
7/25/2023 6:14,134107
7/25/2023 6:24,133480
7/25/2023 6:34,138893
7/25/2023 6:44,98935
7/25/2023 6:54,93888
7/25/2023 7:04,138083
7/25/2023 7:14,133323
7/25/2023 7:24,143350
7/25/2023 7:34,120776
7/25/2023 7:44,148833
7/25/2023 7:54,133323
7/25/2023 8:04,101592
7/25/2023 8:14,143350
7/25/2023 8:24,149007
7/25/2023 8:34,129023
7/25/2023 8:44,110450
7/25/2023 8:54,143350
7/25/2023 9:04,139217
7/25/2023 9:14,143182
7/25/2023 9:24,138407
7/25/2023 9:34,98583
7/25/2023 9:44,154919
7/25/2023 9:54,129174
7/25/2023 10:04,155100
7/25/2023 10:14,161304
7/25/2023 10:24,133637
7/25/2023 10:34,114143
7/25/2023 10:44,154919
7/25/2023 10:54,155100
7/25/2023 11:04,161492
7/25/2023 11:14,148833
7/25/2023 11:24,161492
7/25/2023 11:34,110711
7/25/2023 11:44,168417
7/25/2023 11:54,161304
7/25/2023 12:04,143686
7/25/2023 12:14,155281
7/25/2023 12:24,107465
7/25/2023 12:34,149356
7/25/2023 12:44,168417
7/25/2023 12:54,168417
7/25/2023 13:04,121203
7/25/2023 13:14,149181
7/25/2023 13:24,143686
7/25/2023 13:34,3819
7/25/2023 13:45,161680
7/25/2023 13:55,149356
7/25/2023 14:05,149181
7/25/2023 14:15,101833
7/25/2023 14:25,168613
7/25/2023 14:35,117500
7/25/2023 14:45,149356
7/25/2023 14:55,101833
7/25/2023 15:05,133950
7/25/2023 15:15,184155
7/25/2023 15:25,176148
7/25/2023 15:35,168613
7/25/2023 15:45,168613
7/25/2023 15:55,161868
7/25/2023 16:05,107592
7/25/2023 16:15,175535
7/25/2023 16:25,117638
7/25/2023 16:35,162432
7/25/2023 16:45,143686
7/25/2023 16:55,176557
7/25/2023 17:05,161868
7/25/2023 17:15,184368
7/25/2023 17:25,168613
7/25/2023 17:35,168613
7/25/2023 17:45,175126
7/25/2023 17:55,155100
7/25/2023 18:05,175739
7/25/2023 18:15,133793
7/25/2023 18:25,184155
7/25/2023 18:35,168417
7/25/2023 18:45,110711
7/25/2023 18:55,168613
7/25/2023 19:05,184368
7/25/2023 19:15,168221
7/25/2023 19:25,138569
7/25/2023 19:35,176352
7/25/2023 19:45,161492
7/25/2023 19:55,175943
7/25/2023 20:05,168417
7/25/2023 20:15,175943
7/25/2023 20:25,117500
7/25/2023 20:35,183514
7/25/2023 20:45,154919
7/25/2023 20:55,161304
7/25/2023 21:05,121345
7/25/2023 21:15,138407
7/25/2023 21:25,161116
7/25/2023 21:35,161304
7/25/2023 21:45,168221
7/25/2023 21:55,138407
7/25/2023 22:06,161304
7/25/2023 22:16,161304
7/25/2023 22:26,125138
7/25/2023 22:36,133637
7/25/2023 22:46,161304
7/25/2023 22:56,161116
7/25/2023 23:06,155100
7/25/2023 23:16,154919
7/25/2023 23:26,161304
7/25/2023 23:36,154738
7/25/2023 23:46,138407
7/25/2023 23:56,154919
7/26/2023 0:06,168221
7/26/2023 0:16,149007
7/26/2023 0:26,133480
7/26/2023 0:36,138407
7/26/2023 0:46,148833
7/26/2023 0:56,124991
7/26/2023 1:06,168221
7/26/2023 1:16,129174
7/26/2023 1:26,161304
7/26/2023 1:36,110581
7/26/2023 1:46,154919
7/26/2023 1:56,138407
7/26/2023 2:06,149007
7/26/2023 2:16,161116
7/26/2023 2:26,154919
7/26/2023 2:36,161492
7/26/2023 2:46,129174
7/26/2023 2:56,143518
7/26/2023 3:06,143854
7/26/2023 3:16,138407
7/26/2023 3:26,154919
7/26/2023 3:36,154919
7/26/2023 3:46,124991
7/26/2023 3:56,161304
7/26/2023 4:06,143518
7/26/2023 4:16,154919
7/26/2023 4:26,117362
7/26/2023 4:36,113874
7/26/2023 4:46,154919
7/26/2023 4:56,143518
7/26/2023 5:06,143518
7/26/2023 5:16,94224
7/26/2023 5:26,138407
7/26/2023 5:36,113874
7/26/2023 5:46,133637
7/26/2023 5:56,143686
7/26/2023 6:06,149007
7/26/2023 6:16,149007
7/26/2023 6:27,149704
7/26/2023 6:37,99170
7/26/2023 6:47,149007
7/26/2023 6:57,96637
7/26/2023 7:07,117362
7/26/2023 7:17,121061
7/26/2023 7:27,149007
7/26/2023 7:37,133637
7/26/2023 7:47,144693
7/26/2023 7:57,113874
7/26/2023 8:07,124844
7/26/2023 8:17,138083
7/26/2023 8:27,143686
7/26/2023 8:37,138407
7/26/2023 8:47,168221
7/26/2023 8:57,96637
7/26/2023 9:07,138569
7/26/2023 9:17,104513
7/26/2023 9:27,117085
7/26/2023 9:37,149007
7/26/2023 9:47,154919
7/26/2023 9:57,117085
7/26/2023 10:07,91923
7/26/2023 10:17,154919
7/26/2023 10:27,128871
7/26/2023 10:37,110581
7/26/2023 10:47,133637
7/26/2023 10:57,113874
7/26/2023 11:07,110450
7/26/2023 11:17,99053
7/26/2023 11:27,133637
7/26/2023 11:37,149007
7/26/2023 11:47,133637
7/26/2023 11:57,155100
7/26/2023 12:07,107084
7/26/2023 12:17,114009
7/26/2023 12:27,149007
7/26/2023 12:37,94112
7/26/2023 12:47,161304
7/26/2023 12:57,104637
7/26/2023 13:07,168221
7/26/2023 13:17,143686
7/26/2023 13:27,161304
7/26/2023 13:37,155100
7/26/2023 13:47,129477
7/26/2023 13:57,125138
7/26/2023 14:07,138407
7/26/2023 14:17,161492
7/26/2023 14:27,117638
7/26/2023 14:37,101833
7/26/2023 14:48,155281
7/26/2023 14:58,154919
7/26/2023 15:08,168417
7/26/2023 15:18,154738
7/26/2023 15:28,99288
7/26/2023 15:38,168808
7/26/2023 15:48,168221
7/26/2023 15:58,161304
7/26/2023 16:08,161492
7/26/2023 16:18,168417
7/26/2023 16:28,168417
7/26/2023 16:38,175739
7/26/2023 16:48,168417
7/26/2023 16:58,175739
7/26/2023 17:08,155100
7/26/2023 17:18,101713
7/26/2023 17:28,161304
7/26/2023 17:38,175739
7/26/2023 17:48,168221
7/26/2023 17:58,110581
7/26/2023 18:08,175739
7/26/2023 18:18,107338
7/26/2023 18:28,168221
7/26/2023 18:38,168025
7/26/2023 18:48,133480
7/26/2023 18:58,183514
7/26/2023 19:08,161116
7/26/2023 19:18,138245
7/26/2023 19:28,101592
7/26/2023 19:38,161116
7/26/2023 19:48,154558
7/26/2023 19:58,148833
7/26/2023 20:08,148833
7/26/2023 20:18,160364
7/26/2023 20:28,154919
7/26/2023 20:38,160928
7/26/2023 20:48,143518
7/26/2023 20:58,160928
7/26/2023 21:08,160928
7/26/2023 21:18,161116
7/26/2023 21:28,133323
7/26/2023 21:38,128871
7/26/2023 21:48,154558
7/26/2023 21:58,87107
7/26/2023 22:08,120776
7/26/2023 22:18,149530
7/26/2023 22:28,133637
7/26/2023 22:38,111233
7/26/2023 22:48,143182
7/26/2023 22:58,148311
7/26/2023 23:08,124697
7/26/2023 23:19,133323
7/26/2023 23:29,143182
7/26/2023 23:39,148485
7/26/2023 23:49,124697
7/26/2023 23:59,124550
7/27/2023 0:09,143182
7/27/2023 0:19,113471
7/27/2023 0:29,143014
7/27/2023 0:39,133323
7/27/2023 0:49,133793
7/27/2023 0:59,148485
7/27/2023 1:09,142679
7/27/2023 1:19,113606
7/27/2023 1:29,138083
7/27/2023 1:39,148833
7/27/2023 1:49,148833
7/27/2023 1:59,120776
7/27/2023 2:09,143014
7/27/2023 2:19,113606
7/27/2023 2:29,133323
7/27/2023 2:39,91595
7/27/2023 2:49,110319
7/27/2023 2:59,143182
7/27/2023 3:09,148485
7/27/2023 3:19,116947
7/27/2023 3:29,129023
7/27/2023 3:39,120633
7/27/2023 3:49,120776
7/27/2023 3:59,133323
7/27/2023 4:09,133167
7/27/2023 4:19,120633
7/27/2023 4:29,143182
7/27/2023 4:39,138245
7/27/2023 4:49,110189
7/27/2023 4:59,128568
7/27/2023 5:09,143182
7/27/2023 5:19,143014
7/27/2023 5:29,128719
7/27/2023 5:39,133323
7/27/2023 5:49,133167
7/27/2023 5:59,107084
7/27/2023 6:09,110319
7/27/2023 6:19,128871
7/27/2023 6:29,143014
7/27/2023 6:39,113606
7/27/2023 6:49,138245
7/27/2023 6:59,138083
7/27/2023 7:09,133950
7/27/2023 7:19,133167
7/27/2023 7:29,120633
7/27/2023 7:39,91595
7/27/2023 7:50,128871
7/27/2023 8:00,133010
7/27/2023 8:10,133323
7/27/2023 8:20,133167
7/27/2023 8:30,107211
7/27/2023 8:40,133010
7/27/2023 8:50,133323
7/27/2023 9:00,137759
7/27/2023 9:10,143182
7/27/2023 9:20,107211
7/27/2023 9:30,143182
7/27/2023 9:40,98935
7/27/2023 9:50,110319
7/27/2023 10:00,138083
7/27/2023 10:10,148485
7/27/2023 10:20,149530
7/27/2023 10:30,148659
7/27/2023 10:40,96293
7/27/2023 10:50,133480
7/27/2023 11:00,133480
7/27/2023 11:10,167633
7/27/2023 11:20,160928
7/27/2023 11:30,160928
7/27/2023 11:40,154377
7/27/2023 11:50,167829
7/27/2023 12:00,143182
7/27/2023 12:10,154738
7/27/2023 12:20,107338
7/27/2023 12:30,148833
7/27/2023 12:40,168025
7/27/2023 12:50,154738
7/27/2023 13:00,138245
7/27/2023 13:10,117362
7/27/2023 13:20,133480
7/27/2023 13:30,89727
7/27/2023 13:40,168025
7/27/2023 13:50,110450
7/27/2023 14:00,154919
7/27/2023 14:10,161116
7/27/2023 14:20,107465
7/27/2023 14:30,161304
7/27/2023 14:40,161304
7/27/2023 14:50,161304
7/27/2023 15:00,161116
7/27/2023 15:10,149007
7/27/2023 15:20,148659
7/27/2023 15:30,168221
7/27/2023 15:40,121061
7/27/2023 15:50,161304
7/27/2023 16:00,161304
7/27/2023 16:10,161116
7/27/2023 16:21,138407
7/27/2023 16:31,175739
7/27/2023 16:41,168221
7/27/2023 16:51,161304
7/27/2023 17:01,168025
7/27/2023 17:11,143350
7/27/2023 17:21,154919
7/27/2023 17:31,110581
7/27/2023 17:41,96407
7/27/2023 17:51,143182
7/27/2023 18:01,104266
7/27/2023 18:11,113874
7/27/2023 18:21,154919
7/27/2023 18:31,168417
7/27/2023 18:41,167829
7/27/2023 18:51,175330
7/27/2023 19:01,154558
7/27/2023 19:11,117085
7/27/2023 19:21,143518
7/27/2023 19:31,161116
7/27/2023 19:41,154558
7/27/2023 19:51,143350
7/27/2023 20:01,117224
7/27/2023 20:11,154558
7/27/2023 20:21,148833
7/27/2023 20:31,101472
7/27/2023 20:41,124844
7/27/2023 20:51,167829
7/27/2023 21:01,128871
7/27/2023 21:11,110319
7/27/2023 21:21,148485
7/27/2023 21:31,110450
7/27/2023 21:41,110319
7/27/2023 21:51,120918
7/27/2023 22:01,107465
7/27/2023 22:11,113606
7/27/2023 22:21,160928
7/27/2023 22:31,133480
7/27/2023 22:41,143182
7/27/2023 22:51,124550
7/27/2023 23:01,160928
7/27/2023 23:11,143182
7/27/2023 23:21,143518
7/27/2023 23:31,124697
7/27/2023 23:41,120633
7/27/2023 23:51,143014
7/28/2023 0:01,148485
7/28/2023 0:11,137921
7/28/2023 0:21,137921
7/28/2023 0:31,137921
7/28/2023 0:41,133167
7/28/2023 0:52,128871
7/28/2023 1:02,133323
7/28/2023 1:12,143014
7/28/2023 1:22,128871
7/28/2023 1:32,124550
7/28/2023 1:42,148659
7/28/2023 1:52,113471
7/28/2023 2:02,137921
7/28/2023 2:12,124697
7/28/2023 2:22,143014
7/28/2023 2:32,154377
7/28/2023 2:42,128719
7/28/2023 2:52,138083
7/28/2023 3:02,116947
7/28/2023 3:12,148485
7/28/2023 3:22,133323
7/28/2023 3:32,120633
7/28/2023 3:42,143182
7/28/2023 3:52,137921
7/28/2023 4:02,110319
7/28/2023 4:12,137921
7/28/2023 4:22,132853
7/28/2023 4:32,107211
7/28/2023 4:42,143182
7/28/2023 4:52,117085
7/28/2023 5:02,137921
7/28/2023 5:12,101351
7/28/2023 5:22,113471
7/28/2023 5:32,138083
7/28/2023 5:42,96293
7/28/2023 5:52,110189
7/28/2023 6:02,128719
7/28/2023 6:12,137759
7/28/2023 6:22,107211
7/28/2023 6:32,133167
7/28/2023 6:42,133323
7/28/2023 6:52,128719
7/28/2023 7:02,137759
7/28/2023 7:12,120491
7/28/2023 7:22,142679
7/28/2023 7:32,137921
7/28/2023 7:42,128719
7/28/2023 7:52,142846
7/28/2023 8:02,132853
7/28/2023 8:12,101351
7/28/2023 8:22,143014
7/28/2023 8:32,120491
7/28/2023 8:42,117776
7/28/2023 8:52,128719
7/28/2023 9:02,124550
7/28/2023 9:12,101351
7/28/2023 9:22,143854
7/28/2023 9:33,143014
7/28/2023 9:43,110319
7/28/2023 9:53,107211
7/28/2023 10:03,133793
7/28/2023 10:13,133167
7/28/2023 10:23,154196
7/28/2023 10:33,154738
7/28/2023 10:43,138569
7/28/2023 10:53,161116
7/28/2023 11:03,143350
7/28/2023 11:13,168025
7/28/2023 11:23,168221
7/28/2023 11:33,154919
7/28/2023 11:43,168221
7/28/2023 11:53,143686
7/28/2023 12:03,168221
7/28/2023 12:13,149007
7/28/2023 12:23,148485
7/28/2023 12:33,175739
7/28/2023 12:43,168025
7/28/2023 12:53,161304
7/28/2023 13:03,168025
7/28/2023 13:13,121345
7/28/2023 13:23,154919
7/28/2023 13:33,154377
7/28/2023 13:43,161304
7/28/2023 13:53,160928
7/28/2023 14:03,133637
7/28/2023 14:13,184155
7/28/2023 14:33,121345
7/28/2023 14:43,168417
7/28/2023 14:53,161492
7/28/2023 15:03,102074
7/28/2023 15:13,143686
7/28/2023 15:23,133950
7/28/2023 15:33,176557
7/28/2023 15:43,176148
7/28/2023 15:53,176148
7/28/2023 16:03,175739
7/28/2023 16:13,167829
7/28/2023 16:23,175739
7/28/2023 16:33,176148
7/28/2023 16:43,168417
7/28/2023 16:53,161492
7/28/2023 17:03,129477
7/28/2023 17:13,176148
7/28/2023 17:23,114009
7/28/2023 17:33,175535
7/28/2023 17:44,125284
7/28/2023 17:54,175943
7/28/2023 18:04,168417
7/28/2023 18:14,175739
7/28/2023 18:24,129174
7/28/2023 18:34,154377
7/28/2023 18:44,96522
7/28/2023 18:54,107338
7/28/2023 19:04,175739
7/28/2023 19:14,175739
7/28/2023 19:24,168221
7/28/2023 19:34,143350
7/28/2023 19:44,176148
7/28/2023 19:54,160928
7/28/2023 20:04,175330
7/28/2023 20:14,175739
7/28/2023 20:24,183727
7/28/2023 20:34,183727
7/28/2023 20:44,149007
7/28/2023 20:54,175330
7/28/2023 21:04,133323
7/28/2023 21:14,124844
7/28/2023 21:24,117085
7/28/2023 21:34,138083
7/28/2023 21:44,128871
7/28/2023 21:54,160928
7/28/2023 22:04,124991
7/28/2023 22:14,167829
7/28/2023 22:24,125872
7/28/2023 22:34,160740
7/28/2023 22:44,160928
7/28/2023 22:54,175126
7/28/2023 23:04,153835
7/28/2023 23:14,138083
7/28/2023 23:24,167633
7/28/2023 23:34,148485
7/28/2023 23:44,175330
7/28/2023 23:54,154558
7/29/2023 0:04,167829
7/29/2023 0:14,160928
7/29/2023 0:24,143182
7/29/2023 0:34,160928
7/29/2023 0:44,138083
7/29/2023 0:54,101472
7/29/2023 1:04,124697
7/29/2023 1:14,148659
7/29/2023 1:24,143182
7/29/2023 1:34,124844
7/29/2023 1:44,133480
7/29/2023 1:54,148485
7/29/2023 2:04,154558
7/29/2023 2:15,154558
7/29/2023 2:25,149181
7/29/2023 2:35,160928
7/29/2023 2:45,148485
7/29/2023 2:55,154558
7/29/2023 3:05,148659
7/29/2023 3:15,124844
7/29/2023 3:25,161116
7/29/2023 3:35,133480
7/29/2023 3:45,143182
7/29/2023 3:55,148311
7/29/2023 4:05,154558
7/29/2023 4:15,120918
7/29/2023 4:25,143182
7/29/2023 4:35,138083
7/29/2023 4:45,148311
7/29/2023 4:55,120633
7/29/2023 5:05,124697
7/29/2023 5:15,154558
7/29/2023 5:25,148659
7/29/2023 5:35,133323
7/29/2023 5:45,154377
7/29/2023 5:55,98935
7/29/2023 6:05,143182
7/29/2023 6:15,110319
7/29/2023 6:25,143182
7/29/2023 6:35,133323
7/29/2023 6:45,107084
7/29/2023 6:55,148659
7/29/2023 7:05,124697
7/29/2023 7:15,154558
7/29/2023 7:25,124550
7/29/2023 7:35,133480
7/29/2023 7:45,143182
7/29/2023 7:55,96293
7/29/2023 8:05,124697
7/29/2023 8:15,143182
7/29/2023 8:25,138083
7/29/2023 8:35,138731
7/29/2023 8:45,154377
7/29/2023 8:55,160928
7/29/2023 9:05,143182
7/29/2023 9:15,148659
7/29/2023 9:25,98935
7/29/2023 9:35,124991
7/29/2023 9:45,148659
7/29/2023 9:55,96407
7/29/2023 10:05,154558
7/29/2023 10:15,168025
7/29/2023 10:25,175535
7/29/2023 10:35,168025
7/29/2023 10:46,183727
7/29/2023 10:56,161304
7/29/2023 11:06,168025
7/29/2023 11:16,161304
7/29/2023 11:26,175330
7/29/2023 11:36,183941
7/29/2023 11:46,149007
7/29/2023 11:56,175943
7/29/2023 12:06,161492
7/29/2023 12:16,154919
7/29/2023 12:26,129477
7/29/2023 12:36,168221
7/29/2023 12:46,193148
7/29/2023 12:56,161304
7/29/2023 13:06,183300
7/29/2023 13:16,168221
7/29/2023 13:26,183300
7/29/2023 13:36,114009
7/29/2023 13:46,155281
7/29/2023 13:56,168808
7/29/2023 14:06,176352
7/29/2023 14:16,193148
7/29/2023 14:26,155100
7/29/2023 14:36,138731
7/29/2023 14:46,175943
7/29/2023 14:56,184155
7/29/2023 15:06,184155
7/29/2023 15:16,121203
7/29/2023 15:26,143854
7/29/2023 15:36,184155
7/29/2023 15:46,168417
7/29/2023 15:56,169592
7/29/2023 16:06,168613
7/29/2023 16:16,117638
7/29/2023 16:26,168808
7/29/2023 16:36,183727
7/29/2023 16:46,149530
7/29/2023 16:56,101954
7/29/2023 17:06,149356
7/29/2023 17:16,193371
7/29/2023 17:26,176761
7/29/2023 17:36,149530
7/29/2023 17:46,168417
7/29/2023 17:56,110711
7/29/2023 18:06,202805
7/29/2023 18:16,114143
7/29/2023 18:26,129326
7/29/2023 18:36,184795
7/29/2023 18:46,175739
7/29/2023 18:56,168417
7/29/2023 19:07,154919
7/29/2023 19:17,192924
7/29/2023 19:27,175943
7/29/2023 19:37,175943
7/29/2023 19:47,138731
7/29/2023 19:57,155100
7/29/2023 20:07,143518
7/29/2023 20:17,184155
7/29/2023 20:27,161304
7/29/2023 20:37,173900
7/29/2023 20:47,184155
7/29/2023 20:57,175943
7/29/2023 21:07,133793
7/29/2023 21:17,175535
7/29/2023 21:27,183941
7/29/2023 21:37,184155
7/29/2023 21:47,168221
7/29/2023 21:57,184155
7/29/2023 22:07,175739
7/29/2023 22:17,175535
7/29/2023 22:27,161304
7/29/2023 22:37,161116
7/29/2023 22:47,155281
7/29/2023 22:57,138569
7/29/2023 23:07,175330
7/29/2023 23:17,175739
7/29/2023 23:27,154558
7/29/2023 23:37,167829
7/29/2023 23:47,168025
7/29/2023 23:57,133637
7/30/2023 0:07,143350
7/30/2023 0:17,168025
7/30/2023 0:27,155100
7/30/2023 0:37,168025
7/30/2023 0:47,124844
7/30/2023 0:57,154558
7/30/2023 1:07,154919
7/30/2023 1:17,133950
7/30/2023 1:27,160740
7/30/2023 1:37,148833
7/30/2023 1:47,168417
7/30/2023 1:57,149181
7/30/2023 2:07,168025
7/30/2023 2:17,121061
7/30/2023 2:27,161116
7/30/2023 2:37,161116
7/30/2023 2:47,129174
7/30/2023 2:57,168025
7/30/2023 3:07,154919
7/30/2023 3:17,128871
7/30/2023 3:27,168221
7/30/2023 3:38,117224
7/30/2023 3:48,167829
7/30/2023 3:58,128871
7/30/2023 4:08,133480
7/30/2023 4:18,168025
7/30/2023 4:28,154738
7/30/2023 4:38,154558
7/30/2023 4:48,117224
7/30/2023 4:58,154738
7/30/2023 5:08,161116
7/30/2023 5:18,96407
7/30/2023 5:28,175535
7/30/2023 5:38,89514
7/30/2023 5:48,160928
7/30/2023 5:58,138245
7/30/2023 6:08,225339
7/30/2023 6:18,129174
7/30/2023 6:28,138083
7/30/2023 6:38,154377
7/30/2023 6:48,143182
7/30/2023 6:58,143350
7/30/2023 7:08,161116
7/30/2023 7:18,143182
7/30/2023 7:28,143182
7/30/2023 7:38,120776
7/30/2023 7:48,117224
7/30/2023 7:58,101351
7/30/2023 8:08,154738
7/30/2023 8:18,107338
7/30/2023 8:28,148485
7/30/2023 8:38,154738
7/30/2023 8:48,161304
7/30/2023 8:58,149007
7/30/2023 9:08,161304
7/30/2023 9:18,154738
7/30/2023 9:28,107211
7/30/2023 9:38,143350
7/30/2023 9:48,168417
7/30/2023 9:58,110711
7/30/2023 10:08,183727
7/30/2023 10:18,175739
7/30/2023 10:28,125138
7/30/2023 10:38,168221
7/30/2023 10:48,168417
7/30/2023 10:58,213479
7/30/2023 11:08,125284
7/30/2023 11:18,133793
7/30/2023 11:28,129326
7/30/2023 11:38,129629
7/30/2023 11:48,149181
7/30/2023 11:59,129326
7/30/2023 12:09,176965
7/30/2023 12:19,184368
7/30/2023 12:29,129326
7/30/2023 12:39,168417
7/30/2023 12:49,203040
7/30/2023 12:59,193371
7/30/2023 13:09,161680
7/30/2023 13:19,184368
7/30/2023 13:29,149356
7/30/2023 13:39,110842
7/30/2023 13:49,184368
7/30/2023 13:59,176148
7/30/2023 14:09,155462
7/30/2023 14:19,193148
7/30/2023 14:29,184582
7/30/2023 14:39,176761
7/30/2023 14:49,134107
7/30/2023 14:59,155462
7/30/2023 15:09,176352
7/30/2023 15:19,186077
7/30/2023 15:29,129629
7/30/2023 15:39,176352
7/30/2023 15:49,168808
7/30/2023 15:59,107846
7/30/2023 16:09,168808
7/30/2023 16:19,193371
7/30/2023 16:29,194043
7/30/2023 16:39,184368
7/30/2023 16:49,203275
7/30/2023 16:59,161492
7/30/2023 17:09,149356
7/30/2023 17:19,138731
7/30/2023 17:29,193371
7/30/2023 17:39,168613
7/30/2023 17:49,110842
7/30/2023 17:59,193371
7/30/2023 18:09,213974
7/30/2023 18:19,203040
7/30/2023 18:29,129326
7/30/2023 18:39,129326
7/30/2023 18:49,161492
7/30/2023 18:59,193148
7/30/2023 19:09,175943
7/30/2023 19:19,175739
7/30/2023 19:29,192924
7/30/2023 19:39,149007
7/30/2023 19:49,183300
7/30/2023 19:59,175739
7/30/2023 20:09,183727
7/30/2023 20:20,168025
7/30/2023 20:30,168221
7/30/2023 20:40,175739
7/30/2023 20:50,154919
7/30/2023 21:00,124844
7/30/2023 21:10,175535
7/30/2023 21:20,175535
7/30/2023 21:30,129023
7/30/2023 21:40,129023
7/30/2023 21:50,168025
7/30/2023 22:00,154738
7/30/2023 22:10,149007
7/30/2023 22:20,168221
7/30/2023 22:30,154377
7/30/2023 22:40,175535
7/30/2023 22:50,133480
7/30/2023 23:00,129023
7/30/2023 23:10,168025
7/30/2023 23:20,168221
7/30/2023 23:30,167633
7/30/2023 23:40,124550
7/30/2023 23:50,168025
7/31/2023 0:00,183514
7/31/2023 0:10,120776
7/31/2023 0:20,175535
7/31/2023 0:30,160928
7/31/2023 0:40,138245
7/31/2023 0:50,161116
7/31/2023 1:00,133480
7/31/2023 1:10,168025
7/31/2023 1:20,113740
7/31/2023 1:30,175535
7/31/2023 1:40,124844
7/31/2023 1:50,133480
7/31/2023 2:00,148311
7/31/2023 2:10,168025
7/31/2023 2:20,168025
7/31/2023 2:30,168221
7/31/2023 2:40,138245
7/31/2023 2:50,161680
7/31/2023 3:00,154558
7/31/2023 3:10,168221
7/31/2023 3:20,129174
7/31/2023 3:30,150052
7/31/2023 3:40,156004
7/31/2023 3:50,155462
7/31/2023 4:00,133480
7/31/2023 4:10,129023
7/31/2023 4:20,161116
7/31/2023 4:30,155281
7/31/2023 4:40,168221
7/31/2023 4:51,148833
7/31/2023 5:01,161116
7/31/2023 5:11,167829
7/31/2023 5:21,154738
7/31/2023 5:31,124697
7/31/2023 5:41,120918
7/31/2023 5:51,143350
7/31/2023 6:01,117085
7/31/2023 6:11,120776
7/31/2023 6:21,168025
7/31/2023 6:31,148833
7/31/2023 6:41,143350
7/31/2023 6:51,167829
7/31/2023 7:01,129629
7/31/2023 7:11,161116
7/31/2023 7:21,138245
7/31/2023 7:31,148833
7/31/2023 7:41,149007
7/31/2023 7:51,143350
7/31/2023 8:01,98818
7/31/2023 8:11,117362
7/31/2023 8:21,168221
7/31/2023 8:31,175739
7/31/2023 8:41,104513
7/31/2023 8:51,113874
7/31/2023 9:01,129174
7/31/2023 9:11,129023
7/31/2023 9:21,107465
7/31/2023 9:31,175739
7/31/2023 9:41,138407
7/31/2023 9:51,104266
7/31/2023 10:01,160928
7/31/2023 10:11,125138
7/31/2023 10:21,183941
7/31/2023 10:31,107592
7/31/2023 10:41,183941
7/31/2023 10:51,161304
7/31/2023 11:01,203040
7/31/2023 11:11,175943
7/31/2023 11:21,138569
7/31/2023 11:31,175739
7/31/2023 11:41,138407
7/31/2023 11:51,193148
7/31/2023 12:01,175943
